sido_name,sigungu_name,adm_dong_name,leg_dong_name,region_code,adm_dong_code,leg_dong_code,asof_date
경기도,이천시,관고동,관고동,31210530,4150053000,4150010200,2025-04-01
경기도,이천시,중리동,중리동,31210520,4150052000,4150010300,2025-04-01
경기도,이천시,중리동,증일동,31210520,4150052000,4150010400,2025-04-01
경기도,양주시,양주시,양주시,31260,4163000000,4163000000,2025-04-01
경기도,구리시,수택2동,토평동,31120570,4131058000,4131010700,2025-04-01
경기도,구리시,수택3동,토평동,31120580,4131059000,4131010700,2025-04-01
경기도,양평군,지평면,지평면,31580390,4183039500,4183039500,2025-04-01
경기도,양평군,지평면,지평리,31580390,4183039500,4183039521,2025-04-01
경기도,양평군,지평면,송현리,31580390,4183039500,4183039522,2025-04-01
경기도,양평군,지평면,월산리,31580390,4183039500,4183039523,2025-04-01
경기도,양평군,지평면,망미리,31580390,4183039500,4183039524,2025-04-01
경기도,양평군,지평면,무왕리,31580390,4183039500,4183039525,2025-04-01
경기도,양평군,지평면,일신리,31580390,4183039500,4183039526,2025-04-01
경기도,양평군,지평면,대평리,31580390,4183039500,4183039527,2025-04-01
경기도,여주시,세종대왕면,용은리,31280390,4167034500,4167034526,2025-04-01
경기도,여주시,세종대왕면,매화리,31280390,4167034500,4167034527,2025-04-01
경기도,여주시,세종대왕면,양거리,31280390,4167034500,4167034528,2025-04-01
경기도,여주시,세종대왕면,마래리,31280390,4167034500,4167034529,2025-04-01
경기도,여주시,세종대왕면,광대리,31280390,4167034500,4167034530,2025-04-01
경기도,여주시,세종대왕면,오계리,31280390,4167034500,4167034531,2025-04-01
경기도,여주시,세종대왕면,매류리,31280390,4167034500,4167034532,2025-04-01
경기도,여주시,세종대왕면,신지리,31280390,4167034500,4167034533,2025-04-01
경기도,여주시,대신면,대신면,31280360,4167035000,4167035000,2025-04-01
경기도,여주시,대신면,후포리,31280360,4167035000,4167035021,2025-04-01
경기도,여주시,대신면,당산리,31280360,4167035000,4167035022,2025-04-01
경기도,여주시,대신면,가산리,31280360,4167035000,4167035023,2025-04-01
경기도,파주시,교하동,교하동,31200511,4148054000,4148010700,2025-04-01
경기도,파주시,운정3동,야당동,31200513,4148057000,4148010800,2025-04-01
경기도,파주시,교하동,다율동,31200511,4148054000,4148010900,2025-04-01
경기도,파주시,교하동,오도동,31200511,4148054000,4148011000,2025-04-01
경기도,파주시,운정4동,상지석동,31200514,4148058000,4148011100,2025-04-01
경기도,파주시,교하동,산남동,31200511,4148054000,4148011200,2025-04-01
경기도,파주시,운정3동,동패동,31200513,4148057000,4148011300,2025-04-01
경기도,광주시,남한산성면,불당리,31250380,4161037000,4161037027,2025-04-01
경기도,광주시,남한산성면,검복리,31250380,4161037000,4161037028,2025-04-01
경기도,양평군,지평면,곡수리,31580390,4183039500,4183039528,2025-04-01
경기도,양평군,지평면,수곡리,31580390,4183039500,4183039529,2025-04-01
경기도,양평군,지평면,옥현리,31580390,4183039500,4183039530,2025-04-01
경기도,양평군,용문면,용문면,31580400,4183040000,4183040000,2025-04-01
경기도,고양시 덕양구,삼송2동,삼송동,31101513,4128157700,4128111100,2025-04-01
경기도,의정부시,송산2동,민락동,31030700,4115057600,4115010600,2025-04-01
경기도,여주시,대신면,하림리,31280360,4167035000,4167035025,2025-04-01
경기도,연천군,신서면,도신리,31550360,4180036000,4180036022,2025-04-01
경기도,연천군,신서면,내산리,31550360,4180036000,4180036023,2025-04-01
경기도,연천군,신서면,마전리,31550360,4180036000,4180036024,2025-04-01
경기도,연천군,신서면,답곡리,31550360,4180036000,4180036025,2025-04-01
경기도,연천군,신서면,승양리,31550360,4180036000,4180036026,2025-04-01
경기도,연천군,신서면,도밀리,31550360,4180036000,4180036027,2025-04-01
경기도,연천군,신서면,갈현리,31550360,4180036000,4180036028,2025-04-01
경기도,연천군,신서면,덕산리,31550360,4180036000,4180036029,2025-04-01
경기도,연천군,신서면,신현리,31550360,4180036000,4180036030,2025-04-01
경기도,화성시,매송면,매송면,31240310,4159031000,4159031000,2025-04-01
경기도,화성시,매송면,천천리,31240310,4159031000,4159031021,2025-04-01
경기도,화성시,매송면,원평리,31240310,4159031000,4159031022,2025-04-01
경기도,화성시,매송면,어천리,31240310,4159031000,4159031023,2025-04-01
경기도,안산시 상록구,월피동,양상동,31091580,4127158000,4127110600,2025-04-01
경기도,수원시 팔달구,행궁동,구천동,31013720,4111574000,4111512600,2025-04-01
경기도,안산시 상록구,성포동,성포동,31091620,4127159000,4127110800,2025-04-01
경기도,안산시 상록구,월피동,월피동,31091580,4127158000,4127110900,2025-04-01
경기도,안산시 상록구,반월동,팔곡일동,31091710,4127160000,4127111000,2025-04-01
경기도,안산시 상록구,반월동,건건동,31091710,4127160000,4127111100,2025-04-01
경기도,안산시 상록구,반월동,사사동,31091710,4127160000,4127111200,2025-04-01
경기도,평택시,비전1동,월곡동,31070670,4122062000,4122012500,2025-04-01
경기도,평택시,비전1동,청룡동,31070670,4122062000,4122012600,2025-04-01
경기도,평택시,비전1동,죽백동,31070670,4122062000,4122012700,2025-04-01
경기도,이천시,장호원읍,장호원리,31210110,4150025000,4150025021,2025-04-01
경기도,이천시,장호원읍,오남리,31210110,4150025000,4150025022,2025-04-01
경기도,이천시,장호원읍,진암리,31210110,4150025000,4150025023,2025-04-01
경기도,이천시,장호원읍,어석리,31210110,4150025000,4150025024,2025-04-01
경기도,이천시,장호원읍,대서리,31210110,4150025000,4150025025,2025-04-01
경기도,용인시 기흥구,영덕1동,영덕동,31192630,4146351600,4146311100,2025-04-01
경기도,용인시 기흥구,구성동,언남동,31192560,4146356000,4146311200,2025-04-01
경기도,용인시 기흥구,마북동,마북동,31192570,4146357000,4146311300,2025-04-01
경기도,용인시 기흥구,구성동,청덕동,31192560,4146356000,4146311400,2025-04-01
경기도,가평군,가평읍,금대리,31570110,4182025000,4182025034,2025-04-01
경기도,가평군,설악면,설악면,31570310,4182031000,4182031000,2025-04-01
경기도,가평군,설악면,신천리,31570310,4182031000,4182031021,2025-04-01
경기도,양평군,서종면,서후리,31580350,4183035000,4183035024,2025-04-01
경기도,양평군,서종면,정배리,31580350,4183035000,4183035025,2025-04-01
경기도,양평군,서종면,명달리,31580350,4183035000,4183035026,2025-04-01
경기도,양평군,서종면,노문리,31580350,4183035000,4183035027,2025-04-01
경기도,양평군,서종면,수입리,31580350,4183035000,4183035028,2025-04-01
경기도,양평군,단월면,단월면,31580360,4183036000,4183036000,2025-04-01
경기도,양평군,단월면,보룡리,31580360,4183036000,4183036021,2025-04-01
경기도,안성시,미양면,정동리,31220340,4155034000,4155034028,2025-04-01
경기도,안성시,미양면,구수리,31220340,4155034000,4155034029,2025-04-01
경기도,안성시,미양면,진촌리,31220340,4155034000,4155034030,2025-04-01
경기도,용인시 기흥구,동백1동,동백동,31192670,4146358520,4146311500,2025-04-01
경기도,용인시 기흥구,동백2동,중동,31192680,4146358560,4146311600,2025-04-01
경기도,용인시 기흥구,상하동,상하동,31192600,4146358600,4146311700,2025-04-01
경기도,용인시 기흥구,보정동,보정동,31192590,4146359000,4146311800,2025-04-01
경기도,용인시 수지구,용인시 수지구,용인시수지구,31193,4146500000,4146500000,2025-04-01
경기도,용인시 수지구,풍덕천1동,풍덕천동,31193510,4146551000,4146510100,2025-04-01
경기도,용인시 수지구,풍덕천2동,풍덕천동,31193520,4146552000,4146510100,2025-04-01
경기도,용인시 처인구,백암면,장평리,31191350,4146135000,4146135026,2025-04-01
경기도,용인시 처인구,백암면,석천리,31191350,4146135000,4146135027,2025-04-01
경기도,용인시 처인구,백암면,용천리,31191350,4146135000,4146135028,2025-04-01
경기도,용인시 처인구,백암면,근삼리,31191350,4146135000,4146135029,2025-04-01
경기도,용인시 처인구,백암면,근창리,31191350,4146135000,4146135030,2025-04-01
경기도,용인시 처인구,백암면,근곡리,31191350,4146135000,4146135031,2025-04-01
경기도,용인시 처인구,백암면,가창리,31191350,4146135000,4146135032,2025-04-01
경기도,김포시,월곶면,개곡리,31230350,4157035000,4157035030,2025-04-01
경기도,김포시,하성면,하성면,31230360,4157036000,4157036000,2025-04-01
경기도,남양주시,별내동,별내동,31130570,4136057000,4136011100,2025-04-01
경기도,남양주시,다산2동,다산동,31130590,4136056500,4136011200,2025-04-01
경기도,남양주시,다산1동,다산동,31130580,4136054500,4136011200,2025-04-01
경기도,이천시,백사면,우곡리,31210320,4150032000,4150032029,2025-04-01
경기도,화성시,송산면,천등리,31240360,4159034000,4159034027,2025-04-01
경기도,화성시,송산면,신천리,31240360,4159034000,4159034028,2025-04-01
경기도,화성시,매송면,숙곡리,31240310,4159031000,4159031024,2025-04-01
경기도,화성시,매송면,야목리,31240310,4159031000,4159031025,2025-04-01
경기도,화성시,매송면,송라리,31240310,4159031000,4159031026,2025-04-01
경기도,화성시,매송면,원리,31240310,4159031000,4159031027,2025-04-01
경기도,화성시,비봉면,비봉면,31240330,4159032000,4159032000,2025-04-01
경기도,화성시,비봉면,양노리,31240330,4159032000,4159032021,2025-04-01
경기도,화성시,비봉면,남전리,31240330,4159032000,4159032022,2025-04-01
경기도,화성시,비봉면,유포리,31240330,4159032000,4159032023,2025-04-01
경기도,화성시,비봉면,삼화리,31240330,4159032000,4159032024,2025-04-01
경기도,안성시,미양면,갈전리,31220340,4155034000,4155034031,2025-04-01
경기도,안성시,미양면,양지리,31220340,4155034000,4155034032,2025-04-01
경기도,안성시,미양면,보체리,31220340,4155034000,4155034033,2025-04-01
경기도,안성시,미양면,신기리,31220340,4155034000,4155034034,2025-04-01
경기도,안성시,미양면,강덕리,31220340,4155034000,4155034035,2025-04-01
경기도,안성시,미양면,후평리,31220340,4155034000,4155034036,2025-04-01
경기도,고양시 덕양구,능곡동,내곡동,31101610,4128161000,4128112100,2025-04-01
경기도,고양시 덕양구,능곡동,대장동,31101610,4128161000,4128112200,2025-04-01
경기도,남양주시,수동면,입석리,31130340,4136034000,4136034026,2025-04-01
경기도,남양주시,수동면,송천리,31130340,4136034000,4136034027,2025-04-01
경기도,남양주시,조안면,조안면,31130350,4136036000,4136036000,2025-04-01
경기도,남양주시,조안면,능내리,31130350,4136036000,4136036021,2025-04-01
경기도,남양주시,조안면,조안리,31130350,4136036000,4136036022,2025-04-01
경기도,남양주시,조안면,진중리,31130350,4136036000,4136036023,2025-04-01
경기도,용인시 처인구,양지면,추계리,31191360,4146136000,4146136025,2025-04-01
경기도,화성시,송산면,사강리,31240360,4159034000,4159034021,2025-04-01
경기도,화성시,송산면,봉가리,31240360,4159034000,4159034022,2025-04-01
경기도,화성시,송산면,삼존리,31240360,4159034000,4159034023,2025-04-01
경기도,화성시,송산면,용포리,31240360,4159034000,4159034024,2025-04-01
경기도,화성시,송산면,고정리,31240360,4159034000,4159034025,2025-04-01
경기도,화성시,송산면,쌍정리,31240360,4159034000,4159034026,2025-04-01
경기도,시흥시,장곡동,장현동,31150710,4139063100,4139012900,2025-04-01
경기도,의정부시,의정부시,의정부시,31030,4115000000,4115000000,2025-04-01
경기도,용인시 처인구,양지면,제일리,31191360,4146136000,4146136024,2025-04-01
경기도,용인시 처인구,원삼면,가재월리,31191340,4146134000,4146134032,2025-04-01
경기도,용인시 처인구,백암면,백암면,31191350,4146135000,4146135000,2025-04-01
경기도,용인시 처인구,백암면,백암리,31191350,4146135000,4146135021,2025-04-01
경기도,여주시,대신면,무촌리,31280360,4167035000,4167035030,2025-04-01
경기도,여주시,대신면,도롱리,31280360,4167035000,4167035031,2025-04-01
경기도,광주시,곤지암읍,오향리,31250140,4161025900,4161025933,2025-04-01
경기도,의정부시,송산3동,낙양동,31030710,4115057800,4115010700,2025-04-01
경기도,평택시,서탄면,내천리,31070320,4122032000,4122032024,2025-04-01
경기도,평택시,서탄면,마두리,31070320,4122032000,4122032025,2025-04-01
경기도,평택시,서탄면,회화리,31070320,4122032000,4122032026,2025-04-01
경기도,평택시,서탄면,적봉리,31070320,4122032000,4122032027,2025-04-01
경기도,평택시,서탄면,장등리,31070320,4122032000,4122032028,2025-04-01
경기도,평택시,서탄면,금각리,31070320,4122032000,4122032029,2025-04-01
경기도,평택시,서탄면,황구지리,31070320,4122032000,4122032030,2025-04-01
경기도,평택시,고덕면,고덕면,31070330,4122033000,4122033000,2025-04-01
경기도,안성시,일죽면,산북리,31220390,4155039000,4155039025,2025-04-01
경기도,안성시,일죽면,당촌리,31220390,4155039000,4155039026,2025-04-01
경기도,안성시,일죽면,방초리,31220390,4155039000,4155039027,2025-04-01
경기도,안성시,일죽면,송천리,31220390,4155039000,4155039028,2025-04-01
경기도,안성시,일죽면,고은리,31220390,4155039000,4155039029,2025-04-01
경기도,안성시,일죽면,화곡리,31220390,4155039000,4155039030,2025-04-01
경기도,안성시,일죽면,능국리,31220390,4155039000,4155039031,2025-04-01
경기도,안성시,일죽면,신흥리,31220390,4155039000,4155039032,2025-04-01
경기도,안성시,일죽면,금산리,31220390,4155039000,4155039033,2025-04-01
경기도,의왕시,의왕시,의왕시,31170,4143000000,4143000000,2025-04-01
경기도,의왕시,고천동,고천동,31170510,4143051000,4143010100,2025-04-01
경기도,김포시,하성면,마곡리,31230360,4157036000,4157036021,2025-04-01
경기도,김포시,하성면,석탄리,31230360,4157036000,4157036022,2025-04-01
경기도,김포시,하성면,후평리,31230360,4157036000,4157036023,2025-04-01
경기도,가평군,북면,백둔리,31570350,4182035000,4182035026,2025-04-01
경기도,가평군,북면,제령리,31570350,4182035000,4182035027,2025-04-01
경기도,여주시,대신면,계림리,31280360,4167035000,4167035032,2025-04-01
경기도,여주시,대신면,송촌리,31280360,4167035000,4167035033,2025-04-01
경기도,양평군,서종면,문호리,31580350,4183035000,4183035021,2025-04-01
경기도,양평군,서종면,도장리,31580350,4183035000,4183035022,2025-04-01
경기도,가평군,설악면,선촌리,31570310,4182031000,4182031022,2025-04-01
경기도,가평군,설악면,회곡리,31570310,4182031000,4182031023,2025-04-01
경기도,가평군,설악면,사룡리,31570310,4182031000,4182031024,2025-04-01
경기도,가평군,설악면,송산리,31570310,4182031000,4182031025,2025-04-01
경기도,가평군,설악면,미사리,31570310,4182031000,4182031026,2025-04-01
경기도,가평군,설악면,위곡리,31570310,4182031000,4182031027,2025-04-01
경기도,수원시 팔달구,우만1동,우만동,31013540,4111571000,4111514000,2025-04-01
경기도,수원시 팔달구,우만2동,우만동,31013550,4111572000,4111514000,2025-04-01
경기도,양주시,백석읍,기산리,31260110,4163025000,4163025027,2025-04-01
경기도,연천군,연천읍,상리,31550110,4180025000,4180025023,2025-04-01
경기도,여주시,점동면,현수리,31280310,4167031000,4167031029,2025-04-01
경기도,여주시,점동면,사곡리,31280310,4167031000,4167031030,2025-04-01
경기도,오산시,대원2동,갈곶동,31140582,4137052600,4137012400,2025-04-01
경기도,오산시,신장2동,내삼미동,31140572,4137054600,4137011000,2025-04-01
경기도,오산시,신장2동,수청동,31140572,4137054600,4137010800,2025-04-01
경기도,오산시,신장2동,궐동,31140572,4137054600,4137010400,2025-04-01
경기도,부천시 원미구,심곡2동,심곡동,31051521,4119252000,4119210200,2025-04-01
경기도,포천시,신북면,갈월리,31270340,4165034000,4165034030,2025-04-01
경기도,성남시 중원구,은행2동,은행동,31022560,4113356000,4113310400,2025-04-01
경기도,평택시,포승읍,도곡리,31070130,4122025600,4122025622,2025-04-01
경기도,평택시,포승읍,원정리,31070130,4122025600,4122025623,2025-04-01
경기도,평택시,포승읍,만호리,31070130,4122025600,4122025624,2025-04-01
경기도,평택시,포승읍,희곡리,31070130,4122025600,4122025625,2025-04-01
경기도,평택시,포승읍,신영리,31070130,4122025600,4122025626,2025-04-01
경기도,평택시,포승읍,방림리,31070130,4122025600,4122025627,2025-04-01
경기도,화성시,서신면,사곳리,31240370,4159035000,4159035028,2025-04-01
경기도,고양시 덕양구,화정2동,화정동,31101630,4128162200,4128112300,2025-04-01
경기도,과천시,갈현동,갈현동,31110521,4129052000,4129010300,2025-04-01
경기도,과천시,문원동,막계동,31110560,4129056000,4129010400,2025-04-01
경기도,과천시,과천동,과천동,31110550,4129055000,4129010500,2025-04-01
경기도,남양주시,수동면,지둔리,31130340,4136034000,4136034022,2025-04-01
경기도,남양주시,수동면,수산리,31130340,4136034000,4136034023,2025-04-01
경기도,오산시,남촌동,갈곶동,31140530,4137053000,4137012400,2025-04-01
경기도,오산시,대원1동,갈곶동,31140581,4137052300,4137012400,2025-04-01
경기도,이천시,장호원읍,송산리,31210110,4150025000,4150025026,2025-04-01
경기도,안성시,삼죽면,내강리,31220410,4155041000,4155041026,2025-04-01
경기도,양평군,양평읍,봉성리,31580110,4183025000,4183025029,2025-04-01
경기도,양평군,양평읍,원덕리,31580110,4183025000,4183025030,2025-04-01
경기도,양평군,양평읍,회현리,31580110,4183025000,4183025031,2025-04-01
경기도,양평군,양동면,쌍학리,31580380,4183038000,4183038021,2025-04-01
경기도,화성시,동탄5동,중동,31240650,4159059000,4159013200,2025-04-01
경기도,화성시,동탄9동,신동,31240720,4159063000,4159013300,2025-04-01
경기도,화성시,동탄9동,목동,31240720,4159063000,4159013400,2025-04-01
경기도,화성시,동탄7동,산척동,31240691,4159061000,4159013500,2025-04-01
경기도,화성시,동탄8동,장지동,31240710,4159062000,4159013600,2025-04-01
경기도,화성시,동탄7동,송동,31240691,4159061000,4159013700,2025-04-01
경기도,화성시,동탄6동,방교동,31240700,4159060000,4159013800,2025-04-01
경기도,화성시,동탄6동,금곡동,31240700,4159060000,4159013900,2025-04-01
경기도,화성시,새솔동,새솔동,31240670,4159051500,4159014000,2025-04-01
경기도,화성시,봉담읍,봉담읍,31240120,4159025300,4159025300,2025-04-01
경기도,화성시,봉담읍,상리,31240120,4159025300,4159025321,2025-04-01
경기도,화성시,봉담읍,내리,31240120,4159025300,4159025322,2025-04-01
경기도,화성시,봉담읍,수영리,31240120,4159025300,4159025323,2025-04-01
경기도,화성시,팔탄면,고주리,31240380,4159036000,4159036034,2025-04-01
경기도,파주시,파주읍,향양리,31200120,4148025300,4148025322,2025-04-01
경기도,가평군,북면,적목리,31570350,4182035000,4182035025,2025-04-01
경기도,화성시,동탄6동,오산동,31240700,4159060000,4159012900,2025-04-01
경기도,화성시,동탄4동,청계동,31240640,4159058800,4159013000,2025-04-01
경기도,의정부시,신곡1동,신곡동,31030570,4115056700,4115010400,2025-04-01
경기도,포천시,관인면,사정리,31270400,4165040000,4165040026,2025-04-01
경기도,포천시,화현면,화현면,31270410,4165041000,4165041000,2025-04-01
경기도,포천시,화현면,화현리,31270410,4165041000,4165041021,2025-04-01
경기도,안성시,고삼면,쌍지리,31220420,4155042000,4155042021,2025-04-01
경기도,안성시,고삼면,신창리,31220420,4155042000,4155042022,2025-04-01
경기도,안성시,고삼면,대갈리,31220420,4155042000,4155042023,2025-04-01
경기도,안성시,고삼면,가유리,31220420,4155042000,4155042024,2025-04-01
경기도,성남시 중원구,금광2동,금광동,31022540,4113354000,4113310300,2025-04-01
경기도,과천시,문원동,문원동,31110560,4129056000,4129010200,2025-04-01
경기도,포천시,신북면,계류리,31270340,4165034000,4165034026,2025-04-01
경기도,포천시,신북면,고일리,31270340,4165034000,4165034027,2025-04-01
경기도,포천시,신북면,삼성당리,31270340,4165034000,4165034028,2025-04-01
경기도,포천시,신북면,삼정리,31270340,4165034000,4165034029,2025-04-01
경기도,고양시 덕양구,고양동,선유동,31101590,4128159000,4128111500,2025-04-01
경기도,고양시 덕양구,고양동,고양동,31101590,4128159000,4128111600,2025-04-01
경기도,안산시 상록구,본오1동,팔곡이동,31091540,4127154000,4127110500,2025-04-01
경기도,수원시 영통구,영통2동,망포동,31014650,4111758000,4111710700,2025-04-01
경기도,성남시,성남시,성남시,31020,4113000000,4113000000,2025-04-01
경기도,성남시 수정구,성남시 수정구,성남시수정구,31021,4113100000,4113100000,2025-04-01
경기도,성남시 수정구,신흥2동,신흥동,31021520,4113152000,4113110100,2025-04-01
경기도,성남시 수정구,신흥3동,신흥동,31021530,4113153000,4113110100,2025-04-01
경기도,화성시,팔탄면,매곡리,31240380,4159036000,4159036035,2025-04-01
경기도,화성시,팔탄면,해창리,31240380,4159036000,4159036036,2025-04-01
경기도,평택시,평택시,평택시,31070,4122000000,4122000000,2025-04-01
경기도,여주시,금사면,외평리,31280340,4167033000,4167033031,2025-04-01
경기도,성남시 수정구,태평3동,태평동,31021560,4113156000,4113110200,2025-04-01
경기도,성남시 수정구,수진2동,수진동,31021590,4113158000,4113110300,2025-04-01
경기도,성남시 수정구,수진1동,수진동,31021580,4113157000,4113110300,2025-04-01
경기도,성남시 수정구,단대동,단대동,31021600,4113159000,4113110400,2025-04-01
경기도,성남시 수정구,산성동,산성동,31021610,4113160000,4113110500,2025-04-01
경기도,성남시 수정구,양지동,양지동,31021620,4113161000,4113110600,2025-04-01
경기도,성남시 수정구,복정동,복정동,31021670,4113162000,4113110700,2025-04-01
경기도,성남시 수정구,위례동,복정동,31021680,4113162500,4113110700,2025-04-01
경기도,성남시 수정구,위례동,창곡동,31021680,4113162500,4113110800,2025-04-01
경기도,성남시 수정구,신촌동,신촌동,31021640,4113163000,4113110900,2025-04-01
경기도,성남시 수정구,신촌동,오야동,31021640,4113163000,4113111000,2025-04-01
경기도,성남시 수정구,신촌동,심곡동,31021640,4113163000,4113111100,2025-04-01
경기도,성남시 수정구,고등동,고등동,31021650,4113164000,4113111200,2025-04-01
경기도,성남시 수정구,고등동,상적동,31021650,4113164000,4113111300,2025-04-01
경기도,성남시 수정구,고등동,둔전동,31021650,4113164000,4113111400,2025-04-01
경기도,성남시 수정구,시흥동,시흥동,31021660,4113165000,4113111500,2025-04-01
경기도,광주시,오포읍,문형리,31250110,4161025000,4161025024,2025-04-01
경기도,광주시,오포읍,추자리,31250110,4161025000,4161025025,2025-04-01
경기도,광주시,오포읍,매산리,31250110,4161025000,4161025026,2025-04-01
경기도,광주시,오포읍,양벌리,31250110,4161025000,4161025027,2025-04-01
경기도,광주시,초월읍,초월읍,31250120,4161025300,4161025300,2025-04-01
경기도,광주시,초월읍,대쌍령리,31250120,4161025300,4161025321,2025-04-01
경기도,양평군,양평읍,신애리,31580110,4183025000,4183025023,2025-04-01
경기도,양평군,양평읍,덕평리,31580110,4183025000,4183025024,2025-04-01
경기도,김포시,양촌읍,유현리,31230130,4157025600,4157025627,2025-04-01
경기도,의정부시,자금동,자일동,31030600,4115058000,4115010800,2025-04-01
경기도,의정부시,자금동,금오동,31030600,4115058000,4115010900,2025-04-01
경기도,의정부시,의정부2동,가능동,31030520,4115052000,4115011000,2025-04-01
경기도,동두천시,불현동,광암동,31080560,4125056500,4125010400,2025-04-01
경기도,화성시,장안면,장안면,31240390,4159037000,4159037000,2025-04-01
경기도,화성시,장안면,어은리,31240390,4159037000,4159037021,2025-04-01
경기도,화성시,장안면,석포리,31240390,4159037000,4159037022,2025-04-01
경기도,화성시,장안면,수촌리,31240390,4159037000,4159037023,2025-04-01
경기도,화성시,향남읍,하길리,31240140,4159025900,4159025926,2025-04-01
경기도,화성시,향남읍,화리현리,31240140,4159025900,4159025927,2025-04-01
경기도,성남시 수정구,신흥1동,신흥동,31021510,4113151000,4113110100,2025-04-01
경기도,성남시 수정구,태평1동,태평동,31021540,4113154000,4113110200,2025-04-01
경기도,성남시 수정구,태평2동,태평동,31021550,4113155000,4113110200,2025-04-01
경기도,성남시 수정구,태평4동,태평동,31021570,4113156100,4113110200,2025-04-01
경기도,이천시,중리동,단월동,31210520,4150052000,4150011200,2025-04-01
경기도,이천시,중리동,대포동,31210520,4150052000,4150011300,2025-04-01
경기도,파주시,탄현면,금산리,31200320,4148032000,4148032031,2025-04-01
경기도,파주시,광탄면,광탄면,31200350,4148035000,4148035000,2025-04-01
경기도,파주시,광탄면,분수리,31200350,4148035000,4148035021,2025-04-01
경기도,김포시,양촌읍,흥신리,31230130,4157025600,4157025628,2025-04-01
경기도,김포시,대곶면,대곶면,31230340,4157034000,4157034000,2025-04-01
경기도,동두천시,동두천시,동두천시,31080,4125000000,4125000000,2025-04-01
경기도,동두천시,송내동,송내동,31080610,4125056600,4125010100,2025-04-01
경기도,파주시,광탄면,방축리,31200350,4148035000,4148035022,2025-04-01
경기도,파주시,광탄면,마장리,31200350,4148035000,4148035023,2025-04-01
경기도,파주시,광탄면,발랑리,31200350,4148035000,4148035024,2025-04-01
경기도,파주시,광탄면,창만리,31200350,4148035000,4148035025,2025-04-01
경기도,파주시,광탄면,용미리,31200350,4148035000,4148035026,2025-04-01
경기도,파주시,광탄면,신산리,31200350,4148035000,4148035027,2025-04-01
경기도,파주시,광탄면,기산리,31200350,4148035000,4148035028,2025-04-01
경기도,화성시,남양읍,시리,31240150,4159026200,4159026234,2025-04-01
경기도,화성시,우정읍,화수리,31240130,4159025600,4159025626,2025-04-01
경기도,화성시,우정읍,주곡리,31240130,4159025600,4159025627,2025-04-01
경기도,화성시,우정읍,이화리,31240130,4159025600,4159025628,2025-04-01
경기도,화성시,우정읍,석천리,31240130,4159025600,4159025629,2025-04-01
경기도,이천시,증포동,갈산동,31210540,4150051500,4150010800,2025-04-01
경기도,이천시,증포동,증포동,31210540,4150051500,4150010900,2025-04-01
경기도,이천시,증포동,송정동,31210540,4150051500,4150011000,2025-04-01
경기도,이천시,관고동,사음동,31210530,4150053000,4150011100,2025-04-01
경기도,성남시 분당구,분당동,분당동,31023510,4113551000,4113510100,2025-04-01
경기도,성남시 분당구,수내1동,수내동,31023530,4113552000,4113510200,2025-04-01
경기도,의정부시,송산1동,용현동,31030591,4115057300,4115010500,2025-04-01
경기도,여주시,중앙동,하동,31280520,4167052000,4167010700,2025-04-01
경기도,포천시,관인면,관인면,31270400,4165040000,4165040000,2025-04-01
경기도,포천시,관인면,중리,31270400,4165040000,4165040021,2025-04-01
경기도,안성시,원곡면,외가천리,31220380,4155038000,4155038026,2025-04-01
경기도,수원시 팔달구,고등동,고등동,31013690,4111567000,4111513700,2025-04-01
경기도,이천시,마장면,장암리,31210340,4150034000,4150034025,2025-04-01
경기도,평택시,오성면,안화리,31070340,4122034000,4122034024,2025-04-01
경기도,평택시,오성면,양교리,31070340,4122034000,4122034025,2025-04-01
경기도,파주시,장단면,조산리,31200390,4148039000,4148038023,2025-04-01
경기도,파주시,장단면,읍내리,31200390,4148039000,4148038024,2025-04-01
경기도,파주시,장단면,송산리,31200390,4148039000,4148038025,2025-04-01
경기도,파주시,장단면,점원리,31200390,4148039000,4148038026,2025-04-01
경기도,파주시,장단면,방목리,31200390,4148039000,4148038027,2025-04-01
경기도,파주시,장단면,장단면,31200390,4148039000,4148039000,2025-04-01
경기도,파주시,장단면,노상리,31200390,4148039000,4148039021,2025-04-01
경기도,파주시,장단면,노하리,31200390,4148039000,4148039022,2025-04-01
경기도,파주시,장단면,거곡리,31200390,4148039000,4148039023,2025-04-01
경기도,파주시,장단면,도라산리,31200390,4148039000,4148039024,2025-04-01
경기도,파주시,장단면,석곶리,31200390,4148039000,4148039025,2025-04-01
경기도,파주시,장단면,강정리,31200390,4148039000,4148039026,2025-04-01
경기도,파주시,장단면,동장리,31200390,4148039000,4148039027,2025-04-01
경기도,파주시,장단면,정동리,31200390,4148039000,4148039028,2025-04-01
경기도,파주시,장단면,진동면,31200390,4148039000,4148040000,2025-04-01
경기도,파주시,장단면,동파리,31200390,4148039000,4148040021,2025-04-01
경기도,평택시,진위면,은산리,31070310,4122031000,4122031023,2025-04-01
경기도,평택시,진위면,동천리,31070310,4122031000,4122031024,2025-04-01
경기도,평택시,진위면,고현리,31070310,4122031000,4122031025,2025-04-01
경기도,평택시,진위면,청호리,31070310,4122031000,4122031026,2025-04-01
경기도,평택시,진위면,갈곶리,31070310,4122031000,4122031027,2025-04-01
경기도,평택시,진위면,야막리,31070310,4122031000,4122031028,2025-04-01
경기도,시흥시,매화동,매화동,31150550,4139055000,4139010800,2025-04-01
경기도,시흥시,매화동,도창동,31150550,4139055000,4139010900,2025-04-01
경기도,시흥시,매화동,금이동,31150550,4139055000,4139011000,2025-04-01
경기도,의정부시,의정부1동,의정부동,31030690,4115051000,4115010100,2025-04-01
경기도,의정부시,흥선동,의정부동,31030670,4115061500,4115010100,2025-04-01
경기도,수원시 팔달구,매교동,교동,31013670,4111565000,4111513200,2025-04-01
경기도,수원시 팔달구,매교동,매교동,31013670,4111565000,4111513300,2025-04-01
경기도,수원시 팔달구,매산동,매산로1가,31013680,4111566000,4111513400,2025-04-01
경기도,수원시 팔달구,매산동,매산로2가,31013680,4111566000,4111513500,2025-04-01
경기도,수원시 팔달구,매산동,매산로3가,31013680,4111566000,4111513600,2025-04-01
경기도,파주시,적성면,자장리,31200370,4148037000,4148037036,2025-04-01
경기도,파주시,장단면,군내면,31200390,4148039000,4148038000,2025-04-01
경기도,여주시,대신면,천남리,31280360,4167035000,4167035024,2025-04-01
경기도,파주시,장단면,용산리,31200390,4148039000,4148040022,2025-04-01
경기도,화성시,정남면,정남면,31240430,4159041000,4159041000,2025-04-01
경기도,안산시 상록구,월피동,부곡동,31091580,4127158000,4127110700,2025-04-01
경기도,안산시 상록구,부곡동,부곡동,31091570,4127157000,4127110700,2025-04-01
경기도,과천시,부림동,부림동,31110540,4129054000,4129011000,2025-04-01
경기도,구리시,구리시,구리시,31120,4131000000,4131000000,2025-04-01
경기도,하남시,미사1동,망월동,31180620,4145061000,4145010900,2025-04-01
경기도,하남시,미사3동,풍산동,31180611,4145063000,4145011000,2025-04-01
경기도,하남시,미사1동,미사동,31180620,4145061000,4145011100,2025-04-01
경기도,안성시,금광면,오흥리,31220320,4155032000,4155032029,2025-04-01
경기도,안성시,금광면,한운리,31220320,4155032000,4155032030,2025-04-01
경기도,이천시,부발읍,대관리,31210120,4150025300,4150025325,2025-04-01
경기도,용인시 처인구,남사읍,원암리,31191140,4146125900,4146125926,2025-04-01
경기도,용인시 처인구,남사읍,전궁리,31191140,4146125900,4146125927,2025-04-01
경기도,용인시 처인구,남사읍,방아리,31191140,4146125900,4146125928,2025-04-01
경기도,용인시 처인구,남사읍,창리,31191140,4146125900,4146125929,2025-04-01
경기도,화성시,봉담읍,분천리,31240120,4159025300,4159025327,2025-04-01
경기도,화성시,봉담읍,왕림리,31240120,4159025300,4159025328,2025-04-01
경기도,수원시 권선구,세류1동,세류동,31012520,4111352000,4111312600,2025-04-01
경기도,수원시 권선구,세류2동,세류동,31012530,4111353000,4111312600,2025-04-01
경기도,수원시 권선구,평동,평동,31012550,4111355000,4111312700,2025-04-01
경기도,수원시 권선구,평동,고색동,31012550,4111355000,4111312800,2025-04-01
경기도,수원시 권선구,평동,오목천동,31012550,4111355000,4111312900,2025-04-01
경기도,화성시,우정읍,조암리,31240130,4159025600,4159025632,2025-04-01
경기도,파주시,장단면,초리,31200390,4148039000,4148040025,2025-04-01
경기도,김포시,통진읍,옹정리,31230110,4157025000,4157025029,2025-04-01
경기도,동두천시,보산동,걸산동,31080550,4125055000,4125010500,2025-04-01
경기도,동두천시,보산동,보산동,31080550,4125055000,4125010600,2025-04-01
경기도,동두천시,소요동,동두천동,31080580,4125058000,4125010700,2025-04-01
경기도,화성시,정남면,금복리,31240430,4159041000,4159041037,2025-04-01
경기도,화성시,정남면,고지리,31240430,4159041000,4159041038,2025-04-01
경기도,화성시,정남면,용수리,31240430,4159041000,4159041039,2025-04-01
경기도,광주시,광주시,광주시,31250,4161000000,4161000000,2025-04-01
경기도,고양시 일산동구,고봉동,성석동,31103600,4128560000,4128511300,2025-04-01
경기도,광주시,남한산성면,하번천리,31250380,4161037000,4161037025,2025-04-01
경기도,광주시,남한산성면,오전리,31250380,4161037000,4161037026,2025-04-01
경기도,화성시,비봉면,구포리,31240330,4159032000,4159032025,2025-04-01
경기도,화성시,비봉면,쌍학리,31240330,4159032000,4159032026,2025-04-01
경기도,화성시,비봉면,청요리,31240330,4159032000,4159032027,2025-04-01
경기도,화성시,비봉면,자안리,31240330,4159032000,4159032028,2025-04-01
경기도,화성시,마도면,마도면,31240350,4159033000,4159033000,2025-04-01
경기도,화성시,마도면,석교리,31240350,4159033000,4159033021,2025-04-01
경기도,화성시,마도면,두곡리,31240350,4159033000,4159033022,2025-04-01
경기도,화성시,마도면,송정리,31240350,4159033000,4159033023,2025-04-01
경기도,파주시,장단면,하포리,31200390,4148039000,4148040023,2025-04-01
경기도,파주시,장단면,서곡리,31200390,4148039000,4148040024,2025-04-01
경기도,화성시,마도면,금당리,31240350,4159033000,4159033029,2025-04-01
경기도,화성시,마도면,고모리,31240350,4159033000,4159033030,2025-04-01
경기도,화성시,마도면,쌍송리,31240350,4159033000,4159033024,2025-04-01
경기도,화성시,마도면,청원리,31240350,4159033000,4159033025,2025-04-01
경기도,화성시,마도면,슬항리,31240350,4159033000,4159033026,2025-04-01
경기도,평택시,팽성읍,안정리,31070110,4122025000,4122025041,2025-04-01
경기도,평택시,팽성읍,동창리,31070110,4122025000,4122025042,2025-04-01
경기도,평택시,팽성읍,내리,31070110,4122025000,4122025043,2025-04-01
경기도,평택시,팽성읍,대추리,31070110,4122025000,4122025044,2025-04-01
경기도,평택시,팽성읍,송화리,31070110,4122025000,4122025045,2025-04-01
경기도,의정부시,의정부1동,호원동,31030690,4115051000,4115010200,2025-04-01
경기도,의정부시,호원2동,호원동,31030650,4115055500,4115010200,2025-04-01
경기도,안성시,보개면,적가리,31220310,4155031000,4155031021,2025-04-01
경기도,평택시,팽성읍,대사리,31070110,4122025000,4122025040,2025-04-01
경기도,연천군,왕징면,동중리,31550350,4180035000,4180035026,2025-04-01
경기도,연천군,왕징면,고왕리,31550350,4180035000,4180035027,2025-04-01
경기도,연천군,왕징면,고잔상리,31550350,4180035000,4180035028,2025-04-01
경기도,화성시,양감면,정문리,31240420,4159040000,4159040023,2025-04-01
경기도,화성시,양감면,송산리,31240420,4159040000,4159040024,2025-04-01
경기도,안성시,보개면,보개면,31220310,4155031000,4155031000,2025-04-01
경기도,화성시,반월동,반월동,31240550,4159055000,4159012000,2025-04-01
경기도,연천군,왕징면,귀존리,31550350,4180035000,4180035034,2025-04-01
경기도,연천군,왕징면,고장리,31550350,4180035000,4180035035,2025-04-01
경기도,연천군,왕징면,장학리,31550350,4180035000,4180035036,2025-04-01
경기도,안성시,고삼면,삼은리,31220420,4155042000,4155042025,2025-04-01
경기도,안성시,고삼면,봉산리,31220420,4155042000,4155042026,2025-04-01
경기도,화성시,양감면,용소리,31240420,4159040000,4159040025,2025-04-01
경기도,화성시,양감면,요당리,31240420,4159040000,4159040026,2025-04-01
경기도,화성시,양감면,대양리,31240420,4159040000,4159040027,2025-04-01
경기도,화성시,정남면,발산리,31240430,4159041000,4159041021,2025-04-01
경기도,김포시,월곶면,고양리,31230350,4157035000,4157035024,2025-04-01
경기도,김포시,월곶면,포내리,31230350,4157035000,4157035025,2025-04-01
경기도,고양시 덕양구,행신3동,행신동,31101514,4128165500,4128112800,2025-04-01
경기도,하남시,위례동,감이동,31180650,4145058500,4145011500,2025-04-01
경기도,성남시 분당구,서현2동,서현동,31023590,4113559000,4113510500,2025-04-01
경기도,성남시 분당구,이매2동,이매동,31023610,4113561000,4113510600,2025-04-01
경기도,성남시 분당구,이매1동,이매동,31023600,4113560000,4113510600,2025-04-01
경기도,평택시,서탄면,수월암리,31070320,4122032000,4122032023,2025-04-01
경기도,안산시 단원구,선부3동,선부동,31092700,4127360000,4127310900,2025-04-01
경기도,안산시 단원구,선부1동,선부동,31092680,4127358000,4127310900,2025-04-01
경기도,용인시 처인구,양지면,식금리,31191360,4146136000,4146136026,2025-04-01
경기도,용인시 처인구,양지면,정수리,31191360,4146136000,4146136027,2025-04-01
경기도,용인시 처인구,양지면,대대리,31191360,4146136000,4146136028,2025-04-01
경기도,용인시 처인구,양지면,주북리,31191360,4146136000,4146136029,2025-04-01
경기도,용인시 처인구,양지면,송문리,31191360,4146136000,4146136030,2025-04-01
경기도,양평군,양서면,대심리,31580330,4183033000,4183033027,2025-04-01
경기도,양평군,양서면,국수리,31580330,4183033000,4183033028,2025-04-01
경기도,양평군,양서면,복포리,31580330,4183033000,4183033029,2025-04-01
경기도,양평군,양서면,청계리,31580330,4183033000,4183033030,2025-04-01
경기도,양평군,양서면,증동리,31580330,4183033000,4183033031,2025-04-01
경기도,양평군,옥천면,옥천면,31580340,4183034000,4183034000,2025-04-01
경기도,양평군,옥천면,옥천리,31580340,4183034000,4183034021,2025-04-01
경기도,파주시,적성면,가월리,31200370,4148037000,4148037026,2025-04-01
경기도,평택시,안중읍,성해리,31070120,4122025300,4122025328,2025-04-01
경기도,양평군,강상면,송학리,31580310,4183031000,4183031022,2025-04-01
경기도,의정부시,가능동,의정부동,31030680,4115059500,4115010100,2025-04-01
경기도,양평군,옥천면,용천리,31580340,4183034000,4183034022,2025-04-01
경기도,양평군,옥천면,신복리,31580340,4183034000,4183034023,2025-04-01
경기도,수원시 권선구,구운동,구운동,31012570,4111365000,4111313200,2025-04-01
경기도,수원시 권선구,서둔동,탑동,31012560,4111356000,4111313300,2025-04-01
경기도,수원시 권선구,금곡동,금곡동,31012650,4111366200,4111313400,2025-04-01
경기도,수원시 권선구,호매실동,호매실동,31012660,4111366400,4111313500,2025-04-01
경기도,수원시 권선구,곡선동,곡반정동,31012610,4111369000,4111313600,2025-04-01
경기도,수원시 권선구,권선2동,권선동,31012640,4111368000,4111313700,2025-04-01
경기도,수원시 권선구,곡선동,권선동,31012610,4111369000,4111313700,2025-04-01
경기도,여주시,여흥동,상동,31280510,4167051000,4167010100,2025-04-01
경기도,여주시,여흥동,홍문동,31280510,4167051000,4167010200,2025-04-01
경기도,파주시,적성면,무건리,31200370,4148037000,4148037027,2025-04-01
경기도,안성시,서운면,서운면,31220330,4155033000,4155033000,2025-04-01
경기도,안성시,서운면,인리,31220330,4155033000,4155033021,2025-04-01
경기도,안성시,서운면,청용리,31220330,4155033000,4155033022,2025-04-01
경기도,안성시,서운면,송정리,31220330,4155033000,4155033023,2025-04-01
경기도,안성시,서운면,신촌리,31220330,4155033000,4155033024,2025-04-01
경기도,안성시,서운면,산평리,31220330,4155033000,4155033025,2025-04-01
경기도,안성시,서운면,현매리,31220330,4155033000,4155033026,2025-04-01
경기도,안성시,서운면,동촌리,31220330,4155033000,4155033027,2025-04-01
경기도,안성시,서운면,신흥리,31220330,4155033000,4155033028,2025-04-01
경기도,안성시,서운면,신능리,31220330,4155033000,4155033029,2025-04-01
경기도,안성시,서운면,신기리,31220330,4155033000,4155033030,2025-04-01
경기도,안성시,서운면,송산리,31220330,4155033000,4155033031,2025-04-01
경기도,안성시,서운면,오촌리,31220330,4155033000,4155033032,2025-04-01
경기도,안성시,서운면,양촌리,31220330,4155033000,4155033033,2025-04-01
경기도,평택시,고덕면,두릉리,31070330,4122033000,4122033022,2025-04-01
경기도,평택시,고덕면,문곡리,31070330,4122033000,4122033023,2025-04-01
경기도,평택시,고덕면,동청리,31070330,4122033000,4122033024,2025-04-01
경기도,여주시,대신면,천서리,31280360,4167035000,4167035034,2025-04-01
경기도,용인시 처인구,이동읍,묘봉리,31191130,4146125600,4146125623,2025-04-01
경기도,용인시 처인구,이동읍,화산리,31191130,4146125600,4146125624,2025-04-01
경기도,광주시,광남2동,태전동,31250590,4161057000,4161011000,2025-04-01
경기도,고양시 일산동구,정발산동,정발산동,31103530,4128553000,4128510300,2025-04-01
경기도,고양시 일산동구,장항1동,장항동,31103580,4128558000,4128510400,2025-04-01
경기도,평택시,청북읍,옥길리,31070140,4122025900,4122025924,2025-04-01
경기도,평택시,청북읍,후사리,31070140,4122025900,4122025925,2025-04-01
경기도,평택시,청북읍,토진리,31070140,4122025900,4122025926,2025-04-01
경기도,평택시,청북읍,백봉리,31070140,4122025900,4122025927,2025-04-01
경기도,평택시,청북읍,어연리,31070140,4122025900,4122025928,2025-04-01
경기도,평택시,청북읍,율북리,31070140,4122025900,4122025929,2025-04-01
경기도,평택시,청북읍,한산리,31070140,4122025900,4122025930,2025-04-01
경기도,평택시,청북읍,어소리,31070140,4122025900,4122025931,2025-04-01
경기도,평택시,청북읍,고렴리,31070140,4122025900,4122025932,2025-04-01
경기도,평택시,진위면,진위면,31070310,4122031000,4122031000,2025-04-01
경기도,평택시,진위면,봉남리,31070310,4122031000,4122031021,2025-04-01
경기도,포천시,신북면,덕둔리,31270340,4165034000,4165034032,2025-04-01
경기도,시흥시,과림동,과림동,31150590,4139062100,4139011200,2025-04-01
경기도,포천시,창수면,창수면,31270350,4165035000,4165035000,2025-04-01
경기도,포천시,창수면,추동리,31270350,4165035000,4165035021,2025-04-01
경기도,용인시 처인구,남사읍,완장리,31191140,4146125900,4146125931,2025-04-01
경기도,용인시 처인구,원삼면,원삼면,31191340,4146134000,4146134000,2025-04-01
경기도,용인시 처인구,원삼면,고당리,31191340,4146134000,4146134021,2025-04-01
경기도,용인시 처인구,원삼면,사암리,31191340,4146134000,4146134022,2025-04-01
경기도,시흥시,배곧2동,배곧동,31150750,4139059700,4139013500,2025-04-01
경기도,용인시 수지구,죽전3동,죽전동,31193610,4146555500,4146510200,2025-04-01
경기도,안성시,양성면,조일리,31220360,4155036000,4155036025,2025-04-01
경기도,포천시,신북면,금동리,31270340,4165034000,4165034031,2025-04-01
경기도,시흥시,신천동,신천동,31150520,4139052000,4139010200,2025-04-01
경기도,시흥시,신현동,방산동,31150530,4139053100,4139010300,2025-04-01
경기도,시흥시,신현동,포동,31150530,4139053100,4139010400,2025-04-01
경기도,시흥시,신현동,미산동,31150530,4139053100,4139010500,2025-04-01
경기도,가평군,가평읍,하색리,31570110,4182025000,4182025024,2025-04-01
경기도,가평군,가평읍,상색리,31570110,4182025000,4182025025,2025-04-01
경기도,가평군,가평읍,두밀리,31570110,4182025000,4182025026,2025-04-01
경기도,광주시,퇴촌면,도수리,31250350,4161034000,4161034025,2025-04-01
경기도,광주시,퇴촌면,오리,31250350,4161034000,4161034026,2025-04-01
경기도,광주시,퇴촌면,도마리,31250350,4161034000,4161034027,2025-04-01
경기도,광주시,퇴촌면,무수리,31250350,4161034000,4161034028,2025-04-01
경기도,광주시,퇴촌면,원당리,31250350,4161034000,4161034029,2025-04-01
경기도,여주시,중앙동,교동,31280520,4167052000,4167010800,2025-04-01
경기도,여주시,중앙동,월송동,31280520,4167052000,4167010900,2025-04-01
경기도,연천군,중면,합수리,31550370,4180037000,4180037026,2025-04-01
경기도,연천군,중면,적음리,31550370,4180037000,4180037027,2025-04-01
경기도,연천군,중면,진곡리,31550370,4180037000,4180037028,2025-04-01
경기도,연천군,중면,어적산리,31550370,4180037000,4180037029,2025-04-01
경기도,연천군,중면,적동산리,31550370,4180037000,4180037030,2025-04-01
경기도,연천군,중면,도연리,31550370,4180037000,4180037031,2025-04-01
경기도,연천군,장남면,장남면,31550380,4180038000,4180038000,2025-04-01
경기도,연천군,장남면,원당리,31550380,4180038000,4180038021,2025-04-01
경기도,부천시 원미구,상1동,상동,31051681,4119268000,4119210900,2025-04-01
경기도,부천시 소사구,소사본동,소사본동,31052551,4119453000,4119410100,2025-04-01
경기도,수원시 장안구,정자1동,정자동,31011560,4111157100,4111113000,2025-04-01
경기도,수원시 장안구,파장동,이목동,31011540,4111156000,4111113100,2025-04-01
경기도,수원시 장안구,율천동,율전동,31011550,4111156600,4111113200,2025-04-01
경기도,수원시 장안구,율천동,천천동,31011550,4111156600,4111113300,2025-04-01
경기도,광명시,철산1동,철산동,31060580,4121059000,4121010200,2025-04-01
경기도,광명시,철산2동,철산동,31060590,4121060000,4121010200,2025-04-01
경기도,구리시,수택2동,수택동,31120570,4131058000,4131010500,2025-04-01
경기도,안산시 상록구,본오1동,본오동,31091540,4127154000,4127110400,2025-04-01
경기도,안양시 만안구,석수1동,석수동,31041600,4117159000,4117110200,2025-04-01
경기도,안양시 만안구,석수2동,석수동,31041610,4117160000,4117110200,2025-04-01
경기도,안양시 만안구,충훈동,석수동,31041651,4117161100,4117110200,2025-04-01
경기도,안양시 만안구,박달2동,박달동,31041640,4117163000,4117110300,2025-04-01
경기도,안양시 만안구,박달1동,박달동,31041630,4117162100,4117110300,2025-04-01
경기도,양주시,남면,신암리,31260320,4163032000,4163032022,2025-04-01
경기도,양주시,남면,매곡리,31260320,4163032000,4163032023,2025-04-01
경기도,양주시,남면,구암리,31260320,4163032000,4163032024,2025-04-01
경기도,양주시,남면,두곡리,31260320,4163032000,4163032025,2025-04-01
경기도,양주시,남면,경신리,31260320,4163032000,4163032026,2025-04-01
경기도,양주시,남면,상수리,31260320,4163032000,4163032027,2025-04-01
경기도,안산시 단원구,대부동,선감동,31092720,4127361000,4127311300,2025-04-01
경기도,성남시 중원구,은행1동,은행동,31022550,4113355000,4113310400,2025-04-01
경기도,성남시 중원구,상대원1동,상대원동,31022570,4113357000,4113310500,2025-04-01
경기도,성남시 중원구,상대원3동,상대원동,31022590,4113359000,4113310500,2025-04-01
경기도,안산시 상록구,사이동,사동,31091770,4127153200,4127110300,2025-04-01
경기도,평택시,송탄동,가재동,31070530,4122053500,4122010700,2025-04-01
경기도,평택시,송탄동,장안동,31070530,4122053500,4122010800,2025-04-01
경기도,평택시,안중읍,송담리,31070120,4122025300,4122025329,2025-04-01
경기도,평택시,안중읍,현화리,31070120,4122025300,4122025330,2025-04-01
경기도,평택시,포승읍,포승읍,31070130,4122025600,4122025600,2025-04-01
경기도,평택시,포승읍,내기리,31070130,4122025600,4122025621,2025-04-01
경기도,양주시,광적면,우고리,31260330,4163033000,4163033023,2025-04-01
경기도,양주시,광적면,비암리,31260330,4163033000,4163033024,2025-04-01
경기도,양주시,광적면,효촌리,31260330,4163033000,4163033025,2025-04-01
경기도,양주시,광적면,덕도리,31260330,4163033000,4163033026,2025-04-01
경기도,여주시,북내면,외룡리,31280370,4167036000,4167036023,2025-04-01
경기도,여주시,금사면,도곡리,31280340,4167033000,4167033023,2025-04-01
경기도,여주시,금사면,장흥리,31280340,4167033000,4167033024,2025-04-01
경기도,여주시,금사면,주록리,31280340,4167033000,4167033025,2025-04-01
경기도,여주시,금사면,전북리,31280340,4167033000,4167033026,2025-04-01
경기도,여주시,금사면,소유리,31280340,4167033000,4167033027,2025-04-01
경기도,여주시,금사면,상호리,31280340,4167033000,4167033028,2025-04-01
경기도,여주시,금사면,하호리,31280340,4167033000,4167033029,2025-04-01
경기도,여주시,금사면,금사리,31280340,4167033000,4167033030,2025-04-01
경기도,화성시,기배동,기안동,31240560,4159056000,4159012400,2025-04-01
경기도,연천군,왕징면,무등리,31550350,4180035000,4180035021,2025-04-01
경기도,과천시,과천동,주암동,31110550,4129055000,4129010600,2025-04-01
경기도,과천시,중앙동,중앙동,31110510,4129051000,4129010700,2025-04-01
경기도,과천시,원문동,원문동,31110522,4129051500,4129010800,2025-04-01
경기도,과천시,별양동,별양동,31110530,4129053000,4129010900,2025-04-01
경기도,용인시 기흥구,동백3동,동백동,31192690,4146358540,4146311500,2025-04-01
경기도,용인시 기흥구,동백3동,중동,31192690,4146358540,4146311600,2025-04-01
경기도,이천시,모가면,산내리,31210360,4150036000,4150036023,2025-04-01
경기도,포천시,소흘읍,초가팔리,31270110,4165025000,4165025028,2025-04-01
경기도,포천시,소흘읍,무봉리,31270110,4165025000,4165025029,2025-04-01
경기도,포천시,군내면,군내면,31270310,4165031000,4165031000,2025-04-01
경기도,여주시,여흥동,우만동,31280510,4167051000,4167010400,2025-04-01
경기도,화성시,봉담읍,동화리,31240120,4159025300,4159025324,2025-04-01
경기도,화성시,봉담읍,와우리,31240120,4159025300,4159025325,2025-04-01
경기도,화성시,봉담읍,수기리,31240120,4159025300,4159025326,2025-04-01
경기도,포천시,소흘읍,이가팔리,31270110,4165025000,4165025027,2025-04-01
경기도,파주시,금촌1동,금촌동,31200530,4148051000,4148010100,2025-04-01
경기도,파주시,금촌3동,아동동,31200540,4148053000,4148010200,2025-04-01
경기도,화성시,봉담읍,하가등리,31240120,4159025300,4159025335,2025-04-01
경기도,화성시,봉담읍,상기리,31240120,4159025300,4159025336,2025-04-01
경기도,화성시,우정읍,우정읍,31240130,4159025600,4159025600,2025-04-01
경기도,이천시,모가면,서경리,31210360,4150036000,4150036022,2025-04-01
경기도,파주시,금촌2동,금촌동,31200520,4148052000,4148010100,2025-04-01
경기도,시흥시,은행동,은행동,31150540,4139054000,4139010600,2025-04-01
경기도,화성시,우정읍,원안리,31240130,4159025600,4159025621,2025-04-01
경기도,화성시,우정읍,호곡리,31240130,4159025600,4159025622,2025-04-01
경기도,화성시,우정읍,운평리,31240130,4159025600,4159025623,2025-04-01
경기도,화성시,우정읍,한각리,31240130,4159025600,4159025624,2025-04-01
경기도,화성시,우정읍,멱우리,31240130,4159025600,4159025625,2025-04-01
경기도,수원시 팔달구,행궁동,팔달로3가,31013720,4111574000,4111512200,2025-04-01
경기도,안양시,안양시,안양시,31040,4117000000,4117000000,2025-04-01
경기도,안양시 만안구,안양시 만안구,안양시만안구,31041,4117100000,4117100000,2025-04-01
경기도,용인시 처인구,남사읍,봉명리,31191140,4146125900,4146125924,2025-04-01
경기도,화성시,서신면,매화리,31240370,4159035000,4159035029,2025-04-01
경기도,파주시,광탄면,영장리,31200350,4148035000,4148035029,2025-04-01
경기도,용인시 처인구,양지면,양지면,31191360,4146136000,4146136000,2025-04-01
경기도,안성시,보개면,남풍리,31220310,4155031000,4155031038,2025-04-01
경기도,안성시,보개면,북가현리,31220310,4155031000,4155031039,2025-04-01
경기도,안성시,금광면,금광면,31220320,4155032000,4155032000,2025-04-01
경기도,안성시,금광면,내우리,31220320,4155032000,4155032021,2025-04-01
경기도,안성시,금광면,개산리,31220320,4155032000,4155032022,2025-04-01
경기도,안성시,금광면,장죽리,31220320,4155032000,4155032023,2025-04-01
경기도,고양시 덕양구,행신2동,강매동,31101660,4128165000,4128112400,2025-04-01
경기도,고양시 덕양구,행주동,행주내동,31101640,4128163000,4128112500,2025-04-01
경기도,고양시 덕양구,행주동,행주외동,31101640,4128163000,4128112600,2025-04-01
경기도,고양시 덕양구,능곡동,신평동,31101610,4128161000,4128112700,2025-04-01
경기도,안성시,미양면,개정리,31220340,4155034000,4155034023,2025-04-01
경기도,안성시,미양면,신계리,31220340,4155034000,4155034024,2025-04-01
경기도,안성시,미양면,법전리,31220340,4155034000,4155034025,2025-04-01
경기도,안성시,미양면,용두리,31220340,4155034000,4155034026,2025-04-01
경기도,시흥시,시흥시,시흥시,31150,4139000000,4139000000,2025-04-01
경기도,시흥시,대야동,대야동,31150510,4139051000,4139010100,2025-04-01
경기도,포천시,영북면,영북면,31270390,4165039000,4165039000,2025-04-01
경기도,포천시,영북면,운천리,31270390,4165039000,4165039021,2025-04-01
경기도,포천시,영북면,자일리,31270390,4165039000,4165039022,2025-04-01
경기도,포천시,영북면,산정리,31270390,4165039000,4165039023,2025-04-01
경기도,구리시,교문1동,아천동,31120540,4131054100,4131010600,2025-04-01
경기도,화성시,정남면,괘랑리,31240430,4159041000,4159041022,2025-04-01
경기도,화성시,정남면,보통리,31240430,4159041000,4159041023,2025-04-01
경기도,의정부시,흥선동,가능동,31030670,4115061500,4115011000,2025-04-01
경기도,의정부시,녹양동,녹양동,31030640,4115062000,4115011100,2025-04-01
경기도,의정부시,고산동,고산동,31030721,4115063000,4115011200,2025-04-01
경기도,의정부시,고산동,산곡동,31030721,4115063000,4115011300,2025-04-01
경기도,용인시 처인구,원삼면,맹리,31191340,4146134000,4146134024,2025-04-01
경기도,용인시 처인구,원삼면,미평리,31191340,4146134000,4146134025,2025-04-01
경기도,용인시 처인구,원삼면,두창리,31191340,4146134000,4146134026,2025-04-01
경기도,용인시 처인구,원삼면,독성리,31191340,4146134000,4146134027,2025-04-01
경기도,포천시,내촌면,마명리,31270320,4165032000,4165032022,2025-04-01
경기도,성남시 중원구,성남동,성남동,31022510,4113351000,4113310100,2025-04-01
경기도,포천시,영북면,야미리,31270390,4165039000,4165039024,2025-04-01
경기도,김포시,양촌읍,대포리,31230130,4157025600,4157025625,2025-04-01
경기도,김포시,양촌읍,학운리,31230130,4157025600,4157025626,2025-04-01
경기도,안성시,죽산면,장원리,31220400,4155040000,4155040023,2025-04-01
경기도,안성시,죽산면,두현리,31220400,4155040000,4155040024,2025-04-01
경기도,안성시,죽산면,장능리,31220400,4155040000,4155040025,2025-04-01
경기도,안성시,죽산면,장계리,31220400,4155040000,4155040026,2025-04-01
경기도,안성시,죽산면,용설리,31220400,4155040000,4155040027,2025-04-01
경기도,안성시,죽산면,칠장리,31220400,4155040000,4155040028,2025-04-01
경기도,안성시,안성2동,서인동,31220520,4155052000,4155011700,2025-04-01
경기도,안성시,안성2동,석정동,31220520,4155052000,4155011800,2025-04-01
경기도,파주시,적성면,어유지리,31200370,4148037000,4148037021,2025-04-01
경기도,파주시,적성면,장좌리,31200370,4148037000,4148037022,2025-04-01
경기도,파주시,적성면,장현리,31200370,4148037000,4148037023,2025-04-01
경기도,이천시,마장면,표교리,31210340,4150034000,4150034027,2025-04-01
경기도,이천시,마장면,이치리,31210340,4150034000,4150034028,2025-04-01
경기도,이천시,마장면,각평리,31210340,4150034000,4150034029,2025-04-01
경기도,양평군,개군면,주읍리,31580410,4183041000,4183041031,2025-04-01
경기도,이천시,부발읍,신하리,31210120,4150025300,4150025328,2025-04-01
경기도,이천시,부발읍,가좌리,31210120,4150025300,4150025329,2025-04-01
경기도,이천시,부발읍,아미리,31210120,4150025300,4150025330,2025-04-01
경기도,이천시,부발읍,수정리,31210120,4150025300,4150025331,2025-04-01
경기도,이천시,부발읍,송온리,31210120,4150025300,4150025332,2025-04-01
경기도,평택시,현덕면,운정리,31070370,4122037000,4122037022,2025-04-01
경기도,평택시,현덕면,화양리,31070370,4122037000,4122037023,2025-04-01
경기도,평택시,현덕면,황산리,31070370,4122037000,4122037024,2025-04-01
경기도,부천시 오정구,원종1동,원종동,31053541,4119652000,4119610400,2025-04-01
경기도,부천시 오정구,성곡동,원종동,31053511,4119651000,4119610400,2025-04-01
경기도,평택시,현덕면,인광리,31070370,4122037000,4122037025,2025-04-01
경기도,평택시,현덕면,덕목리,31070370,4122037000,4122037026,2025-04-01
경기도,평택시,현덕면,신왕리,31070370,4122037000,4122037027,2025-04-01
경기도,평택시,현덕면,대안리,31070370,4122037000,4122037028,2025-04-01
경기도,평택시,현덕면,기산리,31070370,4122037000,4122037029,2025-04-01
경기도,평택시,현덕면,권관리,31070370,4122037000,4122037030,2025-04-01
경기도,평택시,현덕면,장수리,31070370,4122037000,4122037031,2025-04-01
경기도,평택시,현덕면,방축리,31070370,4122037000,4122037032,2025-04-01
경기도,양주시,양주1동,유양동,31260510,4163051000,4163010100,2025-04-01
경기도,양주시,양주1동,어둔동,31260510,4163051000,4163010200,2025-04-01
경기도,양주시,양주1동,산북동,31260510,4163051000,4163010500,2025-04-01
경기도,양주시,양주2동,광사동,31260520,4163052000,4163010600,2025-04-01
경기도,광주시,초월읍,쌍동리,31250120,4161025300,4161025322,2025-04-01
경기도,광주시,초월읍,산이리,31250120,4161025300,4161025323,2025-04-01
경기도,광주시,초월읍,늑현리,31250120,4161025300,4161025324,2025-04-01
경기도,광주시,초월읍,학동리,31250120,4161025300,4161025325,2025-04-01
경기도,광주시,초월읍,선동리,31250120,4161025300,4161025326,2025-04-01
경기도,광주시,초월읍,용수리,31250120,4161025300,4161025327,2025-04-01
경기도,광주시,초월읍,신월리,31250120,4161025300,4161025328,2025-04-01
경기도,광주시,초월읍,지월리,31250120,4161025300,4161025329,2025-04-01
경기도,안성시,양성면,삼암리,31220360,4155036000,4155036037,2025-04-01
경기도,안성시,양성면,방신리,31220360,4155036000,4155036038,2025-04-01
경기도,안성시,원곡면,원곡면,31220380,4155038000,4155038000,2025-04-01
경기도,안성시,원곡면,성은리,31220380,4155038000,4155038021,2025-04-01
경기도,안성시,원곡면,칠곡리,31220380,4155038000,4155038022,2025-04-01
경기도,안성시,원곡면,지문리,31220380,4155038000,4155038023,2025-04-01
경기도,안성시,원곡면,산하리,31220380,4155038000,4155038024,2025-04-01
경기도,안성시,원곡면,내가천리,31220380,4155038000,4155038025,2025-04-01
경기도,파주시,교하동,문발동,31200511,4148054000,4148011500,2025-04-01
경기도,파주시,교하동,송촌동,31200511,4148054000,4148011600,2025-04-01
경기도,파주시,운정5동,목동동,31200515,4148059000,4148011700,2025-04-01
경기도,파주시,운정2동,목동동,31200570,4148056000,4148011700,2025-04-01
경기도,파주시,교하동,하지석동,31200511,4148054000,4148011800,2025-04-01
경기도,광주시,곤지암읍,봉현리,31250140,4161025900,4161025924,2025-04-01
경기도,광주시,곤지암읍,부항리,31250140,4161025900,4161025925,2025-04-01
경기도,광주시,곤지암읍,이선리,31250140,4161025900,4161025926,2025-04-01
경기도,광주시,곤지암읍,만선리,31250140,4161025900,4161025927,2025-04-01
경기도,광주시,곤지암읍,유사리,31250140,4161025900,4161025928,2025-04-01
경기도,광주시,곤지암읍,삼합리,31250140,4161025900,4161025929,2025-04-01
경기도,시흥시,정왕본동,죽율동,31150640,4139058900,4139013300,2025-04-01
경기도,고양시 덕양구,흥도동,원흥동,31101511,4128153000,4128110400,2025-04-01
경기도,하남시,춘궁동,항동,31180590,4145059000,4145012100,2025-04-01
경기도,하남시,초이동,초일동,31180600,4145060000,4145012200,2025-04-01
경기도,광주시,탄벌동,회덕동,31250570,4161055000,4161010400,2025-04-01
경기도,광주시,탄벌동,목현동,31250570,4161055000,4161010600,2025-04-01
경기도,광주시,광남1동,삼동,31250580,4161056000,4161010700,2025-04-01
경기도,광주시,광남1동,중대동,31250580,4161056000,4161010800,2025-04-01
경기도,광주시,광남1동,직동,31250580,4161056000,4161010900,2025-04-01
경기도,광주시,광남1동,태전동,31250580,4161056000,4161011000,2025-04-01
경기도,광주시,광남1동,장지동,31250580,4161056000,4161011100,2025-04-01
경기도,광주시,경안동,역동,31250540,4161051000,4161011200,2025-04-01
경기도,광주시,광남1동,목동,31250580,4161056000,4161011300,2025-04-01
경기도,양평군,단월면,산음리,31580360,4183036000,4183036029,2025-04-01
경기도,안산시,안산시,안산시,31090,4127000000,4127000000,2025-04-01
경기도,안산시 상록구,안산시 상록구,안산시상록구,31091,4127100000,4127100000,2025-04-01
경기도,안산시 상록구,일동,일동,31091510,4127151000,4127110100,2025-04-01
경기도,안산시 상록구,이동,일동,31091740,4127151500,4127110100,2025-04-01
경기도,안산시 상록구,일동,이동,31091510,4127151000,4127110200,2025-04-01
경기도,화성시,장안면,독정리,31240390,4159037000,4159037024,2025-04-01
경기도,화성시,장안면,장안리,31240390,4159037000,4159037025,2025-04-01
경기도,화성시,장안면,덕다리,31240390,4159037000,4159037026,2025-04-01
경기도,화성시,장안면,사랑리,31240390,4159037000,4159037027,2025-04-01
경기도,광주시,쌍령동,쌍령동,31250560,4161054000,4161010200,2025-04-01
경기도,광주시,송정동,송정동,31250550,4161052000,4161010300,2025-04-01
경기도,광주시,남종면,검천리,31250360,4161035000,4161035026,2025-04-01
경기도,광주시,남종면,수청리,31250360,4161035000,4161035027,2025-04-01
경기도,이천시,모가면,송곡리,31210360,4150036000,4150036024,2025-04-01
경기도,용인시 처인구,백암면,고안리,31191350,4146135000,4146135024,2025-04-01
경기도,용인시 처인구,백암면,옥산리,31191350,4146135000,4146135025,2025-04-01
경기도,남양주시,오남읍,오남리,31130150,4136026200,4136026223,2025-04-01
경기도,평택시,원평동,통복동,31070600,4122060000,4122011400,2025-04-01
경기도,포천시,창수면,주원리,31270350,4165035000,4165035022,2025-04-01
경기도,이천시,대월면,대대리,31210350,4150035000,4150035027,2025-04-01
경기도,이천시,대월면,대흥리,31210350,4150035000,4150035028,2025-04-01
경기도,이천시,대월면,도리리,31210350,4150035000,4150035029,2025-04-01
경기도,이천시,대월면,구시리,31210350,4150035000,4150035030,2025-04-01
경기도,이천시,대월면,군량리,31210350,4150035000,4150035031,2025-04-01
경기도,이천시,대월면,송라리,31210350,4150035000,4150035032,2025-04-01
경기도,양평군,옥천면,아신리,31580340,4183034000,4183034024,2025-04-01
경기도,양평군,서종면,서종면,31580350,4183035000,4183035000,2025-04-01
경기도,포천시,창수면,가양리,31270350,4165035000,4165035023,2025-04-01
경기도,포천시,창수면,오가리,31270350,4165035000,4165035024,2025-04-01
경기도,포천시,창수면,고소성리,31270350,4165035000,4165035025,2025-04-01
경기도,포천시,창수면,운산리,31270350,4165035000,4165035026,2025-04-01
경기도,포천시,창수면,신흥리,31270350,4165035000,4165035027,2025-04-01
경기도,성남시 분당구,구미1동,동원동,31023720,4113566500,4113511300,2025-04-01
경기도,성남시 분당구,구미동,구미동,31023670,4113567000,4113511400,2025-04-01
경기도,성남시 분당구,구미1동,구미동,31023720,4113566500,4113511400,2025-04-01
경기도,성남시 분당구,운중동,운중동,31023680,4113568000,4113511500,2025-04-01
경기도,성남시 분당구,운중동,대장동,31023680,4113568000,4113511600,2025-04-01
경기도,성남시 분당구,운중동,석운동,31023680,4113568000,4113511700,2025-04-01
경기도,성남시 분당구,운중동,하산운동,31023680,4113568000,4113511800,2025-04-01
경기도,양평군,용문면,삼성리,31580400,4183040000,4183040023,2025-04-01
경기도,양평군,용문면,다문리,31580400,4183040000,4183040024,2025-04-01
경기도,양평군,용문면,연수리,31580400,4183040000,4183040025,2025-04-01
경기도,양평군,용문면,금곡리,31580400,4183040000,4183040026,2025-04-01
경기도,양평군,용문면,광탄리,31580400,4183040000,4183040027,2025-04-01
경기도,양평군,용문면,망능리,31580400,4183040000,4183040028,2025-04-01
경기도,양평군,용문면,중원리,31580400,4183040000,4183040029,2025-04-01
경기도,연천군,신서면,신서면,31550360,4180036000,4180036000,2025-04-01
경기도,성남시 분당구,정자1동,정자동,31023770,4113555000,4113510300,2025-04-01
경기도,성남시 분당구,정자2동,정자동,31023550,4113556000,4113510300,2025-04-01
경기도,성남시 분당구,정자3동,정자동,31023560,4113557000,4113510300,2025-04-01
경기도,성남시 분당구,서현1동,율동,31023580,4113558000,4113510400,2025-04-01
경기도,수원시 장안구,파장동,파장동,31011540,4111156000,4111112900,2025-04-01
경기도,수원시 장안구,정자3동,정자동,31011620,4111157300,4111113000,2025-04-01
경기도,수원시 장안구,정자2동,정자동,31011570,4111157200,4111113000,2025-04-01
경기도,용인시 처인구,포곡읍,마성리,31191110,4146125000,4146125025,2025-04-01
경기도,양평군,강상면,병산리,31580310,4183031000,4183031021,2025-04-01
경기도,이천시,설성면,설성면,31210370,4150037000,4150037000,2025-04-01
경기도,이천시,설성면,금당리,31210370,4150037000,4150037021,2025-04-01
경기도,이천시,설성면,장능리,31210370,4150037000,4150037022,2025-04-01
경기도,이천시,설성면,행죽리,31210370,4150037000,4150037023,2025-04-01
경기도,의왕시,고천동,오전동,31170510,4143051000,4143010500,2025-04-01
경기도,의왕시,오전동,오전동,31170530,4143053000,4143010500,2025-04-01
경기도,의왕시,청계동,학의동,31170560,4143056000,4143010600,2025-04-01
경기도,오산시,신장1동,내삼미동,31140571,4137054300,4137011000,2025-04-01
경기도,오산시,세마동,외삼미동,31140550,4137055000,4137011100,2025-04-01
경기도,오산시,세마동,양산동,31140550,4137055000,4137011200,2025-04-01
경기도,오산시,세마동,세교동,31140550,4137055000,4137011300,2025-04-01
경기도,오산시,세마동,지곶동,31140550,4137055000,4137011400,2025-04-01
경기도,오산시,세마동,서랑동,31140550,4137055000,4137011500,2025-04-01
경기도,오산시,초평동,서동,31140560,4137056000,4137011600,2025-04-01
경기도,오산시,초평동,벌음동,31140560,4137056000,4137011700,2025-04-01
경기도,양평군,강하면,운심리,31580320,4183032000,4183032021,2025-04-01
경기도,양평군,강하면,왕창리,31580320,4183032000,4183032022,2025-04-01
경기도,양평군,강하면,동오리,31580320,4183032000,4183032023,2025-04-01
경기도,양평군,강하면,항금리,31580320,4183032000,4183032024,2025-04-01
경기도,여주시,오학동,오금동,31280530,4167053000,4167012300,2025-04-01
경기도,여주시,가남읍,가남읍,31280110,4167025000,4167025000,2025-04-01
경기도,여주시,가남읍,태평리,31280110,4167025000,4167025021,2025-04-01
경기도,안성시,안성1동,발화동,31220510,4155051000,4155013200,2025-04-01
경기도,안성시,안성2동,중리동,31220520,4155052000,4155013300,2025-04-01
경기도,안성시,공도읍,공도읍,31220110,4155025000,4155025000,2025-04-01
경기도,안성시,공도읍,양기리,31220110,4155025000,4155025021,2025-04-01
경기도,안성시,공도읍,웅교리,31220110,4155025000,4155025022,2025-04-01
경기도,안성시,공도읍,신두리,31220110,4155025000,4155025023,2025-04-01
경기도,안성시,공도읍,중복리,31220110,4155025000,4155025024,2025-04-01
경기도,안성시,공도읍,용두리,31220110,4155025000,4155025025,2025-04-01
경기도,안성시,고삼면,월향리,31220420,4155042000,4155042027,2025-04-01
경기도,김포시,김포시,김포시,31230,4157000000,4157000000,2025-04-01
경기도,양평군,강하면,성덕리,31580320,4183032000,4183032025,2025-04-01
경기도,평택시,고덕면,당현리,31070330,4122033000,4122033021,2025-04-01
경기도,남양주시,다산2동,수석동,31130590,4136056500,4136010800,2025-04-01
경기도,양주시,장흥면,석현리,31260340,4163034000,4163034024,2025-04-01
경기도,양주시,장흥면,일영리,31260340,4163034000,4163034025,2025-04-01
경기도,양주시,장흥면,삼상리,31260340,4163034000,4163034026,2025-04-01
경기도,양주시,장흥면,삼하리,31260340,4163034000,4163034027,2025-04-01
경기도,포천시,포천시,포천시,31270,4165000000,4165000000,2025-04-01
경기도,포천시,포천동,신읍동,31270510,4165051000,4165010100,2025-04-01
경기도,포천시,포천동,어룡동,31270510,4165051000,4165010200,2025-04-01
경기도,포천시,선단동,자작동,31270520,4165052000,4165010300,2025-04-01
경기도,포천시,선단동,선단동,31270520,4165052000,4165010400,2025-04-01
경기도,남양주시,남양주시,남양주시,31130,4136000000,4136000000,2025-04-01
경기도,남양주시,호평동,호평동,31130510,4136051000,4136010100,2025-04-01
경기도,남양주시,평내동,평내동,31130520,4136052000,4136010200,2025-04-01
경기도,남양주시,금곡동,금곡동,31130530,4136053000,4136010300,2025-04-01
경기도,이천시,마장면,덕평리,31210340,4150034000,4150034030,2025-04-01
경기도,안산시 상록구,안산동,장하동,31091730,4127161000,4127111500,2025-04-01
경기도,안산시 단원구,안산시 단원구,안산시단원구,31092,4127300000,4127300000,2025-04-01
경기도,안산시 단원구,고잔동,고잔동,31092740,4127352500,4127310100,2025-04-01
경기도,안산시 단원구,호수동,고잔동,31092730,4127353500,4127310100,2025-04-01
경기도,안산시 단원구,중앙동,고잔동,31092750,4127353200,4127310100,2025-04-01
경기도,안산시 단원구,와동,와동,31092590,4127351000,4127310200,2025-04-01
경기도,안산시 단원구,신길동,신길동,31092770,4127356500,4127310300,2025-04-01
경기도,안산시 단원구,초지동,성곡동,31092660,4127357000,4127310400,2025-04-01
경기도,안산시 단원구,초지동,원시동,31092660,4127357000,4127310500,2025-04-01
경기도,안산시 단원구,초지동,목내동,31092660,4127357000,4127310600,2025-04-01
경기도,안산시 단원구,초지동,초지동,31092660,4127357000,4127310700,2025-04-01
경기도,여주시,북내면,신남리,31280370,4167036000,4167036022,2025-04-01
경기도,여주시,중앙동,가업동,31280520,4167052000,4167011000,2025-04-01
경기도,여주시,중앙동,연라동,31280520,4167052000,4167011100,2025-04-01
경기도,여주시,여흥동,상거동,31280510,4167051000,4167011200,2025-04-01
경기도,여주시,여흥동,하거동,31280510,4167051000,4167011300,2025-04-01
경기도,여주시,여흥동,삼교동,31280510,4167051000,4167011400,2025-04-01
경기도,여주시,여흥동,점봉동,31280510,4167051000,4167011500,2025-04-01
경기도,여주시,여흥동,능현동,31280510,4167051000,4167011600,2025-04-01
경기도,여주시,여흥동,멱곡동,31280510,4167051000,4167011700,2025-04-01
경기도,이천시,마장면,이평리,31210340,4150034000,4150034031,2025-04-01
경기도,이천시,마장면,해월리,31210340,4150034000,4150034032,2025-04-01
경기도,이천시,백사면,경사리,31210320,4150032000,4150032022,2025-04-01
경기도,이천시,백사면,도립리,31210320,4150032000,4150032023,2025-04-01
경기도,이천시,백사면,송말리,31210320,4150032000,4150032024,2025-04-01
경기도,이천시,백사면,신대리,31210320,4150032000,4150032025,2025-04-01
경기도,연천군,장남면,자작리,31550380,4180038000,4180038022,2025-04-01
경기도,연천군,장남면,판부리,31550380,4180038000,4180038023,2025-04-01
경기도,연천군,장남면,반정리,31550380,4180038000,4180038024,2025-04-01
경기도,연천군,장남면,고랑포리,31550380,4180038000,4180038025,2025-04-01
경기도,가평군,가평군,가평군,31570,4182000000,4182000000,2025-04-01
경기도,가평군,가평읍,가평읍,31570110,4182025000,4182025000,2025-04-01
경기도,가평군,가평읍,읍내리,31570110,4182025000,4182025021,2025-04-01
경기도,가평군,가평읍,대곡리,31570110,4182025000,4182025022,2025-04-01
경기도,가평군,가평읍,달전리,31570110,4182025000,4182025023,2025-04-01
경기도,여주시,세종대왕면,세종대왕면,31280390,4167034500,4167034500,2025-04-01
경기도,여주시,세종대왕면,번도리,31280390,4167034500,4167034521,2025-04-01
경기도,용인시 처인구,모현읍,매산리,31191120,4146125300,4146125325,2025-04-01
경기도,부천시 오정구,고강본동,고강동,31053521,4119654000,4119610500,2025-04-01
경기도,부천시 오정구,오정동,대장동,31053561,4119656000,4119610600,2025-04-01
경기도,여주시,여흥동,연양동,31280510,4167051000,4167011800,2025-04-01
경기도,여주시,여흥동,매룡동,31280510,4167051000,4167011900,2025-04-01
경기도,여주시,오학동,천송동,31280530,4167053000,4167012000,2025-04-01
경기도,여주시,오학동,오학동,31280530,4167053000,4167012100,2025-04-01
경기도,평택시,고덕면,해창리,31070330,4122033000,4122033025,2025-04-01
경기도,평택시,고덕면,궁리,31070330,4122033000,4122033026,2025-04-01
경기도,평택시,고덕면,동고리,31070330,4122033000,4122033027,2025-04-01
경기도,평택시,고덕면,방축리,31070330,4122033000,4122033028,2025-04-01
경기도,평택시,고덕면,여염리,31070330,4122033000,4122033029,2025-04-01
경기도,화성시,송산면,독지리,31240360,4159034000,4159034029,2025-04-01
경기도,화성시,송산면,마산리,31240360,4159034000,4159034030,2025-04-01
경기도,화성시,송산면,고포리,31240360,4159034000,4159034031,2025-04-01
경기도,고양시 덕양구,효자동,지축동,31101560,4128156000,4128110900,2025-04-01
경기도,포천시,군내면,좌의리,31270310,4165031000,4165031024,2025-04-01
경기도,포천시,군내면,명산리,31270310,4165031000,4165031025,2025-04-01
경기도,포천시,군내면,직두리,31270310,4165031000,4165031026,2025-04-01
경기도,파주시,장단면,선적리,31200390,4148039000,4148041024,2025-04-01
경기도,여주시,흥천면,외사리,31280330,4167032000,4167032025,2025-04-01
경기도,여주시,흥천면,상대리,31280330,4167032000,4167032026,2025-04-01
경기도,여주시,흥천면,다대리,31280330,4167032000,4167032027,2025-04-01
경기도,여주시,흥천면,하다리,31280330,4167032000,4167032028,2025-04-01
경기도,연천군,전곡읍,고능리,31550120,4180025300,4180025324,2025-04-01
경기도,연천군,전곡읍,마포리,31550120,4180025300,4180025325,2025-04-01
경기도,연천군,전곡읍,양원리,31550120,4180025300,4180025326,2025-04-01
경기도,오산시,초평동,두곡동,31140560,4137056000,4137011800,2025-04-01
경기도,오산시,초평동,탑동,31140560,4137056000,4137011900,2025-04-01
경기도,고양시 일산동구,고봉동,문봉동,31103600,4128560000,4128511200,2025-04-01
경기도,포천시,군내면,상성북리,31270310,4165031000,4165031027,2025-04-01
경기도,포천시,군내면,하성북리,31270310,4165031000,4165031028,2025-04-01
경기도,파주시,교하동,당하동,31200511,4148054000,4148011400,2025-04-01
경기도,파주시,운정1동,당하동,31200512,4148055000,4148011400,2025-04-01
경기도,연천군,전곡읍,간파리,31550120,4180025300,4180025327,2025-04-01
경기도,연천군,전곡읍,늘목리,31550120,4180025300,4180025328,2025-04-01
경기도,연천군,군남면,군남면,31550310,4180031000,4180031000,2025-04-01
경기도,연천군,군남면,진상리,31550310,4180031000,4180031021,2025-04-01
경기도,연천군,군남면,옥계리,31550310,4180031000,4180031022,2025-04-01
경기도,부천시 오정구,원종2동,원종동,31053551,4119653000,4119610400,2025-04-01
경기도,부천시 오정구,원종2동,오정동,31053551,4119653000,4119610100,2025-04-01
경기도,안성시,죽산면,죽산면,31220400,4155040000,4155040000,2025-04-01
경기도,안성시,죽산면,죽산리,31220400,4155040000,4155040021,2025-04-01
경기도,포천시,군내면,구읍리,31270310,4165031000,4165031021,2025-04-01
경기도,포천시,군내면,용정리,31270310,4165031000,4165031022,2025-04-01
경기도,포천시,군내면,유교리,31270310,4165031000,4165031023,2025-04-01
경기도,평택시,오성면,신리,31070340,4122034000,4122034023,2025-04-01
경기도,수원시 팔달구,행궁동,남수동,31013720,4111574000,4111512700,2025-04-01
경기도,수원시 팔달구,행궁동,매향동,31013720,4111574000,4111512800,2025-04-01
경기도,하남시,천현동,상산곡동,31180510,4145051000,4145010500,2025-04-01
경기도,하남시,신장1동,신장동,31180520,4145052000,4145010600,2025-04-01
경기도,하남시,신장2동,신장동,31180530,4145053000,4145010600,2025-04-01
경기도,안산시 상록구,안산동,수암동,31091730,4127161000,4127111300,2025-04-01
경기도,안산시 상록구,안산동,장상동,31091730,4127161000,4127111400,2025-04-01
경기도,과천시,원문동,갈현동,31110522,4129051500,4129010300,2025-04-01
경기도,시흥시,목감동,물왕동,31150560,4139057000,4139012200,2025-04-01
경기도,시흥시,목감동,산현동,31150560,4139057000,4139012300,2025-04-01
경기도,시흥시,목감동,조남동,31150560,4139057000,4139012400,2025-04-01
경기도,시흥시,목감동,논곡동,31150560,4139057000,4139012500,2025-04-01
경기도,시흥시,목감동,목감동,31150560,4139057000,4139012600,2025-04-01
경기도,시흥시,군자동,거모동,31150680,4139058100,4139012700,2025-04-01
경기도,시흥시,능곡동,군자동,31150670,4139064000,4139012800,2025-04-01
경기도,시흥시,군자동,군자동,31150680,4139058100,4139012800,2025-04-01
경기도,이천시,부발읍,신원리,31210120,4150025300,4150025323,2025-04-01
경기도,이천시,부발읍,고백리,31210120,4150025300,4150025324,2025-04-01
경기도,안성시,대덕면,무능리,31220350,4155035000,4155035032,2025-04-01
경기도,안성시,대덕면,소내리,31220350,4155035000,4155035033,2025-04-01
경기도,연천군,미산면,우정리,31550340,4180034000,4180034027,2025-04-01
경기도,안양시 만안구,석수1동,안양동,31041600,4117159000,4117110100,2025-04-01
경기도,안양시 만안구,안양8동,안양동,31041580,4117158000,4117110100,2025-04-01
경기도,안양시 만안구,안양7동,안양동,31041570,4117157000,4117110100,2025-04-01
경기도,안양시 만안구,안양6동,안양동,31041560,4117156000,4117110100,2025-04-01
경기도,안양시 만안구,안양5동,안양동,31041550,4117155000,4117110100,2025-04-01
경기도,고양시 덕양구,원신동,신원동,31101520,4128152000,4128110300,2025-04-01
경기도,고양시 일산동구,고봉동,지영동,31103600,4128560000,4128511000,2025-04-01
경기도,고양시 일산동구,고봉동,설문동,31103600,4128560000,4128511100,2025-04-01
경기도,화성시,진안동,반정동,31240520,4159052000,4159012100,2025-04-01
경기도,안성시,보개면,곡천리,31220310,4155031000,4155031032,2025-04-01
경기도,안성시,보개면,복평리,31220310,4155031000,4155031033,2025-04-01
경기도,안성시,보개면,구사리,31220310,4155031000,4155031034,2025-04-01
경기도,안성시,보개면,가율리,31220310,4155031000,4155031035,2025-04-01
경기도,동두천시,불현동,탑동동,31080560,4125056500,4125011100,2025-04-01
경기도,동두천시,상패동,상패동,31080600,4125060000,4125011200,2025-04-01
경기도,여주시,세종대왕면,백석리,31280390,4167034500,4167034524,2025-04-01
경기도,여주시,세종대왕면,내양리,31280390,4167034500,4167034525,2025-04-01
경기도,의정부시,장암동,장암동,31030560,4115056100,4115010300,2025-04-01
경기도,용인시 처인구,모현읍,동림리,31191120,4146125300,4146125326,2025-04-01
경기도,용인시 처인구,모현읍,능원리,31191120,4146125300,4146125327,2025-04-01
경기도,안산시 단원구,대부동,대부동동,31092720,4127361000,4127311000,2025-04-01
경기도,안산시 단원구,대부동,대부북동,31092720,4127361000,4127311100,2025-04-01
경기도,안산시 단원구,대부동,대부남동,31092720,4127361000,4127311200,2025-04-01
경기도,과천시,부림동,별양동,31110540,4129054000,4129010900,2025-04-01
경기도,화성시,봉담읍,세곡리,31240120,4159025300,4159025329,2025-04-01
경기도,화성시,봉담읍,당하리,31240120,4159025300,4159025330,2025-04-01
경기도,화성시,봉담읍,마하리,31240120,4159025300,4159025331,2025-04-01
경기도,양평군,강상면,화양리,31580310,4183031000,4183031025,2025-04-01
경기도,양평군,강상면,세월리,31580310,4183031000,4183031026,2025-04-01
경기도,양평군,강상면,대석리,31580310,4183031000,4183031027,2025-04-01
경기도,고양시 덕양구,화전동,화전동,31101670,4128166000,4128112900,2025-04-01
경기도,수원시 영통구,망포1동,망포동,31014670,4111759300,4111710700,2025-04-01
경기도,군포시,송부동,부곡동,31160640,4141063000,4141010300,2025-04-01
경기도,안성시,고삼면,고삼면,31220420,4155042000,4155042000,2025-04-01
경기도,양주시,장흥면,울대리,31260340,4163034000,4163034022,2025-04-01
경기도,양주시,장흥면,부곡리,31260340,4163034000,4163034023,2025-04-01
경기도,포천시,일동면,수입리,31270370,4165037000,4165037026,2025-04-01
경기도,포천시,이동면,이동면,31270380,4165038000,4165038000,2025-04-01
경기도,이천시,율면,신추리,31210380,4150038000,4150038022,2025-04-01
경기도,이천시,율면,본죽리,31210380,4150038000,4150038023,2025-04-01
경기도,고양시 덕양구,흥도동,도내동,31101511,4128153000,4128110500,2025-04-01
경기도,양주시,은현면,봉암리,31260310,4163031000,4163031024,2025-04-01
경기도,여주시,점동면,삼합리,31280310,4167031000,4167031032,2025-04-01
경기도,여주시,점동면,도리,31280310,4167031000,4167031033,2025-04-01
경기도,안성시,삼죽면,기솔리,31220410,4155041000,4155041030,2025-04-01
경기도,양주시,양주1동,남방동,31260510,4163051000,4163010300,2025-04-01
경기도,양주시,양주1동,마전동,31260510,4163051000,4163010400,2025-04-01
경기도,양주시,광적면,석우리,31260330,4163033000,4163033027,2025-04-01
경기도,양주시,장흥면,장흥면,31260340,4163034000,4163034000,2025-04-01
경기도,양주시,장흥면,교현리,31260340,4163034000,4163034021,2025-04-01
경기도,파주시,조리읍,능안리,31200150,4148026200,4148026226,2025-04-01
경기도,파주시,조리읍,대원리,31200150,4148026200,4148026227,2025-04-01
경기도,고양시 덕양구,성사2동,성사동,31101550,4128155000,4128110600,2025-04-01
경기도,고양시 덕양구,성사1동,성사동,31101540,4128154000,4128110600,2025-04-01
경기도,고양시 덕양구,주교동,성사동,31101510,4128151000,4128110600,2025-04-01
경기도,평택시,통복동,통복동,31070610,4122061000,4122011400,2025-04-01
경기도,안성시,안성2동,도기동,31220520,4155052000,4155012400,2025-04-01
경기도,여주시,중앙동,창동,31280520,4167052000,4167010300,2025-04-01
경기도,연천군,군남면,왕림리,31550310,4180031000,4180031024,2025-04-01
경기도,용인시 수지구,상현3동,상현동,31193630,4146558500,4146510700,2025-04-01
경기도,용인시 처인구,남사읍,아곡리,31191140,4146125900,4146125930,2025-04-01
경기도,김포시,통진읍,통진읍,31230110,4157025000,4157025000,2025-04-01
경기도,김포시,통진읍,도사리,31230110,4157025000,4157025021,2025-04-01
경기도,김포시,통진읍,마송리,31230110,4157025000,4157025022,2025-04-01
경기도,김포시,통진읍,서암리,31230110,4157025000,4157025023,2025-04-01
경기도,김포시,통진읍,수참리,31230110,4157025000,4157025024,2025-04-01
경기도,김포시,통진읍,가현리,31230110,4157025000,4157025025,2025-04-01
경기도,김포시,통진읍,동을산리,31230110,4157025000,4157025026,2025-04-01
경기도,김포시,통진읍,귀전리,31230110,4157025000,4157025027,2025-04-01
경기도,김포시,통진읍,고정리,31230110,4157025000,4157025028,2025-04-01
경기도,용인시 수지구,죽전1동,죽전동,31193600,4146554000,4146510200,2025-04-01
경기도,용인시 수지구,죽전2동,죽전동,31193550,4146555000,4146510200,2025-04-01
경기도,평택시,용이동,용이동,31070660,4122063500,4122012400,2025-04-01
경기도,군포시,광정동,산본동,31160610,4141062000,4141010400,2025-04-01
경기도,이천시,율면,석산리,31210380,4150038000,4150038026,2025-04-01
경기도,이천시,마장면,작촌리,31210340,4150034000,4150034033,2025-04-01
경기도,이천시,대월면,대월면,31210350,4150035000,4150035000,2025-04-01
경기도,이천시,대월면,초지리,31210350,4150035000,4150035025,2025-04-01
경기도,이천시,대월면,사동리,31210350,4150035000,4150035026,2025-04-01
경기도,가평군,조종면,신하리,31570360,4182034500,4182034525,2025-04-01
경기도,가평군,조종면,마일리,31570360,4182034500,4182034526,2025-04-01
경기도,가평군,조종면,대보리,31570360,4182034500,4182034527,2025-04-01
경기도,가평군,조종면,운악리,31570360,4182034500,4182034528,2025-04-01
경기도,가평군,북면,북면,31570350,4182035000,4182035000,2025-04-01
경기도,가평군,북면,목동리,31570350,4182035000,4182035021,2025-04-01
경기도,가평군,북면,소법리,31570350,4182035000,4182035022,2025-04-01
경기도,이천시,장호원읍,나래리,31210110,4150025000,4150025030,2025-04-01
경기도,이천시,장호원읍,와현리,31210110,4150025000,4150025031,2025-04-01
경기도,이천시,장호원읍,풍계리,31210110,4150025000,4150025032,2025-04-01
경기도,이천시,장호원읍,노탑리,31210110,4150025000,4150025033,2025-04-01
경기도,이천시,부발읍,부발읍,31210120,4150025300,4150025300,2025-04-01
경기도,이천시,부발읍,무촌리,31210120,4150025300,4150025321,2025-04-01
경기도,이천시,부발읍,죽당리,31210120,4150025300,4150025322,2025-04-01
경기도,안산시 단원구,대부동,풍도동,31092720,4127361000,4127311400,2025-04-01
경기도,양주시,옥정2동,옥정동,31260571,4163058000,4163011400,2025-04-01
경기도,오산시,대원2동,오산동,31140582,4137052600,4137010100,2025-04-01
경기도,오산시,대원2동,원동,31140582,4137052600,4137010300,2025-04-01
경기도,오산시,대원2동,고현동,31140582,4137052600,4137012200,2025-04-01
경기도,가평군,상면,봉수리,31570330,4182033000,4182033029,2025-04-01
경기도,가평군,상면,원흥리,31570330,4182033000,4182033030,2025-04-01
경기도,가평군,조종면,조종면,31570360,4182034500,4182034500,2025-04-01
경기도,가평군,조종면,현리,31570360,4182034500,4182034521,2025-04-01
경기도,가평군,조종면,신상리,31570360,4182034500,4182034522,2025-04-01
경기도,가평군,조종면,상판리,31570360,4182034500,4182034524,2025-04-01
경기도,연천군,청산면,백의리,31550320,4180032000,4180032025,2025-04-01
경기도,김포시,월곶면,군하리,31230350,4157035000,4157035021,2025-04-01
경기도,양평군,양동면,삼산리,31580380,4183038000,4183038027,2025-04-01
경기도,양평군,양동면,단석리,31580380,4183038000,4183038028,2025-04-01
경기도,시흥시,정왕3동,정왕동,31150620,4139059300,4139013200,2025-04-01
경기도,시흥시,정왕2동,정왕동,31150611,4139059200,4139013200,2025-04-01
경기도,파주시,적성면,객현리,31200370,4148037000,4148037025,2025-04-01
경기도,동두천시,소요동,하봉암동,31080580,4125058000,4125011000,2025-04-01
경기도,여주시,북내면,내룡리,31280370,4167036000,4167036024,2025-04-01
경기도,여주시,북내면,상교리,31280370,4167036000,4167036025,2025-04-01
경기도,여주시,북내면,주암리,31280370,4167036000,4167036026,2025-04-01
경기도,여주시,북내면,서원리,31280370,4167036000,4167036027,2025-04-01
경기도,가평군,청평면,대성리,31570320,4182032500,4182032524,2025-04-01
경기도,여주시,점동면,장안리,31280310,4167031000,4167031031,2025-04-01
경기도,안성시,죽산면,당목리,31220400,4155040000,4155040029,2025-04-01
경기도,안성시,죽산면,두교리,31220400,4155040000,4155040030,2025-04-01
경기도,안성시,삼죽면,삼죽면,31220410,4155041000,4155041000,2025-04-01
경기도,용인시 처인구,포곡읍,유운리,31191110,4146125000,4146125028,2025-04-01
경기도,포천시,영북면,소회산리,31270390,4165039000,4165039027,2025-04-01
경기도,안성시,보개면,불현리,31220310,4155031000,4155031029,2025-04-01
경기도,안성시,보개면,내방리,31220310,4155031000,4155031030,2025-04-01
경기도,안성시,보개면,동신리,31220310,4155031000,4155031031,2025-04-01
경기도,파주시,장단면,백연리,31200390,4148039000,4148038021,2025-04-01
경기도,파주시,장단면,정자리,31200390,4148039000,4148038022,2025-04-01
경기도,안성시,안성1동,창전동,31220510,4155051000,4155011000,2025-04-01
경기도,안성시,안성1동,성남동,31220510,4155051000,4155011100,2025-04-01
경기도,안성시,안성2동,신흥동,31220520,4155052000,4155011200,2025-04-01
경기도,안성시,안성2동,인지동,31220520,4155052000,4155011300,2025-04-01
경기도,안성시,안성3동,금산동,31220530,4155053000,4155011400,2025-04-01
경기도,안성시,안성3동,연지동,31220530,4155053000,4155011500,2025-04-01
경기도,안성시,안성3동,대천동,31220530,4155053000,4155011600,2025-04-01
경기도,안성시,일죽면,가리,31220390,4155039000,4155039024,2025-04-01
경기도,성남시 분당구,서현1동,서현동,31023580,4113558000,4113510500,2025-04-01
경기도,연천군,연천읍,와초리,31550110,4180025000,4180025024,2025-04-01
경기도,연천군,연천읍,옥산리,31550110,4180025000,4180025025,2025-04-01
경기도,고양시 일산서구,고양시 일산서구,고양시일산서구,31104,4128700000,4128700000,2025-04-01
경기도,고양시 일산서구,일산1동,일산동,31104510,4128751000,4128710100,2025-04-01
경기도,하남시,덕풍1동,덕풍동,31180540,4145054000,4145010800,2025-04-01
경기도,하남시,덕풍2동,덕풍동,31180550,4145055000,4145010800,2025-04-01
경기도,고양시 일산동구,백석2동,백석동,31103610,4128555200,4128510600,2025-04-01
경기도,고양시 일산동구,장항1동,백석동,31103580,4128558000,4128510600,2025-04-01
경기도,고양시 일산동구,풍산동,풍동,31103540,4128554000,4128510700,2025-04-01
경기도,고양시 일산동구,풍산동,산황동,31103540,4128554000,4128510800,2025-04-01
경기도,고양시 일산동구,고봉동,사리현동,31103600,4128560000,4128510900,2025-04-01
경기도,파주시,파평면,눌노리,31200360,4148036000,4148036028,2025-04-01
경기도,파주시,적성면,적성면,31200370,4148037000,4148037000,2025-04-01
경기도,여주시,흥천면,복대리,31280330,4167032000,4167032021,2025-04-01
경기도,여주시,흥천면,계신리,31280330,4167032000,4167032022,2025-04-01
경기도,여주시,흥천면,문장리,31280330,4167032000,4167032023,2025-04-01
경기도,여주시,흥천면,내사리,31280330,4167032000,4167032024,2025-04-01
경기도,광주시,탄벌동,탄벌동,31250570,4161055000,4161010500,2025-04-01
경기도,포천시,가산면,감암리,31270330,4165033000,4165033022,2025-04-01
경기도,포천시,가산면,방축리,31270330,4165033000,4165033023,2025-04-01
경기도,포천시,가산면,가산리,31270330,4165033000,4165033024,2025-04-01
경기도,포천시,가산면,정교리,31270330,4165033000,4165033025,2025-04-01
경기도,포천시,가산면,금현리,31270330,4165033000,4165033026,2025-04-01
경기도,포천시,가산면,우금리,31270330,4165033000,4165033027,2025-04-01
경기도,포천시,가산면,마전리,31270330,4165033000,4165033028,2025-04-01
경기도,포천시,신북면,신북면,31270340,4165034000,4165034000,2025-04-01
경기도,남양주시,와부읍,와부읍,31130110,4136025000,4136025000,2025-04-01
경기도,남양주시,와부읍,덕소리,31130110,4136025000,4136025021,2025-04-01
경기도,남양주시,와부읍,도곡리,31130110,4136025000,4136025022,2025-04-01
경기도,남양주시,와부읍,팔당리,31130110,4136025000,4136025023,2025-04-01
경기도,남양주시,와부읍,월문리,31130110,4136025000,4136025024,2025-04-01
경기도,남양주시,와부읍,율석리,31130110,4136025000,4136025025,2025-04-01
경기도,남양주시,진접읍,진접읍,31130120,4136025300,4136025300,2025-04-01
경기도,하남시,덕풍3동,덕풍동,31180560,4145056000,4145010800,2025-04-01
경기도,하남시,미사2동,망월동,31180630,4145062000,4145010900,2025-04-01
경기도,구리시,수택3동,수택동,31120580,4131059000,4131010500,2025-04-01
경기도,구리시,수택1동,수택동,31120560,4131057000,4131010500,2025-04-01
경기도,파주시,법원읍,직천리,31200130,4148025600,4148025628,2025-04-01
경기도,파주시,법원읍,웅담리,31200130,4148025600,4148025629,2025-04-01
경기도,파주시,법원읍,금곡리,31200130,4148025600,4148025630,2025-04-01
경기도,화성시,팔탄면,서근리,31240380,4159036000,4159036031,2025-04-01
경기도,용인시 처인구,원삼면,목신리,31191340,4146134000,4146134029,2025-04-01
경기도,용인시 처인구,원삼면,학일리,31191340,4146134000,4146134030,2025-04-01
경기도,화성시,남양읍,수화리,31240150,4159026200,4159026230,2025-04-01
경기도,화성시,남양읍,장전리,31240150,4159026200,4159026231,2025-04-01
경기도,화성시,남양읍,신외리,31240150,4159026200,4159026232,2025-04-01
경기도,화성시,남양읍,문호리,31240150,4159026200,4159026233,2025-04-01
경기도,양평군,단월면,석산리,31580360,4183036000,4183036028,2025-04-01
경기도,포천시,소흘읍,무림리,31270110,4165025000,4165025023,2025-04-01
경기도,포천시,소흘읍,이곡리,31270110,4165025000,4165025024,2025-04-01
경기도,포천시,소흘읍,직동리,31270110,4165025000,4165025025,2025-04-01
경기도,포천시,소흘읍,고모리,31270110,4165025000,4165025026,2025-04-01
경기도,파주시,운정4동,야당동,31200514,4148058000,4148010800,2025-04-01
경기도,평택시,세교동,동삭동,31070640,4122064000,4122011900,2025-04-01
경기도,평택시,동삭동,동삭동,31070680,4122065000,4122011900,2025-04-01
경기도,평택시,세교동,세교동,31070640,4122064000,4122012000,2025-04-01
경기도,평택시,세교동,지제동,31070640,4122064000,4122012100,2025-04-01
경기도,양평군,용문면,화전리,31580400,4183040000,4183040022,2025-04-01
경기도,평택시,비전2동,비전동,31070650,4122063000,4122011800,2025-04-01
경기도,평택시,비전1동,비전동,31070670,4122062000,4122011800,2025-04-01
경기도,성남시 분당구,야탑2동,야탑동,31023640,4113563000,4113510700,2025-04-01
경기도,성남시 분당구,야탑3동,야탑동,31023630,4113564000,4113510700,2025-04-01
경기도,성남시 분당구,야탑1동,야탑동,31023620,4113562000,4113510700,2025-04-01
경기도,성남시 분당구,판교동,판교동,31023750,4113565000,4113510800,2025-04-01
경기도,파주시,문산읍,사목리,31200110,4148025000,4148025026,2025-04-01
경기도,파주시,문산읍,마정리,31200110,4148025000,4148025027,2025-04-01
경기도,이천시,신둔면,장동리,31210310,4150031000,4150031024,2025-04-01
경기도,이천시,신둔면,도봉리,31210310,4150031000,4150031025,2025-04-01
경기도,이천시,신둔면,도암리,31210310,4150031000,4150031026,2025-04-01
경기도,이천시,신둔면,수하리,31210310,4150031000,4150031027,2025-04-01
경기도,이천시,신둔면,수남리,31210310,4150031000,4150031028,2025-04-01
경기도,이천시,신둔면,고척리,31210310,4150031000,4150031029,2025-04-01
경기도,이천시,신둔면,용면리,31210310,4150031000,4150031030,2025-04-01
경기도,이천시,신둔면,인후리,31210310,4150031000,4150031031,2025-04-01
경기도,이천시,신둔면,마교리,31210310,4150031000,4150031032,2025-04-01
경기도,이천시,신둔면,소정리,31210310,4150031000,4150031033,2025-04-01
경기도,이천시,백사면,백사면,31210320,4150032000,4150032000,2025-04-01
경기도,평택시,안중읍,안중읍,31070120,4122025300,4122025300,2025-04-01
경기도,평택시,안중읍,안중리,31070120,4122025300,4122025321,2025-04-01
경기도,평택시,안중읍,학현리,31070120,4122025300,4122025322,2025-04-01
경기도,군포시,오금동,산본동,31160580,4141058000,4141010400,2025-04-01
경기도,군포시,산본2동,산본동,31160550,4141055000,4141010400,2025-04-01
경기도,군포시,궁내동,산본동,31160600,4141060000,4141010400,2025-04-01
경기도,군포시,산본1동,산본동,31160540,4141054000,4141010400,2025-04-01
경기도,군포시,금정동,금정동,31160560,4141056000,4141010500,2025-04-01
경기도,군포시,재궁동,금정동,31160570,4141057000,4141010500,2025-04-01
경기도,군포시,오금동,금정동,31160580,4141058000,4141010500,2025-04-01
경기도,군포시,대야동,둔대동,31160630,4141061000,4141010600,2025-04-01
경기도,군포시,대야동,속달동,31160630,4141061000,4141010700,2025-04-01
경기도,군포시,대야동,대야미동,31160630,4141061000,4141010800,2025-04-01
경기도,군포시,송부동,도마교동,31160640,4141063000,4141010900,2025-04-01
경기도,용인시 처인구,원삼면,문촌리,31191340,4146134000,4146134031,2025-04-01
경기도,고양시 일산동구,마두1동,마두동,31103560,4128556000,4128510500,2025-04-01
경기도,고양시 일산동구,마두2동,마두동,31103570,4128557000,4128510500,2025-04-01
경기도,고양시 일산동구,백석1동,백석동,31103550,4128555100,4128510600,2025-04-01
경기도,시흥시,능곡동,장현동,31150670,4139064000,4139012900,2025-04-01
경기도,시흥시,연성동,장현동,31150700,4139063000,4139012900,2025-04-01
경기도,시흥시,장곡동,장곡동,31150710,4139063100,4139013000,2025-04-01
경기도,시흥시,월곶동,월곶동,31150690,4139058200,4139013100,2025-04-01
경기도,시흥시,정왕4동,정왕동,31150720,4139059400,4139013200,2025-04-01
경기도,이천시,모가면,두미리,31210360,4150036000,4150036031,2025-04-01
경기도,하남시,감북동,감북동,31180660,4145058000,4145011300,2025-04-01
경기도,하남시,감북동,감일동,31180660,4145058000,4145011400,2025-04-01
경기도,여주시,가남읍,화평리,31280110,4167025000,4167025031,2025-04-01
경기도,여주시,가남읍,본두리,31280110,4167025000,4167025032,2025-04-01
경기도,여주시,가남읍,하귀리,31280110,4167025000,4167025033,2025-04-01
경기도,화성시,송산면,송산면,31240360,4159034000,4159034000,2025-04-01
경기도,성남시 중원구,상대원2동,상대원동,31022580,4113358000,4113310500,2025-04-01
경기도,평택시,오성면,죽리,31070340,4122034000,4122034026,2025-04-01
경기도,파주시,월롱면,덕은리,31200310,4148031000,4148031023,2025-04-01
경기도,파주시,월롱면,능산리,31200310,4148031000,4148031024,2025-04-01
경기도,파주시,월롱면,영태리,31200310,4148031000,4148031025,2025-04-01
경기도,파주시,탄현면,탄현면,31200320,4148032000,4148032000,2025-04-01
경기도,파주시,탄현면,성동리,31200320,4148032000,4148032021,2025-04-01
경기도,파주시,탄현면,법흥리,31200320,4148032000,4148032022,2025-04-01
경기도,파주시,탄현면,갈현리,31200320,4148032000,4148032023,2025-04-01
경기도,파주시,탄현면,문지리,31200320,4148032000,4148032024,2025-04-01
경기도,파주시,탄현면,대동리,31200320,4148032000,4148032025,2025-04-01
경기도,파주시,탄현면,만우리,31200320,4148032000,4148032026,2025-04-01
경기도,파주시,탄현면,축현리,31200320,4148032000,4148032027,2025-04-01
경기도,파주시,탄현면,금승리,31200320,4148032000,4148032028,2025-04-01
경기도,파주시,탄현면,오금리,31200320,4148032000,4148032029,2025-04-01
경기도,파주시,탄현면,낙하리,31200320,4148032000,4148032030,2025-04-01
경기도,파주시,금촌1동,아동동,31200530,4148051000,4148010200,2025-04-01
경기도,파주시,금촌3동,야동동,31200540,4148053000,4148010400,2025-04-01
경기도,파주시,금촌3동,검산동,31200540,4148053000,4148010500,2025-04-01
경기도,파주시,금촌3동,맥금동,31200540,4148053000,4148010600,2025-04-01
경기도,파주시,운정1동,교하동,31200512,4148055000,4148010700,2025-04-01
경기도,포천시,영중면,영중면,31270360,4165036000,4165036000,2025-04-01
경기도,포천시,영중면,양문리,31270360,4165036000,4165036021,2025-04-01
경기도,포천시,영중면,금주리,31270360,4165036000,4165036022,2025-04-01
경기도,포천시,영중면,거사리,31270360,4165036000,4165036023,2025-04-01
경기도,포천시,영중면,성동리,31270360,4165036000,4165036024,2025-04-01
경기도,포천시,영중면,영평리,31270360,4165036000,4165036025,2025-04-01
경기도,이천시,설성면,대죽리,31210370,4150037000,4150037032,2025-04-01
경기도,이천시,율면,율면,31210380,4150038000,4150038000,2025-04-01
경기도,이천시,율면,고당리,31210380,4150038000,4150038021,2025-04-01
경기도,고양시 덕양구,고양동,대자동,31101590,4128159000,4128111700,2025-04-01
경기도,고양시 덕양구,관산동,대자동,31101600,4128160000,4128111700,2025-04-01
경기도,고양시 덕양구,관산동,관산동,31101600,4128160000,4128111800,2025-04-01
경기도,고양시 덕양구,관산동,내유동,31101600,4128160000,4128111900,2025-04-01
경기도,성남시 중원구,금광1동,금광동,31022530,4113353000,4113310300,2025-04-01
경기도,성남시 중원구,도촌동,여수동,31022610,4113367000,4113310600,2025-04-01
경기도,포천시,화현면,명덕리,31270410,4165041000,4165041022,2025-04-01
경기도,포천시,화현면,지현리,31270410,4165041000,4165041023,2025-04-01
경기도,여주시,여주시,여주시,31280,4167000000,4167000000,2025-04-01
경기도,가평군,북면,화악리,31570350,4182035000,4182035023,2025-04-01
경기도,가평군,북면,도대리,31570350,4182035000,4182035024,2025-04-01
경기도,광주시,도척면,추곡리,31250340,4161033000,4161033024,2025-04-01
경기도,광주시,도척면,상림리,31250340,4161033000,4161033025,2025-04-01
경기도,광주시,도척면,도웅리,31250340,4161033000,4161033026,2025-04-01
경기도,오산시,남촌동,궐동,31140530,4137053000,4137010400,2025-04-01
경기도,오산시,신장1동,궐동,31140571,4137054300,4137010400,2025-04-01
경기도,수원시 팔달구,지동,지동,31013530,4111570000,4111513900,2025-04-01
경기도,포천시,영북면,문암리,31270390,4165039000,4165039025,2025-04-01
경기도,포천시,선단동,설운동,31270520,4165052000,4165010500,2025-04-01
경기도,포천시,선단동,동교동,31270520,4165052000,4165010600,2025-04-01
경기도,포천시,소흘읍,소흘읍,31270110,4165025000,4165025000,2025-04-01
경기도,포천시,소흘읍,송우리,31270110,4165025000,4165025021,2025-04-01
경기도,포천시,소흘읍,이동교리,31270110,4165025000,4165025022,2025-04-01
경기도,양평군,강상면,교평리,31580310,4183031000,4183031023,2025-04-01
경기도,양평군,강상면,신화리,31580310,4183031000,4183031024,2025-04-01
경기도,양평군,강하면,강하면,31580320,4183032000,4183032000,2025-04-01
경기도,파주시,적성면,구읍리,31200370,4148037000,4148037024,2025-04-01
경기도,안성시,대덕면,삼한리,31220350,4155035000,4155035034,2025-04-01
경기도,안성시,양성면,양성면,31220360,4155036000,4155036000,2025-04-01
경기도,수원시 권선구,권선1동,권선동,31012600,4111367000,4111313700,2025-04-01
경기도,수원시 권선구,세류2동,장지동,31012530,4111353000,4111313800,2025-04-01
경기도,화성시,서신면,홍법리,31240370,4159035000,4159035027,2025-04-01
경기도,광주시,오포읍,고산리,31250110,4161025000,4161025021,2025-04-01
경기도,광주시,오포읍,신현리,31250110,4161025000,4161025022,2025-04-01
경기도,연천군,연천읍,고문리,31550110,4180025000,4180025029,2025-04-01
경기도,연천군,연천읍,부곡리,31550110,4180025000,4180025030,2025-04-01
경기도,여주시,가남읍,안금리,31280110,4167025000,4167025034,2025-04-01
경기도,여주시,가남읍,양귀리,31280110,4167025000,4167025035,2025-04-01
경기도,여주시,가남읍,연대리,31280110,4167025000,4167025036,2025-04-01
경기도,오산시,신장2동,은계동,31140572,4137054600,4137010900,2025-04-01
경기도,용인시 처인구,이동읍,시미리,31191130,4146125600,4146125625,2025-04-01
경기도,용인시 처인구,이동읍,덕성리,31191130,4146125600,4146125626,2025-04-01
경기도,용인시 처인구,이동읍,묵리,31191130,4146125600,4146125627,2025-04-01
경기도,포천시,내촌면,내촌면,31270320,4165032000,4165032000,2025-04-01
경기도,포천시,내촌면,진목리,31270320,4165032000,4165032021,2025-04-01
경기도,용인시 처인구,이동읍,천리,31191130,4146125600,4146125628,2025-04-01
경기도,용인시 처인구,이동읍,서리,31191130,4146125600,4146125629,2025-04-01
경기도,용인시 처인구,남사읍,남사읍,31191140,4146125900,4146125900,2025-04-01
경기도,용인시 처인구,남사읍,봉무리,31191140,4146125900,4146125921,2025-04-01
경기도,용인시 처인구,남사읍,진목리,31191140,4146125900,4146125925,2025-04-01
경기도,고양시 덕양구,원신동,원당동,31101520,4128152000,4128110200,2025-04-01
경기도,안성시,보개면,양복리,31220310,4155031000,4155031026,2025-04-01
경기도,안성시,보개면,오두리,31220310,4155031000,4155031027,2025-04-01
경기도,안성시,보개면,이전리,31220310,4155031000,4155031028,2025-04-01
경기도,수원시 영통구,광교2동,하동,31014630,4111761000,4111710400,2025-04-01
경기도,수원시 영통구,영통2동,영통동,31014650,4111758000,4111710500,2025-04-01
경기도,수원시 영통구,영통1동,영통동,31014640,4111757000,4111710500,2025-04-01
경기도,수원시 영통구,영통3동,영통동,31014660,4111758500,4111710500,2025-04-01
경기도,수원시 영통구,영통2동,신동,31014650,4111758000,4111710600,2025-04-01
경기도,파주시,파평면,두포리,31200360,4148036000,4148036022,2025-04-01
경기도,파주시,파평면,마산리,31200360,4148036000,4148036023,2025-04-01
경기도,파주시,파평면,율곡리,31200360,4148036000,4148036024,2025-04-01
경기도,연천군,백학면,백학면,31550330,4180033000,4180033000,2025-04-01
경기도,연천군,백학면,두일리,31550330,4180033000,4180033021,2025-04-01
경기도,연천군,백학면,백령리,31550330,4180033000,4180033022,2025-04-01
경기도,연천군,백학면,통구리,31550330,4180033000,4180033023,2025-04-01
경기도,연천군,백학면,전동리,31550330,4180033000,4180033024,2025-04-01
경기도,양주시,회천2동,덕계동,31260540,4163054000,4163011600,2025-04-01
경기도,양주시,회천2동,회정동,31260540,4163054000,4163011700,2025-04-01
경기도,양주시,백석읍,백석읍,31260110,4163025000,4163025000,2025-04-01
경기도,양주시,백석읍,방성리,31260110,4163025000,4163025021,2025-04-01
경기도,양주시,백석읍,오산리,31260110,4163025000,4163025022,2025-04-01
경기도,양주시,백석읍,복지리,31260110,4163025000,4163025023,2025-04-01
경기도,이천시,대월면,부필리,31210350,4150035000,4150035034,2025-04-01
경기도,이천시,모가면,모가면,31210360,4150036000,4150036000,2025-04-01
경기도,이천시,모가면,진가리,31210360,4150036000,4150036021,2025-04-01
경기도,여주시,가남읍,금곡리,31280110,4167025000,4167025038,2025-04-01
경기도,여주시,가남읍,송림리,31280110,4167025000,4167025039,2025-04-01
경기도,남양주시,오남읍,팔현리,31130150,4136026200,4136026222,2025-04-01
경기도,김포시,장기동,감정동,31230560,4157056000,4157010500,2025-04-01
경기도,연천군,청산면,청산면,31550320,4180032000,4180032000,2025-04-01
경기도,연천군,청산면,초성리,31550320,4180032000,4180032021,2025-04-01
경기도,안성시,미양면,마산리,31220340,4155034000,4155034037,2025-04-01
경기도,안성시,미양면,양변리,31220340,4155034000,4155034038,2025-04-01
경기도,안성시,대덕면,대덕면,31220350,4155035000,4155035000,2025-04-01
경기도,안성시,대덕면,소현리,31220350,4155035000,4155035021,2025-04-01
경기도,양주시,백석읍,가업리,31260110,4163025000,4163025024,2025-04-01
경기도,양주시,백석읍,홍죽리,31260110,4163025000,4163025025,2025-04-01
경기도,양주시,백석읍,연곡리,31260110,4163025000,4163025026,2025-04-01
경기도,남양주시,조안면,삼봉리,31130350,4136036000,4136036025,2025-04-01
경기도,평택시,원평동,군문동,31070600,4122060000,4122011500,2025-04-01
경기도,평택시,신평동,유천동,31070590,4122059000,4122011600,2025-04-01
경기도,연천군,왕징면,강내리,31550350,4180035000,4180035024,2025-04-01
경기도,연천군,왕징면,강서리,31550350,4180035000,4180035025,2025-04-01
경기도,하남시,춘궁동,춘궁동,31180590,4145059000,4145011800,2025-04-01
경기도,하남시,춘궁동,하사창동,31180590,4145059000,4145011900,2025-04-01
경기도,하남시,춘궁동,상사창동,31180590,4145059000,4145012000,2025-04-01
경기도,연천군,백학면,사시리,31550330,4180033000,4180033038,2025-04-01
경기도,연천군,백학면,매현리,31550330,4180033000,4180033039,2025-04-01
경기도,연천군,백학면,고읍리,31550330,4180033000,4180033040,2025-04-01
경기도,연천군,백학면,두매리,31550330,4180033000,4180033041,2025-04-01
경기도,연천군,백학면,석장리,31550330,4180033000,4180033046,2025-04-01
경기도,연천군,미산면,미산면,31550340,4180034000,4180034000,2025-04-01
경기도,연천군,미산면,동이리,31550340,4180034000,4180034021,2025-04-01
경기도,여주시,북내면,당우리,31280370,4167036000,4167036021,2025-04-01
경기도,양평군,서종면,수능리,31580350,4183035000,4183035023,2025-04-01
경기도,화성시,장안면,금의리,31240390,4159037000,4159037028,2025-04-01
경기도,군포시,송부동,대야미동,31160640,4141063000,4141010800,2025-04-01
경기도,파주시,장단면,덕산리,31200390,4148039000,4148039029,2025-04-01
경기도,화성시,장안면,사곡리,31240390,4159037000,4159037029,2025-04-01
경기도,화성시,장안면,노진리,31240390,4159037000,4159037030,2025-04-01
경기도,화성시,양감면,양감면,31240420,4159040000,4159040000,2025-04-01
경기도,화성시,양감면,신왕리,31240420,4159040000,4159040021,2025-04-01
경기도,화성시,양감면,사창리,31240420,4159040000,4159040022,2025-04-01
경기도,성남시 중원구,도촌동,도촌동,31022610,4113367000,4113310700,2025-04-01
경기도,여주시,가남읍,대신리,31280110,4167025000,4167025024,2025-04-01
경기도,여주시,가남읍,은봉리,31280110,4167025000,4167025025,2025-04-01
경기도,여주시,가남읍,건장리,31280110,4167025000,4167025026,2025-04-01
경기도,평택시,진위면,마산리,31070310,4122031000,4122031022,2025-04-01
경기도,포천시,이동면,장암리,31270380,4165038000,4165038021,2025-04-01
경기도,김포시,대곶면,송마리,31230340,4157034000,4157034029,2025-04-01
경기도,김포시,대곶면,석정리,31230340,4157034000,4157034030,2025-04-01
경기도,김포시,대곶면,쇄암리,31230340,4157034000,4157034031,2025-04-01
경기도,김포시,대곶면,신안리,31230340,4157034000,4157034032,2025-04-01
경기도,김포시,대곶면,대명리,31230340,4157034000,4157034033,2025-04-01
경기도,김포시,월곶면,월곶면,31230350,4157035000,4157035000,2025-04-01
경기도,오산시,남촌동,청학동,31140530,4137053000,4137010500,2025-04-01
경기도,오산시,남촌동,가장동,31140530,4137053000,4137010600,2025-04-01
경기도,오산시,신장1동,금암동,31140571,4137054300,4137010700,2025-04-01
경기도,오산시,신장1동,수청동,31140571,4137054300,4137010800,2025-04-01
경기도,광명시,학온동,가학동,31060680,4121066000,4121010700,2025-04-01
경기도,이천시,대월면,장평리,31210350,4150035000,4150035033,2025-04-01
경기도,이천시,모가면,소사리,31210360,4150036000,4150036025,2025-04-01
경기도,이천시,모가면,양평리,31210360,4150036000,4150036026,2025-04-01
경기도,이천시,모가면,원두리,31210360,4150036000,4150036027,2025-04-01
경기도,광주시,남한산성면,엄미리,31250380,4161037000,4161037022,2025-04-01
경기도,광주시,남한산성면,광지원리,31250380,4161037000,4161037023,2025-04-01
경기도,광주시,남한산성면,상번천리,31250380,4161037000,4161037024,2025-04-01
경기도,광명시,광명4동,광명동,31060540,4121055000,4121010100,2025-04-01
경기도,광명시,광명3동,광명동,31060530,4121054000,4121010100,2025-04-01
경기도,광명시,광명2동,광명동,31060520,4121052000,4121010100,2025-04-01
경기도,광명시,광명1동,광명동,31060510,4121051000,4121010100,2025-04-01
경기도,광명시,철산3동,철산동,31060600,4121061000,4121010200,2025-04-01
경기도,광명시,광명6동,옥길동,31060560,4121057000,4121010800,2025-04-01
경기도,포천시,내촌면,음현리,31270320,4165032000,4165032023,2025-04-01
경기도,포천시,내촌면,내리,31270320,4165032000,4165032024,2025-04-01
경기도,포천시,내촌면,소학리,31270320,4165032000,4165032025,2025-04-01
경기도,포천시,내촌면,신팔리,31270320,4165032000,4165032026,2025-04-01
경기도,양주시,광적면,가납리,31260330,4163033000,4163033021,2025-04-01
경기도,양주시,광적면,광석리,31260330,4163033000,4163033022,2025-04-01
경기도,의왕시,내손1동,내손동,31170540,4143054000,4143010700,2025-04-01
경기도,연천군,군남면,삼거리,31550310,4180031000,4180031023,2025-04-01
경기도,안성시,안성3동,당왕동,31220530,4155053000,4155012500,2025-04-01
경기도,안성시,안성1동,가사동,31220510,4155051000,4155012600,2025-04-01
경기도,안성시,안성1동,가현동,31220510,4155051000,4155012700,2025-04-01
경기도,화성시,남양읍,원천리,31240150,4159026200,4159026235,2025-04-01
경기도,화성시,화산동,송산동,31240570,4159057000,4159012500,2025-04-01
경기도,화성시,화산동,안녕동,31240570,4159057000,4159012600,2025-04-01
경기도,화성시,동탄2동,반송동,31240600,4159058600,4159012700,2025-04-01
경기도,화성시,동탄1동,반송동,31240610,4159058500,4159012700,2025-04-01
경기도,화성시,동탄1동,석우동,31240610,4159058500,4159012800,2025-04-01
경기도,광주시,남종면,삼성리,31250360,4161035000,4161035024,2025-04-01
경기도,광주시,남종면,귀여리,31250360,4161035000,4161035025,2025-04-01
경기도,고양시 덕양구,고양동,벽제동,31101590,4128159000,4128111400,2025-04-01
경기도,파주시,조리읍,봉일천리,31200150,4148026200,4148026221,2025-04-01
경기도,파주시,조리읍,뇌조리,31200150,4148026200,4148026222,2025-04-01
경기도,파주시,조리읍,등원리,31200150,4148026200,4148026223,2025-04-01
경기도,파주시,조리읍,장곡리,31200150,4148026200,4148026224,2025-04-01
경기도,파주시,조리읍,오산리,31200150,4148026200,4148026225,2025-04-01
경기도,동두천시,소요동,안흥동,31080580,4125058000,4125010800,2025-04-01
경기도,동두천시,소요동,상봉암동,31080580,4125058000,4125010900,2025-04-01
경기도,남양주시,퇴계원읍,퇴계원리,31130160,4136026500,4136026521,2025-04-01
경기도,광주시,퇴촌면,정지리,31250350,4161034000,4161034030,2025-04-01
경기도,광주시,남종면,남종면,31250360,4161035000,4161035000,2025-04-01
경기도,광주시,남종면,분원리,31250360,4161035000,4161035021,2025-04-01
경기도,광주시,남종면,금사리,31250360,4161035000,4161035022,2025-04-01
경기도,광주시,남종면,이석리,31250360,4161035000,4161035023,2025-04-01
경기도,고양시 덕양구,흥도동,성사동,31101511,4128153000,4128110600,2025-04-01
경기도,평택시,진위면,견산리,31070310,4122031000,4122031030,2025-04-01
경기도,평택시,진위면,하북리,31070310,4122031000,4122031031,2025-04-01
경기도,평택시,진위면,신리,31070310,4122031000,4122031032,2025-04-01
경기도,평택시,서탄면,서탄면,31070320,4122032000,4122032000,2025-04-01
경기도,평택시,서탄면,금암리,31070320,4122032000,4122032021,2025-04-01
경기도,평택시,서탄면,사리,31070320,4122032000,4122032022,2025-04-01
경기도,평택시,중앙동,이충동,31070510,4122051000,4122010900,2025-04-01
경기도,평택시,지산동,지산동,31070550,4122055000,4122011000,2025-04-01
경기도,평택시,송북동,지산동,31070560,4122056000,4122011000,2025-04-01
경기도,평택시,송북동,독곡동,31070560,4122056000,4122011100,2025-04-01
경기도,평택시,지산동,신장동,31070550,4122055000,4122011200,2025-04-01
경기도,평택시,신장1동,신장동,31070570,4122057000,4122011200,2025-04-01
경기도,평택시,신장2동,신장동,31070580,4122058000,4122011200,2025-04-01
경기도,평택시,송북동,신장동,31070560,4122056000,4122011200,2025-04-01
경기도,평택시,원평동,평택동,31070600,4122060000,4122011300,2025-04-01
경기도,평택시,신평동,평택동,31070590,4122059000,4122011300,2025-04-01
경기도,파주시,파평면,파평면,31200360,4148036000,4148036000,2025-04-01
경기도,파주시,파평면,덕천리,31200360,4148036000,4148036021,2025-04-01
경기도,파주시,금촌2동,금릉동,31200520,4148052000,4148012300,2025-04-01
경기도,파주시,금촌1동,금릉동,31200530,4148051000,4148012300,2025-04-01
경기도,파주시,문산읍,문산읍,31200110,4148025000,4148025000,2025-04-01
경기도,파주시,문산읍,문산리,31200110,4148025000,4148025021,2025-04-01
경기도,연천군,백학면,노곡리,31550330,4180033000,4180033025,2025-04-01
경기도,수원시 팔달구,행궁동,북수동,31013720,4111574000,4111512900,2025-04-01
경기도,수원시 팔달구,행궁동,신풍동,31013720,4111574000,4111513000,2025-04-01
경기도,수원시 팔달구,행궁동,장안동,31013720,4111574000,4111513100,2025-04-01
경기도,이천시,율면,산성리,31210380,4150038000,4150038027,2025-04-01
경기도,오산시,중앙동,은계동,31140510,4137051000,4137010900,2025-04-01
경기도,안산시 상록구,이동,이동,31091740,4127151500,4127110200,2025-04-01
경기도,안산시 상록구,사동,사동,31091760,4127152500,4127110300,2025-04-01
경기도,안산시 상록구,해양동,사동,31091780,4127153700,4127110300,2025-04-01
경기도,안성시,일죽면,장암리,31220390,4155039000,4155039034,2025-04-01
경기도,안성시,일죽면,화봉리,31220390,4155039000,4155039035,2025-04-01
경기도,용인시 수지구,동천동,동천동,31193560,4146556000,4146510300,2025-04-01
경기도,용인시 수지구,동천동,고기동,31193560,4146556000,4146510400,2025-04-01
경기도,용인시 수지구,신봉동,신봉동,31193530,4146553000,4146510500,2025-04-01
경기도,평택시,신평동,합정동,31070590,4122059000,4122011700,2025-04-01
경기도,여주시,북내면,석우리,31280370,4167036000,4167036028,2025-04-01
경기도,여주시,북내면,덕산리,31280370,4167036000,4167036029,2025-04-01
경기도,여주시,북내면,장암리,31280370,4167036000,4167036030,2025-04-01
경기도,여주시,북내면,중암리,31280370,4167036000,4167036031,2025-04-01
경기도,여주시,북내면,운촌리,31280370,4167036000,4167036032,2025-04-01
경기도,여주시,북내면,신접리,31280370,4167036000,4167036033,2025-04-01
경기도,여주시,북내면,지내리,31280370,4167036000,4167036034,2025-04-01
경기도,여주시,북내면,가정리,31280370,4167036000,4167036035,2025-04-01
경기도,연천군,중면,적거리,31550370,4180037000,4180037024,2025-04-01
경기도,연천군,중면,마거리,31550370,4180037000,4180037025,2025-04-01
경기도,이천시,부발읍,산촌리,31210120,4150025300,4150025327,2025-04-01
경기도,김포시,대곶면,상마리,31230340,4157034000,4157034024,2025-04-01
경기도,양평군,개군면,상자포리,31580410,4183041000,4183041033,2025-04-01
경기도,하남시,감일동,감일동,31180670,4145058200,4145011400,2025-04-01
경기도,이천시,호법면,동산리,31210330,4150033000,4150033026,2025-04-01
경기도,이천시,호법면,주박리,31210330,4150033000,4150033027,2025-04-01
경기도,이천시,호법면,주미리,31210330,4150033000,4150033028,2025-04-01
경기도,이천시,호법면,송갈리,31210330,4150033000,4150033029,2025-04-01
경기도,남양주시,다산2동,지금동,31130590,4136056500,4136010900,2025-04-01
경기도,남양주시,다산2동,도농동,31130590,4136056500,4136011000,2025-04-01
경기도,연천군,연천읍,읍내리,31550110,4180025000,4180025026,2025-04-01
경기도,연천군,연천읍,동막리,31550110,4180025000,4180025027,2025-04-01
경기도,연천군,연천읍,통현리,31550110,4180025000,4180025028,2025-04-01
경기도,화성시,정남면,내리,31240430,4159041000,4159041036,2025-04-01
경기도,의정부시,송산3동,민락동,31030710,4115057800,4115010600,2025-04-01
경기도,용인시 기흥구,영덕2동,영덕동,31192640,4146351700,4146311100,2025-04-01
경기도,이천시,백사면,백우리,31210320,4150032000,4150032032,2025-04-01
경기도,이천시,호법면,호법면,31210330,4150033000,4150033000,2025-04-01
경기도,이천시,호법면,유산리,31210330,4150033000,4150033021,2025-04-01
경기도,이천시,호법면,안평리,31210330,4150033000,4150033022,2025-04-01
경기도,이천시,호법면,후안리,31210330,4150033000,4150033023,2025-04-01
경기도,이천시,호법면,단천리,31210330,4150033000,4150033024,2025-04-01
경기도,이천시,호법면,매곡리,31210330,4150033000,4150033025,2025-04-01
경기도,용인시 처인구,원삼면,좌항리,31191340,4146134000,4146134023,2025-04-01
경기도,연천군,왕징면,작동리,31550350,4180035000,4180035031,2025-04-01
경기도,연천군,왕징면,임강리,31550350,4180035000,4180035032,2025-04-01
경기도,연천군,왕징면,오탄리,31550350,4180035000,4180035033,2025-04-01
경기도,화성시,향남읍,상두리,31240140,4159025900,4159025928,2025-04-01
경기도,화성시,향남읍,백토리,31240140,4159025900,4159025929,2025-04-01
경기도,구리시,갈매동,갈매동,31120510,4131051000,4131010100,2025-04-01
경기도,구리시,동구동,사노동,31120520,4131052000,4131010200,2025-04-01
경기도,구리시,인창동,인창동,31120530,4131053000,4131010300,2025-04-01
경기도,구리시,동구동,인창동,31120520,4131052000,4131010300,2025-04-01
경기도,구리시,수택1동,교문동,31120560,4131057000,4131010400,2025-04-01
경기도,구리시,교문2동,교문동,31120550,4131054200,4131010400,2025-04-01
경기도,구리시,교문1동,교문동,31120540,4131054100,4131010400,2025-04-01
경기도,구리시,인창동,교문동,31120530,4131053000,4131010400,2025-04-01
경기도,구리시,수택2동,교문동,31120570,4131058000,4131010400,2025-04-01
경기도,파주시,교하동,동패동,31200511,4148054000,4148011300,2025-04-01
경기도,화성시,남양읍,북양리,31240150,4159026200,4159026228,2025-04-01
경기도,화성시,남양읍,송림리,31240150,4159026200,4159026229,2025-04-01
경기도,연천군,군남면,선곡리,31550310,4180031000,4180031025,2025-04-01
경기도,연천군,군남면,황지리,31550310,4180031000,4180031026,2025-04-01
경기도,연천군,군남면,남계리,31550310,4180031000,4180031027,2025-04-01
경기도,광주시,오포읍,오포읍,31250110,4161025000,4161025000,2025-04-01
경기도,안성시,안성2동,옥산동,31220520,4155052000,4155012200,2025-04-01
경기도,안성시,안성3동,사곡동,31220530,4155053000,4155012300,2025-04-01
경기도,안성시,안성2동,계동,31220520,4155052000,4155012100,2025-04-01
경기도,성남시 수정구,시흥동,금토동,31021660,4113165000,4113111600,2025-04-01
경기도,성남시 수정구,시흥동,사송동,31021660,4113165000,4113111700,2025-04-01
경기도,화성시,우정읍,국화리,31240130,4159025600,4159025633,2025-04-01
경기도,화성시,향남읍,향남읍,31240140,4159025900,4159025900,2025-04-01
경기도,화성시,향남읍,평리,31240140,4159025900,4159025921,2025-04-01
경기도,김포시,고촌읍,고촌읍,31230120,4157025300,4157025300,2025-04-01
경기도,김포시,고촌읍,향산리,31230120,4157025300,4157025321,2025-04-01
경기도,김포시,고촌읍,풍곡리,31230120,4157025300,4157025322,2025-04-01
경기도,김포시,고촌읍,태리,31230120,4157025300,4157025323,2025-04-01
경기도,김포시,고촌읍,신곡리,31230120,4157025300,4157025324,2025-04-01
경기도,김포시,고촌읍,전호리,31230120,4157025300,4157025325,2025-04-01
경기도,김포시,양촌읍,양촌읍,31230130,4157025600,4157025600,2025-04-01
경기도,김포시,양촌읍,양곡리,31230130,4157025600,4157025621,2025-04-01
경기도,김포시,양촌읍,누산리,31230130,4157025600,4157025622,2025-04-01
경기도,용인시 기흥구,보라동,보라동,31192660,4146353500,4146310500,2025-04-01
경기도,성남시 중원구,성남시 중원구,성남시중원구,31022,4113300000,4113300000,2025-04-01
경기도,파주시,문산읍,당동리,31200110,4148025000,4148025022,2025-04-01
경기도,파주시,문산읍,선유리,31200110,4148025000,4148025023,2025-04-01
경기도,파주시,문산읍,임진리,31200110,4148025000,4148025024,2025-04-01
경기도,파주시,문산읍,운천리,31200110,4148025000,4148025025,2025-04-01
경기도,하남시,미사2동,선동,31180630,4145062000,4145011200,2025-04-01
경기도,용인시 수지구,상현1동,상현동,31193620,4146557000,4146510700,2025-04-01
경기도,파주시,파주시,파주시,31200,4148000000,4148000000,2025-04-01
경기도,파주시,금촌3동,금촌동,31200540,4148053000,4148010100,2025-04-01
경기도,광주시,도척면,궁평리,31250340,4161033000,4161033027,2025-04-01
경기도,광주시,도척면,진우리,31250340,4161033000,4161033028,2025-04-01
경기도,광주시,퇴촌면,퇴촌면,31250350,4161034000,4161034000,2025-04-01
경기도,광주시,퇴촌면,광동리,31250350,4161034000,4161034021,2025-04-01
경기도,광주시,퇴촌면,관음리,31250350,4161034000,4161034022,2025-04-01
경기도,양주시,은현면,하패리,31260310,4163031000,4163031025,2025-04-01
경기도,양주시,은현면,도하리,31260310,4163031000,4163031026,2025-04-01
경기도,양주시,남면,남면,31260320,4163032000,4163032000,2025-04-01
경기도,광주시,곤지암읍,건업리,31250140,4161025900,4161025930,2025-04-01
경기도,광주시,곤지암읍,장심리,31250140,4161025900,4161025931,2025-04-01
경기도,광주시,곤지암읍,연곡리,31250140,4161025900,4161025932,2025-04-01
경기도,여주시,가남읍,삼군리,31280110,4167025000,4167025028,2025-04-01
경기도,여주시,가남읍,오산리,31280110,4167025000,4167025029,2025-04-01
경기도,여주시,가남읍,정단리,31280110,4167025000,4167025030,2025-04-01
경기도,용인시 처인구,모현읍,오산리,31191120,4146125300,4146125328,2025-04-01
경기도,고양시 덕양구,화정1동,화정동,31101620,4128162100,4128112300,2025-04-01
경기도,용인시 수지구,상현2동,상현동,31193580,4146558000,4146510700,2025-04-01
경기도,여주시,가남읍,심석리,31280110,4167025000,4167025027,2025-04-01
경기도,안성시,안성3동,신건지동,31220530,4155053000,4155012800,2025-04-01
경기도,안성시,안성3동,신소현동,31220530,4155053000,4155012900,2025-04-01
경기도,안성시,미양면,고지리,31220340,4155034000,4155034027,2025-04-01
경기도,광주시,곤지암읍,곤지암읍,31250140,4161025900,4161025900,2025-04-01
경기도,광주시,곤지암읍,곤지암리,31250140,4161025900,4161025921,2025-04-01
경기도,광주시,곤지암읍,수양리,31250140,4161025900,4161025922,2025-04-01
경기도,광주시,곤지암읍,신촌리,31250140,4161025900,4161025923,2025-04-01
경기도,포천시,영북면,대회산리,31270390,4165039000,4165039026,2025-04-01
경기도,이천시,중리동,고담동,31210520,4150052000,4150011400,2025-04-01
경기도,안성시,공도읍,승두리,31220110,4155025000,4155025026,2025-04-01
경기도,안성시,공도읍,건천리,31220110,4155025000,4155025027,2025-04-01
경기도,안성시,공도읍,불당리,31220110,4155025000,4155025028,2025-04-01
경기도,안성시,공도읍,만정리,31220110,4155025000,4155025029,2025-04-01
경기도,안성시,공도읍,마정리,31220110,4155025000,4155025030,2025-04-01
경기도,의정부시,신곡2동,신곡동,31030580,4115056800,4115010400,2025-04-01
경기도,이천시,백사면,내촌리,31210320,4150032000,4150032030,2025-04-01
경기도,이천시,백사면,상용리,31210320,4150032000,4150032031,2025-04-01
경기도,안산시 단원구,선부3동,화정동,31092700,4127360000,4127311500,2025-04-01
경기도,고양시,고양시,고양시,31100,4128000000,4128000000,2025-04-01
경기도,고양시 덕양구,고양시 덕양구,고양시 덕양구,31101,4128100000,4128100000,2025-04-01
경기도,고양시 덕양구,성사1동,주교동,31101540,4128154000,4128110100,2025-04-01
경기도,고양시 덕양구,주교동,주교동,31101510,4128151000,4128110100,2025-04-01
경기도,안양시 동안구,신촌동,호계동,31042660,4117362000,4117310400,2025-04-01
경기도,평택시,세교동,신대동,31070640,4122064000,4122012200,2025-04-01
경기도,평택시,원평동,신대동,31070600,4122060000,4122012200,2025-04-01
경기도,평택시,비전2동,소사동,31070650,4122063000,4122012300,2025-04-01
경기도,평택시,비전2동,용이동,31070650,4122063000,4122012400,2025-04-01
경기도,포천시,관인면,냉정리,31270400,4165040000,4165040025,2025-04-01
경기도,이천시,백사면,모전리,31210320,4150032000,4150032026,2025-04-01
경기도,이천시,백사면,조읍리,31210320,4150032000,4150032028,2025-04-01
경기도,이천시,부발읍,마암리,31210120,4150025300,4150025326,2025-04-01
경기도,이천시,중리동,장록동,31210520,4150052000,4150011500,2025-04-01
경기도,이천시,장호원읍,장호원읍,31210110,4150025000,4150025000,2025-04-01
경기도,양주시,양주2동,만송동,31260520,4163052000,4163010700,2025-04-01
경기도,양주시,양주2동,삼숭동,31260520,4163052000,4163010800,2025-04-01
경기도,양주시,양주2동,고읍동,31260520,4163052000,4163010900,2025-04-01
경기도,양주시,회천3동,덕정동,31260550,4163055000,4163011000,2025-04-01
경기도,양주시,회천1동,덕정동,31260530,4163053000,4163011000,2025-04-01
경기도,양주시,회천1동,봉양동,31260530,4163053000,4163011100,2025-04-01
경기도,고양시 덕양구,성사2동,주교동,31101550,4128155000,4128110100,2025-04-01
경기도,연천군,왕징면,고잔하리,31550350,4180035000,4180035029,2025-04-01
경기도,연천군,왕징면,기곡리,31550350,4180035000,4180035030,2025-04-01
경기도,남양주시,조안면,송촌리,31130350,4136036000,4136036024,2025-04-01
경기도,이천시,마장면,마장면,31210340,4150034000,4150034000,2025-04-01
경기도,이천시,마장면,오천리,31210340,4150034000,4150034021,2025-04-01
경기도,이천시,마장면,양촌리,31210340,4150034000,4150034022,2025-04-01
경기도,이천시,마장면,관리,31210340,4150034000,4150034023,2025-04-01
경기도,이천시,마장면,회억리,31210340,4150034000,4150034024,2025-04-01
경기도,하남시,신장2동,당정동,31180530,4145053000,4145010700,2025-04-01
경기도,부천시 오정구,신흥동,삼정동,31053571,4119657000,4119610700,2025-04-01
경기도,부천시 오정구,신흥동,내동,31053571,4119657000,4119610800,2025-04-01
경기도,광명시,광명시,광명시,31060,4121000000,4121000000,2025-04-01
경기도,광명시,광명7동,광명동,31060570,4121058000,4121010100,2025-04-01
경기도,광명시,광명6동,광명동,31060560,4121057000,4121010100,2025-04-01
경기도,광명시,광명5동,광명동,31060550,4121056000,4121010100,2025-04-01
경기도,여주시,가남읍,금당리,31280110,4167025000,4167025037,2025-04-01
경기도,안양시 동안구,범계동,호계동,31042650,4117361000,4117310400,2025-04-01
경기도,안양시 동안구,갈산동,호계동,31042670,4117363000,4117310400,2025-04-01
경기도,부천시,부천시,부천시,31050,4119000000,4119000000,2025-04-01
경기도,하남시,감일동,감이동,31180670,4145058200,4145011500,2025-04-01
경기도,하남시,위례동,학암동,31180650,4145058500,4145011600,2025-04-01
경기도,하남시,춘궁동,교산동,31180590,4145059000,4145011700,2025-04-01
경기도,화성시,향남읍,발안리,31240140,4159025900,4159025922,2025-04-01
경기도,화성시,향남읍,제암리,31240140,4159025900,4159025923,2025-04-01
경기도,화성시,향남읍,상신리,31240140,4159025900,4159025924,2025-04-01
경기도,화성시,향남읍,구문천리,31240140,4159025900,4159025925,2025-04-01
경기도,가평군,상면,덕현리,31570330,4182033000,4182033025,2025-04-01
경기도,가평군,상면,태봉리,31570330,4182033000,4182033026,2025-04-01
경기도,가평군,상면,상동리,31570330,4182033000,4182033027,2025-04-01
경기도,고양시 덕양구,행신1동,행신동,31101650,4128164000,4128112800,2025-04-01
경기도,고양시 덕양구,행신2동,행신동,31101660,4128165000,4128112800,2025-04-01
경기도,부천시 원미구,원미1동,원미동,31051561,4119254000,4119210100,2025-04-01
경기도,부천시 원미구,원미2동,원미동,31051541,4119255000,4119210100,2025-04-01
경기도,부천시 원미구,심곡1동,심곡동,31051511,4119251000,4119210200,2025-04-01
경기도,부천시 원미구,춘의동,춘의동,31051591,4119259000,4119210300,2025-04-01
경기도,부천시 원미구,약대동,도당동,31051631,4119261000,4119210400,2025-04-01
경기도,부천시 원미구,도당동,도당동,31051601,4119260000,4119210400,2025-04-01
경기도,부천시 원미구,약대동,약대동,31051631,4119261000,4119210500,2025-04-01
경기도,부천시 원미구,소사동,소사동,31051551,4119256000,4119210600,2025-04-01
경기도,부천시 원미구,역곡1동,역곡동,31051571,4119257000,4119210700,2025-04-01
경기도,부천시 원미구,중동,중동,31051611,4119262000,4119210800,2025-04-01
경기도,부천시 원미구,약대동,중동,31051631,4119261000,4119210800,2025-04-01
경기도,부천시 원미구,중동,상동,31051611,4119262000,4119210900,2025-04-01
경기도,부천시 소사구,심곡본동,심곡본동,31052521,4119410200,4119410200,2025-04-01
경기도,부천시 소사구,범박동,범박동,31052571,4119455000,4119410300,2025-04-01
경기도,용인시 처인구,양지면,평창리,31191360,4146136000,4146136023,2025-04-01
경기도,남양주시,화도읍,가곡리,31130111,4136025600,4136025623,2025-04-01
경기도,양주시,남면,신산리,31260320,4163032000,4163032021,2025-04-01
경기도,김포시,사우동,사우동,31230530,4157054000,4157010600,2025-04-01
경기도,김포시,풍무동,풍무동,31230540,4157055000,4157010700,2025-04-01
경기도,김포시,마산동,마산동,31230640,4157057500,4157010800,2025-04-01
경기도,김포시,구래동,구래동,31230630,4157057000,4157010900,2025-04-01
경기도,여주시,대신면,양촌리,31280360,4167035000,4167035039,2025-04-01
경기도,여주시,북내면,북내면,31280370,4167036000,4167036000,2025-04-01
경기도,안성시,삼죽면,미장리,31220410,4155041000,4155041028,2025-04-01
경기도,안성시,삼죽면,마전리,31220410,4155041000,4155041029,2025-04-01
경기도,이천시,백사면,도지리,31210320,4150032000,4150032027,2025-04-01
경기도,군포시,군포1동,당동,31160510,4141051000,4141010100,2025-04-01
경기도,군포시,군포1동,당정동,31160510,4141051000,4141010200,2025-04-01
경기도,군포시,군포2동,부곡동,31160520,4141052000,4141010300,2025-04-01
경기도,군포시,수리동,산본동,31160590,4141059000,4141010400,2025-04-01
경기도,양주시,은현면,은현면,31260310,4163031000,4163031000,2025-04-01
경기도,양주시,은현면,용암리,31260310,4163031000,4163031021,2025-04-01
경기도,양평군,단월면,명성리,31580360,4183036000,4183036027,2025-04-01
경기도,여주시,가남읍,삼승리,31280110,4167025000,4167025040,2025-04-01
경기도,광주시,오포읍,능평리,31250110,4161025000,4161025023,2025-04-01
경기도,수원시 팔달구,화서2동,화서동,31013710,4111569000,4111513800,2025-04-01
경기도,수원시 팔달구,화서1동,화서동,31013700,4111568000,4111513800,2025-04-01
경기도,화성시,동탄5동,영천동,31240650,4159059000,4159013100,2025-04-01
경기도,고양시 일산동구,장항2동,장항동,31103590,4128559000,4128510400,2025-04-01
경기도,용인시 기흥구,보라동,지곡동,31192660,4146353500,4146310600,2025-04-01
경기도,용인시 처인구,백암면,박곡리,31191350,4146135000,4146135022,2025-04-01
경기도,용인시 처인구,백암면,백봉리,31191350,4146135000,4146135023,2025-04-01
경기도,이천시,백사면,현방리,31210320,4150032000,4150032021,2025-04-01
경기도,양평군,단월면,부안리,31580360,4183036000,4183036026,2025-04-01
경기도,이천시,설성면,제요리,31210370,4150037000,4150037024,2025-04-01
경기도,이천시,설성면,신필리,31210370,4150037000,4150037025,2025-04-01
경기도,이천시,설성면,장천리,31210370,4150037000,4150037026,2025-04-01
경기도,이천시,설성면,자석리,31210370,4150037000,4150037027,2025-04-01
경기도,이천시,설성면,암산리,31210370,4150037000,4150037028,2025-04-01
경기도,이천시,설성면,송계리,31210370,4150037000,4150037029,2025-04-01
경기도,이천시,설성면,상봉리,31210370,4150037000,4150037030,2025-04-01
경기도,이천시,설성면,수산리,31210370,4150037000,4150037031,2025-04-01
경기도,남양주시,별내면,별내면,31130310,4136031000,4136031000,2025-04-01
경기도,남양주시,별내면,청학리,31130310,4136031000,4136031021,2025-04-01
경기도,평택시,통복동,비전동,31070610,4122061000,4122011800,2025-04-01
경기도,평택시,통복동,동삭동,31070610,4122061000,4122011900,2025-04-01
경기도,평택시,통복동,세교동,31070610,4122061000,4122012000,2025-04-01
경기도,이천시,중리동,율현동,31210520,4150052000,4150010500,2025-04-01
경기도,이천시,중리동,진리동,31210520,4150052000,4150010600,2025-04-01
경기도,이천시,증포동,안흥동,31210540,4150051500,4150010700,2025-04-01
경기도,평택시,청북읍,고잔리,31070140,4122025900,4122025923,2025-04-01
경기도,김포시,월곶면,용강리,31230350,4157035000,4157035028,2025-04-01
경기도,김포시,월곶면,조강리,31230350,4157035000,4157035029,2025-04-01
경기도,동두천시,송내동,지행동,31080610,4125056600,4125010200,2025-04-01
경기도,동두천시,불현동,지행동,31080560,4125056500,4125010200,2025-04-01
경기도,동두천시,생연1동,생연동,31080510,4125051000,4125010300,2025-04-01
경기도,용인시 처인구,포곡읍,영문리,31191110,4146125000,4146125024,2025-04-01
경기도,광주시,곤지암읍,열미리,31250140,4161025900,4161025934,2025-04-01
경기도,광주시,곤지암읍,신대리,31250140,4161025900,4161025935,2025-04-01
경기도,파주시,조리읍,조리읍,31200150,4148026200,4148026200,2025-04-01
경기도,용인시 처인구,유림동,유방동,31191530,4146153000,4146110500,2025-04-01
경기도,용인시 처인구,유림동,고림동,31191530,4146153000,4146110600,2025-04-01
경기도,용인시 처인구,동부동,마평동,31191540,4146154000,4146110700,2025-04-01
경기도,이천시,신둔면,수광리,31210310,4150031000,4150031021,2025-04-01
경기도,이천시,신둔면,남정리,31210310,4150031000,4150031022,2025-04-01
경기도,이천시,신둔면,지석리,31210310,4150031000,4150031023,2025-04-01
경기도,고양시 덕양구,효자동,북한동,31101560,4128156000,4128110700,2025-04-01
경기도,고양시 덕양구,효자동,효자동,31101560,4128156000,4128110800,2025-04-01
경기도,고양시 덕양구,창릉동,지축동,31101580,4128158000,4128110900,2025-04-01
경기도,고양시 덕양구,삼송1동,지축동,31101512,4128157600,4128110900,2025-04-01
경기도,용인시 처인구,양지면,남곡리,31191360,4146136000,4146136022,2025-04-01
경기도,화성시,향남읍,길성리,31240140,4159025900,4159025930,2025-04-01
경기도,화성시,향남읍,요리,31240140,4159025900,4159025931,2025-04-01
경기도,화성시,향남읍,수직리,31240140,4159025900,4159025932,2025-04-01
경기도,화성시,향남읍,갈천리,31240140,4159025900,4159025933,2025-04-01
경기도,여주시,가남읍,상활리,31280110,4167025000,4167025022,2025-04-01
경기도,여주시,가남읍,신해리,31280110,4167025000,4167025023,2025-04-01
경기도,화성시,남양읍,활초리,31240150,4159026200,4159026225,2025-04-01
경기도,화성시,남양읍,온석리,31240150,4159026200,4159026226,2025-04-01
경기도,가평군,가평읍,경반리,31570110,4182025000,4182025027,2025-04-01
경기도,가평군,가평읍,승안리,31570110,4182025000,4182025028,2025-04-01
경기도,안성시,서운면,북산리,31220330,4155033000,4155033034,2025-04-01
경기도,안성시,미양면,미양면,31220340,4155034000,4155034000,2025-04-01
경기도,안성시,미양면,구례리,31220340,4155034000,4155034021,2025-04-01
경기도,안성시,미양면,계륵리,31220340,4155034000,4155034022,2025-04-01
경기도,연천군,백학면,학곡리,31550330,4180033000,4180033026,2025-04-01
경기도,연천군,백학면,구미리,31550330,4180033000,4180033027,2025-04-01
경기도,연천군,백학면,두현리,31550330,4180033000,4180033028,2025-04-01
경기도,연천군,백학면,갈현리,31550330,4180033000,4180033029,2025-04-01
경기도,파주시,파주읍,부곡리,31200120,4148025300,4148025323,2025-04-01
경기도,파주시,파주읍,봉암리,31200120,4148025300,4148025324,2025-04-01
경기도,파주시,파주읍,백석리,31200120,4148025300,4148025325,2025-04-01
경기도,파주시,파주읍,파주리,31200120,4148025300,4148025326,2025-04-01
경기도,파주시,파주읍,연풍리,31200120,4148025300,4148025327,2025-04-01
경기도,파주시,법원읍,법원읍,31200130,4148025600,4148025600,2025-04-01
경기도,파주시,법원읍,오현리,31200130,4148025600,4148025621,2025-04-01
경기도,파주시,법원읍,법원리,31200130,4148025600,4148025622,2025-04-01
경기도,파주시,법원읍,가야리,31200130,4148025600,4148025623,2025-04-01
경기도,파주시,법원읍,동문리,31200130,4148025600,4148025624,2025-04-01
경기도,파주시,법원읍,대능리,31200130,4148025600,4148025625,2025-04-01
경기도,파주시,법원읍,삼방리,31200130,4148025600,4148025626,2025-04-01
경기도,파주시,법원읍,갈곡리,31200130,4148025600,4148025627,2025-04-01
경기도,화성시,향남읍,증거리,31240140,4159025900,4159025934,2025-04-01
경기도,화성시,향남읍,송곡리,31240140,4159025900,4159025935,2025-04-01
경기도,화성시,향남읍,동오리,31240140,4159025900,4159025936,2025-04-01
경기도,화성시,향남읍,관리,31240140,4159025900,4159025937,2025-04-01
경기도,용인시 처인구,양지면,양지리,31191360,4146136000,4146136021,2025-04-01
경기도,가평군,가평읍,마장리,31570110,4182025000,4182025029,2025-04-01
경기도,가평군,가평읍,개곡리,31570110,4182025000,4182025030,2025-04-01
경기도,가평군,가평읍,이화리,31570110,4182025000,4182025031,2025-04-01
경기도,가평군,가평읍,산유리,31570110,4182025000,4182025032,2025-04-01
경기도,가평군,가평읍,복장리,31570110,4182025000,4182025033,2025-04-01
경기도,포천시,신북면,심곡리,31270340,4165034000,4165034025,2025-04-01
경기도,양평군,단월면,삼가리,31580360,4183036000,4183036022,2025-04-01
경기도,양평군,단월면,봉상리,31580360,4183036000,4183036023,2025-04-01
경기도,양평군,단월면,향소리,31580360,4183036000,4183036024,2025-04-01
경기도,양평군,단월면,덕수리,31580360,4183036000,4183036025,2025-04-01
경기도,부천시 오정구,오정동,오정동,31053561,4119656000,4119610100,2025-04-01
경기도,화성시,정남면,계향리,31240430,4159041000,4159041029,2025-04-01
경기도,화성시,정남면,귀래리,31240430,4159041000,4159041030,2025-04-01
경기도,화성시,정남면,제기리,31240430,4159041000,4159041031,2025-04-01
경기도,화성시,정남면,덕절리,31240430,4159041000,4159041032,2025-04-01
경기도,시흥시,능곡동,능곡동,31150670,4139064000,4139011800,2025-04-01
경기도,시흥시,연성동,하중동,31150700,4139063000,4139011900,2025-04-01
경기도,시흥시,연성동,하상동,31150700,4139063000,4139012000,2025-04-01
경기도,시흥시,연성동,광석동,31150700,4139063000,4139012100,2025-04-01
경기도,시흥시,능곡동,광석동,31150670,4139064000,4139012100,2025-04-01
경기도,여주시,대신면,옥촌리,31280360,4167035000,4167035028,2025-04-01
경기도,여주시,대신면,윤촌리,31280360,4167035000,4167035029,2025-04-01
경기도,부천시 오정구,성곡동,여월동,31053511,4119651000,4119610200,2025-04-01
경기도,부천시 오정구,성곡동,작동,31053511,4119651000,4119610300,2025-04-01
경기도,김포시,김포본동,북변동,31230610,4157051500,4157010100,2025-04-01
경기도,화성시,송산면,칠곡리,31240360,4159034000,4159034035,2025-04-01
경기도,화성시,서신면,서신면,31240370,4159035000,4159035000,2025-04-01
경기도,화성시,서신면,전곡리,31240370,4159035000,4159035021,2025-04-01
경기도,양주시,옥정1동,회암동,31260561,4163057000,4163011200,2025-04-01
경기도,안성시,공도읍,진사리,31220110,4155025000,4155025031,2025-04-01
경기도,안성시,원곡면,반제리,31220380,4155038000,4155038027,2025-04-01
경기도,안성시,원곡면,성주리,31220380,4155038000,4155038028,2025-04-01
경기도,안성시,일죽면,일죽면,31220390,4155039000,4155039000,2025-04-01
경기도,안성시,일죽면,월정리,31220390,4155039000,4155039021,2025-04-01
경기도,안성시,일죽면,주천리,31220390,4155039000,4155039022,2025-04-01
경기도,이천시,모가면,소고리,31210360,4150036000,4150036028,2025-04-01
경기도,이천시,모가면,신갈리,31210360,4150036000,4150036029,2025-04-01
경기도,이천시,모가면,어농리,31210360,4150036000,4150036030,2025-04-01
경기도,용인시 기흥구,기흥동,공세동,31192540,4146354000,4146310700,2025-04-01
경기도,용인시 기흥구,기흥동,고매동,31192540,4146354000,4146310800,2025-04-01
경기도,고양시 덕양구,삼송2동,원흥동,31101513,4128157700,4128110400,2025-04-01
경기도,고양시 덕양구,행신4동,행신동,31101515,4128165600,4128112800,2025-04-01
경기도,고양시 일산동구,중산2동,중산동,31103512,4128552600,4128510200,2025-04-01
경기도,고양시 일산서구,탄현2동,탄현동,31104512,4128754600,4128710300,2025-04-01
경기도,연천군,연천읍,연천읍,31550110,4180025000,4180025000,2025-04-01
경기도,연천군,연천읍,차탄리,31550110,4180025000,4180025021,2025-04-01
경기도,연천군,연천읍,현가리,31550110,4180025000,4180025022,2025-04-01
경기도,수원시 팔달구,행궁동,영동,31013720,4111574000,4111512400,2025-04-01
경기도,수원시 팔달구,행궁동,중동,31013720,4111574000,4111512500,2025-04-01
경기도,부천시 원미구,중1동,중동,31051641,4119263000,4119210800,2025-04-01
경기도,부천시 원미구,중2동,중동,31051651,4119264000,4119210800,2025-04-01
경기도,부천시 원미구,중3동,중동,31051661,4119265000,4119210800,2025-04-01
경기도,부천시 원미구,중4동,중동,31051671,4119266000,4119210800,2025-04-01
경기도,부천시 원미구,상2동,상동,31051691,4119269000,4119210900,2025-04-01
경기도,부천시 원미구,상3동,상동,31051701,4119270000,4119210900,2025-04-01
경기도,부천시 소사구,심곡본1동,심곡본동,31052511,4119451000,4119410200,2025-04-01
경기도,부천시 소사구,송내2동,송내동,31052541,4119460000,4119410500,2025-04-01
경기도,부천시 소사구,소사본1동,소사본동,31052561,4119454000,4119410100,2025-04-01
경기도,부천시 소사구,역곡3동,괴안동,31052601,4119458000,4119410400,2025-04-01
경기도,부천시 소사구,옥길동,계수동,31052581,4119456000,4119410700,2025-04-01
경기도,부천시 소사구,옥길동,범박동,31052581,4119456000,4119410300,2025-04-01
경기도,부천시 오정구,고강1동,고강동,31053531,4119655000,4119610500,2025-04-01
경기도,가평군,청평면,호명리,31570320,4182032500,4182032525,2025-04-01
경기도,가평군,청평면,고성리,31570320,4182032500,4182032526,2025-04-01
경기도,가평군,청평면,삼회리,31570320,4182032500,4182032527,2025-04-01
경기도,가평군,상면,상면,31570330,4182033000,4182033000,2025-04-01
경기도,가평군,상면,연하리,31570330,4182033000,4182033021,2025-04-01
경기도,가평군,상면,항사리,31570330,4182033000,4182033022,2025-04-01
경기도,가평군,상면,행현리,31570330,4182033000,4182033023,2025-04-01
경기도,양주시,옥정1동,율정동,31260561,4163057000,4163011300,2025-04-01
경기도,양주시,옥정1동,옥정동,31260561,4163057000,4163011400,2025-04-01
경기도,양주시,회천3동,고암동,31260550,4163055000,4163011500,2025-04-01
경기도,포천시,신북면,가채리,31270340,4165034000,4165034021,2025-04-01
경기도,포천시,신북면,기지리,31270340,4165034000,4165034022,2025-04-01
경기도,포천시,신북면,신평리,31270340,4165034000,4165034023,2025-04-01
경기도,포천시,신북면,만세교리,31270340,4165034000,4165034024,2025-04-01
경기도,화성시,정남면,오일리,31240430,4159041000,4159041025,2025-04-01
경기도,화성시,정남면,백리,31240430,4159041000,4159041026,2025-04-01
경기도,화성시,정남면,문학리,31240430,4159041000,4159041027,2025-04-01
경기도,화성시,정남면,신리,31240430,4159041000,4159041028,2025-04-01
경기도,시흥시,배곧1동,배곧동,31150740,4139059600,4139013500,2025-04-01
경기도,시흥시,정왕1동,정왕동,31150650,4139059100,4139013200,2025-04-01
경기도,시흥시,정왕본동,정왕동,31150640,4139058900,4139013200,2025-04-01
경기도,안성시,대덕면,모산리,31220350,4155035000,4155035023,2025-04-01
경기도,안성시,대덕면,보동리,31220350,4155035000,4155035024,2025-04-01
경기도,안성시,대덕면,명당리,31220350,4155035000,4155035025,2025-04-01
경기도,안성시,대덕면,진현리,31220350,4155035000,4155035026,2025-04-01
경기도,여주시,강천면,굴암리,31280380,4167037000,4167037026,2025-04-01
경기도,여주시,강천면,강천리,31280380,4167037000,4167037027,2025-04-01
경기도,여주시,강천면,부평리,31280380,4167037000,4167037028,2025-04-01
경기도,여주시,강천면,도전리,31280380,4167037000,4167037029,2025-04-01
경기도,여주시,산북면,산북면,31280350,4167038000,4167038000,2025-04-01
경기도,여주시,산북면,상품리,31280350,4167038000,4167038021,2025-04-01
경기도,여주시,산북면,송현리,31280350,4167038000,4167038022,2025-04-01
경기도,여주시,산북면,후리,31280350,4167038000,4167038023,2025-04-01
경기도,여주시,산북면,명품리,31280350,4167038000,4167038024,2025-04-01
경기도,여주시,산북면,주어리,31280350,4167038000,4167038025,2025-04-01
경기도,여주시,산북면,백자리,31280350,4167038000,4167038026,2025-04-01
경기도,여주시,산북면,용담리,31280350,4167038000,4167038027,2025-04-01
경기도,연천군,왕징면,가천리,31550350,4180035000,4180035037,2025-04-01
경기도,평택시,동삭동,칠원동,31070680,4122065000,4122010500,2025-04-01
경기도,오산시,초평동,가수동,31140560,4137056000,4137012100,2025-04-01
경기도,오산시,남촌동,가수동,31140530,4137053000,4137012100,2025-04-01
경기도,오산시,대원1동,고현동,31140581,4137052300,4137012200,2025-04-01
경기도,오산시,대원2동,청호동,31140582,4137052600,4137012300,2025-04-01
경기도,여주시,강천면,강천면,31280380,4167037000,4167037000,2025-04-01
경기도,여주시,강천면,간매리,31280380,4167037000,4167037021,2025-04-01
경기도,여주시,강천면,걸은리,31280380,4167037000,4167037022,2025-04-01
경기도,여주시,강천면,이호리,31280380,4167037000,4167037023,2025-04-01
경기도,여주시,강천면,가야리,31280380,4167037000,4167037024,2025-04-01
경기도,여주시,강천면,적금리,31280380,4167037000,4167037025,2025-04-01
경기도,수원시 장안구,수원시 장안구,수원시장안구,31011,4111100000,4111100000,2025-04-01
경기도,안성시,대덕면,건지리,31220350,4155035000,4155035027,2025-04-01
경기도,안성시,대덕면,내리,31220350,4155035000,4155035028,2025-04-01
경기도,안성시,대덕면,대농리,31220350,4155035000,4155035029,2025-04-01
경기도,김포시,하성면,봉성리,31230360,4157036000,4157036030,2025-04-01
경기도,부천시 원미구,심곡3동,심곡동,31051531,4119253000,4119210200,2025-04-01
경기도,부천시 원미구,역곡2동,역곡동,31051581,4119258000,4119210700,2025-04-01
경기도,부천시 원미구,상동,상동,31051621,4119267000,4119210900,2025-04-01
경기도,안성시,양성면,도곡리,31220360,4155036000,4155036026,2025-04-01
경기도,안성시,양성면,산정리,31220360,4155036000,4155036027,2025-04-01
경기도,안성시,양성면,이현리,31220360,4155036000,4155036028,2025-04-01
경기도,안성시,양성면,장서리,31220360,4155036000,4155036029,2025-04-01
경기도,안성시,양성면,난실리,31220360,4155036000,4155036030,2025-04-01
경기도,안성시,양성면,노곡리,31220360,4155036000,4155036031,2025-04-01
경기도,안성시,양성면,미산리,31220360,4155036000,4155036032,2025-04-01
경기도,안성시,양성면,방축리,31220360,4155036000,4155036033,2025-04-01
경기도,안성시,양성면,필산리,31220360,4155036000,4155036034,2025-04-01
경기도,안성시,양성면,덕봉리,31220360,4155036000,4155036035,2025-04-01
경기도,안성시,양성면,명목리,31220360,4155036000,4155036036,2025-04-01
경기도,화성시,우정읍,매향리,31240130,4159025600,4159025630,2025-04-01
경기도,화성시,우정읍,화산리,31240130,4159025600,4159025631,2025-04-01
경기도,가평군,설악면,창의리,31570310,4182031000,4182031028,2025-04-01
경기도,가평군,설악면,엄소리,31570310,4182031000,4182031029,2025-04-01
경기도,가평군,설악면,설곡리,31570310,4182031000,4182031030,2025-04-01
경기도,가평군,설악면,묵안리,31570310,4182031000,4182031031,2025-04-01
경기도,가평군,설악면,가일리,31570310,4182031000,4182031032,2025-04-01
경기도,가평군,설악면,방일리,31570310,4182031000,4182031033,2025-04-01
경기도,가평군,설악면,천안리,31570310,4182031000,4182031034,2025-04-01
경기도,가평군,설악면,이천리,31570310,4182031000,4182031035,2025-04-01
경기도,연천군,백학면,오음리,31550330,4180033000,4180033037,2025-04-01
경기도,김포시,월곶면,고막리,31230350,4157035000,4157035022,2025-04-01
경기도,김포시,월곶면,갈산리,31230350,4157035000,4157035023,2025-04-01
경기도,화성시,봉담읍,덕우리,31240120,4159025300,4159025334,2025-04-01
경기도,김포시,양촌읍,구래리,31230130,4157025600,4157025624,2025-04-01
경기도,안성시,일죽면,죽림리,31220390,4155039000,4155039023,2025-04-01
경기도,파주시,장단면,진서면,31200390,4148039000,4148041000,2025-04-01
경기도,파주시,장단면,어룡리,31200390,4148039000,4148041022,2025-04-01
경기도,파주시,장단면,금릉리,31200390,4148039000,4148041023,2025-04-01
경기도,이천시,이천시,이천시,31210,4150000000,4150000000,2025-04-01
경기도,이천시,창전동,창전동,31210510,4150051000,4150010100,2025-04-01
경기도,안성시,양성면,구장리,31220360,4155036000,4155036022,2025-04-01
경기도,안성시,양성면,석화리,31220360,4155036000,4155036023,2025-04-01
경기도,안성시,양성면,추곡리,31220360,4155036000,4155036024,2025-04-01
경기도,수원시 권선구,곡선동,대황교동,31012610,4111369000,4111313900,2025-04-01
경기도,여주시,세종대왕면,왕대리,31280390,4167034500,4167034523,2025-04-01
경기도,평택시,팽성읍,함정리,31070110,4122025000,4122025033,2025-04-01
경기도,평택시,팽성읍,신대리,31070110,4122025000,4122025034,2025-04-01
경기도,평택시,팽성읍,본정리,31070110,4122025000,4122025035,2025-04-01
경기도,성남시 분당구,수내2동,수내동,31023540,4113553000,4113510200,2025-04-01
경기도,성남시 분당구,수내3동,수내동,31023520,4113554000,4113510200,2025-04-01
경기도,성남시 분당구,정자동,정자동,31023780,4113554500,4113510300,2025-04-01
경기도,안양시 동안구,평안동,평촌동,31042600,4117357600,4117310300,2025-04-01
경기도,안양시 동안구,호계1동,호계동,31042620,4117358000,4117310400,2025-04-01
경기도,안양시 동안구,호계2동,호계동,31042630,4117359000,4117310400,2025-04-01
경기도,안양시 동안구,호계3동,호계동,31042640,4117360000,4117310400,2025-04-01
경기도,동두천시,생연2동,생연동,31080520,4125052000,4125010300,2025-04-01
경기도,동두천시,중앙동,생연동,31080530,4125053500,4125010300,2025-04-01
경기도,동두천시,불현동,생연동,31080560,4125056500,4125010300,2025-04-01
경기도,파주시,교하동,서패동,31200511,4148054000,4148011900,2025-04-01
경기도,파주시,교하동,신촌동,31200511,4148054000,4148012000,2025-04-01
경기도,안양시 만안구,안양3동,안양동,31041530,4117153000,4117110100,2025-04-01
경기도,고양시 일산서구,일산2동,일산동,31104520,4128752000,4128710100,2025-04-01
경기도,고양시 일산서구,일산3동,일산동,31104530,4128753000,4128710100,2025-04-01
경기도,수원시 권선구,입북동,입북동,31012620,4111370000,4111314000,2025-04-01
경기도,수원시 권선구,입북동,당수동,31012620,4111370000,4111314100,2025-04-01
경기도,수원시 팔달구,수원시 팔달구,수원시팔달구,31013,4111500000,4111500000,2025-04-01
경기도,수원시 팔달구,행궁동,팔달로1가,31013720,4111574000,4111512000,2025-04-01
경기도,수원시 팔달구,행궁동,팔달로2가,31013720,4111574000,4111512100,2025-04-01
경기도,수원시 팔달구,행궁동,남창동,31013720,4111574000,4111512300,2025-04-01
경기도,남양주시,조안면,시우리,31130350,4136036000,4136036026,2025-04-01
경기도,포천시,관인면,삼율리,31270400,4165040000,4165040022,2025-04-01
경기도,포천시,관인면,초과리,31270400,4165040000,4165040023,2025-04-01
경기도,용인시 처인구,남사읍,통삼리,31191140,4146125900,4146125923,2025-04-01
경기도,포천시,이동면,도평리,31270380,4165038000,4165038022,2025-04-01
경기도,포천시,이동면,연곡리,31270380,4165038000,4165038023,2025-04-01
경기도,포천시,이동면,노곡리,31270380,4165038000,4165038024,2025-04-01
경기도,김포시,김포본동,걸포동,31230610,4157051500,4157010200,2025-04-01
경기도,김포시,운양동,운양동,31230600,4157058000,4157010300,2025-04-01
경기도,김포시,장기동,장기동,31230560,4157056000,4157010400,2025-04-01
경기도,김포시,장기본동,장기동,31230620,4157052500,4157010400,2025-04-01
경기도,김포시,김포본동,감정동,31230610,4157051500,4157010500,2025-04-01
경기도,연천군,왕징면,노동리,31550350,4180035000,4180035022,2025-04-01
경기도,연천군,왕징면,북삼리,31550350,4180035000,4180035023,2025-04-01
경기도,평택시,고덕면,좌교리,31070330,4122033000,4122033031,2025-04-01
경기도,평택시,오성면,오성면,31070340,4122034000,4122034000,2025-04-01
경기도,평택시,오성면,숙성리,31070340,4122034000,4122034021,2025-04-01
경기도,평택시,오성면,교포리,31070340,4122034000,4122034022,2025-04-01
경기도,평택시,포승읍,석정리,31070130,4122025600,4122025628,2025-04-01
경기도,평택시,포승읍,홍원리,31070130,4122025600,4122025629,2025-04-01
경기도,평택시,청북읍,청북읍,31070140,4122025900,4122025900,2025-04-01
경기도,평택시,청북읍,현곡리,31070140,4122025900,4122025921,2025-04-01
경기도,평택시,청북읍,삼계리,31070140,4122025900,4122025922,2025-04-01
경기도,수원시 장안구,정자3동,천천동,31011620,4111157300,4111113300,2025-04-01
경기도,수원시 장안구,영화동,영화동,31011580,4111158000,4111113400,2025-04-01
경기도,수원시 장안구,송죽동,송죽동,31011590,4111159100,4111113500,2025-04-01
경기도,수원시 장안구,조원2동,조원동,31011630,4111159800,4111113600,2025-04-01
경기도,고양시 일산서구,주엽1동,주엽동,31104550,4128755000,4128710200,2025-04-01
경기도,고양시 일산서구,주엽2동,주엽동,31104560,4128756000,4128710200,2025-04-01
경기도,고양시 일산서구,탄현1동,탄현동,31104511,4128754500,4128710300,2025-04-01
경기도,고양시 일산서구,대화동,대화동,31104570,4128757000,4128710400,2025-04-01
경기도,고양시 일산서구,송포동,대화동,31104580,4128758000,4128710400,2025-04-01
경기도,고양시 일산서구,덕이동,덕이동,31104513,4128760000,4128710500,2025-04-01
경기도,고양시 일산서구,가좌동,가좌동,31104514,4128761000,4128710600,2025-04-01
경기도,고양시 일산서구,가좌동,구산동,31104514,4128761000,4128710700,2025-04-01
경기도,고양시 일산서구,송포동,법곳동,31104580,4128758000,4128710800,2025-04-01
경기도,과천시,과천시,과천시,31110,4129000000,4129000000,2025-04-01
경기도,과천시,중앙동,관문동,31110510,4129051000,4129010100,2025-04-01
경기도,남양주시,진건읍,진건읍,31130140,4136025900,4136025900,2025-04-01
경기도,남양주시,진건읍,사능리,31130140,4136025900,4136025921,2025-04-01
경기도,남양주시,진건읍,배양리,31130140,4136025900,4136025922,2025-04-01
경기도,남양주시,진건읍,진관리,31130140,4136025900,4136025923,2025-04-01
경기도,남양주시,진건읍,신월리,31130140,4136025900,4136025924,2025-04-01
경기도,남양주시,진건읍,용정리,31130140,4136025900,4136025925,2025-04-01
경기도,남양주시,진건읍,송능리,31130140,4136025900,4136025926,2025-04-01
경기도,남양주시,오남읍,오남읍,31130150,4136026200,4136026200,2025-04-01
경기도,남양주시,오남읍,양지리,31130150,4136026200,4136026221,2025-04-01
경기도,여주시,점동면,흔암리,31280310,4167031000,4167031034,2025-04-01
경기도,여주시,점동면,처리,31280310,4167031000,4167031035,2025-04-01
경기도,여주시,흥천면,흥천면,31280330,4167032000,4167032000,2025-04-01
경기도,용인시 처인구,남사읍,북리,31191140,4146125900,4146125922,2025-04-01
경기도,화성시,남양읍,무송리,31240150,4159026200,4159026227,2025-04-01
경기도,수원시 장안구,조원1동,조원동,31011600,4111159700,4111113600,2025-04-01
경기도,수원시 장안구,연무동,연무동,31011610,4111160000,4111113700,2025-04-01
경기도,안성시,안성2동,아양동,31220520,4155052000,4155011900,2025-04-01
경기도,화성시,서신면,상안리,31240370,4159035000,4159035022,2025-04-01
경기도,이천시,부발읍,가산리,31210120,4150025300,4150025333,2025-04-01
경기도,이천시,부발읍,응암리,31210120,4150025300,4150025334,2025-04-01
경기도,이천시,신둔면,신둔면,31210310,4150031000,4150031000,2025-04-01
경기도,가평군,상면,율길리,31570330,4182033000,4182033028,2025-04-01
경기도,연천군,연천군,연천군,31550,4180000000,4180000000,2025-04-01
경기도,과천시,갈현동,문원동,31110521,4129052000,4129010200,2025-04-01
경기도,화성시,서신면,광평리,31240370,4159035000,4159035023,2025-04-01
경기도,화성시,서신면,장외리,31240370,4159035000,4159035024,2025-04-01
경기도,안양시 동안구,비산1동,안양동,31042510,4117351000,4117110100,2025-04-01
경기도,안양시 만안구,안양9동,안양동,31041590,4117158100,4117110100,2025-04-01
경기도,용인시 처인구,역북동,역북동,31191550,4146152500,4146110200,2025-04-01
경기도,용인시 처인구,중앙동,남동,31191510,4146151000,4146110400,2025-04-01
경기도,양평군,양동면,계정리,31580380,4183038000,4183038026,2025-04-01
경기도,가평군,북면,이곡리,31570350,4182035000,4182035028,2025-04-01
경기도,양평군,양평군,양평군,31580,4183000000,4183000000,2025-04-01
경기도,양평군,양평읍,양평읍,31580110,4183025000,4183025000,2025-04-01
경기도,양평군,양평읍,양근리,31580110,4183025000,4183025021,2025-04-01
경기도,용인시 처인구,포곡읍,신원리,31191110,4146125000,4146125029,2025-04-01
경기도,여주시,점동면,점동면,31280310,4167031000,4167031000,2025-04-01
경기도,여주시,점동면,청안리,31280310,4167031000,4167031021,2025-04-01
경기도,여주시,점동면,부구리,31280310,4167031000,4167031022,2025-04-01
경기도,여주시,점동면,덕평리,31280310,4167031000,4167031023,2025-04-01
경기도,여주시,점동면,원부리,31280310,4167031000,4167031024,2025-04-01
경기도,여주시,점동면,관한리,31280310,4167031000,4167031025,2025-04-01
경기도,여주시,점동면,뇌곡리,31280310,4167031000,4167031026,2025-04-01
경기도,여주시,점동면,성신리,31280310,4167031000,4167031027,2025-04-01
경기도,용인시 처인구,포곡읍,둔전리,31191110,4146125000,4146125023,2025-04-01
경기도,양주시,은현면,선암리,31260310,4163031000,4163031022,2025-04-01
경기도,안성시,대덕면,죽리,31220350,4155035000,4155035030,2025-04-01
경기도,안성시,대덕면,신령리,31220350,4155035000,4155035031,2025-04-01
경기도,연천군,왕징면,냉정리,31550350,4180035000,4180035038,2025-04-01
경기도,연천군,신서면,대광리,31550360,4180036000,4180036021,2025-04-01
경기도,여주시,대신면,당남리,31280360,4167035000,4167035035,2025-04-01
경기도,여주시,대신면,보통리,31280360,4167035000,4167035036,2025-04-01
경기도,여주시,대신면,율촌리,31280360,4167035000,4167035037,2025-04-01
경기도,여주시,대신면,초현리,31280360,4167035000,4167035038,2025-04-01
경기도,의왕시,부곡동,월암동,31170520,4143052000,4143011000,2025-04-01
경기도,의왕시,부곡동,초평동,31170520,4143052000,4143011100,2025-04-01
경기도,하남시,하남시,하남시,31180,4145000000,4145000000,2025-04-01
경기도,하남시,천현동,천현동,31180510,4145051000,4145010100,2025-04-01
경기도,하남시,천현동,하산곡동,31180510,4145051000,4145010200,2025-04-01
경기도,하남시,천현동,창우동,31180510,4145051000,4145010300,2025-04-01
경기도,하남시,신장2동,창우동,31180530,4145053000,4145010300,2025-04-01
경기도,하남시,천현동,배알미동,31180510,4145051000,4145010400,2025-04-01
경기도,화성시,봉담읍,유리,31240120,4159025300,4159025332,2025-04-01
경기도,화성시,봉담읍,덕리,31240120,4159025300,4159025333,2025-04-01
경기도,연천군,미산면,아미리,31550340,4180034000,4180034022,2025-04-01
경기도,연천군,미산면,백석리,31550340,4180034000,4180034023,2025-04-01
경기도,연천군,미산면,유촌리,31550340,4180034000,4180034024,2025-04-01
경기도,연천군,미산면,광동리,31550340,4180034000,4180034025,2025-04-01
경기도,연천군,미산면,마전리,31550340,4180034000,4180034026,2025-04-01
경기도,김포시,대곶면,대능리,31230340,4157034000,4157034021,2025-04-01
경기도,김포시,대곶면,대벽리,31230340,4157034000,4157034022,2025-04-01
경기도,김포시,대곶면,약암리,31230340,4157034000,4157034023,2025-04-01
경기도,의왕시,내손2동,내손동,31170550,4143055000,4143010700,2025-04-01
경기도,의왕시,청계동,내손동,31170560,4143056000,4143010700,2025-04-01
경기도,의왕시,청계동,청계동,31170560,4143056000,4143010800,2025-04-01
경기도,의왕시,청계동,포일동,31170560,4143056000,4143010900,2025-04-01
경기도,의왕시,내손2동,포일동,31170550,4143055000,4143010900,2025-04-01
경기도,김포시,대곶면,율생리,31230340,4157034000,4157034025,2025-04-01
경기도,김포시,대곶면,초원지리,31230340,4157034000,4157034026,2025-04-01
경기도,김포시,대곶면,거물대리,31230340,4157034000,4157034027,2025-04-01
경기도,김포시,대곶면,오니산리,31230340,4157034000,4157034028,2025-04-01
경기도,화성시,서신면,송교리,31240370,4159035000,4159035025,2025-04-01
경기도,화성시,서신면,제부리,31240370,4159035000,4159035026,2025-04-01
경기도,화성시,팔탄면,월문리,31240380,4159036000,4159036032,2025-04-01
경기도,평택시,오성면,길음리,31070340,4122034000,4122034027,2025-04-01
경기도,평택시,오성면,당거리,31070340,4122034000,4122034028,2025-04-01
경기도,평택시,오성면,창내리,31070340,4122034000,4122034029,2025-04-01
경기도,평택시,현덕면,현덕면,31070370,4122037000,4122037000,2025-04-01
경기도,양평군,청운면,청운면,31580370,4183037000,4183037000,2025-04-01
경기도,양평군,청운면,용두리,31580370,4183037000,4183037021,2025-04-01
경기도,양평군,청운면,여물리,31580370,4183037000,4183037022,2025-04-01
경기도,양평군,청운면,비룡리,31580370,4183037000,4183037023,2025-04-01
경기도,양평군,청운면,가현리,31580370,4183037000,4183037024,2025-04-01
경기도,화성시,마도면,해문리,31240350,4159033000,4159033027,2025-04-01
경기도,화성시,마도면,백곡리,31240350,4159033000,4159033028,2025-04-01
경기도,고양시 덕양구,대덕동,화전동,31101680,4128167000,4128112900,2025-04-01
경기도,고양시 덕양구,대덕동,현천동,31101680,4128167000,4128113000,2025-04-01
경기도,안산시 상록구,본오3동,본오동,31091560,4127156000,4127110400,2025-04-01
경기도,수원시 권선구,평동,평리동,31012550,4111355000,4111313000,2025-04-01
경기도,수원시 권선구,서둔동,서둔동,31012560,4111356000,4111313100,2025-04-01
경기도,평택시,현덕면,도대리,31070370,4122037000,4122037021,2025-04-01
경기도,이천시,율면,북두리,31210380,4150038000,4150038024,2025-04-01
경기도,이천시,율면,산양리,31210380,4150038000,4150038025,2025-04-01
경기도,용인시 처인구,동부동,호동,31191540,4146154000,4146110900,2025-04-01
경기도,용인시 처인구,동부동,해곡동,31191540,4146154000,4146111000,2025-04-01
경기도,고양시 덕양구,화전동,덕은동,31101670,4128166000,4128113100,2025-04-01
경기도,고양시 덕양구,대덕동,덕은동,31101680,4128167000,4128113100,2025-04-01
경기도,고양시 덕양구,화전동,향동동,31101670,4128166000,4128113200,2025-04-01
경기도,화성시,기배동,배양동,31240560,4159056000,4159012300,2025-04-01
경기도,양평군,양동면,고송리,31580380,4183038000,4183038024,2025-04-01
경기도,양평군,양동면,금왕리,31580380,4183038000,4183038025,2025-04-01
경기도,오산시,오산시,오산시,31140,4137000000,4137000000,2025-04-01
경기도,오산시,중앙동,오산동,31140510,4137051000,4137010100,2025-04-01
경기도,오산시,남촌동,오산동,31140530,4137053000,4137010100,2025-04-01
경기도,오산시,대원1동,오산동,31140581,4137052300,4137010100,2025-04-01
경기도,오산시,대원2동,부산동,31140582,4137052600,4137010200,2025-04-01
경기도,오산시,중앙동,부산동,31140510,4137051000,4137010200,2025-04-01
경기도,오산시,대원1동,원동,31140581,4137052300,4137010300,2025-04-01
경기도,평택시,팽성읍,팽성읍,31070110,4122025000,4122025000,2025-04-01
경기도,평택시,팽성읍,객사리,31070110,4122025000,4122025021,2025-04-01
경기도,평택시,팽성읍,남산리,31070110,4122025000,4122025022,2025-04-01
경기도,평택시,팽성읍,추팔리,31070110,4122025000,4122025023,2025-04-01
경기도,평택시,팽성읍,노와리,31070110,4122025000,4122025024,2025-04-01
경기도,안성시,안성3동,금석동,31220530,4155053000,4155012000,2025-04-01
경기도,오산시,초평동,누읍동,31140560,4137056000,4137012000,2025-04-01
경기도,안성시,보개면,신안리,31220310,4155031000,4155031036,2025-04-01
경기도,안성시,보개면,동평리,31220310,4155031000,4155031037,2025-04-01
경기도,남양주시,진접읍,팔야리,31130120,4136025300,4136025326,2025-04-01
경기도,남양주시,진접읍,진벌리,31130120,4136025300,4136025327,2025-04-01
경기도,남양주시,진접읍,금곡리,31130120,4136025300,4136025328,2025-04-01
경기도,남양주시,화도읍,마석우리,31130111,4136025600,4136025621,2025-04-01
경기도,남양주시,화도읍,묵현리,31130111,4136025600,4136025622,2025-04-01
경기도,김포시,하성면,하사리,31230360,4157036000,4157036029,2025-04-01
경기도,파주시,월롱면,위전리,31200310,4148031000,4148031021,2025-04-01
경기도,파주시,월롱면,도내리,31200310,4148031000,4148031022,2025-04-01
경기도,양평군,청운면,갈운리,31580370,4183037000,4183037025,2025-04-01
경기도,양평군,청운면,도원리,31580370,4183037000,4183037026,2025-04-01
경기도,양평군,청운면,신론리,31580370,4183037000,4183037027,2025-04-01
경기도,양평군,청운면,삼성리,31580370,4183037000,4183037028,2025-04-01
경기도,양평군,청운면,다대리,31580370,4183037000,4183037029,2025-04-01
경기도,양평군,양동면,양동면,31580380,4183038000,4183038000,2025-04-01
경기도,파주시,파평면,금파리,31200360,4148036000,4148036026,2025-04-01
경기도,파주시,파평면,장파리,31200360,4148036000,4148036027,2025-04-01
경기도,김포시,하성면,시암리,31230360,4157036000,4157036024,2025-04-01
경기도,김포시,하성면,마조리,31230360,4157036000,4157036025,2025-04-01
경기도,김포시,하성면,가금리,31230360,4157036000,4157036026,2025-04-01
경기도,김포시,하성면,양택리,31230360,4157036000,4157036027,2025-04-01
경기도,김포시,하성면,원산리,31230360,4157036000,4157036028,2025-04-01
경기도,남양주시,진접읍,장현리,31130120,4136025300,4136025321,2025-04-01
경기도,남양주시,진접읍,내각리,31130120,4136025300,4136025322,2025-04-01
경기도,남양주시,진접읍,내곡리,31130120,4136025300,4136025323,2025-04-01
경기도,남양주시,진접읍,연평리,31130120,4136025300,4136025324,2025-04-01
경기도,남양주시,진접읍,부평리,31130120,4136025300,4136025325,2025-04-01
경기도,시흥시,은행동,안현동,31150540,4139054000,4139010700,2025-04-01
경기도,양주시,남면,입암리,31260320,4163032000,4163032028,2025-04-01
경기도,양주시,남면,한산리,31260320,4163032000,4163032029,2025-04-01
경기도,양주시,남면,황방리,31260320,4163032000,4163032030,2025-04-01
경기도,시흥시,과림동,무지내동,31150590,4139062100,4139013400,2025-04-01
경기도,군포시,군포시,군포시,31160,4141000000,4141000000,2025-04-01
경기도,군포시,군포2동,당동,31160520,4141052000,4141010100,2025-04-01
경기도,양평군,양평읍,오빈리,31580110,4183025000,4183025022,2025-04-01
경기도,평택시,진위면,가곡리,31070310,4122031000,4122031029,2025-04-01
경기도,광주시,남한산성면,산성리,31250380,4161037000,4161037021,2025-04-01
경기도,여주시,세종대왕면,구양리,31280390,4167034500,4167034522,2025-04-01
경기도,수원시 영통구,망포2동,망포동,31014680,4111759600,4111710700,2025-04-01
경기도,용인시 처인구,원삼면,죽능리,31191340,4146134000,4146134028,2025-04-01
경기도,광주시,초월읍,무갑리,31250120,4161025300,4161025330,2025-04-01
경기도,광주시,초월읍,서하리,31250120,4161025300,4161025331,2025-04-01
경기도,광주시,초월읍,도평리,31250120,4161025300,4161025332,2025-04-01
경기도,평택시,팽성읍,두정리,31070110,4122025000,4122025038,2025-04-01
경기도,평택시,팽성읍,석근리,31070110,4122025000,4122025039,2025-04-01
경기도,화성시,정남면,관항리,31240430,4159041000,4159041024,2025-04-01
경기도,성남시 분당구,삼평동,삼평동,31023740,4113565500,4113510900,2025-04-01
경기도,수원시 영통구,수원시 영통구,수원시영통구,31014,4111700000,4111700000,2025-04-01
경기도,수원시 영통구,매탄2동,매탄동,31014520,4111752000,4111710100,2025-04-01
경기도,하남시,초이동,초이동,31180600,4145060000,4145012300,2025-04-01
경기도,하남시,감북동,광암동,31180660,4145058000,4145012400,2025-04-01
경기도,하남시,초이동,광암동,31180600,4145060000,4145012400,2025-04-01
경기도,이천시,율면,오성리,31210380,4150038000,4150038028,2025-04-01
경기도,이천시,율면,월포리,31210380,4150038000,4150038029,2025-04-01
경기도,이천시,율면,총곡리,31210380,4150038000,4150038030,2025-04-01
경기도,안성시,안성시,안성시,31220,4155000000,4155000000,2025-04-01
경기도,안성시,안성1동,봉산동,31220510,4155051000,4155010100,2025-04-01
경기도,안성시,안성1동,숭인동,31220510,4155051000,4155010200,2025-04-01
경기도,안성시,안성1동,영동,31220510,4155051000,4155010300,2025-04-01
경기도,안성시,안성1동,봉남동,31220510,4155051000,4155010400,2025-04-01
경기도,안성시,안성1동,구포동,31220510,4155051000,4155010500,2025-04-01
경기도,안성시,안성1동,동본동,31220510,4155051000,4155010600,2025-04-01
경기도,안성시,안성1동,명륜동,31220510,4155051000,4155010700,2025-04-01
경기도,안성시,안성1동,옥천동,31220510,4155051000,4155010800,2025-04-01
경기도,안성시,안성1동,낙원동,31220510,4155051000,4155010900,2025-04-01
경기도,광주시,곤지암읍,삼리,31250140,4161025900,4161025936,2025-04-01
경기도,광주시,도척면,도척면,31250340,4161033000,4161033000,2025-04-01
경기도,광주시,도척면,노곡리,31250340,4161033000,4161033021,2025-04-01
경기도,광주시,도척면,유정리,31250340,4161033000,4161033022,2025-04-01
경기도,광주시,도척면,방도리,31250340,4161033000,4161033023,2025-04-01
경기도,부천시 소사구,괴안동,괴안동,31052591,4119457000,4119410400,2025-04-01
경기도,부천시 소사구,송내1동,송내동,31052531,4119459000,4119410500,2025-04-01
경기도,부천시 소사구,옥길동,옥길동,31052581,4119456000,4119410600,2025-04-01
경기도,부천시 소사구,범박동,계수동,31052571,4119455000,4119410700,2025-04-01
경기도,평택시,안중읍,금곡리,31070120,4122025300,4122025323,2025-04-01
경기도,평택시,안중읍,대반리,31070120,4122025300,4122025324,2025-04-01
경기도,평택시,안중읍,삼정리,31070120,4122025300,4122025325,2025-04-01
경기도,평택시,안중읍,용성리,31070120,4122025300,4122025326,2025-04-01
경기도,평택시,안중읍,덕우리,31070120,4122025300,4122025327,2025-04-01
경기도,수원시 팔달구,인계동,인계동,31013560,4111573000,4111514100,2025-04-01
경기도,용인시,용인시,용인시,31190,4146000000,4146000000,2025-04-01
경기도,부천시 원미구,부천시 원미구,부천시 원미구,31051,4119200000,4119200000,2025-04-01
경기도,부천시 소사구,부천시 소사구,부천시 소사구,31052,4119400000,4119400000,2025-04-01
경기도,부천시 오정구,부천시 오정구,부천시 오정구,31053,4119600000,4119600000,2025-04-01
경기도,이천시,장호원읍,방추리,31210110,4150025000,4150025027,2025-04-01
경기도,이천시,장호원읍,선읍리,31210110,4150025000,4150025028,2025-04-01
경기도,이천시,장호원읍,이황리,31210110,4150025000,4150025029,2025-04-01
경기도,양주시,은현면,운암리,31260310,4163031000,4163031023,2025-04-01
경기도,여주시,여흥동,단현동,31280510,4167051000,4167010500,2025-04-01
경기도,여주시,여흥동,신진동,31280510,4167051000,4167010600,2025-04-01
경기도,양평군,양서면,도곡리,31580330,4183033000,4183033026,2025-04-01
경기도,화성시,정남면,음양리,31240430,4159041000,4159041033,2025-04-01
경기도,화성시,정남면,망월리,31240430,4159041000,4159041034,2025-04-01
경기도,화성시,정남면,수면리,31240430,4159041000,4159041035,2025-04-01
경기도,안양시 동안구,안양시 동안구,안양시동안구,31042,4117300000,4117300000,2025-04-01
경기도,안양시 동안구,비산1동,비산동,31042510,4117351000,4117310100,2025-04-01
경기도,안양시 동안구,비산2동,비산동,31042520,4117352000,4117310100,2025-04-01
경기도,안양시 동안구,비산3동,비산동,31042530,4117353000,4117310100,2025-04-01
경기도,남양주시,수동면,내방리,31130340,4136034000,4136034024,2025-04-01
경기도,남양주시,수동면,외방리,31130340,4136034000,4136034025,2025-04-01
경기도,연천군,전곡읍,전곡읍,31550120,4180025300,4180025300,2025-04-01
경기도,연천군,전곡읍,전곡리,31550120,4180025300,4180025321,2025-04-01
경기도,연천군,전곡읍,은대리,31550120,4180025300,4180025322,2025-04-01
경기도,연천군,전곡읍,신답리,31550120,4180025300,4180025323,2025-04-01
경기도,포천시,영중면,영송리,31270360,4165036000,4165036026,2025-04-01
경기도,포천시,일동면,일동면,31270370,4165037000,4165037000,2025-04-01
경기도,포천시,일동면,길명리,31270370,4165037000,4165037021,2025-04-01
경기도,포천시,일동면,유동리,31270370,4165037000,4165037022,2025-04-01
경기도,포천시,일동면,기산리,31270370,4165037000,4165037023,2025-04-01
경기도,안산시 단원구,백운동,원곡동,31092780,4127355500,4127310800,2025-04-01
경기도,안산시 단원구,선부2동,선부동,31092690,4127359000,4127310900,2025-04-01
경기도,용인시 처인구,모현읍,모현읍,31191120,4146125300,4146125300,2025-04-01
경기도,용인시 처인구,모현읍,왕산리,31191120,4146125300,4146125321,2025-04-01
경기도,용인시 처인구,모현읍,갈담리,31191120,4146125300,4146125322,2025-04-01
경기도,용인시 처인구,모현읍,초부리,31191120,4146125300,4146125323,2025-04-01
경기도,연천군,백학면,포춘리,31550330,4180033000,4180033030,2025-04-01
경기도,연천군,백학면,항동리,31550330,4180033000,4180033031,2025-04-01
경기도,연천군,백학면,석주원리,31550330,4180033000,4180033033,2025-04-01
경기도,연천군,백학면,상리,31550330,4180033000,4180033034,2025-04-01
경기도,연천군,백학면,중리,31550330,4180033000,4180033035,2025-04-01
경기도,연천군,백학면,하리,31550330,4180033000,4180033036,2025-04-01
경기도,포천시,일동면,화대리,31270370,4165037000,4165037024,2025-04-01
경기도,포천시,일동면,사직리,31270370,4165037000,4165037025,2025-04-01
경기도,고양시 덕양구,능곡동,토당동,31101610,4128161000,4128112000,2025-04-01
경기도,고양시 덕양구,행주동,토당동,31101640,4128163000,4128112000,2025-04-01
경기도,이천시,마장면,목리,31210340,4150034000,4150034026,2025-04-01
경기도,안산시 단원구,원곡동,원곡동,31092760,4127354500,4127310800,2025-04-01
경기도,남양주시,퇴계원읍,퇴계원읍,31130160,4136026500,4136026500,2025-04-01
경기도,김포시,하성면,전류리,31230360,4157036000,4157036031,2025-04-01
경기도,안성시,금광면,신양복리,31220320,4155032000,4155032034,2025-04-01
경기도,여주시,대신면,상구리,31280360,4167035000,4167035026,2025-04-01
경기도,여주시,대신면,장풍리,31280360,4167035000,4167035027,2025-04-01
경기도,안성시,삼죽면,내장리,31220410,4155041000,4155041021,2025-04-01
경기도,안성시,삼죽면,율곡리,31220410,4155041000,4155041022,2025-04-01
경기도,안성시,삼죽면,용월리,31220410,4155041000,4155041023,2025-04-01
경기도,안성시,삼죽면,덕산리,31220410,4155041000,4155041024,2025-04-01
경기도,안성시,삼죽면,배태리,31220410,4155041000,4155041025,2025-04-01
경기도,양평군,개군면,공세리,31580410,4183041000,4183041025,2025-04-01
경기도,양평군,개군면,불곡리,31580410,4183041000,4183041026,2025-04-01
경기도,양평군,개군면,부리,31580410,4183041000,4183041027,2025-04-01
경기도,양평군,개군면,자연리,31580410,4183041000,4183041028,2025-04-01
경기도,양평군,개군면,내리,31580410,4183041000,4183041029,2025-04-01
경기도,양평군,개군면,향리,31580410,4183041000,4183041030,2025-04-01
경기도,양평군,개군면,계전리,31580410,4183041000,4183041032,2025-04-01
경기도,의정부시,의정부2동,의정부동,31030520,4115052000,4115010100,2025-04-01
경기도,의정부시,호원1동,호원동,31030550,4115054500,4115010200,2025-04-01
경기도,연천군,중면,중면,31550370,4180037000,4180037000,2025-04-01
경기도,연천군,중면,삼곶리,31550370,4180037000,4180037021,2025-04-01
경기도,연천군,중면,횡산리,31550370,4180037000,4180037022,2025-04-01
경기도,연천군,중면,중사리,31550370,4180037000,4180037023,2025-04-01
경기도,광명시,하안2동,하안동,31060630,4121063200,4121010300,2025-04-01
경기도,광명시,하안4동,하안동,31060650,4121063400,4121010300,2025-04-01
경기도,화성시,팔탄면,가재리,31240380,4159036000,4159036024,2025-04-01
경기도,화성시,팔탄면,구장리,31240380,4159036000,4159036025,2025-04-01
경기도,화성시,팔탄면,율암리,31240380,4159036000,4159036026,2025-04-01
경기도,화성시,팔탄면,노하리,31240380,4159036000,4159036027,2025-04-01
경기도,화성시,팔탄면,덕천리,31240380,4159036000,4159036028,2025-04-01
경기도,화성시,팔탄면,지월리,31240380,4159036000,4159036029,2025-04-01
경기도,화성시,팔탄면,덕우리,31240380,4159036000,4159036030,2025-04-01
경기도,포천시,관인면,탄동리,31270400,4165040000,4165040024,2025-04-01
경기도,오산시,남촌동,누읍동,31140530,4137053000,4137012000,2025-04-01
경기도,안성시,금광면,오산리,31220320,4155032000,4155032031,2025-04-01
경기도,안성시,금광면,옥정리,31220320,4155032000,4155032032,2025-04-01
경기도,안성시,금광면,석하리,31220320,4155032000,4155032033,2025-04-01
경기도,여주시,금사면,금사면,31280340,4167033000,4167033000,2025-04-01
경기도,여주시,금사면,이포리,31280340,4167033000,4167033021,2025-04-01
경기도,여주시,금사면,궁리,31280340,4167033000,4167033022,2025-04-01
경기도,양평군,용문면,조현리,31580400,4183040000,4183040030,2025-04-01
경기도,양평군,용문면,덕촌리,31580400,4183040000,4183040031,2025-04-01
경기도,양평군,용문면,오촌리,31580400,4183040000,4183040032,2025-04-01
경기도,양평군,용문면,신점리,31580400,4183040000,4183040033,2025-04-01
경기도,양평군,개군면,개군면,31580410,4183041000,4183041000,2025-04-01
경기도,양평군,개군면,하자포리,31580410,4183041000,4183041021,2025-04-01
경기도,양평군,개군면,구미리,31580410,4183041000,4183041022,2025-04-01
경기도,양평군,개군면,앙덕리,31580410,4183041000,4183041023,2025-04-01
경기도,양평군,개군면,석장리,31580410,4183041000,4183041024,2025-04-01
경기도,평택시,서정동,서정동,31070520,4122052000,4122010100,2025-04-01
경기도,평택시,중앙동,서정동,31070510,4122051000,4122010100,2025-04-01
경기도,평택시,중앙동,장당동,31070510,4122051000,4122010200,2025-04-01
경기도,평택시,송탄동,모곡동,31070530,4122053500,4122010300,2025-04-01
경기도,평택시,송탄동,칠괴동,31070530,4122053500,4122010400,2025-04-01
경기도,평택시,송탄동,칠원동,31070530,4122053500,4122010500,2025-04-01
경기도,평택시,송탄동,도일동,31070530,4122053500,4122010600,2025-04-01
경기도,광주시,남종면,우천리,31250360,4161035000,4161035028,2025-04-01
경기도,광주시,남한산성면,남한산성면,31250380,4161037000,4161037000,2025-04-01
경기도,광명시,하안3동,하안동,31060640,4121063300,4121010300,2025-04-01
경기도,광명시,소하2동,소하동,31060690,4121065000,4121010400,2025-04-01
경기도,용인시 처인구,용인시 처인구,용인시처인구,31191,4146100000,4146100000,2025-04-01
경기도,용인시 처인구,중앙동,김량장동,31191510,4146151000,4146110100,2025-04-01
경기도,용인시 처인구,삼가동,삼가동,31191560,4146152600,4146110300,2025-04-01
경기도,파주시,문산읍,장산리,31200110,4148025000,4148025028,2025-04-01
경기도,파주시,문산읍,내포리,31200110,4148025000,4148025029,2025-04-01
경기도,파주시,문산읍,이천리,31200110,4148025000,4148025030,2025-04-01
경기도,파주시,파주읍,파주읍,31200120,4148025300,4148025300,2025-04-01
경기도,파주시,파주읍,봉서리,31200120,4148025300,4148025321,2025-04-01
경기도,가평군,상면,임초리,31570330,4182033000,4182033024,2025-04-01
경기도,양주시,광적면,광적면,31260330,4163033000,4163033000,2025-04-01
경기도,광주시,퇴촌면,우산리,31250350,4161034000,4161034023,2025-04-01
경기도,광주시,퇴촌면,영동리,31250350,4161034000,4161034024,2025-04-01
경기도,양평군,양서면,목왕리,31580330,4183033000,4183033024,2025-04-01
경기도,용인시 처인구,모현읍,일산리,31191120,4146125300,4146125324,2025-04-01
경기도,화성시,향남읍,도이리,31240140,4159025900,4159025938,2025-04-01
경기도,화성시,향남읍,행정리,31240140,4159025900,4159025939,2025-04-01
경기도,화성시,향남읍,방축리,31240140,4159025900,4159025940,2025-04-01
경기도,화성시,향남읍,장짐리,31240140,4159025900,4159025941,2025-04-01
경기도,화성시,남양읍,남양읍,31240150,4159026200,4159026200,2025-04-01
경기도,화성시,남양읍,남양리,31240150,4159026200,4159026221,2025-04-01
경기도,화성시,남양읍,신남리,31240150,4159026200,4159026222,2025-04-01
경기도,화성시,남양읍,장덕리,31240150,4159026200,4159026223,2025-04-01
경기도,화성시,남양읍,안석리,31240150,4159026200,4159026224,2025-04-01
경기도,화성시,송산면,지화리,31240360,4159034000,4159034032,2025-04-01
경기도,화성시,송산면,중송리,31240360,4159034000,4159034033,2025-04-01
경기도,화성시,송산면,육일리,31240360,4159034000,4159034034,2025-04-01
경기도,성남시 분당구,판교동,백현동,31023750,4113565000,4113511000,2025-04-01
경기도,성남시 분당구,백현동,백현동,31023760,4113565700,4113511000,2025-04-01
경기도,성남시 분당구,금곡동,금곡동,31023710,4113566200,4113511100,2025-04-01
경기도,성남시 분당구,금곡동,궁내동,31023710,4113566200,4113511200,2025-04-01
경기도,안성시,양성면,동항리,31220360,4155036000,4155036021,2025-04-01
경기도,김포시,양촌읍,석모리,31230130,4157025600,4157025623,2025-04-01
경기도,화성시,화성시,화성시,31240,4159000000,4159000000,2025-04-01
경기도,화성시,진안동,진안동,31240520,4159052000,4159011600,2025-04-01
경기도,화성시,병점1동,병점동,31240530,4159053000,4159011700,2025-04-01
경기도,화성시,병점2동,병점동,31240540,4159054000,4159011700,2025-04-01
경기도,화성시,동탄3동,능동,31240620,4159058700,4159011800,2025-04-01
경기도,화성시,진안동,능동,31240520,4159052000,4159011800,2025-04-01
경기도,화성시,진안동,기산동,31240520,4159052000,4159011900,2025-04-01
경기도,광주시,경안동,경안동,31250540,4161051000,4161010100,2025-04-01
경기도,용인시 처인구,포곡읍,포곡읍,31191110,4146125000,4146125000,2025-04-01
경기도,용인시 처인구,포곡읍,삼계리,31191110,4146125000,4146125021,2025-04-01
경기도,용인시 처인구,포곡읍,금어리,31191110,4146125000,4146125022,2025-04-01
경기도,양평군,양동면,매월리,31580380,4183038000,4183038023,2025-04-01
경기도,김포시,하성면,마근포리,31230360,4157036000,4157036032,2025-04-01
경기도,평택시,고덕동,고덕동,31070690,4122066000,4122012800,2025-04-01
경기도,의왕시,부곡동,이동,31170520,4143052000,4143010200,2025-04-01
경기도,의왕시,부곡동,삼동,31170520,4143052000,4143010300,2025-04-01
경기도,의왕시,고천동,왕곡동,31170510,4143051000,4143010400,2025-04-01
경기도,양평군,양동면,석곡리,31580380,4183038000,4183038022,2025-04-01
경기도,양평군,강하면,전수리,31580320,4183032000,4183032026,2025-04-01
경기도,양평군,양서면,양서면,31580330,4183033000,4183033000,2025-04-01
경기도,양평군,양서면,양수리,31580330,4183033000,4183033021,2025-04-01
경기도,양평군,양서면,용담리,31580330,4183033000,4183033022,2025-04-01
경기도,양평군,양서면,부용리,31580330,4183033000,4183033023,2025-04-01
경기도,시흥시,거북섬동,정왕동,31150760,4139065000,4139013200,2025-04-01
경기도,안성시,죽산면,매산리,31220400,4155040000,4155040022,2025-04-01
경기도,포천시,가산면,가산면,31270330,4165033000,4165033000,2025-04-01
경기도,포천시,가산면,마산리,31270330,4165033000,4165033021,2025-04-01
경기도,용인시 기흥구,신갈동,신갈동,31192610,4146351000,4146310100,2025-04-01
경기도,용인시 기흥구,구갈동,구갈동,31192520,4146352000,4146310200,2025-04-01
경기도,용인시 기흥구,상갈동,상갈동,31192650,4146353000,4146310300,2025-04-01
경기도,안성시,금광면,상중리,31220320,4155032000,4155032024,2025-04-01
경기도,안성시,금광면,금광리,31220320,4155032000,4155032025,2025-04-01
경기도,안성시,금광면,현곡리,31220320,4155032000,4155032026,2025-04-01
경기도,안성시,금광면,삼흥리,31220320,4155032000,4155032027,2025-04-01
경기도,안성시,금광면,사흥리,31220320,4155032000,4155032028,2025-04-01
경기도,여주시,오학동,현암동,31280530,4167053000,4167012200,2025-04-01
경기도,안산시 상록구,본오2동,본오동,31091550,4127155000,4127110400,2025-04-01
경기도,용인시 기흥구,서농동,농서동,31192550,4146355000,4146310900,2025-04-01
경기도,화성시,화산동,황계동,31240570,4159057000,4159012200,2025-04-01
경기도,경기도,경기도,경기도,31,4100000000,4100000000,2025-04-01
경기도,수원시,수원시,수원시,31010,4111000000,4111000000,2025-04-01
경기도,광명시,철산4동,철산동,31060610,4121062000,4121010200,2025-04-01
경기도,광명시,하안1동,하안동,31060620,4121063100,4121010300,2025-04-01
경기도,용인시 기흥구,영덕2동,하갈동,31192640,4146351700,4146310400,2025-04-01
경기도,안양시 동안구,부흥동,비산동,31042540,4117354000,4117310100,2025-04-01
경기도,안양시 동안구,달안동,비산동,31042550,4117354600,4117310100,2025-04-01
경기도,안양시 동안구,관양동,관양동,31042681,4117355200,4117310200,2025-04-01
경기도,안양시 동안구,인덕원동,관양동,31042691,4117355900,4117310200,2025-04-01
경기도,안양시 동안구,부림동,관양동,31042580,4117356600,4117310200,2025-04-01
경기도,안양시 동안구,평촌동,평촌동,31042590,4117357000,4117310300,2025-04-01
경기도,안양시 동안구,귀인동,평촌동,31042610,4117357800,4117310300,2025-04-01
경기도,광명시,소하1동,소하동,31060660,4121064000,4121010400,2025-04-01
경기도,광명시,학온동,노온사동,31060680,4121066000,4121010500,2025-04-01
경기도,광명시,일직동,일직동,31060700,4121065500,4121010600,2025-04-01
경기도,파주시,교하동,연다산동,31200511,4148054000,4148012100,2025-04-01
경기도,가평군,청평면,청평면,31570320,4182032500,4182032500,2025-04-01
경기도,가평군,청평면,청평리,31570320,4182032500,4182032521,2025-04-01
경기도,가평군,청평면,상천리,31570320,4182032500,4182032522,2025-04-01
경기도,가평군,청평면,하천리,31570320,4182032500,4182032523,2025-04-01
경기도,파주시,운정5동,다율동,31200515,4148059000,4148010900,2025-04-01
경기도,파주시,운정5동,동패동,31200515,4148059000,4148011300,2025-04-01
경기도,파주시,운정5동,문발동,31200515,4148059000,4148011500,2025-04-01
경기도,파주시,운정5동,신촌동,31200515,4148059000,4148012000,2025-04-01
경기도,파주시,운정5동,연다산동,31200515,4148059000,4148012100,2025-04-01
경기도,파주시,운정6동,다율동,31200516,4148060000,4148010900,2025-04-01
경기도,파주시,운정6동,동패동,31200516,4148060000,4148011300,2025-04-01
경기도,파주시,운정6동,목동동,31200516,4148060000,4148011700,2025-04-01
경기도,용인시 처인구,백암면,가좌리,31191350,4146135000,4146135033,2025-04-01
경기도,파주시,운정1동,와동동,31200512,4148055000,4148012200,2025-04-01
경기도,안성시,안성3동,신모산동,31220530,4155053000,4155013000,2025-04-01
경기도,안성시,안성1동,현수동,31220510,4155051000,4155013100,2025-04-01
경기도,평택시,팽성읍,평궁리,31070110,4122025000,4122025025,2025-04-01
경기도,평택시,팽성읍,신궁리,31070110,4122025000,4122025026,2025-04-01
경기도,평택시,팽성읍,두리,31070110,4122025000,4122025027,2025-04-01
경기도,평택시,팽성읍,신호리,31070110,4122025000,4122025028,2025-04-01
경기도,평택시,팽성읍,근내리,31070110,4122025000,4122025029,2025-04-01
경기도,평택시,팽성읍,석봉리,31070110,4122025000,4122025030,2025-04-01
경기도,평택시,팽성읍,원정리,31070110,4122025000,4122025031,2025-04-01
경기도,평택시,팽성읍,도두리,31070110,4122025000,4122025032,2025-04-01
경기도,양평군,양평읍,창대리,31580110,4183025000,4183025032,2025-04-01
경기도,양평군,강상면,강상면,31580310,4183031000,4183031000,2025-04-01
경기도,용인시 처인구,포곡읍,가실리,31191110,4146125000,4146125026,2025-04-01
경기도,용인시 처인구,포곡읍,전대리,31191110,4146125000,4146125027,2025-04-01
경기도,양평군,양서면,신원리,31580330,4183033000,4183033025,2025-04-01
경기도,용인시 처인구,동부동,운학동,31191540,4146154000,4146110800,2025-04-01
경기도,여주시,흥천면,상백리,31280330,4167032000,4167032029,2025-04-01
경기도,여주시,흥천면,귀백리,31280330,4167032000,4167032030,2025-04-01
경기도,여주시,흥천면,율극리,31280330,4167032000,4167032031,2025-04-01
경기도,여주시,흥천면,효지리,31280330,4167032000,4167032032,2025-04-01
경기도,여주시,흥천면,대당리,31280330,4167032000,4167032033,2025-04-01
경기도,여주시,흥천면,신근리,31280330,4167032000,4167032034,2025-04-01
경기도,용인시 처인구,이동읍,이동읍,31191130,4146125600,4146125600,2025-04-01
경기도,용인시 처인구,이동읍,송전리,31191130,4146125600,4146125621,2025-04-01
경기도,용인시 처인구,이동읍,어비리,31191130,4146125600,4146125622,2025-04-01
경기도,양평군,용문면,마룡리,31580400,4183040000,4183040021,2025-04-01
경기도,수원시 장안구,연무동,상광교동,31011610,4111160000,4111113800,2025-04-01
경기도,수원시 장안구,연무동,하광교동,31011610,4111160000,4111113900,2025-04-01
경기도,수원시 권선구,수원시 권선구,수원시권선구,31012,4111300000,4111300000,2025-04-01
경기도,수원시 권선구,세류3동,세류동,31012540,4111354000,4111312600,2025-04-01
경기도,여주시,점동면,당진리,31280310,4167031000,4167031028,2025-04-01
경기도,연천군,청산면,대전리,31550320,4180032000,4180032022,2025-04-01
경기도,연천군,청산면,장탄리,31550320,4180032000,4180032023,2025-04-01
경기도,연천군,청산면,궁평리,31550320,4180032000,4180032024,2025-04-01
경기도,화성시,팔탄면,화당리,31240380,4159036000,4159036033,2025-04-01
경기도,용인시 기흥구,서농동,서천동,31192550,4146355000,4146311000,2025-04-01
경기도,파주시,적성면,율포리,31200370,4148037000,4148037028,2025-04-01
경기도,파주시,적성면,답곡리,31200370,4148037000,4148037029,2025-04-01
경기도,파주시,적성면,식현리,31200370,4148037000,4148037030,2025-04-01
경기도,파주시,적성면,주월리,31200370,4148037000,4148037031,2025-04-01
경기도,파주시,적성면,설마리,31200370,4148037000,4148037032,2025-04-01
경기도,파주시,적성면,적암리,31200370,4148037000,4148037033,2025-04-01
경기도,파주시,적성면,두지리,31200370,4148037000,4148037034,2025-04-01
경기도,파주시,적성면,마지리,31200370,4148037000,4148037035,2025-04-01
경기도,성남시 중원구,도촌동,갈현동,31022610,4113367000,4113310800,2025-04-01
경기도,성남시 중원구,하대원동,하대원동,31022600,4113366000,4113310900,2025-04-01
경기도,성남시 중원구,중앙동,중앙동,31022620,4113352500,4113313200,2025-04-01
경기도,성남시 분당구,성남시 분당구,성남시분당구,31023,4113500000,4113500000,2025-04-01
경기도,시흥시,대야동,계수동,31150510,4139051000,4139011300,2025-04-01
경기도,시흥시,능곡동,화정동,31150670,4139064000,4139011700,2025-04-01
경기도,남양주시,양정동,일패동,31130540,4136054000,4136010400,2025-04-01
경기도,남양주시,양정동,이패동,31130540,4136054000,4136010500,2025-04-01
경기도,남양주시,양정동,삼패동,31130540,4136054000,4136010600,2025-04-01
경기도,안성시,삼죽면,진촌리,31220410,4155041000,4155041027,2025-04-01
경기도,용인시 수지구,성복동,성복동,31193590,4146559000,4146510600,2025-04-01
경기도,안성시,대덕면,토현리,31220350,4155035000,4155035022,2025-04-01
경기도,안양시 만안구,안양4동,안양동,31041540,4117154000,4117110100,2025-04-01
경기도,안양시 만안구,안양2동,안양동,31041520,4117152000,4117110100,2025-04-01
경기도,연천군,미산면,삼화리,31550340,4180034000,4180034028,2025-04-01
경기도,연천군,왕징면,왕징면,31550350,4180035000,4180035000,2025-04-01
경기도,파주시,월롱면,월롱면,31200310,4148031000,4148031000,2025-04-01
경기도,남양주시,별내면,광전리,31130310,4136031000,4136031023,2025-04-01
경기도,남양주시,수동면,수동면,31130340,4136034000,4136034000,2025-04-01
경기도,남양주시,수동면,운수리,31130340,4136034000,4136034021,2025-04-01
경기도,평택시,팽성읍,노양리,31070110,4122025000,4122025036,2025-04-01
경기도,평택시,팽성읍,노성리,31070110,4122025000,4122025037,2025-04-01
경기도,수원시 영통구,매탄4동,매탄동,31014540,4111754000,4111710100,2025-04-01
경기도,수원시 영통구,매탄1동,매탄동,31014510,4111751000,4111710100,2025-04-01
경기도,수원시 영통구,매탄3동,매탄동,31014530,4111753000,4111710100,2025-04-01
경기도,수원시 영통구,원천동,원천동,31014600,4111755000,4111710200,2025-04-01
경기도,수원시 영통구,광교1동,이의동,31014620,4111760000,4111710300,2025-04-01
경기도,고양시 일산동구,고양시 일산동구,고양시일산동구,31103,4128500000,4128500000,2025-04-01
경기도,고양시 일산동구,식사동,식사동,31103510,4128551000,4128510100,2025-04-01
경기도,고양시 일산동구,중산1동,중산동,31103511,4128552500,4128510200,2025-04-01
경기도,안양시 만안구,안양1동,안양동,31041510,4117151000,4117110100,2025-04-01
경기도,안산시 단원구,신길동,원곡동,31092770,4127356500,4127310800,2025-04-01
경기도,남양주시,별내면,용암리,31130310,4136031000,4136031022,2025-04-01
경기도,용인시 기흥구,용인시 기흥구,용인시기흥구,31192,4146300000,4146300000,2025-04-01
경기도,화성시,서신면,용두리,31240370,4159035000,4159035030,2025-04-01
경기도,화성시,서신면,궁평리,31240370,4159035000,4159035031,2025-04-01
경기도,화성시,서신면,백미리,31240370,4159035000,4159035032,2025-04-01
경기도,화성시,팔탄면,팔탄면,31240380,4159036000,4159036000,2025-04-01
경기도,화성시,팔탄면,하저리,31240380,4159036000,4159036021,2025-04-01
경기도,화성시,팔탄면,창곡리,31240380,4159036000,4159036022,2025-04-01
경기도,화성시,팔탄면,기천리,31240380,4159036000,4159036023,2025-04-01
경기도,의정부시,의정부1동,가능동,31030690,4115051000,4115011000,2025-04-01
경기도,의정부시,가능동,가능동,31030680,4115059500,4115011000,2025-04-01
경기도,김포시,월곶면,성동리,31230350,4157035000,4157035026,2025-04-01
경기도,김포시,월곶면,보구곶리,31230350,4157035000,4157035027,2025-04-01
경기도,고양시 덕양구,삼송1동,오금동,31101512,4128157600,4128111000,2025-04-01
경기도,고양시 덕양구,삼송1동,삼송동,31101512,4128157600,4128111100,2025-04-01
경기도,고양시 덕양구,창릉동,동산동,31101580,4128158000,4128111200,2025-04-01
경기도,고양시 덕양구,창릉동,용두동,31101580,4128158000,4128111300,2025-04-01
경기도,안성시,보개면,기좌리,31220310,4155031000,4155031022,2025-04-01
경기도,안성시,보개면,북좌리,31220310,4155031000,4155031023,2025-04-01
경기도,안성시,보개면,상삼리,31220310,4155031000,4155031024,2025-04-01
경기도,안성시,보개면,신장리,31220310,4155031000,4155031025,2025-04-01
경기도,양평군,양평읍,공흥리,31580110,4183025000,4183025025,2025-04-01
경기도,양평군,양평읍,백안리,31580110,4183025000,4183025026,2025-04-01
경기도,양평군,양평읍,도곡리,31580110,4183025000,4183025027,2025-04-01
경기도,양평군,양평읍,대흥리,31580110,4183025000,4183025028,2025-04-01
