year,dong_code,sido_name,sigungu_name,dong_name,population
2019,1111051500,서울특별시,종로구,청운효자동,12734
2019,1111053000,서울특별시,종로구,사직동,9535
2019,1111054000,서울특별시,종로구,삼청동,2758
2019,1111055000,서울특별시,종로구,부암동,10100
2019,1111056000,서울특별시,종로구,평창동,18659
2019,1111057000,서울특별시,종로구,무악동,8695
2019,1111058000,서울특별시,종로구,교남동,10562
2019,1111060000,서울특별시,종로구,가회동,4383
2019,1111061500,서울특별시,종로구,종로1.2.3.4가동,7227
2019,1111063000,서울특별시,종로구,종로5.6가동,5343
2019,1111064000,서울특별시,종로구,이화동,7847
2019,1111065000,서울특별시,종로구,혜화동,16925
2019,1111067000,서울특별시,종로구,창신제1동,5243
2019,1111068000,서울특별시,종로구,창신제2동,8550
2019,1111069000,서울특별시,종로구,창신제3동,7106
2019,1111070000,서울특별시,종로구,숭인제1동,6189
2019,1111071000,서울특별시,종로구,숭인제2동,9434
2019,1114052000,서울특별시,중구,소공동,2050
2019,1114054000,서울특별시,중구,회현동,5245
2019,1114055000,서울특별시,중구,명동,2936
2019,1114057000,서울특별시,중구,필동,3995
2019,1114058000,서울특별시,중구,장충동,4708
2019,1114059000,서울특별시,중구,광희동,4905
2019,1114060500,서울특별시,중구,을지로동,1802
2019,1114061500,서울특별시,중구,신당동,7526
2019,1114062500,서울특별시,중구,다산동,14526
2019,1114063500,서울특별시,중구,약수동,17525
2019,1114064500,서울특별시,중구,청구동,14297
2019,1114065000,서울특별시,중구,신당제5동,10554
2019,1114066500,서울특별시,중구,동화동,10830
2019,1114067000,서울특별시,중구,황학동,12650
2019,1114068000,서울특별시,중구,중림동,12622
2019,1117051000,서울특별시,용산구,후암동,17896
2019,1117052000,서울특별시,용산구,용산2가동,10402
2019,1117053000,서울특별시,용산구,남영동,7771
2019,1117055500,서울특별시,용산구,청파동,19831
2019,1117056000,서울특별시,용산구,원효로제1동,15991
2019,1117057000,서울특별시,용산구,원효로제2동,14562
2019,1117058000,서울특별시,용산구,효창동,10178
2019,1117059000,서울특별시,용산구,용문동,12444
2019,1117062500,서울특별시,용산구,한강로동,17990
2019,1117063000,서울특별시,용산구,이촌제1동,28342
2019,1117064000,서울특별시,용산구,이촌제2동,8900
2019,1117065000,서울특별시,용산구,이태원제1동,6861
2019,1117066000,서울특별시,용산구,이태원제2동,9254
2019,1117068500,서울특별시,용산구,한남동,20634
2019,1117069000,서울특별시,용산구,서빙고동,13329
2019,1117070000,서울특별시,용산구,보광동,14285
2019,1120052000,서울특별시,성동구,왕십리제2동,17330
2019,1120053500,서울특별시,성동구,왕십리도선동,27270
2019,1120054000,서울특별시,성동구,마장동,23304
2019,1120055000,서울특별시,성동구,사근동,11702
2019,1120056000,서울특별시,성동구,행당제1동,15993
2019,1120057000,서울특별시,성동구,행당제2동,24554
2019,1120058000,서울특별시,성동구,응봉동,16120
2019,1120059000,서울특별시,성동구,금호1가동,15853
2019,1120061500,서울특별시,성동구,금호2.3가동,23964
2019,1120062000,서울특별시,성동구,금호4가동,15078
2019,1120064500,서울특별시,성동구,옥수동,26946
2019,1120065000,서울특별시,성동구,성수1가제1동,16831
2019,1120066000,서울특별시,성동구,성수1가제2동,14338
2019,1120067000,서울특별시,성동구,성수2가제1동,17072
2019,1120069000,서울특별시,성동구,성수2가제3동,11342
2019,1120072000,서울특별시,성동구,송정동,10960
2019,1120079000,서울특별시,성동구,용답동,12232
2019,1121571000,서울특별시,광진구,화양동,22057
2019,1121573000,서울특별시,광진구,군자동,19866
2019,1121574000,서울특별시,광진구,중곡제1동,15832
2019,1121575000,서울특별시,광진구,중곡제2동,22225
2019,1121576000,서울특별시,광진구,중곡제3동,17062
2019,1121577000,서울특별시,광진구,중곡제4동,30115
2019,1121578000,서울특별시,광진구,능동,11595
2019,1121581000,서울특별시,광진구,광장동,35893
2019,1121582000,서울특별시,광진구,자양제1동,23045
2019,1121583000,서울특별시,광진구,자양제2동,26460
2019,1121584000,서울특별시,광진구,자양제3동,29190
2019,1121584700,서울특별시,광진구,자양제4동,18454
2019,1121585000,서울특별시,광진구,구의제1동,22319
2019,1121586000,서울특별시,광진구,구의제2동,27444
2019,1121587000,서울특별시,광진구,구의제3동,29793
2019,1123053600,서울특별시,동대문구,용신동,30608
2019,1123054500,서울특별시,동대문구,제기동,24934
2019,1123056000,서울특별시,동대문구,전농제1동,30538
2019,1123057000,서울특별시,동대문구,전농제2동,19500
2019,1123060000,서울특별시,동대문구,답십리제1동,29352
2019,1123061000,서울특별시,동대문구,답십리제2동,30158
2019,1123065000,서울특별시,동대문구,장안제1동,38503
2019,1123066000,서울특별시,동대문구,장안제2동,32724
2019,1123070500,서울특별시,동대문구,청량리동,21157
2019,1123071000,서울특별시,동대문구,회기동,10321
2019,1123072000,서울특별시,동대문구,휘경제1동,14542
2019,1123073000,서울특별시,동대문구,휘경제2동,24330
2019,1123074000,서울특별시,동대문구,이문제1동,18845
2019,1123075000,서울특별시,동대문구,이문제2동,20682
2019,1126052000,서울특별시,중랑구,면목제2동,25597
2019,1126054000,서울특별시,중랑구,면목제4동,19755
2019,1126055000,서울특별시,중랑구,면목제5동,9700
2019,1126056500,서울특별시,중랑구,면목본동,35341
2019,1126057000,서울특별시,중랑구,면목제7동,21872
2019,1126057500,서울특별시,중랑구,면목제3.8동,26141
2019,1126058000,서울특별시,중랑구,상봉제1동,25334
2019,1126059000,서울특별시,중랑구,상봉제2동,19511
2019,1126060000,서울특별시,중랑구,중화제1동,20726
2019,1126061000,서울특별시,중랑구,중화제2동,26720
2019,1126062000,서울특별시,중랑구,묵제1동,35836
2019,1126063000,서울특별시,중랑구,묵제2동,19664
2019,1126065500,서울특별시,중랑구,망우본동,30711
2019,1126066000,서울특별시,중랑구,망우제3동,17574
2019,1126068000,서울특별시,중랑구,신내1동,40717
2019,1126069000,서울특별시,중랑구,신내2동,21816
2019,1129052500,서울특별시,성북구,성북동,17054
2019,1129055500,서울특별시,성북구,삼선동,25337
2019,1129057500,서울특별시,성북구,동선동,15425
2019,1129058000,서울특별시,성북구,돈암제1동,15818
2019,1129059000,서울특별시,성북구,돈암제2동,24928
2019,1129060000,서울특별시,성북구,안암동,15406
2019,1129061000,서울특별시,성북구,보문동,16281
2019,1129062000,서울특별시,성북구,정릉제1동,18941
2019,1129063000,서울특별시,성북구,정릉제2동,23549
2019,1129064000,서울특별시,성북구,정릉제3동,15635
2019,1129065000,서울특별시,성북구,정릉제4동,26391
2019,1129066000,서울특별시,성북구,길음제1동,36881
2019,1129068500,서울특별시,성북구,길음제2동,16486
2019,1129070500,서울특별시,성북구,종암동,40190
2019,1129071500,서울특별시,성북구,월곡제1동,27325
2019,1129072500,서울특별시,성북구,월곡제2동,19947
2019,1129076000,서울특별시,성북구,장위제1동,20388
2019,1129077000,서울특별시,성북구,장위제2동,13732
2019,1129078000,서울특별시,성북구,장위제3동,17366
2019,1129081000,서울특별시,성북구,석관동,35570
2019,1130553400,서울특별시,강북구,삼양동,25345
2019,1130553500,서울특별시,강북구,미아동,22289
2019,1130554500,서울특별시,강북구,송중동,30549
2019,1130555500,서울특별시,강북구,송천동,28141
2019,1130557500,서울특별시,강북구,삼각산동,32767
2019,1130559500,서울특별시,강북구,번1동,19204
2019,1130560300,서울특별시,강북구,번2동,16967
2019,1130560800,서울특별시,강북구,번3동,18165
2019,1130561500,서울특별시,강북구,수유1동,21568
2019,1130562500,서울특별시,강북구,수유2동,21798
2019,1130563500,서울특별시,강북구,수유3동,23684
2019,1130564500,서울특별시,강북구,우이동,21247
2019,1130566000,서울특별시,강북구,인수동,32230
2019,1132051100,서울특별시,도봉구,창제1동,26101
2019,1132051200,서울특별시,도봉구,창제2동,30217
2019,1132051300,서울특별시,도봉구,창제3동,14678
2019,1132051400,서울특별시,도봉구,창제4동,27774
2019,1132051500,서울특별시,도봉구,창제5동,25684
2019,1132052100,서울특별시,도봉구,도봉제1동,22141
2019,1132052200,서울특별시,도봉구,도봉제2동,28564
2019,1132066000,서울특별시,도봉구,쌍문제1동,22112
2019,1132067000,서울특별시,도봉구,쌍문제2동,19825
2019,1132068000,서울특별시,도봉구,쌍문제3동,17086
2019,1132068100,서울특별시,도봉구,쌍문제4동,19766
2019,1132069000,서울특별시,도봉구,방학제1동,29761
2019,1132070000,서울특별시,도봉구,방학제2동,20950
2019,1132071000,서울특별시,도봉구,방학제3동,28703
2019,1135056000,서울특별시,노원구,월계1동,23200
2019,1135057000,서울특별시,노원구,월계2동,27140
2019,1135058000,서울특별시,노원구,월계3동,31396
2019,1135059500,서울특별시,노원구,공릉1동,38323
2019,1135060000,서울특별시,노원구,공릉2동,40443
2019,1135061100,서울특별시,노원구,하계1동,28687
2019,1135061200,서울특별시,노원구,하계2동,23258
2019,1135061900,서울특별시,노원구,중계본동,25804
2019,1135062100,서울특별시,노원구,중계1동,27979
2019,1135062400,서울특별시,노원구,중계4동,21259
2019,1135062500,서울특별시,노원구,중계2.3동,36609
2019,1135063000,서울특별시,노원구,상계1동,39955
2019,1135064000,서울특별시,노원구,상계2동,21044
2019,1135066500,서울특별시,노원구,상계3.4동,25697
2019,1135067000,서울특별시,노원구,상계5동,25335
2019,1135069500,서울특별시,노원구,상계6.7동,34492
2019,1135070000,서울특별시,노원구,상계8동,23904
2019,1135071000,서울특별시,노원구,상계9동,21825
2019,1135072000,서울특별시,노원구,상계10동,16555
2019,1138051000,서울특별시,은평구,녹번동,37959
2019,1138052000,서울특별시,은평구,불광제1동,40610
2019,1138053000,서울특별시,은평구,불광제2동,29249
2019,1138055100,서울특별시,은평구,갈현제1동,24288
2019,1138055200,서울특별시,은평구,갈현제2동,29771
2019,1138056000,서울특별시,은평구,구산동,33570
2019,1138057000,서울특별시,은평구,대조동,27522
2019,1138058000,서울특별시,은평구,응암제1동,25338
2019,1138059000,서울특별시,은평구,응암제2동,25241
2019,1138060000,서울특별시,은평구,응암제3동,25700
2019,1138062500,서울특별시,은평구,역촌동,48071
2019,1138063100,서울특별시,은평구,신사제1동,28320
2019,1138063200,서울특별시,은평구,신사제2동,21727
2019,1138064000,서울특별시,은평구,증산동,16027
2019,1138065000,서울특별시,은평구,수색동,8878
2019,1138069000,서울특별시,은평구,진관동,57761
2019,1141052000,서울특별시,서대문구,천연동,18393
2019,1141055500,서울특별시,서대문구,북아현동,17094
2019,1141056500,서울특별시,서대문구,충현동,17649
2019,1141058500,서울특별시,서대문구,신촌동,18703
2019,1141061500,서울특별시,서대문구,연희동,38054
2019,1141062000,서울특별시,서대문구,홍제제1동,24701
2019,1141064000,서울특별시,서대문구,홍제제3동,16245
2019,1141065500,서울특별시,서대문구,홍제제2동,14444
2019,1141066000,서울특별시,서대문구,홍은제1동,22556
2019,1141068500,서울특별시,서대문구,홍은제2동,27571
2019,1141069000,서울특별시,서대문구,남가좌제1동,16602
2019,1141070000,서울특별시,서대문구,남가좌제2동,24939
2019,1141071000,서울특별시,서대문구,북가좌제1동,19010
2019,1141072000,서울특별시,서대문구,북가좌제2동,33436
2019,1144055500,서울특별시,마포구,아현동,24856
2019,1144056500,서울특별시,마포구,공덕동,39776
2019,1144058500,서울특별시,마포구,도화동,22311
2019,1144059000,서울특별시,마포구,용강동,21920
2019,1144060000,서울특별시,마포구,대흥동,11548
2019,1144061000,서울특별시,마포구,염리동,12495
2019,1144063000,서울특별시,마포구,신수동,23353
2019,1144065500,서울특별시,마포구,서강동,25165
2019,1144066000,서울특별시,마포구,서교동,24152
2019,1144068000,서울특별시,마포구,합정동,18721
2019,1144069000,서울특별시,마포구,망원제1동,21477
2019,1144070000,서울특별시,마포구,망원제2동,19182
2019,1144071000,서울특별시,마포구,연남동,15849
2019,1144072000,서울특별시,마포구,성산제1동,19769
2019,1144073000,서울특별시,마포구,성산제2동,41236
2019,1144074000,서울특별시,마포구,상암동,32225
2019,1147051000,서울특별시,양천구,목1동,31940
2019,1147052000,서울특별시,양천구,목2동,31191
2019,1147053000,서울특별시,양천구,목3동,22904
2019,1147054000,서울특별시,양천구,목4동,26669
2019,1147055000,서울특별시,양천구,목5동,42885
2019,1147056000,서울특별시,양천구,신월1동,21430
2019,1147057000,서울특별시,양천구,신월2동,21931
2019,1147058000,서울특별시,양천구,신월3동,16475
2019,1147059000,서울특별시,양천구,신월4동,18932
2019,1147060000,서울특별시,양천구,신월5동,15408
2019,1147061000,서울특별시,양천구,신월6동,6573
2019,1147061100,서울특별시,양천구,신월7동,21460
2019,1147062000,서울특별시,양천구,신정1동,21412
2019,1147063000,서울특별시,양천구,신정2동,20500
2019,1147064000,서울특별시,양천구,신정3동,47718
2019,1147065000,서울특별시,양천구,신정4동,34763
2019,1147067000,서울특별시,양천구,신정6동,25279
2019,1147068000,서울특별시,양천구,신정7동,30695
2019,1150051000,서울특별시,강서구,염창동,42455
2019,1150052000,서울특별시,강서구,등촌제1동,23496
2019,1150053000,서울특별시,강서구,등촌제2동,21736
2019,1150053500,서울특별시,강서구,등촌제3동,32310
2019,1150054000,서울특별시,강서구,화곡제1동,53420
2019,1150055000,서울특별시,강서구,화곡제2동,19163
2019,1150056000,서울특별시,강서구,화곡제3동,22536
2019,1150057000,서울특별시,강서구,화곡제4동,21674
2019,1150059000,서울특별시,강서구,화곡본동,35485
2019,1150059100,서울특별시,강서구,화곡제6동,24900
2019,1150059300,서울특별시,강서구,화곡제8동,25996
2019,1150060300,서울특별시,강서구,가양제1동,33806
2019,1150060400,서울특별시,강서구,가양제2동,15052
2019,1150060500,서울특별시,강서구,가양제3동,16086
2019,1150061100,서울특별시,강서구,발산제1동,38348
2019,1150061500,서울특별시,강서구,우장산동,44578
2019,1150062000,서울특별시,강서구,공항동,27372
2019,1150063000,서울특별시,강서구,방화제1동,45356
2019,1150064000,서울특별시,강서구,방화제2동,23716
2019,1150064100,서울특별시,강서구,방화제3동,24311
2019,1153051000,서울특별시,구로구,신도림동,36849
2019,1153052000,서울특별시,구로구,구로제1동,21621
2019,1153053000,서울특별시,구로구,구로제2동,25313
2019,1153054000,서울특별시,구로구,구로제3동,24280
2019,1153055000,서울특별시,구로구,구로제4동,20911
2019,1153056000,서울특별시,구로구,구로제5동,29812
2019,1153059500,서울특별시,구로구,가리봉동,9350
2019,1153072000,서울특별시,구로구,고척제1동,23706
2019,1153073000,서울특별시,구로구,고척제2동,28334
2019,1153074000,서울특별시,구로구,개봉제1동,32720
2019,1153075000,서울특별시,구로구,개봉제2동,32523
2019,1153076000,서울특별시,구로구,개봉제3동,21500
2019,1153077000,서울특별시,구로구,오류제1동,22563
2019,1153078000,서울특별시,구로구,오류제2동,52659
2019,1153079000,서울특별시,구로구,수궁동,24523
2019,1154551000,서울특별시,금천구,가산동,21027
2019,1154561000,서울특별시,금천구,독산제1동,41421
2019,1154562000,서울특별시,금천구,독산제2동,19444
2019,1154563000,서울특별시,금천구,독산제3동,25161
2019,1154564000,서울특별시,금천구,독산제4동,15996
2019,1154567000,서울특별시,금천구,시흥제1동,34335
2019,1154568000,서울특별시,금천구,시흥제2동,22541
2019,1154569000,서울특별시,금천구,시흥제3동,11360
2019,1154570000,서울특별시,금천구,시흥제4동,21360
2019,1154571000,서울특별시,금천구,시흥제5동,20165
2019,1156051500,서울특별시,영등포구,영등포본동,21950
2019,1156053500,서울특별시,영등포구,영등포동,26450
2019,1156054000,서울특별시,영등포구,여의동,34222
2019,1156055000,서울특별시,영등포구,당산제1동,20989
2019,1156056000,서울특별시,영등포구,당산제2동,35883
2019,1156058500,서울특별시,영등포구,도림동,18636
2019,1156060500,서울특별시,영등포구,문래동,31735
2019,1156061000,서울특별시,영등포구,양평제1동,17900
2019,1156062000,서울특별시,영등포구,양평제2동,22541
2019,1156063000,서울특별시,영등포구,신길제1동,17664
2019,1156065000,서울특별시,영등포구,신길제3동,17335
2019,1156066000,서울특별시,영등포구,신길제4동,8977
2019,1156067000,서울특별시,영등포구,신길제5동,9055
2019,1156068000,서울특별시,영등포구,신길제6동,18198
2019,1156069000,서울특별시,영등포구,신길제7동,16855
2019,1156070000,서울특별시,영등포구,대림제1동,12885
2019,1156071000,서울특별시,영등포구,대림제2동,12673
2019,1156072000,서울특별시,영등포구,대림제3동,23730
2019,1159051000,서울특별시,동작구,노량진제1동,32202
2019,1159052000,서울특별시,동작구,노량진제2동,12784
2019,1159053000,서울특별시,동작구,상도제1동,45819
2019,1159054000,서울특별시,동작구,상도제2동,28872
2019,1159055000,서울특별시,동작구,상도제3동,25626
2019,1159056000,서울특별시,동작구,상도제4동,29468
2019,1159060500,서울특별시,동작구,흑석동,32777
2019,1159062000,서울특별시,동작구,사당제1동,23363
2019,1159063000,서울특별시,동작구,사당제2동,27796
2019,1159064000,서울특별시,동작구,사당제3동,25744
2019,1159065000,서울특별시,동작구,사당제4동,14714
2019,1159065100,서울특별시,동작구,사당제5동,12760
2019,1159066000,서울특별시,동작구,대방동,39725
2019,1159067000,서울특별시,동작구,신대방제1동,23894
2019,1159068000,서울특별시,동작구,신대방제2동,20419
2019,1162052500,서울특별시,관악구,보라매동,25147
2019,1162054500,서울특별시,관악구,청림동,16144
2019,1162056500,서울특별시,관악구,성현동,30968
2019,1162057500,서울특별시,관악구,행운동,29526
2019,1162058500,서울특별시,관악구,낙성대동,16876
2019,1162059500,서울특별시,관악구,청룡동,33075
2019,1162060500,서울특별시,관악구,은천동,34671
2019,1162061500,서울특별시,관악구,중앙동,15458
2019,1162062500,서울특별시,관악구,인헌동,26703
2019,1162063000,서울특별시,관악구,남현동,18780
2019,1162064500,서울특별시,관악구,서원동,23194
2019,1162065500,서울특별시,관악구,신원동,18510
2019,1162066500,서울특별시,관악구,서림동,23727
2019,1162068500,서울특별시,관악구,신사동,22862
2019,1162069500,서울특별시,관악구,신림동,21645
2019,1162071500,서울특별시,관악구,난향동,16275
2019,1162072500,서울특별시,관악구,조원동,17530
2019,1162073500,서울특별시,관악구,대학동,23549
2019,1162074500,서울특별시,관악구,삼성동,25041
2019,1162076500,서울특별시,관악구,미성동,32067
2019,1162077500,서울특별시,관악구,난곡동,28346
2019,1165051000,서울특별시,서초구,서초1동,21358
2019,1165052000,서울특별시,서초구,서초2동,18508
2019,1165053000,서울특별시,서초구,서초3동,30631
2019,1165053100,서울특별시,서초구,서초4동,31687
2019,1165054000,서울특별시,서초구,잠원동,34914
2019,1165055000,서울특별시,서초구,반포본동,12122
2019,1165056000,서울특별시,서초구,반포1동,32868
2019,1165057000,서울특별시,서초구,반포2동,16208
2019,1165058000,서울특별시,서초구,반포3동,20329
2019,1165058100,서울특별시,서초구,반포4동,19665
2019,1165059000,서울특별시,서초구,방배본동,21383
2019,1165060000,서울특별시,서초구,방배1동,17388
2019,1165061000,서울특별시,서초구,방배2동,20803
2019,1165062000,서울특별시,서초구,방배3동,22290
2019,1165062100,서울특별시,서초구,방배4동,23785
2019,1165065100,서울특별시,서초구,양재1동,45569
2019,1165065200,서울특별시,서초구,양재2동,22900
2019,1165066000,서울특별시,서초구,내곡동,18418
2019,1168051000,서울특별시,강남구,신사동,17254
2019,1168052100,서울특별시,강남구,논현1동,23149
2019,1168053100,서울특별시,강남구,논현2동,21597
2019,1168054500,서울특별시,강남구,압구정동,27542
2019,1168056500,서울특별시,강남구,청담동,29862
2019,1168058000,서울특별시,강남구,삼성1동,14659
2019,1168059000,서울특별시,강남구,삼성2동,30440
2019,1168060000,서울특별시,강남구,대치1동,25256
2019,1168061000,서울특별시,강남구,대치2동,38494
2019,1168063000,서울특별시,강남구,대치4동,20526
2019,1168064000,서울특별시,강남구,역삼1동,36003
2019,1168065000,서울특별시,강남구,역삼2동,37005
2019,1168065500,서울특별시,강남구,도곡1동,22467
2019,1168065600,서울특별시,강남구,도곡2동,34324
2019,1168066000,서울특별시,강남구,개포1동,6895
2019,1168067000,서울특별시,강남구,개포2동,22001
2019,1168069000,서울특별시,강남구,개포4동,18236
2019,1168070000,서울특별시,강남구,세곡동,44868
2019,1168072000,서울특별시,강남구,일원본동,24365
2019,1168073000,서울특별시,강남구,일원1동,16281
2019,1168075000,서울특별시,강남구,수서동,15857
2019,1171051000,서울특별시,송파구,풍납1동,14681
2019,1171052000,서울특별시,송파구,풍납2동,25096
2019,1171053100,서울특별시,송파구,거여1동,13114
2019,1171053200,서울특별시,송파구,거여2동,16842
2019,1171054000,서울특별시,송파구,마천1동,20559
2019,1171055000,서울특별시,송파구,마천2동,20060
2019,1171056100,서울특별시,송파구,방이1동,16394
2019,1171056200,서울특별시,송파구,방이2동,25505
2019,1171056600,서울특별시,송파구,오륜동,18853
2019,1171057000,서울특별시,송파구,오금동,40858
2019,1171058000,서울특별시,송파구,송파1동,25563
2019,1171059000,서울특별시,송파구,송파2동,20691
2019,1171060000,서울특별시,송파구,석촌동,33574
2019,1171061000,서울특별시,송파구,삼전동,32201
2019,1171062000,서울특별시,송파구,가락본동,27511
2019,1171063100,서울특별시,송파구,가락1동,27624
2019,1171063200,서울특별시,송파구,가락2동,33701
2019,1171064100,서울특별시,송파구,문정1동,21095
2019,1171064200,서울특별시,송파구,문정2동,29788
2019,1171064600,서울특별시,송파구,장지동,32833
2019,1171064700,서울특별시,송파구,위례동,28238
2019,1171065000,서울특별시,송파구,잠실본동,29043
2019,1171067000,서울특별시,송파구,잠실2동,36710
2019,1171068000,서울특별시,송파구,잠실3동,35843
2019,1171069000,서울특별시,송파구,잠실4동,22157
2019,1171071000,서울특별시,송파구,잠실6동,17249
2019,1171072000,서울특별시,송파구,잠실7동,10178
2019,1174051500,서울특별시,강동구,강일동,31973
2019,1174053000,서울특별시,강동구,명일제1동,26666
2019,1174054000,서울특별시,강동구,명일제2동,17735
2019,1174055000,서울특별시,강동구,고덕제1동,26965
2019,1174056000,서울특별시,강동구,고덕제2동,19245
2019,1174057000,서울특별시,강동구,암사제1동,36368
2019,1174058000,서울특별시,강동구,암사제2동,14727
2019,1174059000,서울특별시,강동구,암사제3동,18636
2019,1174060000,서울특별시,강동구,천호제1동,28086
2019,1174061000,서울특별시,강동구,천호제2동,35101
2019,1174062000,서울특별시,강동구,천호제3동,27452
2019,1174064000,서울특별시,강동구,성내제1동,20434
2019,1174065000,서울특별시,강동구,성내제2동,24406
2019,1174066000,서울특별시,강동구,성내제3동,23641
2019,1174068500,서울특별시,강동구,길동,46050
2019,1174069000,서울특별시,강동구,둔촌제1동,268
2019,1174070000,서울특별시,강동구,둔촌제2동,27624
2019,2611051000,부산광역시,중구,중앙동,2029
2019,2611052000,부산광역시,중구,동광동,2957
2019,2611053000,부산광역시,중구,대청동,6692
2019,2611054500,부산광역시,중구,보수동,10777
2019,2611056000,부산광역시,중구,부평동,4717
2019,2611057000,부산광역시,중구,광복동,1119
2019,2611058000,부산광역시,중구,남포동,1070
2019,2611059000,부산광역시,중구,영주제1동,4923
2019,2611060000,부산광역시,중구,영주제2동,7626
2019,2614051000,부산광역시,서구,동대신제1동,4632
2019,2614052000,부산광역시,서구,동대신제2동,7921
2019,2614053000,부산광역시,서구,동대신제3동,6682
2019,2614054000,부산광역시,서구,서대신제1동,12199
2019,2614056000,부산광역시,서구,서대신제3동,8897
2019,2614057000,부산광역시,서구,서대신제4동,8165
2019,2614059000,부산광역시,서구,부민동,8007
2019,2614061500,부산광역시,서구,아미동,7490
2019,2614063000,부산광역시,서구,초장동,4869
2019,2614064000,부산광역시,서구,충무동,10237
2019,2614065000,부산광역시,서구,남부민제1동,4848
2019,2614066000,부산광역시,서구,남부민제2동,10015
2019,2614068000,부산광역시,서구,암남동,14267
2019,2617051000,부산광역시,동구,초량제1동,4922
2019,2617052000,부산광역시,동구,초량제2동,5899
2019,2617053000,부산광역시,동구,초량제3동,8488
2019,2617055000,부산광역시,동구,초량제6동,6645
2019,2617056000,부산광역시,동구,수정제1동,4360
2019,2617057000,부산광역시,동구,수정제2동,10047
2019,2617059000,부산광역시,동구,수정제4동,4393
2019,2617060000,부산광역시,동구,수정제5동,5865
2019,2617064500,부산광역시,동구,좌천동,11449
2019,2617065000,부산광역시,동구,범일제1동,12453
2019,2617066000,부산광역시,동구,범일제2동,9012
2019,2617068000,부산광역시,동구,범일제5동,4632
2019,2620053000,부산광역시,영도구,남항동,10806
2019,2620054000,부산광역시,영도구,영선제1동,4205
2019,2620055000,부산광역시,영도구,영선제2동,9154
2019,2620058500,부산광역시,영도구,신선동,9583
2019,2620059000,부산광역시,영도구,봉래제1동,7439
2019,2620060500,부산광역시,영도구,봉래제2동,5486
2019,2620063000,부산광역시,영도구,청학제1동,7083
2019,2620064000,부산광역시,영도구,청학제2동,18986
2019,2620065000,부산광역시,영도구,동삼제1동,29526
2019,2620066000,부산광역시,영도구,동삼제2동,3597
2019,2620067000,부산광역시,영도구,동삼제3동,10846
2019,2623051000,부산광역시,부산진구,부전제1동,15179
2019,2623052000,부산광역시,부산진구,부전제2동,10271
2019,2623054000,부산광역시,부산진구,연지동,20808
2019,2623055000,부산광역시,부산진구,초읍동,20576
2019,2623056000,부산광역시,부산진구,양정제1동,20648
2019,2623057000,부산광역시,부산진구,양정제2동,13197
2019,2623060000,부산광역시,부산진구,전포제1동,18231
2019,2623061000,부산광역시,부산진구,전포제2동,21462
2019,2623064000,부산광역시,부산진구,부암제1동,23010
2019,2623066000,부산광역시,부산진구,부암제3동,18647
2019,2623067000,부산광역시,부산진구,당감제1동,24802
2019,2623068000,부산광역시,부산진구,당감제2동,10349
2019,2623070000,부산광역시,부산진구,당감제4동,12298
2019,2623071000,부산광역시,부산진구,가야제1동,20499
2019,2623072000,부산광역시,부산진구,가야제2동,17071
2019,2623074000,부산광역시,부산진구,개금제1동,17128
2019,2623075000,부산광역시,부산진구,개금제2동,11825
2019,2623076000,부산광역시,부산진구,개금제3동,30375
2019,2623077000,부산광역시,부산진구,범천제1동,11424
2019,2623078000,부산광역시,부산진구,범천제2동,20080
2019,2626051000,부산광역시,동래구,수민동,32743
2019,2626052000,부산광역시,동래구,복산동,10805
2019,2626054500,부산광역시,동래구,명륜동,24991
2019,2626055000,부산광역시,동래구,온천제1동,18982
2019,2626056000,부산광역시,동래구,온천제2동,15639
2019,2626057000,부산광역시,동래구,온천제3동,38317
2019,2626058000,부산광역시,동래구,사직제1동,10740
2019,2626059000,부산광역시,동래구,사직제2동,29170
2019,2626060000,부산광역시,동래구,사직제3동,15393
2019,2626074000,부산광역시,동래구,안락제1동,15200
2019,2626075000,부산광역시,동래구,안락제2동,29036
2019,2626076100,부산광역시,동래구,명장제1동,14749
2019,2626076200,부산광역시,동래구,명장제2동,15482
2019,2629051000,부산광역시,남구,대연제1동,16566
2019,2629053000,부산광역시,남구,대연제3동,33316
2019,2629054000,부산광역시,남구,대연제4동,12915
2019,2629055000,부산광역시,남구,대연제5동,17175
2019,2629056000,부산광역시,남구,대연제6동,16442
2019,2629057000,부산광역시,남구,용호제1동,45863
2019,2629058000,부산광역시,남구,용호제2동,17924
2019,2629059000,부산광역시,남구,용호제3동,12853
2019,2629060000,부산광역시,남구,용호제4동,8977
2019,2629061000,부산광역시,남구,용당동,8207
2019,2629062000,부산광역시,남구,감만제1동,14694
2019,2629063000,부산광역시,남구,감만제2동,7332
2019,2629064500,부산광역시,남구,우암동,13863
2019,2629068000,부산광역시,남구,문현제1동,14894
2019,2629069000,부산광역시,남구,문현제2동,9143
2019,2629070000,부산광역시,남구,문현제3동,14623
2019,2629071000,부산광역시,남구,문현제4동,9693
2019,2632051000,부산광역시,북구,구포제1동,15074
2019,2632052000,부산광역시,북구,구포제2동,26932
2019,2632052100,부산광역시,북구,구포제3동,21128
2019,2632053000,부산광역시,북구,금곡동,40215
2019,2632054100,부산광역시,북구,화명제1동,43869
2019,2632054200,부산광역시,북구,화명제2동,16052
2019,2632054300,부산광역시,북구,화명제3동,30982
2019,2632055000,부산광역시,북구,덕천제1동,13529
2019,2632056000,부산광역시,북구,덕천제2동,12646
2019,2632056100,부산광역시,북구,덕천제3동,11428
2019,2632057100,부산광역시,북구,만덕제1동,11912
2019,2632057200,부산광역시,북구,만덕제2동,27784
2019,2632057300,부산광역시,북구,만덕제3동,19581
2019,2635051000,부산광역시,해운대구,우제1동,23004
2019,2635052000,부산광역시,해운대구,우제2동,31399
2019,2635052500,부산광역시,해운대구,우제3동,28380
2019,2635053000,부산광역시,해운대구,중제1동,23170
2019,2635054000,부산광역시,해운대구,중제2동,15970
2019,2635055100,부산광역시,해운대구,좌제1동,18615
2019,2635055200,부산광역시,해운대구,좌제2동,32877
2019,2635055300,부산광역시,해운대구,좌제3동,16950
2019,2635055400,부산광역시,해운대구,좌제4동,24145
2019,2635056000,부산광역시,해운대구,송정동,10368
2019,2635057000,부산광역시,해운대구,반여제1동,35767
2019,2635058000,부산광역시,해운대구,반여제2동,13766
2019,2635059000,부산광역시,해운대구,반여제3동,9508
2019,2635059500,부산광역시,해운대구,반여제4동,16598
2019,2635061000,부산광역시,해운대구,반송제1동,15145
2019,2635062000,부산광역시,해운대구,반송제2동,25182
2019,2635065000,부산광역시,해운대구,재송제1동,38542
2019,2635066000,부산광역시,해운대구,재송제2동,26716
2019,2638051000,부산광역시,사하구,괴정제1동,20658
2019,2638052000,부산광역시,사하구,괴정제2동,14833
2019,2638053000,부산광역시,사하구,괴정제3동,13395
2019,2638054000,부산광역시,사하구,괴정제4동,11805
2019,2638055000,부산광역시,사하구,당리동,28443
2019,2638056100,부산광역시,사하구,하단제1동,22196
2019,2638056200,부산광역시,사하구,하단제2동,25992
2019,2638057100,부산광역시,사하구,신평제1동,18152
2019,2638057200,부산광역시,사하구,신평제2동,16284
2019,2638058000,부산광역시,사하구,장림제1동,12260
2019,2638059000,부산광역시,사하구,장림제2동,28182
2019,2638060100,부산광역시,사하구,다대제1동,40964
2019,2638060200,부산광역시,사하구,다대제2동,28866
2019,2638061000,부산광역시,사하구,구평동,11849
2019,2638062000,부산광역시,사하구,감천제1동,20229
2019,2638063000,부산광역시,사하구,감천제2동,6896
2019,2641051000,부산광역시,금정구,서제1동,6614
2019,2641052000,부산광역시,금정구,서제2동,10409
2019,2641053000,부산광역시,금정구,서제3동,11705
2019,2641055500,부산광역시,금정구,금사회동동,8764
2019,2641057000,부산광역시,금정구,부곡제1동,8997
2019,2641058000,부산광역시,금정구,부곡제2동,17098
2019,2641059000,부산광역시,금정구,부곡제3동,17630
2019,2641059100,부산광역시,금정구,부곡제4동,13636
2019,2641060000,부산광역시,금정구,장전제1동,17950
2019,2641061000,부산광역시,금정구,장전제2동,14455
2019,2641063500,부산광역시,금정구,선두구동,2458
2019,2641066500,부산광역시,금정구,청룡노포동,10247
2019,2641067000,부산광역시,금정구,남산동,30579
2019,2641068000,부산광역시,금정구,구서제1동,19466
2019,2641069000,부산광역시,금정구,구서제2동,34441
2019,2641070000,부산광역시,금정구,금성동,1122
2019,2644051000,부산광역시,강서구,대저1동,6962
2019,2644052000,부산광역시,강서구,대저2동,7493
2019,2644053000,부산광역시,강서구,강동동,4707
2019,2644053500,부산광역시,강서구,명지1동,42564
2019,2644054500,부산광역시,강서구,명지2동,30605
2019,2644055000,부산광역시,강서구,가락동,2568
2019,2644056000,부산광역시,강서구,녹산동,31100
2019,2644058000,부산광역시,강서구,가덕도동,3567
2019,2647061000,부산광역시,연제구,거제제1동,30567
2019,2647062000,부산광역시,연제구,거제제2동,12743
2019,2647063000,부산광역시,연제구,거제제3동,10635
2019,2647064000,부산광역시,연제구,거제제4동,11093
2019,2647065000,부산광역시,연제구,연산제1동,16954
2019,2647066000,부산광역시,연제구,연산제2동,16294
2019,2647067000,부산광역시,연제구,연산제3동,7837
2019,2647068000,부산광역시,연제구,연산제4동,17244
2019,2647069000,부산광역시,연제구,연산제5동,16369
2019,2647070000,부산광역시,연제구,연산제6동,17655
2019,2647072000,부산광역시,연제구,연산제8동,14948
2019,2647073000,부산광역시,연제구,연산제9동,37056
2019,2650066000,부산광역시,수영구,남천제1동,14211
2019,2650067000,부산광역시,수영구,남천제2동,12453
2019,2650073000,부산광역시,수영구,수영동,15230
2019,2650074000,부산광역시,수영구,망미제1동,28504
2019,2650075000,부산광역시,수영구,망미제2동,11987
2019,2650076000,부산광역시,수영구,광안제1동,26280
2019,2650077000,부산광역시,수영구,광안제2동,18960
2019,2650078000,부산광역시,수영구,광안제3동,10394
2019,2650079000,부산광역시,수영구,광안제4동,11238
2019,2650080000,부산광역시,수영구,민락동,26891
2019,2653058000,부산광역시,사상구,삼락동,6278
2019,2653059100,부산광역시,사상구,모라제1동,28767
2019,2653059300,부산광역시,사상구,모라제3동,11524
2019,2653060000,부산광역시,사상구,덕포제1동,9229
2019,2653061000,부산광역시,사상구,덕포제2동,13492
2019,2653062000,부산광역시,사상구,괘법동,21708
2019,2653064500,부산광역시,사상구,감전동,14261
2019,2653065000,부산광역시,사상구,주례제1동,16061
2019,2653066000,부산광역시,사상구,주례제2동,23858
2019,2653066100,부산광역시,사상구,주례제3동,13794
2019,2653067000,부산광역시,사상구,학장동,30105
2019,2653068000,부산광역시,사상구,엄궁동,29017
2019,2671025000,부산광역시,기장군,기장읍,55567
2019,2671025300,부산광역시,기장군,장안읍,8965
2019,2671025600,부산광역시,기장군,정관읍,83116
2019,2671033000,부산광역시,기장군,철마면,8400
2019,2711051700,대구광역시,중구,동인동,9238
2019,2711054500,대구광역시,중구,삼덕동,6597
2019,2711056500,대구광역시,중구,성내1동,4893
2019,2711057500,대구광역시,중구,성내2동,4600
2019,2711058500,대구광역시,중구,성내3동,5312
2019,2711059500,대구광역시,중구,대신동,8341
2019,2711064000,대구광역시,중구,남산1동,5232
2019,2711065000,대구광역시,중구,남산2동,3440
2019,2711066000,대구광역시,중구,남산3동,7201
2019,2711067000,대구광역시,중구,남산4동,12260
2019,2711068000,대구광역시,중구,대봉1동,7757
2019,2711069000,대구광역시,중구,대봉2동,2550
2019,2714051000,대구광역시,동구,신암1동,8092
2019,2714052000,대구광역시,동구,신암2동,11587
2019,2714053000,대구광역시,동구,신암3동,9009
2019,2714054000,대구광역시,동구,신암4동,14152
2019,2714054100,대구광역시,동구,신암5동,6743
2019,2714055500,대구광역시,동구,신천1.2동,13632
2019,2714057000,대구광역시,동구,신천3동,12776
2019,2714058000,대구광역시,동구,신천4동,7738
2019,2714059000,대구광역시,동구,효목1동,14518
2019,2714060000,대구광역시,동구,효목2동,15312
2019,2714061500,대구광역시,동구,도평동,4299
2019,2714062000,대구광역시,동구,불로.봉무동,27203
2019,2714064000,대구광역시,동구,지저동,10447
2019,2714065500,대구광역시,동구,동촌동,16294
2019,2714067000,대구광역시,동구,방촌동,18918
2019,2714068500,대구광역시,동구,해안동,15669
2019,2714072000,대구광역시,동구,안심1동,44395
2019,2714073000,대구광역시,동구,안심2동,10423
2019,2714076000,대구광역시,동구,공산동,14911
2019,2717051000,대구광역시,서구,내당1동,8961
2019,2717052500,대구광역시,서구,내당2.3동,10522
2019,2717054000,대구광역시,서구,내당4동,17327
2019,2717055000,대구광역시,서구,비산1동,10129
2019,2717056500,대구광역시,서구,비산2.3동,9919
2019,2717058000,대구광역시,서구,비산4동,10232
2019,2717059000,대구광역시,서구,비산5동,6539
2019,2717060000,대구광역시,서구,비산6동,8013
2019,2717061000,대구광역시,서구,비산7동,11102
2019,2717062000,대구광역시,서구,평리1동,8113
2019,2717063000,대구광역시,서구,평리2동,8374
2019,2717064000,대구광역시,서구,평리3동,10511
2019,2717065000,대구광역시,서구,평리4동,18617
2019,2717066000,대구광역시,서구,평리5동,2233
2019,2717066100,대구광역시,서구,평리6동,5539
2019,2717067500,대구광역시,서구,상중이동,20893
2019,2717069500,대구광역시,서구,원대동,8253
2019,2720051500,대구광역시,남구,이천동,12971
2019,2720053000,대구광역시,남구,봉덕1동,9295
2019,2720054000,대구광역시,남구,봉덕2동,10976
2019,2720055000,대구광역시,남구,봉덕3동,17103
2019,2720056000,대구광역시,남구,대명1동,11721
2019,2720057100,대구광역시,남구,대명2동,11560
2019,2720058600,대구광역시,남구,대명3동,11289
2019,2720059000,대구광역시,남구,대명4동,11400
2019,2720060000,대구광역시,남구,대명5동,8211
2019,2720061000,대구광역시,남구,대명6동,9703
2019,2720064000,대구광역시,남구,대명9동,15905
2019,2720065000,대구광역시,남구,대명10동,9414
2019,2720066000,대구광역시,남구,대명11동,8565
2019,2723051000,대구광역시,북구,고성동,4223
2019,2723052600,대구광역시,북구,칠성동,23630
2019,2723055000,대구광역시,북구,침산1동,4336
2019,2723056000,대구광역시,북구,침산2동,19793
2019,2723057000,대구광역시,북구,침산3동,20901
2019,2723061000,대구광역시,북구,산격1동,9901
2019,2723062000,대구광역시,북구,산격2동,11571
2019,2723063000,대구광역시,북구,산격3동,8975
2019,2723063100,대구광역시,북구,산격4동,8767
2019,2723064500,대구광역시,북구,대현동,18830
2019,2723067100,대구광역시,북구,복현1동,7318
2019,2723067200,대구광역시,북구,복현2동,28031
2019,2723068000,대구광역시,북구,검단동,7160
2019,2723069500,대구광역시,북구,무태조야동,29043
2019,2723071500,대구광역시,북구,관문동,37722
2019,2723072500,대구광역시,북구,태전1동,22533
2019,2723073500,대구광역시,북구,태전2동,25271
2019,2723074500,대구광역시,북구,구암동,37313
2019,2723075000,대구광역시,북구,관음동,17574
2019,2723077000,대구광역시,북구,읍내동,27429
2019,2723078000,대구광역시,북구,동천동,29698
2019,2723079000,대구광역시,북구,노원동,13185
2019,2723080000,대구광역시,북구,국우동,24506
2019,2726051000,대구광역시,수성구,범어1동,16733
2019,2726052000,대구광역시,수성구,범어2동,15568
2019,2726053000,대구광역시,수성구,범어3동,16330
2019,2726054000,대구광역시,수성구,범어4동,19090
2019,2726055000,대구광역시,수성구,만촌1동,23800
2019,2726056000,대구광역시,수성구,만촌2동,11909
2019,2726056100,대구광역시,수성구,만촌3동,19676
2019,2726057000,대구광역시,수성구,수성1가동,19112
2019,2726058000,대구광역시,수성구,수성2.3가동,12475
2019,2726059000,대구광역시,수성구,수성4가동,15753
2019,2726060100,대구광역시,수성구,황금1동,24790
2019,2726060200,대구광역시,수성구,황금2동,11485
2019,2726061000,대구광역시,수성구,중동,10388
2019,2726062000,대구광역시,수성구,상동,17055
2019,2726063000,대구광역시,수성구,파동,13845
2019,2726064000,대구광역시,수성구,두산동,14240
2019,2726065100,대구광역시,수성구,지산1동,23198
2019,2726065200,대구광역시,수성구,지산2동,19816
2019,2726066100,대구광역시,수성구,범물1동,12073
2019,2726066200,대구광역시,수성구,범물2동,16093
2019,2726067000,대구광역시,수성구,고산1동,32264
2019,2726068000,대구광역시,수성구,고산2동,28024
2019,2726069000,대구광역시,수성구,고산3동,34897
2019,2729051500,대구광역시,달서구,성당동,24727
2019,2729053500,대구광역시,달서구,두류1.2동,15639
2019,2729055000,대구광역시,달서구,두류3동,9112
2019,2729055500,대구광역시,달서구,감삼동,27933
2019,2729056300,대구광역시,달서구,죽전동,14883
2019,2729056800,대구광역시,달서구,장기동,17776
2019,2729057100,대구광역시,달서구,용산1동,32381
2019,2729057200,대구광역시,달서구,용산2동,30190
2019,2729057600,대구광역시,달서구,이곡1동,24037
2019,2729057700,대구광역시,달서구,이곡2동,16831
2019,2729058500,대구광역시,달서구,신당동,31899
2019,2729059000,대구광역시,달서구,본리동,22238
2019,2729060100,대구광역시,달서구,월성1동,44400
2019,2729060200,대구광역시,달서구,월성2동,16954
2019,2729061500,대구광역시,달서구,진천동,77603
2019,2729062400,대구광역시,달서구,상인1동,40396
2019,2729062500,대구광역시,달서구,상인2동,20217
2019,2729062600,대구광역시,달서구,상인3동,11824
2019,2729062800,대구광역시,달서구,도원동,37328
2019,2729063000,대구광역시,달서구,송현1동,19957
2019,2729064000,대구광역시,달서구,송현2동,18953
2019,2729065000,대구광역시,달서구,본동,13609
2019,2771025000,대구광역시,달성군,화원읍,49433
2019,2771025300,대구광역시,달성군,논공읍,4522
2019,2771025400,대구광역시,달성군,논공읍공단출장소,14266
2019,2771025600,대구광역시,달성군,다사읍,51334
2019,2771025700,대구광역시,달성군,다사읍서재출장소,38841
2019,2771025900,대구광역시,달성군,유가읍,29952
2019,2771026200,대구광역시,달성군,옥포읍,24292
2019,2771026500,대구광역시,달성군,현풍읍,22784
2019,2771031000,대구광역시,달성군,가창면,8073
2019,2771033000,대구광역시,달성군,하빈면,3772
2019,2771038000,대구광역시,달성군,구지면,9271
2019,2811052000,인천광역시,중구,연안동,6571
2019,2811053000,인천광역시,중구,신포동,5272
2019,2811054000,인천광역시,중구,신흥동,13425
2019,2811056000,인천광역시,중구,도원동,4168
2019,2811057000,인천광역시,중구,율목동,3542
2019,2811058500,인천광역시,중구,동인천동,6075
2019,2811062000,인천광역시,중구,영종동,15267
2019,2811062200,인천광역시,중구,영종1동,40314
2019,2811062800,인천광역시,중구,운서동,28647
2019,2811063000,인천광역시,중구,용유동,4231
2019,2814051000,인천광역시,동구,만석동,7305
2019,2814052500,인천광역시,동구,화수1.화평동,6500
2019,2814053000,인천광역시,동구,화수2동,8162
2019,2814055500,인천광역시,동구,송현1.2동,10905
2019,2814057000,인천광역시,동구,송현3동,3884
2019,2814058000,인천광역시,동구,송림1동,1747
2019,2814059000,인천광역시,동구,송림2동,3086
2019,2814060500,인천광역시,동구,송림3.5동,8452
2019,2814061000,인천광역시,동구,송림4동,4222
2019,2814063000,인천광역시,동구,송림6동,6965
2019,2814064000,인천광역시,동구,금창동,3199
2019,2817751000,인천광역시,미추홀구,숭의2동,14545
2019,2817752000,인천광역시,미추홀구,숭의1.3동,14028
2019,2817753000,인천광역시,미추홀구,숭의4동,17186
2019,2817754000,인천광역시,미추홀구,용현1.4동,17440
2019,2817755000,인천광역시,미추홀구,용현2동,18175
2019,2817756000,인천광역시,미추홀구,용현3동,7719
2019,2817757000,인천광역시,미추홀구,용현5동,47228
2019,2817758000,인천광역시,미추홀구,학익1동,32666
2019,2817759000,인천광역시,미추홀구,학익2동,19790
2019,2817760000,인천광역시,미추홀구,도화1동,23957
2019,2817761000,인천광역시,미추홀구,도화2.3동,26957
2019,2817762000,인천광역시,미추홀구,주안1동,20456
2019,2817763000,인천광역시,미추홀구,주안2동,18477
2019,2817764000,인천광역시,미추홀구,주안3동,9109
2019,2817765000,인천광역시,미추홀구,주안4동,14773
2019,2817766000,인천광역시,미추홀구,주안5동,17930
2019,2817767000,인천광역시,미추홀구,주안6동,23238
2019,2817768000,인천광역시,미추홀구,주안7동,13431
2019,2817769000,인천광역시,미추홀구,주안8동,22056
2019,2817770000,인천광역시,미추홀구,관교동,15951
2019,2817771000,인천광역시,미추홀구,문학동,13750
2019,2818563000,인천광역시,연수구,옥련1동,20391
2019,2818564000,인천광역시,연수구,옥련2동,21521
2019,2818575000,인천광역시,연수구,선학동,17950
2019,2818576100,인천광역시,연수구,연수1동,21000
2019,2818576200,인천광역시,연수구,연수2동,22181
2019,2818576300,인천광역시,연수구,연수3동,17370
2019,2818576600,인천광역시,연수구,청학동,25940
2019,2818578000,인천광역시,연수구,동춘1동,26008
2019,2818579000,인천광역시,연수구,동춘2동,19261
2019,2818579500,인천광역시,연수구,동춘3동,19277
2019,2818582000,인천광역시,연수구,송도1동,36268
2019,2818583000,인천광역시,연수구,송도2동,36652
2019,2818584000,인천광역시,연수구,송도3동,48105
2019,2818585000,인천광역시,연수구,송도4동,34626
2019,2820051000,인천광역시,남동구,구월1동,32685
2019,2820052000,인천광역시,남동구,구월2동,37006
2019,2820052100,인천광역시,남동구,구월3동,28779
2019,2820052200,인천광역시,남동구,구월4동,15828
2019,2820053000,인천광역시,남동구,간석1동,23717
2019,2820054000,인천광역시,남동구,간석2동,22719
2019,2820055000,인천광역시,남동구,간석3동,29115
2019,2820055100,인천광역시,남동구,간석4동,29349
2019,2820056000,인천광역시,남동구,만수1동,16180
2019,2820057000,인천광역시,남동구,만수2동,25421
2019,2820058000,인천광역시,남동구,만수3동,18382
2019,2820058100,인천광역시,남동구,만수4동,22184
2019,2820058200,인천광역시,남동구,만수5동,16197
2019,2820058300,인천광역시,남동구,만수6동,25562
2019,2820065000,인천광역시,남동구,장수서창동,20802
2019,2820065500,인천광역시,남동구,서창2동,39315
2019,2820066000,인천광역시,남동구,남촌도림동,21969
2019,2820069000,인천광역시,남동구,논현1동,32308
2019,2820070000,인천광역시,남동구,논현2동,33387
2019,2820071000,인천광역시,남동구,논현고잔동,41799
2019,2823751000,인천광역시,부평구,부평1동,37905
2019,2823752000,인천광역시,부평구,부평2동,19496
2019,2823753000,인천광역시,부평구,부평3동,13448
2019,2823754000,인천광역시,부평구,부평4동,37453
2019,2823755000,인천광역시,부평구,부평5동,34287
2019,2823756000,인천광역시,부평구,부평6동,15081
2019,2823757000,인천광역시,부평구,산곡1동,13568
2019,2823758000,인천광역시,부평구,산곡2동,32825
2019,2823758100,인천광역시,부평구,산곡3동,23211
2019,2823758200,인천광역시,부평구,산곡4동,18581
2019,2823759100,인천광역시,부평구,청천1동,7587
2019,2823759200,인천광역시,부평구,청천2동,35232
2019,2823764100,인천광역시,부평구,갈산1동,17091
2019,2823764200,인천광역시,부평구,갈산2동,20029
2019,2823764600,인천광역시,부평구,삼산1동,35789
2019,2823764800,인천광역시,부평구,삼산2동,30241
2019,2823765000,인천광역시,부평구,부개1동,17362
2019,2823766000,인천광역시,부평구,부개2동,18030
2019,2823766100,인천광역시,부평구,부개3동,33272
2019,2823767000,인천광역시,부평구,일신동,13368
2019,2823768000,인천광역시,부평구,십정1동,13244
2019,2823769000,인천광역시,부평구,십정2동,24477
2019,2824560100,인천광역시,계양구,효성1동,26085
2019,2824560200,인천광역시,계양구,효성2동,30779
2019,2824561100,인천광역시,계양구,계산1동,20694
2019,2824561200,인천광역시,계양구,계산2동,15832
2019,2824561300,인천광역시,계양구,계산3동,20587
2019,2824561400,인천광역시,계양구,계산4동,24114
2019,2824562100,인천광역시,계양구,작전1동,29460
2019,2824562200,인천광역시,계양구,작전2동,20359
2019,2824564000,인천광역시,계양구,작전서운동,31233
2019,2824571000,인천광역시,계양구,계양1동,21939
2019,2824572000,인천광역시,계양구,계양2동,35545
2019,2824573000,인천광역시,계양구,계양3동,26844
2019,2826051500,인천광역시,서구,검암경서동,46380
2019,2826053000,인천광역시,서구,연희동,42490
2019,2826053600,인천광역시,서구,청라1동,31385
2019,2826053700,인천광역시,서구,청라2동,48770
2019,2826053900,인천광역시,서구,청라3동,26819
2019,2826054200,인천광역시,서구,가정1동,28179
2019,2826054300,인천광역시,서구,가정2동,6784
2019,2826054400,인천광역시,서구,가정3동,10133
2019,2826055000,인천광역시,서구,석남1동,23007
2019,2826056000,인천광역시,서구,석남2동,13863
2019,2826056100,인천광역시,서구,석남3동,15223
2019,2826057500,인천광역시,서구,신현원창동,32838
2019,2826058000,인천광역시,서구,가좌1동,11966
2019,2826059000,인천광역시,서구,가좌2동,21035
2019,2826060000,인천광역시,서구,가좌3동,16726
2019,2826061000,인천광역시,서구,가좌4동,11069
2019,2826068000,인천광역시,서구,검단동,33243
2019,2826069000,인천광역시,서구,불로대곡동,22990
2019,2826070000,인천광역시,서구,원당동,24659
2019,2826071000,인천광역시,서구,당하동,28645
2019,2826072000,인천광역시,서구,오류왕길동,24894
2019,2826073000,인천광역시,서구,마전동,23458
2019,2871025000,인천광역시,강화군,강화읍,22866
2019,2871031000,인천광역시,강화군,선원면,7750
2019,2871032000,인천광역시,강화군,불은면,4911
2019,2871033000,인천광역시,강화군,길상면,6909
2019,2871034000,인천광역시,강화군,화도면,4498
2019,2871035000,인천광역시,강화군,양도면,4194
2019,2871036000,인천광역시,강화군,내가면,3116
2019,2871037000,인천광역시,강화군,하점면,4099
2019,2871038000,인천광역시,강화군,양사면,1853
2019,2871039000,인천광역시,강화군,송해면,3152
2019,2871040000,인천광역시,강화군,교동면,2940
2019,2871041000,인천광역시,강화군,삼산면,2241
2019,2871042000,인천광역시,강화군,서도면,385
2019,2871042500,인천광역시,강화군,서도면볼음출장소,264
2019,2872031000,인천광역시,옹진군,북도면,1169
2019,2872031500,인천광역시,옹진군,북도면장봉출장소,1009
2019,2872033000,인천광역시,옹진군,백령면,5281
2019,2872034000,인천광역시,옹진군,대청면,1258
2019,2872034500,인천광역시,옹진군,대청면소청출장소,241
2019,2872035000,인천광역시,옹진군,덕적면,1923
2019,2872036000,인천광역시,옹진군,영흥면,6267
2019,2872037000,인천광역시,옹진군,자월면,932
2019,2872037500,인천광역시,옹진군,자월면이작출장소,374
2019,2872038000,인천광역시,옹진군,연평면,2112
2019,2911052500,광주광역시,동구,충장동,4428
2019,2911054500,광주광역시,동구,동명동,3844
2019,2911056000,광주광역시,동구,계림1동,6050
2019,2911057000,광주광역시,동구,계림2동,8238
2019,2911059000,광주광역시,동구,산수1동,8827
2019,2911060000,광주광역시,동구,산수2동,10728
2019,2911062000,광주광역시,동구,지산1동,4470
2019,2911063000,광주광역시,동구,지산2동,4843
2019,2911065500,광주광역시,동구,서남동,3212
2019,2911068500,광주광역시,동구,학동,8585
2019,2911071000,광주광역시,동구,학운동,12255
2019,2911073000,광주광역시,동구,지원1동,8226
2019,2911074000,광주광역시,동구,지원2동,14879
2019,2914057500,광주광역시,서구,양동,4178
2019,2914059000,광주광역시,서구,양3동,4866
2019,2914065000,광주광역시,서구,농성1동,10976
2019,2914066000,광주광역시,서구,농성2동,5293
2019,2914073000,광주광역시,서구,광천동,8528
2019,2914074000,광주광역시,서구,유덕동,11003
2019,2914074500,광주광역시,서구,치평동,31153
2019,2914075100,광주광역시,서구,상무1동,25241
2019,2914075200,광주광역시,서구,상무2동,24525
2019,2914076000,광주광역시,서구,화정1동,15531
2019,2914077000,광주광역시,서구,화정2동,21322
2019,2914078000,광주광역시,서구,화정3동,10645
2019,2914079000,광주광역시,서구,화정4동,16195
2019,2914080000,광주광역시,서구,서창동,5240
2019,2914082100,광주광역시,서구,금호1동,21284
2019,2914082400,광주광역시,서구,금호2동,29582
2019,2914083000,광주광역시,서구,풍암동,38391
2019,2914084000,광주광역시,서구,동천동,17022
2019,2915551000,광주광역시,남구,양림동,7559
2019,2915552000,광주광역시,남구,방림1동,7231
2019,2915553000,광주광역시,남구,방림2동,9390
2019,2915553700,광주광역시,남구,봉선1동,15005
2019,2915553800,광주광역시,남구,봉선2동,29529
2019,2915554500,광주광역시,남구,사직동,5604
2019,2915560500,광주광역시,남구,월산동,7938
2019,2915563000,광주광역시,남구,월산4동,9107
2019,2915564000,광주광역시,남구,월산5동,6789
2019,2915567000,광주광역시,남구,백운1동,12980
2019,2915568000,광주광역시,남구,백운2동,6261
2019,2915569000,광주광역시,남구,주월1동,20041
2019,2915570000,광주광역시,남구,주월2동,8662
2019,2915571000,광주광역시,남구,효덕동,47210
2019,2915572000,광주광역시,남구,송암동,19033
2019,2915573000,광주광역시,남구,대촌동,5721
2019,2917051000,광주광역시,북구,중흥1동,4929
2019,2917052000,광주광역시,북구,중흥2동,7004
2019,2917053000,광주광역시,북구,중흥3동,4755
2019,2917055500,광주광역시,북구,중앙동,3362
2019,2917057000,광주광역시,북구,임동,8297
2019,2917058000,광주광역시,북구,신안동,10899
2019,2917059000,광주광역시,북구,용봉동,38690
2019,2917060100,광주광역시,북구,운암1동,20091
2019,2917060200,광주광역시,북구,운암2동,12883
2019,2917060300,광주광역시,북구,운암3동,15000
2019,2917061500,광주광역시,북구,동림동,22890
2019,2917062000,광주광역시,북구,우산동,11204
2019,2917063500,광주광역시,북구,풍향동,6165
2019,2917065000,광주광역시,북구,문화동,19248
2019,2917065600,광주광역시,북구,문흥1동,16961
2019,2917065700,광주광역시,북구,문흥2동,16671
2019,2917066100,광주광역시,북구,두암1동,8167
2019,2917066200,광주광역시,북구,두암2동,16965
2019,2917066300,광주광역시,북구,두암3동,14409
2019,2917066600,광주광역시,북구,삼각동,14703
2019,2917066900,광주광역시,북구,일곡동,31274
2019,2917067300,광주광역시,북구,매곡동,14511
2019,2917067600,광주광역시,북구,오치1동,11930
2019,2917067700,광주광역시,북구,오치2동,13037
2019,2917068500,광주광역시,북구,석곡동,2743
2019,2917069500,광주광역시,북구,건국동,50808
2019,2917069600,광주광역시,북구,양산동,35937
2019,2920051500,광주광역시,광산구,송정1동,11381
2019,2920052500,광주광역시,광산구,송정2동,6719
2019,2920054000,광주광역시,광산구,도산동,16164
2019,2920055000,광주광역시,광산구,신흥동,4890
2019,2920056500,광주광역시,광산구,어룡동,32876
2019,2920058000,광주광역시,광산구,우산동,24189
2019,2920060000,광주광역시,광산구,월곡1동,11852
2019,2920061000,광주광역시,광산구,월곡2동,16933
2019,2920062000,광주광역시,광산구,비아동,7290
2019,2920062400,광주광역시,광산구,첨단1동,25995
2019,2920062600,광주광역시,광산구,첨단2동,44044
2019,2920063000,광주광역시,광산구,신가동,21843
2019,2920063500,광주광역시,광산구,운남동,31504
2019,2920063700,광주광역시,광산구,수완동,78986
2019,2920064000,광주광역시,광산구,하남동,23437
2019,2920065000,광주광역시,광산구,임곡동,2152
2019,2920066000,광주광역시,광산구,동곡동,1979
2019,2920067000,광주광역시,광산구,평동,4079
2019,2920068000,광주광역시,광산구,삼도동,2296
2019,2920069000,광주광역시,광산구,본량동,2102
2019,2920070000,광주광역시,광산구,신창동,34604
2019,3011051500,대전광역시,동구,중앙동,5175
2019,3011053000,대전광역시,동구,효동,27046
2019,3011054500,대전광역시,동구,신인동,12557
2019,3011055100,대전광역시,동구,판암1동,12757
2019,3011055200,대전광역시,동구,판암2동,8944
2019,3011056000,대전광역시,동구,용운동,16884
2019,3011058500,대전광역시,동구,대동,15578
2019,3011059000,대전광역시,동구,자양동,10618
2019,3011062000,대전광역시,동구,가양1동,14146
2019,3011063000,대전광역시,동구,가양2동,19145
2019,3011064000,대전광역시,동구,용전동,20746
2019,3011066500,대전광역시,동구,성남동,12680
2019,3011067000,대전광역시,동구,홍도동,11302
2019,3011069500,대전광역시,동구,삼성동,14933
2019,3011072500,대전광역시,동구,대청동,2579
2019,3011074000,대전광역시,동구,산내동,21681
2019,3014053500,대전광역시,중구,은행선화동,17469
2019,3014055000,대전광역시,중구,목동,15061
2019,3014056000,대전광역시,중구,중촌동,13866
2019,3014057500,대전광역시,중구,대흥동,14017
2019,3014060500,대전광역시,중구,문창동,4825
2019,3014062000,대전광역시,중구,석교동,16103
2019,3014063000,대전광역시,중구,대사동,5454
2019,3014064000,대전광역시,중구,부사동,6972
2019,3014065500,대전광역시,중구,용두동,10079
2019,3014067000,대전광역시,중구,오류동,10565
2019,3014068000,대전광역시,중구,태평1동,13983
2019,3014069000,대전광역시,중구,태평2동,26952
2019,3014070000,대전광역시,중구,유천1동,6712
2019,3014071000,대전광역시,중구,유천2동,13937
2019,3014072000,대전광역시,중구,문화1동,23140
2019,3014073000,대전광역시,중구,문화2동,13161
2019,3014074000,대전광역시,중구,산성동,28177
2019,3017051000,대전광역시,서구,복수동,22505
2019,3017052000,대전광역시,서구,도마1동,15262
2019,3017053000,대전광역시,서구,도마2동,18611
2019,3017053500,대전광역시,서구,정림동,16924
2019,3017054000,대전광역시,서구,변동,16577
2019,3017055000,대전광역시,서구,용문동,12887
2019,3017055500,대전광역시,서구,탄방동,25896
2019,3017056000,대전광역시,서구,괴정동,19068
2019,3017057000,대전광역시,서구,가장동,12646
2019,3017057500,대전광역시,서구,내동,24481
2019,3017058100,대전광역시,서구,갈마1동,21928
2019,3017058200,대전광역시,서구,갈마2동,25248
2019,3017058600,대전광역시,서구,월평1동,10897
2019,3017058700,대전광역시,서구,월평2동,15448
2019,3017058800,대전광역시,서구,월평3동,22495
2019,3017059000,대전광역시,서구,가수원동,41054
2019,3017059600,대전광역시,서구,관저1동,15936
2019,3017059700,대전광역시,서구,관저2동,51122
2019,3017060000,대전광역시,서구,기성동,3889
2019,3017063000,대전광역시,서구,둔산1동,17229
2019,3017064000,대전광역시,서구,둔산2동,37293
2019,3017065000,대전광역시,서구,만년동,13331
2019,3017066000,대전광역시,서구,둔산3동,20495
2019,3020052000,대전광역시,유성구,진잠동,35785
2019,3020053000,대전광역시,유성구,온천1동,33441
2019,3020054000,대전광역시,유성구,온천2동,40083
2019,3020054600,대전광역시,유성구,노은1동,22281
2019,3020054700,대전광역시,유성구,노은2동,25180
2019,3020054800,대전광역시,유성구,노은3동,36299
2019,3020055000,대전광역시,유성구,신성동,25157
2019,3020057000,대전광역시,유성구,전민동,27374
2019,3020058000,대전광역시,유성구,구즉동,28380
2019,3020060000,대전광역시,유성구,관평동,28865
2019,3020061000,대전광역시,유성구,원신흥동,46528
2019,3023051000,대전광역시,대덕구,오정동,15296
2019,3023052000,대전광역시,대덕구,대화동,7563
2019,3023052500,대전광역시,대덕구,회덕동,14167
2019,3023053300,대전광역시,대덕구,비래동,17062
2019,3023054300,대전광역시,대덕구,송촌동,28761
2019,3023054600,대전광역시,대덕구,중리동,20144
2019,3023055000,대전광역시,대덕구,신탄진동,11364
2019,3023056000,대전광역시,대덕구,석봉동,14367
2019,3023057000,대전광역시,대덕구,덕암동,14206
2019,3023058000,대전광역시,대덕구,목상동,6911
2019,3023060000,대전광역시,대덕구,법1동,10000
2019,3023061000,대전광역시,대덕구,법2동,17190
2019,3111051000,울산광역시,중구,학성동,10353
2019,3111052000,울산광역시,중구,반구1동,17780
2019,3111053000,울산광역시,중구,반구2동,9053
2019,3111054000,울산광역시,중구,복산1동,5053
2019,3111055000,울산광역시,중구,복산2동,11588
2019,3111058500,울산광역시,중구,중앙동,13958
2019,3111059000,울산광역시,중구,우정동,20722
2019,3111060000,울산광역시,중구,태화동,34455
2019,3111061000,울산광역시,중구,다운동,24114
2019,3111062000,울산광역시,중구,병영1동,23076
2019,3111063000,울산광역시,중구,병영2동,20934
2019,3111064000,울산광역시,중구,약사동,11138
2019,3111065000,울산광역시,중구,성안동,21357
2019,3114051000,울산광역시,남구,신정1동,19152
2019,3114052000,울산광역시,남구,신정2동,25442
2019,3114053000,울산광역시,남구,신정3동,16394
2019,3114054000,울산광역시,남구,신정4동,23407
2019,3114055000,울산광역시,남구,신정5동,8847
2019,3114056000,울산광역시,남구,달동,27825
2019,3114057000,울산광역시,남구,삼산동,49285
2019,3114058500,울산광역시,남구,삼호동,22043
2019,3114059500,울산광역시,남구,무거동,33296
2019,3114060000,울산광역시,남구,옥동,24687
2019,3114062500,울산광역시,남구,대현동,31165
2019,3114063500,울산광역시,남구,수암동,16678
2019,3114064000,울산광역시,남구,선암동,15231
2019,3114067000,울산광역시,남구,야음장생포동,10367
2019,3117051000,울산광역시,동구,방어동,40684
2019,3117052000,울산광역시,동구,일산동,5931
2019,3117053000,울산광역시,동구,화정동,20702
2019,3117054000,울산광역시,동구,대송동,12183
2019,3117055000,울산광역시,동구,전하1동,14775
2019,3117056000,울산광역시,동구,전하2동,21366
2019,3117058000,울산광역시,동구,남목1동,9255
2019,3117059000,울산광역시,동구,남목2동,22251
2019,3117060000,울산광역시,동구,남목3동,12509
2019,3120051000,울산광역시,북구,농소1동,37785
2019,3120052000,울산광역시,북구,농소2동,40120
2019,3120053000,울산광역시,북구,농소3동,39763
2019,3120054000,울산광역시,북구,강동동,15979
2019,3120056000,울산광역시,북구,효문동,30253
2019,3120057000,울산광역시,북구,송정동,33188
2019,3120058000,울산광역시,북구,양정동,10299
2019,3120059000,울산광역시,북구,염포동,10409
2019,3171025000,울산광역시,울주군,온산읍,20681
2019,3171025300,울산광역시,울주군,언양읍,28430
2019,3171025600,울산광역시,울주군,온양읍,28850
2019,3171025900,울산광역시,울주군,범서읍,71466
2019,3171026200,울산광역시,울주군,청량읍,19293
2019,3171031000,울산광역시,울주군,서생면,8531
2019,3171034000,울산광역시,울주군,웅촌면,7865
2019,3171036000,울산광역시,울주군,두동면,4181
2019,3171037000,울산광역시,울주군,두서면,3144
2019,3171038000,울산광역시,울주군,상북면,7984
2019,3171040000,울산광역시,울주군,삼동면,1828
2019,3611025000,세종특별자치시, ,조치원읍,43266
2019,3611031000,세종특별자치시, ,연기면,2577
2019,3611032000,세종특별자치시, ,연동면,3187
2019,3611033000,세종특별자치시, ,부강면,6308
2019,3611034000,세종특별자치시, ,금남면,8761
2019,3611035000,세종특별자치시, ,장군면,6238
2019,3611036000,세종특별자치시, ,연서면,7518
2019,3611037000,세종특별자치시, ,전의면,5863
2019,3611038000,세종특별자치시, ,전동면,3758
2019,3611039000,세종특별자치시, ,소정면,2545
2019,3611051000,세종특별자치시, ,한솔동,19287
2019,3611051500,세종특별자치시,,새롬동,53482
2019,3611052000,세종특별자치시, ,도담동,31919
2019,3611053000,세종특별자치시, ,아름동,23589
2019,3611054000,세종특별자치시, ,종촌동,29778
2019,3611055000,세종특별자치시, ,고운동,33371
2019,3611055500,세종특별자치시,,소담동,29489
2019,3611056000,세종특별자치시, ,보람동,19055
2019,3611057000,세종특별자치시,,대평동,10584
2019,4111156000,경기도,수원시 장안구,파장동,23987
2019,4111156600,경기도,수원시 장안구,율천동,43984
2019,4111157100,경기도,수원시 장안구,정자1동,30675
2019,4111157200,경기도,수원시 장안구,정자2동,30416
2019,4111157300,경기도,수원시 장안구,정자3동,43465
2019,4111158000,경기도,수원시 장안구,영화동,20642
2019,4111159100,경기도,수원시 장안구,송죽동,19907
2019,4111159700,경기도,수원시 장안구,조원1동,29317
2019,4111159800,경기도,수원시 장안구,조원2동,19461
2019,4111160000,경기도,수원시 장안구,연무동,16523
2019,4111352000,경기도,수원시 권선구,세류1동,10581
2019,4111353000,경기도,수원시 권선구,세류2동,24065
2019,4111354000,경기도,수원시 권선구,세류3동,20157
2019,4111355000,경기도,수원시 권선구,평동,40970
2019,4111356000,경기도,수원시 권선구,서둔동,38903
2019,4111365000,경기도,수원시 권선구,구운동,25286
2019,4111366200,경기도,수원시 권선구,금곡동,45800
2019,4111366400,경기도,수원시 권선구,호매실동,45780
2019,4111367000,경기도,수원시 권선구,권선1동,24834
2019,4111368000,경기도,수원시 권선구,권선2동,50334
2019,4111369000,경기도,수원시 권선구,곡선동,27863
2019,4111370000,경기도,수원시 권선구,입북동,17181
2019,4111565000,경기도,수원시 팔달구,매교동,5946
2019,4111566000,경기도,수원시 팔달구,매산동,10659
2019,4111567000,경기도,수원시 팔달구,고등동,9263
2019,4111568000,경기도,수원시 팔달구,화서1동,23594
2019,4111569000,경기도,수원시 팔달구,화서2동,27271
2019,4111570000,경기도,수원시 팔달구,지동,11836
2019,4111571000,경기도,수원시 팔달구,우만1동,21102
2019,4111572000,경기도,수원시 팔달구,우만2동,17415
2019,4111573000,경기도,수원시 팔달구,인계동,37853
2019,4111574000,경기도,수원시 팔달구,행궁동,10927
2019,4111751000,경기도,수원시 영통구,매탄1동,18961
2019,4111752000,경기도,수원시 영통구,매탄2동,15388
2019,4111753000,경기도,수원시 영통구,매탄3동,36568
2019,4111754000,경기도,수원시 영통구,매탄4동,22512
2019,4111755000,경기도,수원시 영통구,원천동,38545
2019,4111757000,경기도,수원시 영통구,영통1동,36509
2019,4111758000,경기도,수원시 영통구,영통2동,26631
2019,4111758500,경기도,수원시 영통구,영통3동,32993
2019,4111759300,경기도,수원시 영통구,망포1동,32002
2019,4111759600,경기도,수원시 영통구,망포2동,28249
2019,4111760000,경기도,수원시 영통구,광교1동,52131
2019,4111761000,경기도,수원시 영통구,광교2동,27979
2019,4113151000,경기도,성남시 수정구,신흥1동,13671
2019,4113152000,경기도,성남시 수정구,신흥2동,9925
2019,4113153000,경기도,성남시 수정구,신흥3동,11118
2019,4113154000,경기도,성남시 수정구,태평1동,15897
2019,4113155000,경기도,성남시 수정구,태평2동,16135
2019,4113156000,경기도,성남시 수정구,태평3동,13822
2019,4113156100,경기도,성남시 수정구,태평4동,13951
2019,4113157000,경기도,성남시 수정구,수진1동,12801
2019,4113158000,경기도,성남시 수정구,수진2동,16700
2019,4113159000,경기도,성남시 수정구,단대동,16283
2019,4113160000,경기도,성남시 수정구,산성동,13191
2019,4113161000,경기도,성남시 수정구,양지동,10171
2019,4113162000,경기도,성남시 수정구,복정동,11579
2019,4113162500,경기도,성남시 수정구,위례동,45462
2019,4113163000,경기도,성남시 수정구,신촌동,4795
2019,4113164000,경기도,성남시 수정구,고등동,5836
2019,4113165000,경기도,성남시 수정구,시흥동,3341
2019,4113351000,경기도,성남시 중원구,성남동,33402
2019,4113352500,경기도,성남시 중원구,중앙동,14454
2019,4113353000,경기도,성남시 중원구,금광1동,7210
2019,4113354000,경기도,성남시 중원구,금광2동,25359
2019,4113355000,경기도,성남시 중원구,은행1동,11072
2019,4113356000,경기도,성남시 중원구,은행2동,25350
2019,4113357000,경기도,성남시 중원구,상대원1동,26561
2019,4113358000,경기도,성남시 중원구,상대원2동,14419
2019,4113359000,경기도,성남시 중원구,상대원3동,12977
2019,4113366000,경기도,성남시 중원구,하대원동,21488
2019,4113367000,경기도,성남시 중원구,도촌동,27749
2019,4113551000,경기도,성남시 분당구,분당동,26856
2019,4113552000,경기도,성남시 분당구,수내1동,18123
2019,4113553000,경기도,성남시 분당구,수내2동,10834
2019,4113554000,경기도,성남시 분당구,수내3동,14319
2019,4113554500,경기도,성남시 분당구,정자동,20102
2019,4113555000,경기도,성남시 분당구,정자1동,31032
2019,4113556000,경기도,성남시 분당구,정자2동,16381
2019,4113557000,경기도,성남시 분당구,정자3동,15872
2019,4113558000,경기도,성남시 분당구,서현1동,32592
2019,4113559000,경기도,성남시 분당구,서현2동,19047
2019,4113560000,경기도,성남시 분당구,이매1동,26349
2019,4113561000,경기도,성남시 분당구,이매2동,14103
2019,4113562000,경기도,성남시 분당구,야탑1동,17850
2019,4113563000,경기도,성남시 분당구,야탑2동,17102
2019,4113564000,경기도,성남시 분당구,야탑3동,29936
2019,4113565000,경기도,성남시 분당구,판교동,23943
2019,4113565500,경기도,성남시 분당구,삼평동,24887
2019,4113565700,경기도,성남시 분당구,백현동,28269
2019,4113566200,경기도,성남시 분당구,금곡동,29090
2019,4113566500,경기도,성남시 분당구,구미1동,18104
2019,4113567000,경기도,성남시 분당구,구미동,31909
2019,4113568000,경기도,성남시 분당구,운중동,21305
2019,4115051000,경기도,의정부시,의정부1동,20455
2019,4115052000,경기도,의정부시,의정부2동,32193
2019,4115054500,경기도,의정부시,호원1동,36520
2019,4115055500,경기도,의정부시,호원2동,35999
2019,4115056100,경기도,의정부시,장암동,19606
2019,4115056700,경기도,의정부시,신곡1동,45328
2019,4115056800,경기도,의정부시,신곡2동,44673
2019,4115057300,경기도,의정부시,송산1동,29024
2019,4115057600,경기도,의정부시,송산2동,80778
2019,4115058000,경기도,의정부시,자금동,28193
2019,4115059500,경기도,의정부시,가능동,26579
2019,4115061500,경기도,의정부시,흥선동,19778
2019,4115062000,경기도,의정부시,녹양동,22684
2019,4117151000,경기도,안양시 만안구,안양1동,14862
2019,4117152000,경기도,안양시 만안구,안양2동,21676
2019,4117153000,경기도,안양시 만안구,안양3동,16799
2019,4117154000,경기도,안양시 만안구,안양4동,7273
2019,4117155000,경기도,안양시 만안구,안양5동,13215
2019,4117156000,경기도,안양시 만안구,안양6동,19618
2019,4117157000,경기도,안양시 만안구,안양7동,16126
2019,4117158000,경기도,안양시 만안구,안양8동,11185
2019,4117158100,경기도,안양시 만안구,안양9동,17686
2019,4117159000,경기도,안양시 만안구,석수1동,20189
2019,4117160000,경기도,안양시 만안구,석수2동,32443
2019,4117161000,경기도,안양시 만안구,석수3동,14107
2019,4117162100,경기도,안양시 만안구,박달1동,15664
2019,4117163000,경기도,안양시 만안구,박달2동,23392
2019,4117351000,경기도,안양시 동안구,비산1동,22215
2019,4117352000,경기도,안양시 동안구,비산2동,11263
2019,4117353000,경기도,안양시 동안구,비산3동,23358
2019,4117354000,경기도,안양시 동안구,부흥동,17962
2019,4117354600,경기도,안양시 동안구,달안동,11329
2019,4117355000,경기도,안양시 동안구,관양1동,37662
2019,4117356000,경기도,안양시 동안구,관양2동,19420
2019,4117356600,경기도,안양시 동안구,부림동,27432
2019,4117357000,경기도,안양시 동안구,평촌동,15702
2019,4117357600,경기도,안양시 동안구,평안동,24338
2019,4117357800,경기도,안양시 동안구,귀인동,17031
2019,4117358000,경기도,안양시 동안구,호계1동,8108
2019,4117359000,경기도,안양시 동안구,호계2동,24208
2019,4117360000,경기도,안양시 동안구,호계3동,22262
2019,4117361000,경기도,안양시 동안구,범계동,15807
2019,4117362000,경기도,안양시 동안구,신촌동,13403
2019,4117363000,경기도,안양시 동안구,갈산동,11309
2019,4119060300,경기도,부천시,심곡동,65693
2019,4119060600,경기도,부천시,부천동,91894
2019,4119061000,경기도,부천시,중동,42236
2019,4119074200,경기도,부천시,신중동,130619
2019,4119074400,경기도,부천시,상동,88569
2019,4119074600,경기도,부천시,대산동,83744
2019,4119075000,경기도,부천시,소사본동,57264
2019,4119079500,경기도,부천시,범안동,96994
2019,4119080000,경기도,부천시,성곡동,86497
2019,4119083000,경기도,부천시,오정동,86486
2019,4121051000,경기도,광명시,광명1동,7467
2019,4121052000,경기도,광명시,광명2동,9550
2019,4121054000,경기도,광명시,광명3동,9932
2019,4121055000,경기도,광명시,광명4동,14271
2019,4121056000,경기도,광명시,광명5동,14853
2019,4121057000,경기도,광명시,광명6동,11374
2019,4121058000,경기도,광명시,광명7동,17377
2019,4121059000,경기도,광명시,철산1동,13161
2019,4121060000,경기도,광명시,철산2동,13803
2019,4121061000,경기도,광명시,철산3동,33496
2019,4121062000,경기도,광명시,철산4동,13801
2019,4121063100,경기도,광명시,하안1동,26817
2019,4121063200,경기도,광명시,하안2동,14568
2019,4121063300,경기도,광명시,하안3동,21276
2019,4121063400,경기도,광명시,하안4동,13047
2019,4121064000,경기도,광명시,소하1동,32425
2019,4121065000,경기도,광명시,소하2동,47049
2019,4121066000,경기도,광명시,학온동,2285
2019,4122025000,경기도,평택시,팽성읍,27481
2019,4122025300,경기도,평택시,안중읍,43746
2019,4122025600,경기도,평택시,포승읍,24104
2019,4122025900,경기도,평택시,청북읍,25631
2019,4122031000,경기도,평택시,진위면,11464
2019,4122032000,경기도,평택시,서탄면,3687
2019,4122033000,경기도,평택시,고덕면,14838
2019,4122034000,경기도,평택시,오성면,6833
2019,4122037000,경기도,평택시,현덕면,5536
2019,4122051000,경기도,평택시,중앙동,44112
2019,4122052000,경기도,평택시,서정동,26530
2019,4122053500,경기도,평택시,송탄동,17642
2019,4122055000,경기도,평택시,지산동,11942
2019,4122056000,경기도,평택시,송북동,22075
2019,4122057000,경기도,평택시,신장1동,6712
2019,4122058000,경기도,평택시,신장2동,5739
2019,4122059000,경기도,평택시,신평동,22841
2019,4122060000,경기도,평택시,원평동,10928
2019,4122061000,경기도,평택시,통복동,4128
2019,4122062000,경기도,평택시,비전1동,74041
2019,4122063000,경기도,평택시,비전2동,52145
2019,4122063500,경기도,평택시,용이동,24658
2019,4122064000,경기도,평택시,세교동,26214
2019,4125051000,경기도,동두천시,생연1동,6980
2019,4125052000,경기도,동두천시,생연2동,11645
2019,4125053500,경기도,동두천시,중앙동,5258
2019,4125055000,경기도,동두천시,보산동,3126
2019,4125056500,경기도,동두천시,불현동,28074
2019,4125056600,경기도,동두천시,송내동,25972
2019,4125058000,경기도,동두천시,소요동,8675
2019,4125060000,경기도,동두천시,상패동,5038
2019,4127151000,경기도,안산시 상록구,일동,26073
2019,4127151500,경기도,안산시 상록구,이동,25209
2019,4127152500,경기도,안산시 상록구,사동,34674
2019,4127153200,경기도,안산시 상록구,사이동,32883
2019,4127153700,경기도,안산시 상록구,해양동,18419
2019,4127154000,경기도,안산시 상록구,본오1동,39694
2019,4127155000,경기도,안산시 상록구,본오2동,27908
2019,4127156000,경기도,안산시 상록구,본오3동,21030
2019,4127157000,경기도,안산시 상록구,부곡동,22697
2019,4127158000,경기도,안산시 상록구,월피동,40215
2019,4127159000,경기도,안산시 상록구,성포동,27961
2019,4127160000,경기도,안산시 상록구,반월동,18549
2019,4127161000,경기도,안산시 상록구,안산동,9301
2019,4127351000,경기도,안산시 단원구,와동,39778
2019,4127352500,경기도,안산시 단원구,고잔동,22548
2019,4127353200,경기도,안산시 단원구,중앙동,26065
2019,4127353500,경기도,안산시 단원구,호수동,46080
2019,4127354500,경기도,안산시 단원구,원곡동,6646
2019,4127355500,경기도,안산시 단원구,백운동,19098
2019,4127356500,경기도,안산시 단원구,신길동,23109
2019,4127357000,경기도,안산시 단원구,초지동,47944
2019,4127358000,경기도,안산시 단원구,선부1동,11387
2019,4127359000,경기도,안산시 단원구,선부2동,18387
2019,4127360000,경기도,안산시 단원구,선부3동,36713
2019,4127361000,경기도,안산시 단원구,대부동,8550
2019,4128151000,경기도,고양시 덕양구,주교동,15748
2019,4128152000,경기도,고양시 덕양구,원신동,23942
2019,4128153000,경기도,고양시 덕양구,흥도동,44565
2019,4128154000,경기도,고양시 덕양구,성사1동,22062
2019,4128155000,경기도,고양시 덕양구,성사2동,11729
2019,4128156000,경기도,고양시 덕양구,효자동,5041
2019,4128158000,경기도,고양시 덕양구,창릉동,19852
2019,4128159000,경기도,고양시 덕양구,고양동,31168
2019,4128160000,경기도,고양시 덕양구,관산동,36611
2019,4128161000,경기도,고양시 덕양구,능곡동,15997
2019,4128162100,경기도,고양시 덕양구,화정1동,38683
2019,4128162200,경기도,고양시 덕양구,화정2동,33924
2019,4128163000,경기도,고양시 덕양구,행주동,19950
2019,4128164000,경기도,고양시 덕양구,행신1동,22636
2019,4128165000,경기도,고양시 덕양구,행신2동,33058
2019,4128165500,경기도,고양시 덕양구,행신3동,47193
2019,4128166000,경기도,고양시 덕양구,화전동,19382
2019,4128167000,경기도,고양시 덕양구,대덕동,2737
2019,4128551000,경기도,고양시 일산동구,식사동,34197
2019,4128553000,경기도,고양시 일산동구,정발산동,24349
2019,4128554000,경기도,고양시 일산동구,풍산동,39667
2019,4128555100,경기도,고양시 일산동구,백석1동,31356
2019,4128555200,경기도,고양시 일산동구,백석2동,20891
2019,4128556000,경기도,고양시 일산동구,마두1동,24938
2019,4128557000,경기도,고양시 일산동구,마두2동,16690
2019,4128558000,경기도,고양시 일산동구,장항1동,9409
2019,4128559000,경기도,고양시 일산동구,장항2동,26069
2019,4128560000,경기도,고양시 일산동구,고봉동,22441
2019,4128751000,경기도,고양시 일산서구,일산1동,28288
2019,4128752000,경기도,고양시 일산서구,일산2동,19218
2019,4128753000,경기도,고양시 일산서구,일산3동,36649
2019,4128755000,경기도,고양시 일산서구,주엽1동,28389
2019,4128756000,경기도,고양시 일산서구,주엽2동,29650
2019,4128757000,경기도,고양시 일산서구,대화동,34791
2019,4128758000,경기도,고양시 일산서구,송포동,21546
2019,4129051000,경기도,과천시,중앙동,6736
2019,4129052000,경기도,과천시,갈현동,10883
2019,4129053000,경기도,과천시,별양동,10790
2019,4129054000,경기도,과천시,부림동,11859
2019,4129055000,경기도,과천시,과천동,9855
2019,4129056000,경기도,과천시,문원동,8166
2019,4131051000,경기도,구리시,갈매동,31338
2019,4131052000,경기도,구리시,동구동,39012
2019,4131053000,경기도,구리시,인창동,23670
2019,4131054100,경기도,구리시,교문1동,16517
2019,4131054200,경기도,구리시,교문2동,22644
2019,4131057000,경기도,구리시,수택1동,19583
2019,4131058000,경기도,구리시,수택2동,24178
2019,4131059000,경기도,구리시,수택3동,22323
2019,4136025000,경기도,남양주시,와부읍,64338
2019,4136025300,경기도,남양주시,진접읍,93893
2019,4136025600,경기도,남양주시,화도읍,101223
2019,4136025700,경기도,남양주시,화도읍동부출장소,13510
2019,4136025900,경기도,남양주시,진건읍,24952
2019,4136026200,경기도,남양주시,오남읍,53648
2019,4136026500,경기도,남양주시,퇴계원읍,30362
2019,4136031000,경기도,남양주시,별내면,20115
2019,4136034000,경기도,남양주시,수동면,9078
2019,4136036000,경기도,남양주시,조안면,4275
2019,4136051000,경기도,남양주시,호평동,50709
2019,4136052000,경기도,남양주시,평내동,34585
2019,4136053000,경기도,남양주시,금곡동,19508
2019,4136054000,경기도,남양주시,양정동,4662
2019,4136054500,경기도,남양주시,다산1동,74497
2019,4136056500,경기도,남양주시,다산2동,31903
2019,4136057000,경기도,남양주시,별내동,70572
2019,4137051000,경기도,오산시,중앙동,35645
2019,4137053000,경기도,오산시,남촌동,19810
2019,4137054000,경기도,오산시,신장동,59416
2019,4137055000,경기도,오산시,세마동,31164
2019,4137056000,경기도,오산시,초평동,16260
2019,4137057000,경기도,오산시,대원동,64084
2019,4139051000,경기도,시흥시,대야동,32920
2019,4139052000,경기도,시흥시,신천동,37579
2019,4139053100,경기도,시흥시,신현동,10361
2019,4139054000,경기도,시흥시,은행동,48258
2019,4139055000,경기도,시흥시,매화동,12559
2019,4139057000,경기도,시흥시,목감동,43192
2019,4139058100,경기도,시흥시,군자동,23068
2019,4139058200,경기도,시흥시,월곶동,15267
2019,4139058900,경기도,시흥시,정왕본동,20693
2019,4139059100,경기도,시흥시,정왕1동,22865
2019,4139059200,경기도,시흥시,정왕2동,31984
2019,4139059300,경기도,시흥시,정왕3동,23169
2019,4139059400,경기도,시흥시,정왕4동,21717
2019,4139062100,경기도,시흥시,과림동,1994
2019,4139063000,경기도,시흥시,연성동,24464
2019,4139063100,경기도,시흥시,장곡동,17507
2019,4139064000,경기도,시흥시,능곡동,17318
2019,4141051000,경기도,군포시,군포1동,32915
2019,4141052000,경기도,군포시,군포2동,54090
2019,4141054000,경기도,군포시,산본1동,16502
2019,4141055000,경기도,군포시,산본2동,27917
2019,4141056000,경기도,군포시,금정동,17576
2019,4141057000,경기도,군포시,재궁동,19748
2019,4141058000,경기도,군포시,오금동,22740
2019,4141059000,경기도,군포시,수리동,17373
2019,4141060000,경기도,군포시,궁내동,21402
2019,4141061000,경기도,군포시,대야동,19898
2019,4141062000,경기도,군포시,광정동,25691
2019,4143051000,경기도,의왕시,고천동,11951
2019,4143052000,경기도,의왕시,부곡동,28232
2019,4143053000,경기도,의왕시,오전동,38541
2019,4143054000,경기도,의왕시,내손1동,21310
2019,4143055000,경기도,의왕시,내손2동,29810
2019,4143056000,경기도,의왕시,청계동,31309
2019,4145051000,경기도,하남시,천현동,7735
2019,4145052000,경기도,하남시,신장1동,6369
2019,4145053000,경기도,하남시,신장2동,45764
2019,4145054000,경기도,하남시,덕풍1동,16462
2019,4145055000,경기도,하남시,덕풍2동,19588
2019,4145056000,경기도,하남시,덕풍3동,25562
2019,4145057000,경기도,하남시,풍산동,28196
2019,4145058000,경기도,하남시,감북동,6283
2019,4145058500,경기도,하남시,위례동,19221
2019,4145059000,경기도,하남시,춘궁동,4091
2019,4145060000,경기도,하남시,초이동,3738
2019,4145061000,경기도,하남시,미사1동,41176
2019,4145062000,경기도,하남시,미사2동,48270
2019,4146125000,경기도,용인시 처인구,포곡읍,32950
2019,4146125300,경기도,용인시 처인구,모현읍,25737
2019,4146125600,경기도,용인시 처인구,이동읍,20176
2019,4146134000,경기도,용인시 처인구,원삼면,8223
2019,4146135000,경기도,용인시 처인구,백암면,8467
2019,4146136000,경기도,용인시 처인구,양지면,18445
2019,4146151000,경기도,용인시 처인구,중앙동,24265
2019,4146153000,경기도,용인시 처인구,유림동,35708
2019,4146154000,경기도,용인시 처인구,동부동,13281
2019,4146351000,경기도,용인시 기흥구,신갈동,38953
2019,4146352000,경기도,용인시 기흥구,구갈동,42098
2019,4146353000,경기도,용인시 기흥구,상갈동,46833
2019,4146354000,경기도,용인시 기흥구,기흥동,21048
2019,4146355000,경기도,용인시 기흥구,서농동,25365
2019,4146356000,경기도,용인시 기흥구,구성동,39561
2019,4146357000,경기도,용인시 기흥구,마북동,32319
2019,4146358600,경기도,용인시 기흥구,상하동,24874
2019,4146359000,경기도,용인시 기흥구,보정동,36038
2019,4146551000,경기도,용인시 수지구,풍덕천1동,36007
2019,4146552000,경기도,용인시 수지구,풍덕천2동,42070
2019,4146553000,경기도,용인시 수지구,신봉동,37915
2019,4146554000,경기도,용인시 수지구,죽전1동,57156
2019,4146555000,경기도,용인시 수지구,죽전2동,18685
2019,4146556000,경기도,용인시 수지구,동천동,45942
2019,4146557000,경기도,용인시 수지구,상현1동,48909
2019,4146558000,경기도,용인시 수지구,상현2동,34141
2019,4146559000,경기도,용인시 수지구,성복동,48209
2019,4148025000,경기도,파주시,문산읍,48779
2019,4148025300,경기도,파주시,파주읍,13216
2019,4148025600,경기도,파주시,법원읍,11124
2019,4148026200,경기도,파주시,조리읍,30520
2019,4148031000,경기도,파주시,월롱면,9547
2019,4148032000,경기도,파주시,탄현면,13581
2019,4148035000,경기도,파주시,광탄면,11637
2019,4148036000,경기도,파주시,파평면,3946
2019,4148037000,경기도,파주시,적성면,7567
2019,4148051000,경기도,파주시,금촌1동,22580
2019,4148052000,경기도,파주시,금촌2동,33996
2019,4148053000,경기도,파주시,금촌3동,27606
2019,4148054000,경기도,파주시,교하동,41240
2019,4148055000,경기도,파주시,운정1동,45127
2019,4148056000,경기도,파주시,운정2동,60304
2019,4148057000,경기도,파주시,운정3동,72538
2019,4150025000,경기도,이천시,장호원읍,14889
2019,4150025300,경기도,이천시,부발읍,36011
2019,4150031000,경기도,이천시,신둔면,13275
2019,4150032000,경기도,이천시,백사면,11043
2019,4150033000,경기도,이천시,호법면,5694
2019,4150034000,경기도,이천시,마장면,12515
2019,4150035000,경기도,이천시,대월면,14395
2019,4150036000,경기도,이천시,모가면,4482
2019,4150037000,경기도,이천시,설성면,4886
2019,4150038000,경기도,이천시,율면,2721
2019,4150051000,경기도,이천시,창전동,17465
2019,4150051500,경기도,이천시,증포동,53605
2019,4150052000,경기도,이천시,중리동,14546
2019,4150053000,경기도,이천시,관고동,10307
2019,4155025000,경기도,안성시,공도읍,57523
2019,4155031000,경기도,안성시,보개면,5516
2019,4155032000,경기도,안성시,금광면,7640
2019,4155033000,경기도,안성시,서운면,3456
2019,4155034000,경기도,안성시,미양면,5682
2019,4155035000,경기도,안성시,대덕면,15487
2019,4155036000,경기도,안성시,양성면,5223
2019,4155038000,경기도,안성시,원곡면,6093
2019,4155039000,경기도,안성시,일죽면,7632
2019,4155040000,경기도,안성시,죽산면,6901
2019,4155041000,경기도,안성시,삼죽면,3580
2019,4155042000,경기도,안성시,고삼면,1920
2019,4155051000,경기도,안성시,안성1동,12681
2019,4155052000,경기도,안성시,안성2동,22169
2019,4155053000,경기도,안성시,안성3동,21902
2019,4157025000,경기도,김포시,통진읍,26637
2019,4157025300,경기도,김포시,고촌읍,27065
2019,4157025600,경기도,김포시,양촌읍,26016
2019,4157034000,경기도,김포시,대곶면,9800
2019,4157035000,경기도,김포시,월곶면,5559
2019,4157036000,경기도,김포시,하성면,8220
2019,4157051500,경기도,김포시,김포본동,51111
2019,4157052500,경기도,김포시,장기본동,37666
2019,4157054000,경기도,김포시,사우동,23162
2019,4157055000,경기도,김포시,풍무동,61512
2019,4157056000,경기도,김포시,장기동,41594
2019,4157057000,경기도,김포시,구래동,39271
2019,4157057500,경기도,김포시,마산동,30431
2019,4157058000,경기도,김포시,운양동,49177
2019,4159025300,경기도,화성시,봉담읍,77992
2019,4159025600,경기도,화성시,우정읍,17431
2019,4159025900,경기도,화성시,향남읍,83112
2019,4159026200,경기도,화성시,남양읍,39167
2019,4159031000,경기도,화성시,매송면,7385
2019,4159032000,경기도,화성시,비봉면,5849
2019,4159033000,경기도,화성시,마도면,6816
2019,4159034000,경기도,화성시,송산면,10948
2019,4159035000,경기도,화성시,서신면,7091
2019,4159036000,경기도,화성시,팔탄면,9882
2019,4159037000,경기도,화성시,장안면,10265
2019,4159040000,경기도,화성시,양감면,4058
2019,4159041000,경기도,화성시,정남면,11328
2019,4159051500,경기도,화성시,새솔동,18386
2019,4159052000,경기도,화성시,진안동,43289
2019,4159053000,경기도,화성시,병점1동,28271
2019,4159054000,경기도,화성시,병점2동,24622
2019,4159055000,경기도,화성시,반월동,31642
2019,4159056000,경기도,화성시,기배동,13879
2019,4159057000,경기도,화성시,화산동,23555
2019,4159058500,경기도,화성시,동탄1동,50401
2019,4159058600,경기도,화성시,동탄2동,35760
2019,4159058700,경기도,화성시,동탄3동,41898
2019,4159058800,경기도,화성시,동탄4동,53690
2019,4159059000,경기도,화성시,동탄5동,37140
2019,4159060000,경기도,화성시,동탄6동,28648
2019,4159061000,경기도,화성시,동탄7동,72522
2019,4159062000,경기도,화성시,동탄8동,20369
2019,4161025300,경기도,광주시,초월읍,43515
2019,4161025900,경기도,광주시,곤지암읍,22899
2019,4161033000,경기도,광주시,도척면,9119
2019,4161034000,경기도,광주시,퇴촌면,14391
2019,4161035000,경기도,광주시,남종면,1504
2019,4161037000,경기도,광주시,남한산성면,2724
2019,4161051000,경기도,광주시,경안동,43515
2019,4161052000,경기도,광주시,송정동,60772
2019,4163025000,경기도,양주시,백석읍,26762
2019,4163031000,경기도,양주시,은현면,6221
2019,4163032000,경기도,양주시,남면,7250
2019,4163033000,경기도,양주시,광적면,12275
2019,4163034000,경기도,양주시,장흥면,10321
2019,4163051000,경기도,양주시,양주1동,5569
2019,4163052000,경기도,양주시,양주2동,51297
2019,4163053000,경기도,양주시,회천1동,9960
2019,4163054000,경기도,양주시,회천2동,27463
2019,4163055000,경기도,양주시,회천3동,28362
2019,4163056000,경기도,양주시,회천4동,36834
2019,4165025000,경기도,포천시,소흘읍,44768
2019,4165031000,경기도,포천시,군내면,8745
2019,4165032000,경기도,포천시,내촌면,4662
2019,4165033000,경기도,포천시,가산면,7775
2019,4165034000,경기도,포천시,신북면,12593
2019,4165035000,경기도,포천시,창수면,2203
2019,4165036000,경기도,포천시,영중면,4946
2019,4165037000,경기도,포천시,일동면,9490
2019,4165038000,경기도,포천시,이동면,6103
2019,4165039000,경기도,포천시,영북면,8607
2019,4165040000,경기도,포천시,관인면,2835
2019,4165041000,경기도,포천시,화현면,2758
2019,4165051000,경기도,포천시,포천동,18474
2019,4165052000,경기도,포천시,선단동,14420
2019,4167025000,경기도,여주시,가남읍,15531
2019,4167031000,경기도,여주시,점동면,4607
2019,4167032000,경기도,여주시,흥천면,5036
2019,4167033000,경기도,여주시,금사면,2971
2019,4167035000,경기도,여주시,대신면,7176
2019,4167036000,경기도,여주시,북내면,4953
2019,4167037000,경기도,여주시,강천면,4137
2019,4167038000,경기도,여주시,산북면,2586
2019,4167051000,경기도,여주시,여흥동,22078
2019,4167052000,경기도,여주시,중앙동,18658
2019,4167053000,경기도,여주시,오학동,16885
2019,4180025000,경기도,연천군,연천읍,8036
2019,4180025300,경기도,연천군,전곡읍,19181
2019,4180031000,경기도,연천군,군남면,3328
2019,4180032000,경기도,연천군,청산면,4012
2019,4180033000,경기도,연천군,백학면,2674
2019,4180034000,경기도,연천군,미산면,1757
2019,4180035000,경기도,연천군,왕징면,1045
2019,4180036000,경기도,연천군,신서면,2853
2019,4180037000,경기도,연천군,중면,202
2019,4180038000,경기도,연천군,장남면,736
2019,4182025000,경기도,가평군,가평읍,19632
2019,4182031000,경기도,가평군,설악면,9426
2019,4182032500,경기도,가평군,청평면,14161
2019,4182033000,경기도,가평군,상면,5505
2019,4182034500,경기도,가평군,조종면,9718
2019,4182035000,경기도,가평군,북면,3973
2019,4183025000,경기도,양평군,양평읍,30540
2019,4183031000,경기도,양평군,강상면,10041
2019,4183032000,경기도,양평군,강하면,4632
2019,4183033000,경기도,양평군,양서면,12966
2019,4183034000,경기도,양평군,옥천면,7766
2019,4183035000,경기도,양평군,서종면,9468
2019,4183036000,경기도,양평군,단월면,3924
2019,4183037000,경기도,양평군,청운면,3719
2019,4183038000,경기도,양평군,양동면,4586
2019,4183039500,경기도,양평군,지평면,6789
2019,4183040000,경기도,양평군,용문면,17369
2019,4183041000,경기도,양평군,개군면,5074
2019,4211025000,강원도,춘천시,신북읍,7910
2019,4211031000,강원도,춘천시,동면,19758
2019,4211032000,강원도,춘천시,동산면,1510
2019,4211033000,강원도,춘천시,신동면,2589
2019,4211034000,강원도,춘천시,남면,1105
2019,4211035000,강원도,춘천시,서면,3939
2019,4211036000,강원도,춘천시,사북면,2577
2019,4211038000,강원도,춘천시,북산면,970
2019,4211039000,강원도,춘천시,동내면,17592
2019,4211040000,강원도,춘천시,남산면,3570
2019,4211052000,강원도,춘천시,교동,3687
2019,4211053000,강원도,춘천시,조운동,3001
2019,4211054500,강원도,춘천시,약사명동,2419
2019,4211057000,강원도,춘천시,근화동,9043
2019,4211058000,강원도,춘천시,소양동,10202
2019,4211060000,강원도,춘천시,후평1동,12059
2019,4211061000,강원도,춘천시,후평2동,15343
2019,4211061100,강원도,춘천시,후평3동,21378
2019,4211062000,강원도,춘천시,효자1동,4743
2019,4211063000,강원도,춘천시,효자2동,12012
2019,4211064000,강원도,춘천시,효자3동,4714
2019,4211065000,강원도,춘천시,석사동,36508
2019,4211066000,강원도,춘천시,퇴계동,46914
2019,4211067500,강원도,춘천시,강남동,17192
2019,4211070500,강원도,춘천시,신사우동,20556
2019,4213025000,강원도,원주시,문막읍,18254
2019,4213031000,강원도,원주시,소초면,8914
2019,4213032000,강원도,원주시,호저면,3821
2019,4213033000,강원도,원주시,지정면,19838
2019,4213035000,강원도,원주시,부론면,2289
2019,4213036000,강원도,원주시,귀래면,2207
2019,4213037000,강원도,원주시,흥업면,8997
2019,4213038000,강원도,원주시,판부면,7351
2019,4213039000,강원도,원주시,신림면,3663
2019,4213051500,강원도,원주시,중앙동,2877
2019,4213052000,강원도,원주시,원인동,5435
2019,4213053000,강원도,원주시,개운동,13247
2019,4213054100,강원도,원주시,명륜1동,9006
2019,4213054200,강원도,원주시,명륜2동,16143
2019,4213055000,강원도,원주시,단구동,43689
2019,4213056000,강원도,원주시,일산동,8875
2019,4213057500,강원도,원주시,학성동,5121
2019,4213059000,강원도,원주시,단계동,27363
2019,4213060000,강원도,원주시,우산동,13957
2019,4213061000,강원도,원주시,태장1동,9870
2019,4213062000,강원도,원주시,태장2동,25244
2019,4213063500,강원도,원주시,봉산동,8556
2019,4213065000,강원도,원주시,행구동,7602
2019,4213066000,강원도,원주시,무실동,33562
2019,4213067500,강원도,원주시,반곡관설동,43334
2019,4215025000,강원도,강릉시,주문진읍,16404
2019,4215031000,강원도,강릉시,성산면,3442
2019,4215032000,강원도,강릉시,왕산면,1631
2019,4215033000,강원도,강릉시,구정면,4088
2019,4215034000,강원도,강릉시,강동면,4455
2019,4215035000,강원도,강릉시,옥계면,3666
2019,4215036000,강원도,강릉시,사천면,4535
2019,4215037000,강원도,강릉시,연곡면,6623
2019,4215051000,강원도,강릉시,홍제동,15488
2019,4215052000,강원도,강릉시,중앙동,5176
2019,4215054000,강원도,강릉시,옥천동,3401
2019,4215055000,강원도,강릉시,교1동,26303
2019,4215056000,강원도,강릉시,교2동,7996
2019,4215057100,강원도,강릉시,포남1동,10703
2019,4215057200,강원도,강릉시,포남2동,13575
2019,4215058000,강원도,강릉시,초당동,4959
2019,4215059000,강원도,강릉시,송정동,7844
2019,4215060000,강원도,강릉시,내곡동,17109
2019,4215061500,강원도,강릉시,강남동,18583
2019,4215064500,강원도,강릉시,성덕동,29029
2019,4215066500,강원도,강릉시,경포동,8432
2019,4217051000,강원도,동해시,천곡동,30094
2019,4217052000,강원도,동해시,송정동,4350
2019,4217053000,강원도,동해시,북삼동,20417
2019,4217054000,강원도,동해시,부곡동,5486
2019,4217055000,강원도,동해시,동호동,5384
2019,4217057000,강원도,동해시,발한동,3764
2019,4217059000,강원도,동해시,묵호동,3305
2019,4217060000,강원도,동해시,북평동,10795
2019,4217063000,강원도,동해시,망상동,3844
2019,4217065000,강원도,동해시,삼화동,3083
2019,4219051500,강원도,태백시,황지동,6609
2019,4219052500,강원도,태백시,황연동,4600
2019,4219053500,강원도,태백시,삼수동,6132
2019,4219054000,강원도,태백시,상장동,14037
2019,4219058500,강원도,태백시,문곡소도동,3994
2019,4219059500,강원도,태백시,장성동,3511
2019,4219060500,강원도,태백시,구문소동,2756
2019,4219061500,강원도,태백시,철암동,2227
2019,4221051000,강원도,속초시,영랑동,4758
2019,4221052000,강원도,속초시,동명동,4038
2019,4221054000,강원도,속초시,금호동,6410
2019,4221056000,강원도,속초시,교동,9946
2019,4221057000,강원도,속초시,노학동,21733
2019,4221058000,강원도,속초시,조양동,27258
2019,4221059000,강원도,속초시,청호동,4440
2019,4221060000,강원도,속초시,대포동,3203
2019,4223025000,강원도,삼척시,도계읍,10892
2019,4223025300,강원도,삼척시,원덕읍,3369
2019,4223025400,강원도,삼척시,원덕읍임원출장소,1765
2019,4223031000,강원도,삼척시,근덕면,5310
2019,4223032000,강원도,삼척시,하장면,1357
2019,4223033000,강원도,삼척시,노곡면,718
2019,4223034000,강원도,삼척시,미로면,1887
2019,4223035000,강원도,삼척시,가곡면,720
2019,4223036000,강원도,삼척시,신기면,676
2019,4223051000,강원도,삼척시,남양동,7840
2019,4223053000,강원도,삼척시,교동,14943
2019,4223054000,강원도,삼척시,정라동,9364
2019,4223057000,강원도,삼척시,성내동,8387
2019,4272025000,강원도,홍천군,홍천읍,35042
2019,4272031000,강원도,홍천군,화촌면,4599
2019,4272032000,강원도,홍천군,두촌면,2390
2019,4272033000,강원도,홍천군,내촌면,2379
2019,4272034000,강원도,홍천군,서석면,3806
2019,4272036000,강원도,홍천군,남면,6011
2019,4272037000,강원도,홍천군,서면,3843
2019,4272038000,강원도,홍천군,북방면,3928
2019,4272039000,강원도,홍천군,내면,3239
2019,4273025000,강원도,횡성군,횡성읍,20978
2019,4273031000,강원도,횡성군,우천면,4476
2019,4273032000,강원도,횡성군,안흥면,3078
2019,4273033000,강원도,횡성군,둔내면,5875
2019,4273034000,강원도,횡성군,갑천면,2382
2019,4273035000,강원도,횡성군,청일면,2406
2019,4273036000,강원도,횡성군,공근면,3505
2019,4273037000,강원도,횡성군,서원면,2131
2019,4273038000,강원도,횡성군,강림면,1744
2019,4275025000,강원도,영월군,영월읍,21385
2019,4275025300,강원도,영월군,상동읍,1114
2019,4275032500,강원도,영월군,김삿갓면,1781
2019,4275033000,강원도,영월군,북면,2176
2019,4275034000,강원도,영월군,남면,2280
2019,4275035500,강원도,영월군,한반도면,1281
2019,4275035900,강원도,영월군,한반도면쌍용출장소,1761
2019,4275036000,강원도,영월군,주천면,3846
2019,4275038000,강원도,영월군,무릉도원면,2012
2019,4276025000,강원도,평창군,평창읍,8635
2019,4276031000,강원도,평창군,미탄면,1705
2019,4276032000,강원도,평창군,방림면,840
2019,4276032500,강원도,평창군,방림면계촌출장소,1623
2019,4276033000,강원도,평창군,대화면,5388
2019,4276034000,강원도,평창군,봉평면,5790
2019,4276035000,강원도,평창군,용평면,3133
2019,4276036000,강원도,평창군,진부면,8988
2019,4276038000,강원도,평창군,대관령면,6004
2019,4277025000,강원도,정선군,정선읍,10869
2019,4277025300,강원도,정선군,고한읍,4683
2019,4277025600,강원도,정선군,사북읍,4931
2019,4277025900,강원도,정선군,신동읍,1872
2019,4277026000,강원도,정선군,신동읍함백출장소,1723
2019,4277032000,강원도,정선군,남면,3290
2019,4277034000,강원도,정선군,북평면,2578
2019,4277035000,강원도,정선군,임계면,3583
2019,4277036000,강원도,정선군,화암면,1684
2019,4277037000,강원도,정선군,여량면,2058
2019,4278025000,강원도,철원군,철원읍,5504
2019,4278025300,강원도,철원군,김화읍,3747
2019,4278025600,강원도,철원군,갈말읍,12279
2019,4278025900,강원도,철원군,동송읍,15762
2019,4278031000,강원도,철원군,서면,2040
2019,4278031500,강원도,철원군,서면와수출장소,3882
2019,4278032000,강원도,철원군,근남면,2259
2019,4278033000,강원도,철원군,근북면,111
2019,4279025000,강원도,화천군,화천읍,8523
2019,4279031000,강원도,화천군,간동면,2762
2019,4279032000,강원도,화천군,하남면,2897
2019,4279033000,강원도,화천군,상서면,4271
2019,4279034000,강원도,화천군,사내면,6464
2019,4280025000,강원도,양구군,양구읍,14574
2019,4280032000,강원도,양구군,동면,2121
2019,4280033000,강원도,양구군,방산면,1362
2019,4280034000,강원도,양구군,해안면,1341
2019,4281025000,강원도,인제군,인제읍,9014
2019,4281025100,강원도,인제군,인제읍귀둔출장소,512
2019,4281031000,강원도,인제군,남면,4160
2019,4281032000,강원도,인제군,북면,8502
2019,4281033000,강원도,인제군,기린면,5096
2019,4281034000,강원도,인제군,서화면,2848
2019,4281035000,강원도,인제군,상남면,1540
2019,4282025000,강원도,고성군,간성읍,7222
2019,4282025300,강원도,고성군,거진읍,6506
2019,4282031000,강원도,고성군,현내면,2438
2019,4282032000,강원도,고성군,죽왕면,3831
2019,4282033000,강원도,고성군,토성면,7263
2019,4283025000,강원도,양양군,양양읍,11995
2019,4283031000,강원도,양양군,서면,2973
2019,4283032000,강원도,양양군,손양면,2390
2019,4283033000,강원도,양양군,현북면,2557
2019,4283034000,강원도,양양군,현남면,3107
2019,4283035000,강원도,양양군,강현면,4704
2019,4311131000,충청북도,청주시 상당구,낭성면,2305
2019,4311132000,충청북도,청주시 상당구,미원면,5151
2019,4311133000,충청북도,청주시 상당구,가덕면,4057
2019,4311134000,충청북도,청주시 상당구,남일면,7191
2019,4311135000,충청북도,청주시 상당구,문의면,4196
2019,4311152500,충청북도,청주시 상당구,중앙동,5934
2019,4311154500,충청북도,청주시 상당구,성안동,7092
2019,4311162000,충청북도,청주시 상당구,탑대성동,9488
2019,4311167000,충청북도,청주시 상당구,영운동,11417
2019,4311168000,충청북도,청주시 상당구,금천동,31042
2019,4311169000,충청북도,청주시 상당구,용담명암산성동,14021
2019,4311172000,충청북도,청주시 상당구,용암1동,43091
2019,4311173000,충청북도,청주시 상당구,용암2동,33367
2019,4311231000,충청북도,청주시 서원구,남이면,10333
2019,4311232000,충청북도,청주시 서원구,현도면,3528
2019,4311251000,충청북도,청주시 서원구,사직1동,8342
2019,4311252000,충청북도,청주시 서원구,사직2동,14891
2019,4311253000,충청북도,청주시 서원구,사창동,15306
2019,4311254000,충청북도,청주시 서원구,모충동,15516
2019,4311255000,충청북도,청주시 서원구,산남동,27740
2019,4311256000,충청북도,청주시 서원구,분평동,32430
2019,4311257000,충청북도,청주시 서원구,수곡1동,14378
2019,4311258000,충청북도,청주시 서원구,수곡2동,14081
2019,4311259000,충청북도,청주시 서원구,성화개신죽림동,46664
2019,4311325000,충청북도,청주시 흥덕구,오송읍,21423
2019,4311331000,충청북도,청주시 흥덕구,강내면,10972
2019,4311332000,충청북도,청주시 흥덕구,옥산면,17133
2019,4311370000,충청북도,청주시 흥덕구,운천신봉동,17987
2019,4311374100,충청북도,청주시 흥덕구,복대1동,51474
2019,4311374200,충청북도,청주시 흥덕구,복대2동,16705
2019,4311374700,충청북도,청주시 흥덕구,가경동,50425
2019,4311375100,충청북도,청주시 흥덕구,봉명1동,10305
2019,4311375600,충청북도,청주시 흥덕구,봉명2송정동,25092
2019,4311376000,충청북도,청주시 흥덕구,강서1동,28002
2019,4311377000,충청북도,청주시 흥덕구,강서2동,12619
2019,4311425000,충청북도,청주시 청원구,내수읍,20135
2019,4311425300,충청북도,청주시 청원구,오창읍,68854
2019,4311431000,충청북도,청주시 청원구,북이면,4729
2019,4311451000,충청북도,청주시 청원구,우암동,12867
2019,4311452000,충청북도,청주시 청원구,내덕1동,9094
2019,4311453000,충청북도,청주시 청원구,내덕2동,11876
2019,4311454000,충청북도,청주시 청원구,율량사천동,49590
2019,4311455000,충청북도,청주시 청원구,오근장동,18723
2019,4313025000,충청북도,충주시,주덕읍,4956
2019,4313031000,충청북도,충주시,살미면,2100
2019,4313032500,충청북도,충주시,수안보면,3121
2019,4313033500,충청북도,충주시,대소원면,8465
2019,4313035000,충청북도,충주시,신니면,3071
2019,4313036000,충청북도,충주시,노은면,2355
2019,4313037000,충청북도,충주시,앙성면,4052
2019,4313038500,충청북도,충주시,중앙탑면,12243
2019,4313039000,충청북도,충주시,금가면,3800
2019,4313040000,충청북도,충주시,동량면,3781
2019,4313041000,충청북도,충주시,산척면,2363
2019,4313042000,충청북도,충주시,엄정면,3320
2019,4313043000,충청북도,충주시,소태면,1951
2019,4313051500,충청북도,충주시,성내.충인동,2865
2019,4313053500,충청북도,충주시,교현.안림동,23985
2019,4313054000,충청북도,충주시,교현2동,7288
2019,4313055000,충청북도,충주시,용산동,15839
2019,4313056000,충청북도,충주시,지현동,5443
2019,4313057100,충청북도,충주시,문화동,9820
2019,4313058000,충청북도,충주시,호암.직동,16583
2019,4313060500,충청북도,충주시,달천동,3854
2019,4313061000,충청북도,충주시,봉방동,9552
2019,4313062500,충청북도,충주시,칠금.금릉동,14965
2019,4313063000,충청북도,충주시,연수동,38229
2019,4313064000,충청북도,충주시,목행.용탄동,6736
2019,4315025000,충청북도,제천시,봉양읍,6833
2019,4315031000,충청북도,제천시,금성면,1983
2019,4315032000,충청북도,제천시,청풍면,1282
2019,4315033000,충청북도,제천시,수산면,2055
2019,4315034000,충청북도,제천시,덕산면,2241
2019,4315035000,충청북도,제천시,한수면,713
2019,4315036000,충청북도,제천시,백운면,3346
2019,4315038000,충청북도,제천시,송학면,4693
2019,4315051000,충청북도,제천시,교동,19089
2019,4315051800,충청북도,제천시,의림지동,10050
2019,4315052800,충청북도,제천시,중앙동,6103
2019,4315053700,충청북도,제천시,남현동,5071
2019,4315054700,충청북도,제천시,영서동,10300
2019,4315056000,충청북도,제천시,용두동,18107
2019,4315057700,충청북도,제천시,신백동,11359
2019,4315059000,충청북도,제천시,청전동,15899
2019,4315060500,충청북도,제천시,화산동,15493
2019,4372025000,충청북도,보은군,보은읍,14960
2019,4372031500,충청북도,보은군,속리산면,1958
2019,4372032500,충청북도,보은군,장안면,1518
2019,4372033000,충청북도,보은군,마로면,2267
2019,4372034000,충청북도,보은군,탄부면,1714
2019,4372035000,충청북도,보은군,삼승면,2393
2019,4372036000,충청북도,보은군,수한면,1949
2019,4372037000,충청북도,보은군,회남면,782
2019,4372038500,충청북도,보은군,회인면,1824
2019,4372039000,충청북도,보은군,내북면,1755
2019,4372040000,충청북도,보은군,산외면,1829
2019,4373025000,충청북도,옥천군,옥천읍,29237
2019,4373031000,충청북도,옥천군,동이면,3240
2019,4373032000,충청북도,옥천군,안남면,1440
2019,4373033000,충청북도,옥천군,안내면,1964
2019,4373034000,충청북도,옥천군,청성면,2356
2019,4373035000,충청북도,옥천군,청산면,3118
2019,4373036000,충청북도,옥천군,이원면,4293
2019,4373037000,충청북도,옥천군,군서면,2307
2019,4373038000,충청북도,옥천군,군북면,3068
2019,4374025000,충청북도,영동군,영동읍,21746
2019,4374031000,충청북도,영동군,용산면,3394
2019,4374032000,충청북도,영동군,황간면,4424
2019,4374033500,충청북도,영동군,추풍령면,2322
2019,4374034000,충청북도,영동군,매곡면,1973
2019,4374035000,충청북도,영동군,상촌면,2430
2019,4374036000,충청북도,영동군,양강면,3319
2019,4374037000,충청북도,영동군,용화면,988
2019,4374038000,충청북도,영동군,학산면,2865
2019,4374039000,충청북도,영동군,양산면,1895
2019,4374040000,충청북도,영동군,심천면,3382
2019,4374525000,충청북도,증평군,증평읍,35412
2019,4374531000,충청북도,증평군,도안면,1980
2019,4375025000,충청북도,진천군,진천읍,30175
2019,4375025300,충청북도,진천군,덕산읍,24817
2019,4375032000,충청북도,진천군,초평면,3273
2019,4375033000,충청북도,진천군,문백면,3618
2019,4375034000,충청북도,진천군,백곡면,2088
2019,4375035000,충청북도,진천군,이월면,6331
2019,4375037000,충청북도,진천군,광혜원면,10782
2019,4376025000,충청북도,괴산군,괴산읍,10553
2019,4376031000,충청북도,괴산군,감물면,2147
2019,4376032000,충청북도,괴산군,장연면,1981
2019,4376033000,충청북도,괴산군,연풍면,2384
2019,4376034000,충청북도,괴산군,칠성면,3215
2019,4376035000,충청북도,괴산군,문광면,2226
2019,4376036000,충청북도,괴산군,청천면,5158
2019,4376037000,충청북도,괴산군,청안면,3583
2019,4376039000,충청북도,괴산군,사리면,2883
2019,4376040000,충청북도,괴산군,소수면,2095
2019,4376041000,충청북도,괴산군,불정면,2938
2019,4377025000,충청북도,음성군,음성읍,17398
2019,4377025300,충청북도,음성군,금왕읍,20608
2019,4377031000,충청북도,음성군,소이면,2965
2019,4377032000,충청북도,음성군,원남면,3088
2019,4377033000,충청북도,음성군,맹동면,13223
2019,4377034000,충청북도,음성군,대소면,15647
2019,4377035000,충청북도,음성군,삼성면,7135
2019,4377036000,충청북도,음성군,생극면,4617
2019,4377037000,충청북도,음성군,감곡면,10301
2019,4380025000,충청북도,단양군,단양읍,10862
2019,4380025300,충청북도,단양군,매포읍,5584
2019,4380031000,충청북도,단양군,대강면,2515
2019,4380032000,충청북도,단양군,가곡면,2098
2019,4380033000,충청북도,단양군,영춘면,3357
2019,4380034000,충청북도,단양군,어상천면,1972
2019,4380035000,충청북도,단양군,적성면,1564
2019,4380036000,충청북도,단양군,단성면,1804
2019,4413125000,충청남도,천안시 동남구,목천읍,24276
2019,4413131000,충청남도,천안시 동남구,풍세면,4193
2019,4413132000,충청남도,천안시 동남구,광덕면,4333
2019,4413133000,충청남도,천안시 동남구,북면,4420
2019,4413134000,충청남도,천안시 동남구,성남면,3315
2019,4413135000,충청남도,천안시 동남구,수신면,2333
2019,4413136000,충청남도,천안시 동남구,병천면,6205
2019,4413137000,충청남도,천안시 동남구,동면,2175
2019,4413151000,충청남도,천안시 동남구,중앙동,5582
2019,4413152000,충청남도,천안시 동남구,문성동,3750
2019,4413153000,충청남도,천안시 동남구,원성1동,9017
2019,4413154000,충청남도,천안시 동남구,원성2동,9733
2019,4413155000,충청남도,천안시 동남구,봉명동,17462
2019,4413156000,충청남도,천안시 동남구,일봉동,24929
2019,4413157000,충청남도,천안시 동남구,신방동,45231
2019,4413158000,충청남도,천안시 동남구,청룡동,55806
2019,4413159000,충청남도,천안시 동남구,신안동,36651
2019,4413325000,충청남도,천안시 서북구,성환읍,25325
2019,4413325300,충청남도,천안시 서북구,성거읍,22417
2019,4413325600,충청남도,천안시 서북구,직산읍,19485
2019,4413331000,충청남도,천안시 서북구,입장면,8873
2019,4413351000,충청남도,천안시 서북구,성정1동,16419
2019,4413352000,충청남도,천안시 서북구,성정2동,25592
2019,4413353000,충청남도,천안시 서북구,쌍용1동,14314
2019,4413354000,충청남도,천안시 서북구,쌍용2동,38703
2019,4413355000,충청남도,천안시 서북구,쌍용3동,19434
2019,4413356000,충청남도,천안시 서북구,백석동,40961
2019,4413358000,충청남도,천안시 서북구,부성1동,39851
2019,4413359000,충청남도,천안시 서북구,부성2동,54246
2019,4415025000,충청남도,공주시,유구읍,7661
2019,4415031000,충청남도,공주시,이인면,3404
2019,4415032000,충청남도,공주시,탄천면,3013
2019,4415033000,충청남도,공주시,계룡면,5740
2019,4415034000,충청남도,공주시,반포면,4339
2019,4415036000,충청남도,공주시,의당면,4703
2019,4415037000,충청남도,공주시,정안면,4742
2019,4415038000,충청남도,공주시,우성면,5407
2019,4415039000,충청남도,공주시,사곡면,3019
2019,4415040000,충청남도,공주시,신풍면,3306
2019,4415051000,충청남도,공주시,중학동,4823
2019,4415054000,충청남도,공주시,웅진동,8422
2019,4415055000,충청남도,공주시,금학동,5509
2019,4415056000,충청남도,공주시,옥룡동,8166
2019,4415057000,충청남도,공주시,신관동,19714
2019,4415059000,충청남도,공주시,월송동,14506
2019,4418025000,충청남도,보령시,웅천읍,6454
2019,4418031000,충청남도,보령시,주포면,1682
2019,4418032000,충청남도,보령시,오천면,2239
2019,4418032500,충청남도,보령시,오천면어항출장소,1671
2019,4418033000,충청남도,보령시,천북면,3654
2019,4418034000,충청남도,보령시,청소면,2690
2019,4418035000,충청남도,보령시,청라면,4032
2019,4418036000,충청남도,보령시,남포면,5269
2019,4418038000,충청남도,보령시,주산면,2527
2019,4418039000,충청남도,보령시,미산면,1800
2019,4418040000,충청남도,보령시,성주면,2373
2019,4418041000,충청남도,보령시,주교면,5395
2019,4418051500,충청남도,보령시,대천1동,15287
2019,4418052500,충청남도,보령시,대천2동,7195
2019,4418053500,충청남도,보령시,대천3동,17114
2019,4418054500,충청남도,보령시,대천4동,13914
2019,4418056500,충청남도,보령시,대천5동,6665
2019,4420025000,충청남도,아산시,염치읍,6734
2019,4420025300,충청남도,아산시,배방읍,73407
2019,4420031000,충청남도,아산시,송악면,4313
2019,4420033000,충청남도,아산시,탕정면,20891
2019,4420035000,충청남도,아산시,음봉면,19834
2019,4420036000,충청남도,아산시,둔포면,21121
2019,4420037000,충청남도,아산시,영인면,5677
2019,4420038000,충청남도,아산시,인주면,6667
2019,4420039000,충청남도,아산시,선장면,3275
2019,4420040000,충청남도,아산시,도고면,4563
2019,4420041000,충청남도,아산시,신창면,20477
2019,4420057000,충청남도,아산시,온양1동,9646
2019,4420058000,충청남도,아산시,온양2동,7172
2019,4420059000,충청남도,아산시,온양3동,37207
2019,4420060000,충청남도,아산시,온양4동,18161
2019,4420061000,충청남도,아산시,온양5동,26055
2019,4420062000,충청남도,아산시,온양6동,29195
2019,4421025000,충청남도,서산시,대산읍,13728
2019,4421031000,충청남도,서산시,인지면,7450
2019,4421032000,충청남도,서산시,부석면,5441
2019,4421033000,충청남도,서산시,팔봉면,3376
2019,4421034000,충청남도,서산시,지곡면,8180
2019,4421036000,충청남도,서산시,성연면,13673
2019,4421037000,충청남도,서산시,음암면,9567
2019,4421038000,충청남도,서산시,운산면,5269
2019,4421039000,충청남도,서산시,해미면,7561
2019,4421040000,충청남도,서산시,고북면,6534
2019,4421051000,충청남도,서산시,부춘동,19610
2019,4421052500,충청남도,서산시,동문1동,19266
2019,4421053500,충청남도,서산시,동문2동,9184
2019,4421054000,충청남도,서산시,수석동,16163
2019,4421055000,충청남도,서산시,석남동,29688
2019,4423025000,충청남도,논산시,강경읍,8735
2019,4423025300,충청남도,논산시,연무읍,14049
2019,4423031000,충청남도,논산시,성동면,4273
2019,4423032000,충청남도,논산시,광석면,4391
2019,4423033000,충청남도,논산시,노성면,3117
2019,4423034000,충청남도,논산시,상월면,3691
2019,4423035000,충청남도,논산시,부적면,3648
2019,4423036000,충청남도,논산시,연산면,6305
2019,4423038000,충청남도,논산시,벌곡면,2512
2019,4423039000,충청남도,논산시,양촌면,6486
2019,4423040000,충청남도,논산시,가야곡면,3591
2019,4423041000,충청남도,논산시,은진면,4025
2019,4423042000,충청남도,논산시,채운면,2353
2019,4423051000,충청남도,논산시,취암동,34766
2019,4423052000,충청남도,논산시,부창동,16900
2019,4425031000,충청남도,계룡시,두마면,6889
2019,4425031500,충청남도,계룡시,엄사면,18647
2019,4425033000,충청남도,계룡시,신도안면,8774
2019,4425051000,충청남도,계룡시,금암동,8661
2019,4427025000,충청남도,당진시,합덕읍,9426
2019,4427025300,충청남도,당진시,송악읍,30449
2019,4427031000,충청남도,당진시,고대면,5583
2019,4427032000,충청남도,당진시,석문면,9673
2019,4427033000,충청남도,당진시,대호지면,2479
2019,4427034000,충청남도,당진시,정미면,3729
2019,4427035000,충청남도,당진시,면천면,3601
2019,4427036000,충청남도,당진시,순성면,5192
2019,4427037000,충청남도,당진시,우강면,5245
2019,4427038000,충청남도,당진시,신평면,16183
2019,4427039000,충청남도,당진시,송산면,12130
2019,4427051000,충청남도,당진시,당진1동,23971
2019,4427052000,충청남도,당진시,당진2동,20648
2019,4427053000,충청남도,당진시,당진3동,18733
2019,4471025000,충청남도,금산군,금산읍,23169
2019,4471031000,충청남도,금산군,금성면,3387
2019,4471032000,충청남도,금산군,제원면,2868
2019,4471033000,충청남도,금산군,부리면,2570
2019,4471034000,충청남도,금산군,군북면,2608
2019,4471035000,충청남도,금산군,남일면,2889
2019,4471036000,충청남도,금산군,남이면,2163
2019,4471037000,충청남도,금산군,진산면,3271
2019,4471038000,충청남도,금산군,복수면,3154
2019,4471039000,충청남도,금산군,추부면,6178
2019,4476025000,충청남도,부여군,부여읍,20975
2019,4476031000,충청남도,부여군,규암면,11961
2019,4476032000,충청남도,부여군,은산면,3852
2019,4476033000,충청남도,부여군,외산면,2418
2019,4476034000,충청남도,부여군,내산면,1574
2019,4476035000,충청남도,부여군,구룡면,2462
2019,4476036000,충청남도,부여군,홍산면,2930
2019,4476037000,충청남도,부여군,옥산면,1446
2019,4476038000,충청남도,부여군,남면,1913
2019,4476039000,충청남도,부여군,충화면,1176
2019,4476040000,충청남도,부여군,양화면,1773
2019,4476041000,충청남도,부여군,임천면,2951
2019,4476042000,충청남도,부여군,장암면,2823
2019,4476043000,충청남도,부여군,세도면,3248
2019,4476044000,충청남도,부여군,석성면,3057
2019,4476045000,충청남도,부여군,초촌면,2181
2019,4477025000,충청남도,서천군,장항읍,11311
2019,4477025300,충청남도,서천군,서천읍,13797
2019,4477031000,충청남도,서천군,마서면,5078
2019,4477032000,충청남도,서천군,화양면,2323
2019,4477033000,충청남도,서천군,기산면,1729
2019,4477034000,충청남도,서천군,한산면,2600
2019,4477035000,충청남도,서천군,마산면,1539
2019,4477036000,충청남도,서천군,시초면,1309
2019,4477037000,충청남도,서천군,문산면,1294
2019,4477038000,충청남도,서천군,판교면,2176
2019,4477039000,충청남도,서천군,종천면,2083
2019,4477040000,충청남도,서천군,비인면,3077
2019,4477041000,충청남도,서천군,서면,4489
2019,4479025000,충청남도,청양군,청양읍,10273
2019,4479031000,충청남도,청양군,운곡면,2218
2019,4479032000,충청남도,청양군,대치면,2292
2019,4479033000,충청남도,청양군,정산면,3614
2019,4479034000,충청남도,청양군,목면,1594
2019,4479035000,충청남도,청양군,청남면,1970
2019,4479036000,충청남도,청양군,장평면,2423
2019,4479037000,충청남도,청양군,남양면,2846
2019,4479038000,충청남도,청양군,화성면,2256
2019,4479039000,충청남도,청양군,비봉면,2231
2019,4480025000,충청남도,홍성군,홍성읍,38834
2019,4480025300,충청남도,홍성군,광천읍,8758
2019,4480025600,충청남도,홍성군,홍북읍,27912
2019,4480032000,충청남도,홍성군,금마면,3506
2019,4480033000,충청남도,홍성군,홍동면,3495
2019,4480034000,충청남도,홍성군,장곡면,3003
2019,4480035000,충청남도,홍성군,은하면,2388
2019,4480036000,충청남도,홍성군,결성면,2157
2019,4480037000,충청남도,홍성군,서부면,3303
2019,4480038000,충청남도,홍성군,갈산면,3572
2019,4480039000,충청남도,홍성군,구항면,3495
2019,4481025000,충청남도,예산군,예산읍,34254
2019,4481025300,충청남도,예산군,삽교읍,9422
2019,4481031000,충청남도,예산군,대술면,2546
2019,4481032000,충청남도,예산군,신양면,3155
2019,4481033000,충청남도,예산군,광시면,3271
2019,4481034000,충청남도,예산군,대흥면,1790
2019,4481035000,충청남도,예산군,응봉면,2555
2019,4481036000,충청남도,예산군,덕산면,6800
2019,4481037000,충청남도,예산군,봉산면,2561
2019,4481038000,충청남도,예산군,고덕면,4649
2019,4481039000,충청남도,예산군,신암면,3657
2019,4481040000,충청남도,예산군,오가면,4578
2019,4482525000,충청남도,태안군,태안읍,29578
2019,4482525300,충청남도,태안군,안면읍,8714
2019,4482531000,충청남도,태안군,고남면,2421
2019,4482532000,충청남도,태안군,남면,4501
2019,4482533000,충청남도,태안군,근흥면,5385
2019,4482534000,충청남도,태안군,소원면,5389
2019,4482535000,충청남도,태안군,원북면,4448
2019,4482536000,충청남도,태안군,이원면,2307
2019,4511151000,전라북도,전주시 완산구,중앙동,7839
2019,4511153000,전라북도,전주시 완산구,풍남동,4492
2019,4511160500,전라북도,전주시 완산구,노송동,13105
2019,4511163500,전라북도,전주시 완산구,완산동,5107
2019,4511165000,전라북도,전주시 완산구,동서학동,6747
2019,4511166000,전라북도,전주시 완산구,서서학동,9141
2019,4511167100,전라북도,전주시 완산구,중화산1동,15136
2019,4511167200,전라북도,전주시 완산구,중화산2동,19906
2019,4511168000,전라북도,전주시 완산구,서신동,40261
2019,4511169100,전라북도,전주시 완산구,평화1동,12976
2019,4511169200,전라북도,전주시 완산구,평화2동,46205
2019,4511170100,전라북도,전주시 완산구,삼천1동,12736
2019,4511170200,전라북도,전주시 완산구,삼천2동,14367
2019,4511170300,전라북도,전주시 완산구,삼천3동,23248
2019,4511171100,전라북도,전주시 완산구,효자1동,11720
2019,4511171200,전라북도,전주시 완산구,효자2동,10779
2019,4511171300,전라북도,전주시 완산구,효자3동,15481
2019,4511171400,전라북도,전주시 완산구,효자4동,32082
2019,4511173000,전라북도,전주시 완산구,효자5동,37511
2019,4511352500,전라북도,전주시 덕진구,진북동,14852
2019,4511354000,전라북도,전주시 덕진구,인후1동,18950
2019,4511355000,전라북도,전주시 덕진구,인후2동,11797
2019,4511356000,전라북도,전주시 덕진구,인후3동,32160
2019,4511357000,전라북도,전주시 덕진구,덕진동,20355
2019,4511358000,전라북도,전주시 덕진구,금암1동,7532
2019,4511359000,전라북도,전주시 덕진구,금암2동,10341
2019,4511360000,전라북도,전주시 덕진구,팔복동,8029
2019,4511361100,전라북도,전주시 덕진구,우아1동,9965
2019,4511361200,전라북도,전주시 덕진구,우아2동,14956
2019,4511362000,전라북도,전주시 덕진구,호성동,21042
2019,4511364100,전라북도,전주시 덕진구,송천1동,59125
2019,4511364200,전라북도,전주시 덕진구,송천2동,26586
2019,4511365000,전라북도,전주시 덕진구,조촌동,11968
2019,4511366500,전라북도,전주시 덕진구,여의동,29997
2019,4511367000,전라북도,전주시 덕진구,혁신동,17900
2019,4513025000,전라북도,군산시,옥구읍,3287
2019,4513031000,전라북도,군산시,옥산면,4814
2019,4513032000,전라북도,군산시,회현면,3549
2019,4513033000,전라북도,군산시,임피면,2758
2019,4513034000,전라북도,군산시,서수면,2671
2019,4513035000,전라북도,군산시,대야면,5225
2019,4513036000,전라북도,군산시,개정면,3109
2019,4513037000,전라북도,군산시,성산면,3019
2019,4513038000,전라북도,군산시,나포면,2289
2019,4513039000,전라북도,군산시,옥도면,3629
2019,4513040000,전라북도,군산시,옥서면,3199
2019,4513051500,전라북도,군산시,해신동,2470
2019,4513053000,전라북도,군산시,월명동,6062
2019,4513055000,전라북도,군산시,신풍동,7527
2019,4513056000,전라북도,군산시,삼학동,5965
2019,4513060500,전라북도,군산시,중앙동,2953
2019,4513064000,전라북도,군산시,흥남동,11968
2019,4513065000,전라북도,군산시,조촌동,21180
2019,4513066000,전라북도,군산시,경암동,7769
2019,4513067000,전라북도,군산시,구암동,5579
2019,4513068000,전라북도,군산시,개정동,3006
2019,4513069000,전라북도,군산시,수송동,56282
2019,4513070100,전라북도,군산시,나운1동,13381
2019,4513070200,전라북도,군산시,나운2동,24463
2019,4513070300,전라북도,군산시,나운3동,33509
2019,4513071000,전라북도,군산시,소룡동,17251
2019,4513072000,전라북도,군산시,미성동,13217
2019,4514025000,전라북도,익산시,함열읍,7174
2019,4514031000,전라북도,익산시,오산면,8128
2019,4514032000,전라북도,익산시,황등면,7462
2019,4514033000,전라북도,익산시,함라면,2347
2019,4514034000,전라북도,익산시,웅포면,1632
2019,4514035000,전라북도,익산시,성당면,1979
2019,4514036000,전라북도,익산시,용안면,2708
2019,4514037000,전라북도,익산시,낭산면,3188
2019,4514038000,전라북도,익산시,망성면,3052
2019,4514039000,전라북도,익산시,여산면,3408
2019,4514040000,전라북도,익산시,금마면,5473
2019,4514041000,전라북도,익산시,왕궁면,4545
2019,4514042000,전라북도,익산시,춘포면,4631
2019,4514043000,전라북도,익산시,삼기면,2680
2019,4514044000,전라북도,익산시,용동면,1618
2019,4514052000,전라북도,익산시,중앙동,3542
2019,4514053000,전라북도,익산시,평화동,4990
2019,4514056000,전라북도,익산시,인화동,7363
2019,4514057000,전라북도,익산시,동산동,22630
2019,4514058000,전라북도,익산시,마동,9428
2019,4514059500,전라북도,익산시,남중동,12161
2019,4514061000,전라북도,익산시,모현동,39244
2019,4514062000,전라북도,익산시,송학동,8824
2019,4514064600,전라북도,익산시,영등1동,24110
2019,4514064700,전라북도,익산시,영등2동,14765
2019,4514065200,전라북도,익산시,어양동,25359
2019,4514065600,전라북도,익산시,신동,15849
2019,4514067000,전라북도,익산시,팔봉동,6845
2019,4514069000,전라북도,익산시,삼성동,32636
2019,4518025000,전라북도,정읍시,신태인읍,5822
2019,4518031000,전라북도,정읍시,북면,4384
2019,4518032000,전라북도,정읍시,입암면,2971
2019,4518033000,전라북도,정읍시,소성면,2112
2019,4518034000,전라북도,정읍시,고부면,2906
2019,4518035000,전라북도,정읍시,영원면,1859
2019,4518036000,전라북도,정읍시,덕천면,1880
2019,4518037000,전라북도,정읍시,이평면,2128
2019,4518038000,전라북도,정읍시,정우면,2679
2019,4518039000,전라북도,정읍시,태인면,3583
2019,4518040000,전라북도,정읍시,감곡면,2848
2019,4518041000,전라북도,정읍시,옹동면,1739
2019,4518042000,전라북도,정읍시,칠보면,2394
2019,4518043000,전라북도,정읍시,산내면,1294
2019,4518044000,전라북도,정읍시,산외면,2184
2019,4518051000,전라북도,정읍시,수성동,18124
2019,4518052000,전라북도,정읍시,장명동,3132
2019,4518053500,전라북도,정읍시,내장상동,20866
2019,4518054500,전라북도,정읍시,시기동,3620
2019,4518056500,전라북도,정읍시,초산동,10105
2019,4518057000,전라북도,정읍시,연지동,5803
2019,4518058000,전라북도,정읍시,농소동,4349
2019,4518059500,전라북도,정읍시,상교동,3759
2019,4519025000,전라북도,남원시,운봉읍,3927
2019,4519031000,전라북도,남원시,주천면,2598
2019,4519032000,전라북도,남원시,수지면,1193
2019,4519033000,전라북도,남원시,송동면,2144
2019,4519034000,전라북도,남원시,주생면,1931
2019,4519035000,전라북도,남원시,금지면,2390
2019,4519036000,전라북도,남원시,대강면,1667
2019,4519037000,전라북도,남원시,대산면,1689
2019,4519038000,전라북도,남원시,사매면,1572
2019,4519039000,전라북도,남원시,덕과면,1014
2019,4519040000,전라북도,남원시,보절면,1576
2019,4519041000,전라북도,남원시,산동면,1956
2019,4519042000,전라북도,남원시,이백면,2318
2019,4519045000,전라북도,남원시,아영면,1980
2019,4519046000,전라북도,남원시,산내면,2120
2019,4519047000,전라북도,남원시,인월면,2799
2019,4519051000,전라북도,남원시,동충동,3657
2019,4519052000,전라북도,남원시,죽항동,3592
2019,4519054000,전라북도,남원시,노암동,4595
2019,4519055000,전라북도,남원시,금동,7106
2019,4519056000,전라북도,남원시,왕정동,4349
2019,4519057000,전라북도,남원시,향교동,7495
2019,4519059000,전라북도,남원시,도통동,17773
2019,4521025000,전라북도,김제시,만경읍,2725
2019,4521032000,전라북도,김제시,죽산면,2584
2019,4521033000,전라북도,김제시,백산면,2578
2019,4521034000,전라북도,김제시,용지면,3771
2019,4521035000,전라북도,김제시,백구면,3933
2019,4521036000,전라북도,김제시,부량면,1370
2019,4521038000,전라북도,김제시,공덕면,2596
2019,4521039000,전라북도,김제시,청하면,1811
2019,4521040000,전라북도,김제시,성덕면,1878
2019,4521041000,전라북도,김제시,진봉면,2746
2019,4521042000,전라북도,김제시,금구면,5008
2019,4521043000,전라북도,김제시,봉남면,2254
2019,4521044000,전라북도,김제시,황산면,1945
2019,4521045000,전라북도,김제시,금산면,4732
2019,4521046000,전라북도,김제시,광활면,1374
2019,4521051000,전라북도,김제시,요촌동,11314
2019,4521052000,전라북도,김제시,신풍동,12958
2019,4521054000,전라북도,김제시,검산동,11673
2019,4521058000,전라북도,김제시,교월동,6645
2019,4571025000,전라북도,완주군,삼례읍,13726
2019,4571025300,전라북도,완주군,봉동읍,26428
2019,4571025600,전라북도,완주군,용진읍,7254
2019,4571032000,전라북도,완주군,상관면,4538
2019,4571033000,전라북도,완주군,이서면,14632
2019,4571034000,전라북도,완주군,소양면,6305
2019,4571035000,전라북도,완주군,구이면,5876
2019,4571036000,전라북도,완주군,고산면,4744
2019,4571037000,전라북도,완주군,비봉면,1922
2019,4571038000,전라북도,완주군,운주면,1985
2019,4571039000,전라북도,완주군,화산면,2740
2019,4571040000,전라북도,완주군,동상면,1092
2019,4571041000,전라북도,완주군,경천면,978
2019,4572025000,전라북도,진안군,진안읍,10324
2019,4572031000,전라북도,진안군,용담면,849
2019,4572032000,전라북도,진안군,안천면,1073
2019,4572033000,전라북도,진안군,동향면,1443
2019,4572034000,전라북도,진안군,상전면,892
2019,4572035000,전라북도,진안군,백운면,1973
2019,4572036000,전라북도,진안군,성수면,1771
2019,4572037000,전라북도,진안군,마령면,1885
2019,4572038000,전라북도,진안군,부귀면,2903
2019,4572039000,전라북도,진안군,정천면,1071
2019,4572040000,전라북도,진안군,주천면,1513
2019,4573025000,전라북도,무주군,무주읍,9582
2019,4573031000,전라북도,무주군,무풍면,2303
2019,4573032000,전라북도,무주군,설천면,4042
2019,4573033000,전라북도,무주군,적상면,2619
2019,4573034000,전라북도,무주군,안성면,4340
2019,4573035000,전라북도,무주군,부남면,1417
2019,4574025000,전라북도,장수군,장수읍,7485
2019,4574031000,전라북도,장수군,산서면,2164
2019,4574032000,전라북도,장수군,번암면,2387
2019,4574033500,전라북도,장수군,장계면,4459
2019,4574034000,전라북도,장수군,천천면,2125
2019,4574035000,전라북도,장수군,계남면,2219
2019,4574036000,전라북도,장수군,계북면,1602
2019,4575025000,전라북도,임실군,임실읍,7769
2019,4575031000,전라북도,임실군,청웅면,1374
2019,4575032000,전라북도,임실군,운암면,1730
2019,4575033000,전라북도,임실군,신평면,1567
2019,4575034000,전라북도,임실군,성수면,1774
2019,4575035500,전라북도,임실군,오수면,3964
2019,4575036000,전라북도,임실군,신덕면,1390
2019,4575037000,전라북도,임실군,삼계면,1585
2019,4575038000,전라북도,임실군,관촌면,3562
2019,4575039000,전라북도,임실군,강진면,1675
2019,4575040000,전라북도,임실군,덕치면,1221
2019,4575041000,전라북도,임실군,지사면,1291
2019,4577025000,전라북도,순창군,순창읍,10233
2019,4577031000,전라북도,순창군,인계면,1610
2019,4577032000,전라북도,순창군,동계면,2087
2019,4577033000,전라북도,순창군,풍산면,1810
2019,4577034000,전라북도,순창군,금과면,1778
2019,4577035000,전라북도,순창군,팔덕면,1526
2019,4577036000,전라북도,순창군,쌍치면,2051
2019,4577037000,전라북도,순창군,복흥면,2282
2019,4577038000,전라북도,순창군,적성면,1359
2019,4577039000,전라북도,순창군,유등면,1213
2019,4577040000,전라북도,순창군,구림면,2433
2019,4579025000,전라북도,고창군,고창읍,21543
2019,4579031000,전라북도,고창군,고수면,2287
2019,4579032000,전라북도,고창군,아산면,2751
2019,4579033000,전라북도,고창군,무장면,2850
2019,4579034000,전라북도,고창군,공음면,2600
2019,4579035000,전라북도,고창군,상하면,2497
2019,4579036000,전라북도,고창군,해리면,2923
2019,4579037000,전라북도,고창군,성송면,1854
2019,4579038000,전라북도,고창군,대산면,3430
2019,4579039000,전라북도,고창군,심원면,2568
2019,4579040000,전라북도,고창군,흥덕면,3184
2019,4579041000,전라북도,고창군,성내면,2034
2019,4579042000,전라북도,고창군,신림면,2280
2019,4579043000,전라북도,고창군,부안면,2703
2019,4580025000,전라북도,부안군,부안읍,20804
2019,4580031000,전라북도,부안군,주산면,2046
2019,4580032000,전라북도,부안군,동진면,3070
2019,4580033000,전라북도,부안군,행안면,2383
2019,4580034000,전라북도,부안군,계화면,3619
2019,4580035000,전라북도,부안군,보안면,2517
2019,4580036000,전라북도,부안군,변산면,4647
2019,4580037000,전라북도,부안군,진서면,2447
2019,4580038000,전라북도,부안군,백산면,2656
2019,4580039000,전라북도,부안군,상서면,2304
2019,4580040000,전라북도,부안군,하서면,2867
2019,4580041000,전라북도,부안군,줄포면,2737
2019,4580042000,전라북도,부안군,위도면,1198
2019,4611051000,전라남도,목포시,용당1동,11297
2019,4611052000,전라남도,목포시,용당2동,5558
2019,4611053500,전라남도,목포시,연동,4956
2019,4611054500,전라남도,목포시,산정동,9020
2019,4611055400,전라남도,목포시,연산동,9915
2019,4611055800,전라남도,목포시,원산동,13938
2019,4611056500,전라남도,목포시,대성동,5557
2019,4611059500,전라남도,목포시,목원동,8146
2019,4611064000,전라남도,목포시,동명동,5763
2019,4611064500,전라남도,목포시,삼학동,6442
2019,4611065500,전라남도,목포시,만호동,3192
2019,4611066000,전라남도,목포시,유달동,4813
2019,4611069500,전라남도,목포시,죽교동,3484
2019,4611070500,전라남도,목포시,북항동,9861
2019,4611074500,전라남도,목포시,용해동,18298
2019,4611075000,전라남도,목포시,이로동,10447
2019,4611075600,전라남도,목포시,상동,18257
2019,4611075700,전라남도,목포시,하당동,12458
2019,4611075800,전라남도,목포시,신흥동,17224
2019,4611078000,전라남도,목포시,삼향동,5182
2019,4611079000,전라남도,목포시,옥암동,11146
2019,4611080000,전라남도,목포시,부흥동,10300
2019,4611081000,전라남도,목포시,부주동,24607
2019,4613025000,전라남도,여수시,돌산읍,2795
2019,4613025100,전라남도,여수시,돌산읍우두출장소,8619
2019,4613025200,전라남도,여수시,돌산읍죽포출장소,1959
2019,4613031000,전라남도,여수시,소라면,20968
2019,4613032000,전라남도,여수시,율촌면,6399
2019,4613033000,전라남도,여수시,화양면,6629
2019,4613034000,전라남도,여수시,남면,2931
2019,4613035000,전라남도,여수시,화정면,1330
2019,4613035600,전라남도,여수시,화정면개도출장소,853
2019,4613036000,전라남도,여수시,삼산면,2112
2019,4613051500,전라남도,여수시,동문동,4688
2019,4613053500,전라남도,여수시,한려동,3283
2019,4613057000,전라남도,여수시,중앙동,4633
2019,4613060000,전라남도,여수시,충무동,4154
2019,4613062500,전라남도,여수시,광림동,6403
2019,4613063500,전라남도,여수시,서강동,3887
2019,4613065500,전라남도,여수시,대교동,5599
2019,4613067000,전라남도,여수시,국동,12014
2019,4613068500,전라남도,여수시,월호동,7249
2019,4613070000,전라남도,여수시,여서동,19417
2019,4613071000,전라남도,여수시,문수동,20066
2019,4613073000,전라남도,여수시,미평동,12225
2019,4613074000,전라남도,여수시,둔덕동,10544
2019,4613076500,전라남도,여수시,만덕동,10578
2019,4613078000,전라남도,여수시,쌍봉동,33248
2019,4613079000,전라남도,여수시,시전동,36116
2019,4613080000,전라남도,여수시,여천동,22047
2019,4613081000,전라남도,여수시,주삼동,8244
2019,4613082000,전라남도,여수시,삼일동,2574
2019,4613083000,전라남도,여수시,묘도동,1222
2019,4615025000,전라남도,순천시,승주읍,2764
2019,4615031000,전라남도,순천시,해룡면,4706
2019,4615031500,전라남도,순천시,해룡면상삼출장소,18350
2019,4615031600,전라남도,순천시,해룡면신대출장소,31000
2019,4615032000,전라남도,순천시,서면,12242
2019,4615033000,전라남도,순천시,황전면,3001
2019,4615034000,전라남도,순천시,월등면,1848
2019,4615035000,전라남도,순천시,주암면,3237
2019,4615036000,전라남도,순천시,송광면,1576
2019,4615037000,전라남도,순천시,외서면,926
2019,4615038000,전라남도,순천시,낙안면,3284
2019,4615039000,전라남도,순천시,별량면,5605
2019,4615040000,전라남도,순천시,상사면,2813
2019,4615051500,전라남도,순천시,향동,3839
2019,4615054000,전라남도,순천시,매곡동,4738
2019,4615055000,전라남도,순천시,삼산동,24107
2019,4615056000,전라남도,순천시,조곡동,6490
2019,4615057000,전라남도,순천시,덕연동,45052
2019,4615058000,전라남도,순천시,풍덕동,7804
2019,4615059000,전라남도,순천시,남제동,9153
2019,4615060000,전라남도,순천시,저전동,2934
2019,4615061000,전라남도,순천시,장천동,2518
2019,4615062000,전라남도,순천시,중앙동,3205
2019,4615063500,전라남도,순천시,도사동,18381
2019,4615066100,전라남도,순천시,왕조1동,40370
2019,4615066500,전라남도,순천시,왕조2동,19655
2019,4617025000,전라남도,나주시,남평읍,12231
2019,4617031000,전라남도,나주시,세지면,2795
2019,4617032000,전라남도,나주시,왕곡면,3110
2019,4617033000,전라남도,나주시,반남면,1523
2019,4617034000,전라남도,나주시,공산면,2431
2019,4617035000,전라남도,나주시,동강면,2620
2019,4617036000,전라남도,나주시,다시면,3662
2019,4617037000,전라남도,나주시,문평면,2029
2019,4617038000,전라남도,나주시,노안면,4801
2019,4617039000,전라남도,나주시,금천면,4512
2019,4617040000,전라남도,나주시,산포면,3606
2019,4617042000,전라남도,나주시,다도면,1997
2019,4617043000,전라남도,나주시,봉황면,4440
2019,4617051000,전라남도,나주시,송월동,7814
2019,4617052000,전라남도,나주시,영강동,2883
2019,4617054000,전라남도,나주시,금남동,5236
2019,4617055000,전라남도,나주시,성북동,9322
2019,4617058000,전라남도,나주시,영산동,3542
2019,4617060000,전라남도,나주시,이창동,3632
2019,4617062000,전라남도,나주시,빛가람동,32478
2019,4623025000,전라남도,광양시,광양읍,50938
2019,4623031000,전라남도,광양시,봉강면,2349
2019,4623032000,전라남도,광양시,옥룡면,3380
2019,4623033000,전라남도,광양시,옥곡면,3139
2019,4623034000,전라남도,광양시,진상면,3126
2019,4623035000,전라남도,광양시,진월면,3014
2019,4623036000,전라남도,광양시,다압면,1886
2019,4623051500,전라남도,광양시,골약동,1871
2019,4623053000,전라남도,광양시,중마동,59577
2019,4623054000,전라남도,광양시,광영동,12691
2019,4623055000,전라남도,광양시,금호동,12832
2019,4623057000,전라남도,광양시,태인동,1947
2019,4671025000,전라남도,담양군,담양읍,14375
2019,4671031000,전라남도,담양군,봉산면,2896
2019,4671032000,전라남도,담양군,고서면,3304
2019,4671033500,전라남도,담양군,가사문학면,1311
2019,4671034000,전라남도,담양군,창평면,3759
2019,4671035000,전라남도,담양군,대덕면,1942
2019,4671036000,전라남도,담양군,무정면,2912
2019,4671037000,전라남도,담양군,금성면,2719
2019,4671038000,전라남도,담양군,용면,1911
2019,4671039000,전라남도,담양군,월산면,2512
2019,4671040000,전라남도,담양군,수북면,4484
2019,4671041000,전라남도,담양군,대전면,4410
2019,4672025000,전라남도,곡성군,곡성읍,7990
2019,4672031000,전라남도,곡성군,오곡면,1971
2019,4672032000,전라남도,곡성군,삼기면,1677
2019,4672033000,전라남도,곡성군,석곡면,2404
2019,4672034000,전라남도,곡성군,목사동면,1396
2019,4672035000,전라남도,곡성군,죽곡면,1946
2019,4672036000,전라남도,곡성군,고달면,1234
2019,4672037000,전라남도,곡성군,옥과면,4508
2019,4672038000,전라남도,곡성군,입면,2514
2019,4672039000,전라남도,곡성군,겸면,1770
2019,4672040000,전라남도,곡성군,오산면,1477
2019,4673025000,전라남도,구례군,구례읍,11270
2019,4673031000,전라남도,구례군,문척면,1360
2019,4673032000,전라남도,구례군,간전면,1585
2019,4673033000,전라남도,구례군,토지면,2590
2019,4673034000,전라남도,구례군,마산면,2792
2019,4673035000,전라남도,구례군,광의면,2310
2019,4673036000,전라남도,구례군,용방면,1549
2019,4673037000,전라남도,구례군,산동면,3107
2019,4677025000,전라남도,고흥군,고흥읍,12502
2019,4677025300,전라남도,고흥군,도양읍,10010
2019,4677025400,전라남도,고흥군,도양읍소록출장소,615
2019,4677025500,전라남도,고흥군,도양읍시산출장소,226
2019,4677031000,전라남도,고흥군,풍양면,3221
2019,4677032000,전라남도,고흥군,도덕면,2979
2019,4677033000,전라남도,고흥군,금산면,4456
2019,4677034000,전라남도,고흥군,도화면,3963
2019,4677035000,전라남도,고흥군,포두면,5061
2019,4677036000,전라남도,고흥군,봉래면,1913
2019,4677037000,전라남도,고흥군,점암면,2680
2019,4677038000,전라남도,고흥군,과역면,3402
2019,4677039000,전라남도,고흥군,남양면,2355
2019,4677040000,전라남도,고흥군,동강면,3180
2019,4677041000,전라남도,고흥군,대서면,2349
2019,4677042000,전라남도,고흥군,두원면,3146
2019,4677044000,전라남도,고흥군,영남면,1333
2019,4677045000,전라남도,고흥군,동일면,1522
2019,4678025000,전라남도,보성군,보성읍,9319
2019,4678025300,전라남도,보성군,벌교읍,12249
2019,4678031000,전라남도,보성군,노동면,1142
2019,4678032000,전라남도,보성군,미력면,1438
2019,4678033000,전라남도,보성군,겸백면,1192
2019,4678034000,전라남도,보성군,율어면,1213
2019,4678035000,전라남도,보성군,복내면,1725
2019,4678036000,전라남도,보성군,문덕면,907
2019,4678037000,전라남도,보성군,조성면,3844
2019,4678038000,전라남도,보성군,득량면,2863
2019,4678038500,전라남도,보성군,득량면예당출장소,1308
2019,4678039000,전라남도,보성군,회천면,3113
2019,4678040000,전라남도,보성군,웅치면,1107
2019,4679025000,전라남도,화순군,화순읍,39059
2019,4679031000,전라남도,화순군,한천면,953
2019,4679031500,전라남도,화순군,한천면영외출장소,432
2019,4679032000,전라남도,화순군,춘양면,1844
2019,4679033000,전라남도,화순군,청풍면,1051
2019,4679034000,전라남도,화순군,이양면,1869
2019,4679035000,전라남도,화순군,능주면,3302
2019,4679036000,전라남도,화순군,도곡면,2850
2019,4679037000,전라남도,화순군,도암면,1461
2019,4679038000,전라남도,화순군,이서면,985
2019,4679040000,전라남도,화순군,동복면,1664
2019,4679042000,전라남도,화순군,동면,3472
2019,4680025000,전라남도,장흥군,장흥읍,15623
2019,4680025300,전라남도,장흥군,관산읍,5066
2019,4680025600,전라남도,장흥군,대덕읍,3558
2019,4680031000,전라남도,장흥군,용산면,2418
2019,4680032000,전라남도,장흥군,안양면,2892
2019,4680033000,전라남도,장흥군,장동면,1319
2019,4680034000,전라남도,장흥군,장평면,2140
2019,4680035000,전라남도,장흥군,유치면,1137
2019,4680036000,전라남도,장흥군,부산면,1493
2019,4680037000,전라남도,장흥군,회진면,2917
2019,4681025000,전라남도,강진군,강진읍,14047
2019,4681031000,전라남도,강진군,군동면,4146
2019,4681032000,전라남도,강진군,칠량면,2417
2019,4681033000,전라남도,강진군,대구면,1190
2019,4681034000,전라남도,강진군,도암면,2610
2019,4681035000,전라남도,강진군,신전면,1863
2019,4681036000,전라남도,강진군,성전면,2873
2019,4681037000,전라남도,강진군,작천면,1890
2019,4681038000,전라남도,강진군,병영면,1697
2019,4681039000,전라남도,강진군,옴천면,683
2019,4681040000,전라남도,강진군,마량면,1870
2019,4682025000,전라남도,해남군,해남읍,24767
2019,4682031000,전라남도,해남군,삼산면,3048
2019,4682032000,전라남도,해남군,화산면,3395
2019,4682033000,전라남도,해남군,현산면,2938
2019,4682034000,전라남도,해남군,송지면,6374
2019,4682035000,전라남도,해남군,북평면,2926
2019,4682036000,전라남도,해남군,북일면,2069
2019,4682037000,전라남도,해남군,옥천면,3090
2019,4682038000,전라남도,해남군,계곡면,2262
2019,4682039000,전라남도,해남군,마산면,2524
2019,4682040000,전라남도,해남군,황산면,5070
2019,4682041000,전라남도,해남군,산이면,3980
2019,4682042000,전라남도,해남군,문내면,4185
2019,4682043000,전라남도,해남군,화원면,3726
2019,4683025000,전라남도,영암군,영암읍,8465
2019,4683025300,전라남도,영암군,삼호읍,14812
2019,4683025400,전라남도,영암군,삼호읍서부출장소,6772
2019,4683031000,전라남도,영암군,덕진면,1931
2019,4683032000,전라남도,영암군,금정면,2103
2019,4683033000,전라남도,영암군,신북면,3899
2019,4683034000,전라남도,영암군,시종면,3684
2019,4683035000,전라남도,영암군,도포면,2331
2019,4683036000,전라남도,영암군,군서면,3232
2019,4683037000,전라남도,영암군,서호면,1987
2019,4683038000,전라남도,영암군,학산면,3031
2019,4683039000,전라남도,영암군,미암면,2346
2019,4684025000,전라남도,무안군,무안읍,10859
2019,4684025300,전라남도,무안군,일로읍,6651
2019,4684025600,전라남도,무안군,삼향읍,5733
2019,4684025800,전라남도,무안군,삼향읍남악출장소,33097
2019,4684032000,전라남도,무안군,몽탄면,3166
2019,4684033000,전라남도,무안군,청계면,6480
2019,4684034000,전라남도,무안군,현경면,4803
2019,4684035000,전라남도,무안군,망운면,2099
2019,4684036000,전라남도,무안군,해제면,5168
2019,4684037000,전라남도,무안군,운남면,3049
2019,4686025000,전라남도,함평군,함평읍,8688
2019,4686031000,전라남도,함평군,손불면,3443
2019,4686032000,전라남도,함평군,신광면,1919
2019,4686033000,전라남도,함평군,학교면,4006
2019,4686034000,전라남도,함평군,엄다면,1959
2019,4686035000,전라남도,함평군,대동면,3171
2019,4686036000,전라남도,함평군,나산면,2912
2019,4686037000,전라남도,함평군,해보면,2985
2019,4686038000,전라남도,함평군,월야면,3778
2019,4687025000,전라남도,영광군,영광읍,22015
2019,4687025300,전라남도,영광군,백수읍,4849
2019,4687025600,전라남도,영광군,홍농읍,7081
2019,4687031000,전라남도,영광군,대마면,1788
2019,4687032000,전라남도,영광군,묘량면,1793
2019,4687033000,전라남도,영광군,불갑면,1383
2019,4687034000,전라남도,영광군,군서면,2442
2019,4687035000,전라남도,영광군,군남면,2430
2019,4687036000,전라남도,영광군,염산면,4115
2019,4687037000,전라남도,영광군,법성면,5362
2019,4687038000,전라남도,영광군,낙월면,403
2019,4687038500,전라남도,영광군,낙월면안마출장소,191
2019,4688025000,전라남도,장성군,장성읍,13727
2019,4688031000,전라남도,장성군,진원면,3736
2019,4688032000,전라남도,장성군,남면,3759
2019,4688033000,전라남도,장성군,동화면,1887
2019,4688034000,전라남도,장성군,삼서면,3642
2019,4688035000,전라남도,장성군,삼계면,6596
2019,4688036000,전라남도,장성군,황룡면,4168
2019,4688037000,전라남도,장성군,서삼면,1594
2019,4688038000,전라남도,장성군,북일면,1405
2019,4688039000,전라남도,장성군,북이면,2920
2019,4688040000,전라남도,장성군,북하면,2305
2019,4689025000,전라남도,완도군,완도읍,18555
2019,4689025300,전라남도,완도군,금일읍,3807
2019,4689025600,전라남도,완도군,노화읍,4490
2019,4689029000,전라남도,완도군,노화읍넙도출장소,787
2019,4689031000,전라남도,완도군,군외면,3324
2019,4689032000,전라남도,완도군,신지면,3513
2019,4689033000,전라남도,완도군,고금면,4370
2019,4689034000,전라남도,완도군,약산면,2419
2019,4689035000,전라남도,완도군,청산면,2101
2019,4689035500,전라남도,완도군,청산면모도출장소,228
2019,4689036000,전라남도,완도군,소안면,2580
2019,4689037000,전라남도,완도군,금당면,990
2019,4689038000,전라남도,완도군,보길면,2705
2019,4689039000,전라남도,완도군,생일면,820
2019,4690025000,전라남도,진도군,진도읍,10516
2019,4690031000,전라남도,진도군,군내면,3097
2019,4690032000,전라남도,진도군,고군면,3727
2019,4690033000,전라남도,진도군,의신면,3569
2019,4690034000,전라남도,진도군,임회면,3491
2019,4690035000,전라남도,진도군,지산면,3301
2019,4690036000,전라남도,진도군,조도면,2371
2019,4690036500,전라남도,진도군,조도면가사출장소,283
2019,4690036600,전라남도,진도군,조도면거차출장소,360
2019,4691025000,전라남도,신안군,지도읍,4385
2019,4691025100,전라남도,신안군,지도읍선도출장소,258
2019,4691025300,전라남도,신안군,압해읍,5983
2019,4691025400,전라남도,신안군,압해읍매화출장소,255
2019,4691025500,전라남도,신안군,압해읍고이도출장소,221
2019,4691031000,전라남도,신안군,증도면,1574
2019,4691031500,전라남도,신안군,증도면병풍출장소,329
2019,4691032000,전라남도,신안군,임자면,3233
2019,4691033000,전라남도,신안군,자은면,2292
2019,4691034000,전라남도,신안군,비금면,3612
2019,4691035000,전라남도,신안군,도초면,2647
2019,4691035500,전라남도,신안군,도초면우이도출장소,226
2019,4691036000,전라남도,신안군,흑산면,2418
2019,4691036500,전라남도,신안군,흑산면가거도출장소,462
2019,4691036600,전라남도,신안군,흑산면태도출장소,230
2019,4691036700,전라남도,신안군,흑산면홍도출장소,531
2019,4691036800,전라남도,신안군,흑산면대둔도출장소,345
2019,4691037000,전라남도,신안군,하의면,1814
2019,4691038000,전라남도,신안군,신의면,1609
2019,4691039000,전라남도,신안군,장산면,1606
2019,4691040000,전라남도,신안군,안좌면,2811
2019,4691040500,전라남도,신안군,안좌면자라출장소,298
2019,4691041000,전라남도,신안군,팔금면,1048
2019,4691042000,전라남도,신안군,암태면,2087
2019,4711125000,경상북도,포항시 남구,구룡포읍,7885
2019,4711125300,경상북도,포항시 남구,연일읍,31611
2019,4711125600,경상북도,포항시 남구,오천읍,55622
2019,4711131000,경상북도,포항시 남구,대송면,3638
2019,4711132000,경상북도,포항시 남구,동해면,9967
2019,4711133000,경상북도,포항시 남구,장기면,4239
2019,4711135000,경상북도,포항시 남구,호미곶면,1968
2019,4711152500,경상북도,포항시 남구,상대동,25632
2019,4711154500,경상북도,포항시 남구,해도동,17883
2019,4711155000,경상북도,포항시 남구,송도동,13037
2019,4711156000,경상북도,포항시 남구,청림동,4929
2019,4711157000,경상북도,포항시 남구,제철동,3070
2019,4711158000,경상북도,포항시 남구,효곡동,31017
2019,4711159000,경상북도,포항시 남구,대이동,25135
2019,4711325000,경상북도,포항시 북구,흥해읍,40222
2019,4711331000,경상북도,포항시 북구,신광면,2884
2019,4711332000,경상북도,포항시 북구,청하면,4909
2019,4711333000,경상북도,포항시 북구,송라면,2625
2019,4711334000,경상북도,포항시 북구,기계면,5113
2019,4711335000,경상북도,포항시 북구,죽장면,2173
2019,4711335500,경상북도,포항시 북구,죽장면상옥출장소,601
2019,4711336000,경상북도,포항시 북구,기북면,1305
2019,4711352000,경상북도,포항시 북구,중앙동,16415
2019,4711363000,경상북도,포항시 북구,양학동,17776
2019,4711365500,경상북도,포항시 북구,죽도동,20160
2019,4711366500,경상북도,포항시 북구,용흥동,23117
2019,4711368000,경상북도,포항시 북구,우창동,32337
2019,4711369000,경상북도,포항시 북구,두호동,21122
2019,4711370000,경상북도,포항시 북구,장량동,70741
2019,4711371000,경상북도,포항시 북구,환여동,9892
2019,4713025000,경상북도,경주시,감포읍,5624
2019,4713025300,경상북도,경주시,안강읍,25878
2019,4713025600,경상북도,경주시,건천읍,9688
2019,4713025900,경상북도,경주시,외동읍,18649
2019,4713032000,경상북도,경주시,양남면,6383
2019,4713033000,경상북도,경주시,내남면,4877
2019,4713034000,경상북도,경주시,산내면,3272
2019,4713035000,경상북도,경주시,서면,3329
2019,4713036000,경상북도,경주시,현곡면,21527
2019,4713037000,경상북도,경주시,강동면,6535
2019,4713038000,경상북도,경주시,천북면,5485
2019,4713051500,경상북도,경주시,중부동,5548
2019,4713053000,경상북도,경주시,황오동,6863
2019,4713055000,경상북도,경주시,성건동,14525
2019,4713057000,경상북도,경주시,황남동,5183
2019,4713059000,경상북도,경주시,선도동,15102
2019,4713060500,경상북도,경주시,월성동,6092
2019,4713061500,경상북도,경주시,용강동,21632
2019,4713062100,경상북도,경주시,황성동,29665
2019,4713063000,경상북도,경주시,동천동,23397
2019,4713065000,경상북도,경주시,불국동,9860
2019,4713066000,경상북도,경주시,보덕동,1842
2019,4715025000,경상북도,김천시,아포읍,7309
2019,4715031000,경상북도,김천시,농소면,3037
2019,4715032000,경상북도,김천시,남면,3249
2019,4715034000,경상북도,김천시,개령면,2609
2019,4715035000,경상북도,김천시,감문면,3435
2019,4715036000,경상북도,김천시,어모면,4219
2019,4715037000,경상북도,김천시,봉산면,3306
2019,4715038000,경상북도,김천시,대항면,3600
2019,4715039000,경상북도,김천시,감천면,2017
2019,4715040000,경상북도,김천시,조마면,2296
2019,4715041000,경상북도,김천시,구성면,2913
2019,4715042000,경상북도,김천시,지례면,1626
2019,4715043000,경상북도,김천시,부항면,1317
2019,4715044000,경상북도,김천시,대덕면,2198
2019,4715045000,경상북도,김천시,증산면,1084
2019,4715051600,경상북도,김천시,자산동,6990
2019,4715053600,경상북도,김천시,평화남산동,7985
2019,4715056500,경상북도,김천시,양금동,4116
2019,4715057500,경상북도,김천시,대신동,24688
2019,4715059500,경상북도,김천시,대곡동,20528
2019,4715061000,경상북도,김천시,지좌동,10896
2019,4715064000,경상북도,김천시,율곡동,21811
2019,4717025000,경상북도,안동시,풍산읍,6588
2019,4717031000,경상북도,안동시,와룡면,4219
2019,4717032000,경상북도,안동시,북후면,3118
2019,4717033000,경상북도,안동시,서후면,3723
2019,4717034000,경상북도,안동시,풍천면,5193
2019,4717035000,경상북도,안동시,일직면,2925
2019,4717036000,경상북도,안동시,남후면,1864
2019,4717037000,경상북도,안동시,남선면,2160
2019,4717038000,경상북도,안동시,임하면,3007
2019,4717039000,경상북도,안동시,길안면,2798
2019,4717040000,경상북도,안동시,임동면,1818
2019,4717041000,경상북도,안동시,예안면,1925
2019,4717042000,경상북도,안동시,도산면,1694
2019,4717043000,경상북도,안동시,녹전면,1805
2019,4717051000,경상북도,안동시,중구동,5207
2019,4717052000,경상북도,안동시,명륜동,5207
2019,4717055500,경상북도,안동시,용상동,22301
2019,4717058500,경상북도,안동시,서구동,9457
2019,4717060000,경상북도,안동시,태화동,13707
2019,4717062000,경상북도,안동시,평화동,6613
2019,4717063000,경상북도,안동시,안기동,6474
2019,4717065000,경상북도,안동시,옥동,22535
2019,4717066000,경상북도,안동시,송하동,15795
2019,4717069000,경상북도,안동시,강남동,9919
2019,4719025000,경상북도,구미시,선산읍,15409
2019,4719025300,경상북도,구미시,고아읍,37249
2019,4719031000,경상북도,구미시,무을면,1915
2019,4719032000,경상북도,구미시,옥성면,1774
2019,4719033000,경상북도,구미시,도개면,2314
2019,4719034000,경상북도,구미시,해평면,4293
2019,4719036000,경상북도,구미시,장천면,3280
2019,4719051000,경상북도,구미시,송정동,16406
2019,4719055100,경상북도,구미시,도량동,30699
2019,4719055500,경상북도,구미시,지산동,2326
2019,4719056500,경상북도,구미시,선주원남동,47886
2019,4719058200,경상북도,구미시,형곡1동,15385
2019,4719058300,경상북도,구미시,형곡2동,17938
2019,4719059000,경상북도,구미시,신평1동,3400
2019,4719060000,경상북도,구미시,신평2동,3343
2019,4719061000,경상북도,구미시,비산동,6356
2019,4719063000,경상북도,구미시,광평동,4556
2019,4719064500,경상북도,구미시,상모사곡동,29468
2019,4719066000,경상북도,구미시,임오동,19913
2019,4719067000,경상북도,구미시,인동동,49615
2019,4719068000,경상북도,구미시,진미동,16343
2019,4719069000,경상북도,구미시,양포동,46178
2019,4721025000,경상북도,영주시,풍기읍,10767
2019,4721031000,경상북도,영주시,이산면,2472
2019,4721032000,경상북도,영주시,평은면,1453
2019,4721033000,경상북도,영주시,문수면,2022
2019,4721034000,경상북도,영주시,장수면,2271
2019,4721035000,경상북도,영주시,안정면,3075
2019,4721036000,경상북도,영주시,봉현면,2871
2019,4721037000,경상북도,영주시,순흥면,2101
2019,4721038000,경상북도,영주시,단산면,1977
2019,4721039000,경상북도,영주시,부석면,3189
2019,4721051000,경상북도,영주시,상망동,8154
2019,4721052500,경상북도,영주시,하망동,6286
2019,4721055000,경상북도,영주시,영주1동,4227
2019,4721056000,경상북도,영주시,영주2동,3690
2019,4721059000,경상북도,영주시,휴천1동,6730
2019,4721060000,경상북도,영주시,휴천2동,8404
2019,4721061000,경상북도,영주시,휴천3동,8283
2019,4721062000,경상북도,영주시,가흥1동,19022
2019,4721063000,경상북도,영주시,가흥2동,8073
2019,4723025000,경상북도,영천시,금호읍,11172
2019,4723031000,경상북도,영천시,청통면,4265
2019,4723032000,경상북도,영천시,신녕면,3978
2019,4723033000,경상북도,영천시,화산면,3308
2019,4723034000,경상북도,영천시,화북면,2209
2019,4723035000,경상북도,영천시,화남면,3127
2019,4723036000,경상북도,영천시,자양면,1194
2019,4723037000,경상북도,영천시,임고면,4312
2019,4723038000,경상북도,영천시,고경면,6246
2019,4723039000,경상북도,영천시,북안면,4460
2019,4723040000,경상북도,영천시,대창면,3074
2019,4723051000,경상북도,영천시,동부동,30051
2019,4723052000,경상북도,영천시,중앙동,8869
2019,4723053500,경상북도,영천시,서부동,4932
2019,4723054000,경상북도,영천시,완산동,6957
2019,4723055500,경상북도,영천시,남부동,4316
2019,4725025000,경상북도,상주시,함창읍,6782
2019,4725031000,경상북도,상주시,중동면,1491
2019,4725033000,경상북도,상주시,낙동면,3137
2019,4725033500,경상북도,상주시,낙동면동부출장소,1046
2019,4725034000,경상북도,상주시,청리면,2764
2019,4725035000,경상북도,상주시,공성면,4100
2019,4725036000,경상북도,상주시,외남면,1733
2019,4725037000,경상북도,상주시,내서면,2021
2019,4725038000,경상북도,상주시,모동면,2639
2019,4725039000,경상북도,상주시,모서면,1815
2019,4725039500,경상북도,상주시,모서면서부출장소,767
2019,4725040000,경상북도,상주시,화동면,2072
2019,4725041000,경상북도,상주시,화서면,2929
2019,4725042000,경상북도,상주시,화북면,1284
2019,4725042600,경상북도,상주시,화북면서부출장소,352
2019,4725043000,경상북도,상주시,외서면,2928
2019,4725044000,경상북도,상주시,은척면,1225
2019,4725044500,경상북도,상주시,은척면북부출장소,397
2019,4725045000,경상북도,상주시,공검면,2252
2019,4725046000,경상북도,상주시,이안면,2127
2019,4725047000,경상북도,상주시,화남면,858
2019,4725052000,경상북도,상주시,남원동,12898
2019,4725053000,경상북도,상주시,북문동,9698
2019,4725054000,경상북도,상주시,계림동,7509
2019,4725055000,경상북도,상주시,동문동,8442
2019,4725056000,경상북도,상주시,동성동,3872
2019,4725057000,경상북도,상주시,신흥동,9587
2019,4728025000,경상북도,문경시,문경읍,5856
2019,4728025100,경상북도,문경시,문경읍갈평출장소,1133
2019,4728025300,경상북도,문경시,가은읍,3198
2019,4728025400,경상북도,문경시,가은읍북부출장소,831
2019,4728031000,경상북도,문경시,영순면,2555
2019,4728032000,경상북도,문경시,산양면,3148
2019,4728033000,경상북도,문경시,호계면,2470
2019,4728034000,경상북도,문경시,산북면,2805
2019,4728035000,경상북도,문경시,동로면,1924
2019,4728036000,경상북도,문경시,마성면,3628
2019,4728037000,경상북도,문경시,농암면,2588
2019,4728057000,경상북도,문경시,점촌1동,5729
2019,4728058000,경상북도,문경시,점촌2동,7345
2019,4728059000,경상북도,문경시,점촌3동,9359
2019,4728060000,경상북도,문경시,점촌4동,3172
2019,4728061000,경상북도,문경시,점촌5동,16501
2019,4729025000,경상북도,경산시,하양읍,26066
2019,4729025300,경상북도,경산시,진량읍,36319
2019,4729031000,경상북도,경산시,와촌면,6218
2019,4729033000,경상북도,경산시,자인면,5652
2019,4729034000,경상북도,경산시,용성면,3457
2019,4729035000,경상북도,경산시,남산면,3833
2019,4729037000,경상북도,경산시,남천면,3098
2019,4729051000,경상북도,경산시,중방동,10118
2019,4729052000,경상북도,경산시,중앙동,6752
2019,4729053000,경상북도,경산시,남부동,20341
2019,4729054100,경상북도,경산시,서부1동,37560
2019,4729054200,경상북도,경산시,서부2동,30169
2019,4729055000,경상북도,경산시,북부동,15678
2019,4729056000,경상북도,경산시,동부동,37038
2019,4772025000,경상북도,군위군,군위읍,8413
2019,4772031000,경상북도,군위군,소보면,2307
2019,4772032000,경상북도,군위군,효령면,3837
2019,4772033000,경상북도,군위군,부계면,2042
2019,4772034000,경상북도,군위군,우보면,2134
2019,4772035000,경상북도,군위군,의흥면,2495
2019,4772036000,경상북도,군위군,산성면,1250
2019,4773025000,경상북도,의성군,의성읍,13758
2019,4773031000,경상북도,의성군,단촌면,2023
2019,4773032000,경상북도,의성군,점곡면,1637
2019,4773033000,경상북도,의성군,옥산면,1839
2019,4773034000,경상북도,의성군,사곡면,1592
2019,4773035000,경상북도,의성군,춘산면,1504
2019,4773036000,경상북도,의성군,가음면,1469
2019,4773037000,경상북도,의성군,금성면,4429
2019,4773038000,경상북도,의성군,봉양면,4001
2019,4773039000,경상북도,의성군,비안면,2571
2019,4773040000,경상북도,의성군,구천면,1817
2019,4773041000,경상북도,의성군,단밀면,1818
2019,4773042000,경상북도,의성군,단북면,1850
2019,4773043000,경상북도,의성군,안계면,4605
2019,4773044000,경상북도,의성군,다인면,3879
2019,4773045000,경상북도,의성군,신평면,798
2019,4773046000,경상북도,의성군,안평면,2156
2019,4773047000,경상북도,의성군,안사면,849
2019,4775025000,경상북도,청송군,청송읍,5330
2019,4775031500,경상북도,청송군,주왕산면,1916
2019,4775032000,경상북도,청송군,부남면,2525
2019,4775033000,경상북도,청송군,현동면,2105
2019,4775034000,경상북도,청송군,현서면,2533
2019,4775035000,경상북도,청송군,안덕면,2645
2019,4775036000,경상북도,청송군,파천면,1814
2019,4775037000,경상북도,청송군,진보면,6548
2019,4776025000,경상북도,영양군,영양읍,7375
2019,4776031000,경상북도,영양군,입암면,2197
2019,4776032000,경상북도,영양군,청기면,1733
2019,4776033000,경상북도,영양군,일월면,1841
2019,4776034000,경상북도,영양군,수비면,1715
2019,4776035000,경상북도,영양군,석보면,2132
2019,4777025000,경상북도,영덕군,영덕읍,11394
2019,4777031000,경상북도,영덕군,강구면,6414
2019,4777032000,경상북도,영덕군,남정면,2416
2019,4777033000,경상북도,영덕군,달산면,1191
2019,4777034000,경상북도,영덕군,지품면,1510
2019,4777034500,경상북도,영덕군,지품면원전출장소,553
2019,4777035000,경상북도,영덕군,축산면,942
2019,4777035500,경상북도,영덕군,축산면축산출장소,1800
2019,4777036000,경상북도,영덕군,영해면,6567
2019,4777037000,경상북도,영덕군,병곡면,2847
2019,4777038000,경상북도,영덕군,창수면,1727
2019,4782025000,경상북도,청도군,화양읍,7219
2019,4782025100,경상북도,청도군,화양읍남성현출장소,1147
2019,4782025300,경상북도,청도군,청도읍,10519
2019,4782025400,경상북도,청도군,청도읍유호출장소,1649
2019,4782031000,경상북도,청도군,각남면,2164
2019,4782032000,경상북도,청도군,풍각면,4003
2019,4782033000,경상북도,청도군,각북면,2265
2019,4782034000,경상북도,청도군,이서면,4611
2019,4782035000,경상북도,청도군,운문면,2132
2019,4782036000,경상북도,청도군,금천면,3374
2019,4782037000,경상북도,청도군,매전면,3827
2019,4783025300,경상북도,고령군,대가야읍,10365
2019,4783031000,경상북도,고령군,덕곡면,1481
2019,4783032000,경상북도,고령군,운수면,1916
2019,4783033000,경상북도,고령군,성산면,2662
2019,4783034000,경상북도,고령군,다산면,8766
2019,4783035000,경상북도,고령군,개진면,2015
2019,4783036000,경상북도,고령군,우곡면,1641
2019,4783037000,경상북도,고령군,쌍림면,3527
2019,4784025000,경상북도,성주군,성주읍,13923
2019,4784031000,경상북도,성주군,선남면,6327
2019,4784032000,경상북도,성주군,용암면,3785
2019,4784033000,경상북도,성주군,수륜면,3086
2019,4784034000,경상북도,성주군,가천면,1999
2019,4784035000,경상북도,성주군,금수면,1194
2019,4784036000,경상북도,성주군,대가면,2489
2019,4784037000,경상북도,성주군,벽진면,3157
2019,4784038000,경상북도,성주군,초전면,4639
2019,4784039000,경상북도,성주군,월항면,3416
2019,4785025000,경상북도,칠곡군,왜관읍,33935
2019,4785025300,경상북도,칠곡군,북삼읍,24044
2019,4785025600,경상북도,칠곡군,석적읍,31820
2019,4785031000,경상북도,칠곡군,지천면,4396
2019,4785032000,경상북도,칠곡군,동명면,5593
2019,4785033000,경상북도,칠곡군,가산면,3564
2019,4785036000,경상북도,칠곡군,약목면,10358
2019,4785037000,경상북도,칠곡군,기산면,3337
2019,4790025000,경상북도,예천군,예천읍,15197
2019,4790031000,경상북도,예천군,용문면,2396
2019,4790034000,경상북도,예천군,감천면,2719
2019,4790035000,경상북도,예천군,보문면,1737
2019,4790036000,경상북도,예천군,호명면,17714
2019,4790037000,경상북도,예천군,유천면,2544
2019,4790038000,경상북도,예천군,용궁면,2527
2019,4790039000,경상북도,예천군,개포면,1567
2019,4790040000,경상북도,예천군,지보면,2805
2019,4790041000,경상북도,예천군,풍양면,3312
2019,4790042000,경상북도,예천군,효자면,1197
2019,4790043000,경상북도,예천군,은풍면,1385
2019,4792025000,경상북도,봉화군,봉화읍,10237
2019,4792031000,경상북도,봉화군,물야면,3190
2019,4792032000,경상북도,봉화군,봉성면,2199
2019,4792033000,경상북도,봉화군,법전면,2057
2019,4792034000,경상북도,봉화군,춘양면,4492
2019,4792035000,경상북도,봉화군,소천면,2261
2019,4792036000,경상북도,봉화군,재산면,1578
2019,4792037000,경상북도,봉화군,명호면,2277
2019,4792038000,경상북도,봉화군,상운면,1771
2019,4792039000,경상북도,봉화군,석포면,2088
2019,4793025000,경상북도,울진군,울진읍,14240
2019,4793025300,경상북도,울진군,평해읍,2942
2019,4793031000,경상북도,울진군,북면,6587
2019,4793031500,경상북도,울진군,북면하당출장소,719
2019,4793033000,경상북도,울진군,근남면,2779
2019,4793035000,경상북도,울진군,기성면,2632
2019,4793036000,경상북도,울진군,온정면,1781
2019,4793037000,경상북도,울진군,죽변면,6659
2019,4793038000,경상북도,울진군,후포면,7619
2019,4793039000,경상북도,울진군,금강송면,1293
2019,4793040000,경상북도,울진군,매화면,2063
2019,4794025000,경상북도,울릉군,울릉읍,6766
2019,4794031000,경상북도,울릉군,서면,911
2019,4794031500,경상북도,울릉군,서면태하출장소,501
2019,4794032000,경상북도,울릉군,북면,1439
2019,4812125000,경상남도,창원시 의창구,동읍,20802
2019,4812131000,경상남도,창원시 의창구,북면,42710
2019,4812132000,경상남도,창원시 의창구,대산면,7398
2019,4812151000,경상남도,창원시 의창구,의창동,42841
2019,4812152000,경상남도,창원시 의창구,팔룡동,37624
2019,4812153000,경상남도,창원시 의창구,명곡동,44690
2019,4812154000,경상남도,창원시 의창구,봉림동,31271
2019,4812351000,경상남도,창원시 성산구,반송동,43113
2019,4812352000,경상남도,창원시 성산구,중앙동,23384
2019,4812353000,경상남도,창원시 성산구,상남동,28985
2019,4812354000,경상남도,창원시 성산구,사파동,47426
2019,4812355000,경상남도,창원시 성산구,가음정동,42555
2019,4812356000,경상남도,창원시 성산구,성주동,27243
2019,4812357000,경상남도,창원시 성산구,웅남동,8239
2019,4812531000,경상남도,창원시 마산합포구,구산면,4466
2019,4812532000,경상남도,창원시 마산합포구,진동면,12755
2019,4812533000,경상남도,창원시 마산합포구,진북면,3696
2019,4812534000,경상남도,창원시 마산합포구,진전면,4107
2019,4812551000,경상남도,창원시 마산합포구,현동,14619
2019,4812552000,경상남도,창원시 마산합포구,가포동,670
2019,4812553000,경상남도,창원시 마산합포구,월영동,32563
2019,4812554000,경상남도,창원시 마산합포구,문화동,11802
2019,4812556500,경상남도,창원시 마산합포구,반월중앙동,15657
2019,4812557000,경상남도,창원시 마산합포구,완월동,9690
2019,4812558000,경상남도,창원시 마산합포구,자산동,11468
2019,4812561000,경상남도,창원시 마산합포구,교방동,8683
2019,4812563000,경상남도,창원시 마산합포구,오동동,20661
2019,4812564000,경상남도,창원시 마산합포구,합포동,7287
2019,4812565000,경상남도,창원시 마산합포구,산호동,13307
2019,4812725000,경상남도,창원시 마산회원구,내서읍,67325
2019,4812751000,경상남도,창원시 마산회원구,회원1동,11252
2019,4812752000,경상남도,창원시 마산회원구,회원2동,7859
2019,4812754500,경상남도,창원시 마산회원구,석전동,14436
2019,4812755000,경상남도,창원시 마산회원구,회성동,6733
2019,4812756000,경상남도,창원시 마산회원구,양덕1동,11852
2019,4812757000,경상남도,창원시 마산회원구,양덕2동,32983
2019,4812758000,경상남도,창원시 마산회원구,합성1동,9776
2019,4812759000,경상남도,창원시 마산회원구,합성2동,8238
2019,4812760000,경상남도,창원시 마산회원구,구암1동,9658
2019,4812761000,경상남도,창원시 마산회원구,구암2동,10090
2019,4812762000,경상남도,창원시 마산회원구,봉암동,3605
2019,4812953000,경상남도,창원시 진해구,충무동,3711
2019,4812954000,경상남도,창원시 진해구,여좌동,9062
2019,4812955000,경상남도,창원시 진해구,태백동,5341
2019,4812956000,경상남도,창원시 진해구,경화동,11628
2019,4812957000,경상남도,창원시 진해구,병암동,7776
2019,4812958000,경상남도,창원시 진해구,석동,17617
2019,4812959000,경상남도,창원시 진해구,이동,8688
2019,4812960000,경상남도,창원시 진해구,자은동,21756
2019,4812961000,경상남도,창원시 진해구,덕산동,10419
2019,4812962000,경상남도,창원시 진해구,풍호동,26484
2019,4812963000,경상남도,창원시 진해구,웅천동,12270
2019,4812964000,경상남도,창원시 진해구,웅동1동,6630
2019,4812965000,경상남도,창원시 진해구,웅동2동,38018
2019,4817025000,경상남도,진주시,문산읍,8548
2019,4817031000,경상남도,진주시,내동면,4238
2019,4817032000,경상남도,진주시,정촌면,6817
2019,4817033000,경상남도,진주시,금곡면,2327
2019,4817035000,경상남도,진주시,진성면,1992
2019,4817036000,경상남도,진주시,일반성면,2733
2019,4817037000,경상남도,진주시,이반성면,1659
2019,4817038000,경상남도,진주시,사봉면,1529
2019,4817039000,경상남도,진주시,지수면,1526
2019,4817040000,경상남도,진주시,대곡면,3378
2019,4817041000,경상남도,진주시,금산면,21820
2019,4817042000,경상남도,진주시,집현면,4889
2019,4817043000,경상남도,진주시,미천면,1656
2019,4817044000,경상남도,진주시,명석면,4203
2019,4817045000,경상남도,진주시,대평면,1125
2019,4817046000,경상남도,진주시,수곡면,2250
2019,4817051500,경상남도,진주시,천전동,28766
2019,4817055500,경상남도,진주시,성북동,11109
2019,4817056500,경상남도,진주시,중앙동,11831
2019,4817059500,경상남도,진주시,상봉동,14891
2019,4817067300,경상남도,진주시,상대동,20830
2019,4817067800,경상남도,진주시,하대동,25956
2019,4817068000,경상남도,진주시,상평동,12299
2019,4817069500,경상남도,진주시,초장동,27157
2019,4817071000,경상남도,진주시,평거동,28618
2019,4817071500,경상남도,진주시,신안동,12286
2019,4817072000,경상남도,진주시,이현동,12718
2019,4817073000,경상남도,진주시,판문동,22137
2019,4817074000,경상남도,진주시,가호동,23197
2019,4817075000,경상남도,진주시,충무공동,24849
2019,4822025000,경상남도,통영시,산양읍,4890
2019,4822031000,경상남도,통영시,용남면,13029
2019,4822033000,경상남도,통영시,도산면,2990
2019,4822034000,경상남도,통영시,광도면,31293
2019,4822035000,경상남도,통영시,욕지면,2080
2019,4822036000,경상남도,통영시,한산면,2086
2019,4822037000,경상남도,통영시,사량면,1510
2019,4822051000,경상남도,통영시,도천동,9281
2019,4822053000,경상남도,통영시,명정동,3135
2019,4822055000,경상남도,통영시,중앙동,4260
2019,4822059000,경상남도,통영시,정량동,9323
2019,4822060000,경상남도,통영시,북신동,10795
2019,4822066500,경상남도,통영시,미수동,11801
2019,4822067000,경상남도,통영시,봉평동,10757
2019,4822070000,경상남도,통영시,무전동,14174
2019,4824025000,경상남도,사천시,사천읍,18983
2019,4824031000,경상남도,사천시,정동면,10732
2019,4824032000,경상남도,사천시,사남면,16030
2019,4824033000,경상남도,사천시,용현면,7931
2019,4824034000,경상남도,사천시,축동면,1708
2019,4824035000,경상남도,사천시,곤양면,3541
2019,4824036000,경상남도,사천시,곤명면,2934
2019,4824037000,경상남도,사천시,서포면,3598
2019,4824051000,경상남도,사천시,동서동,6579
2019,4824052000,경상남도,사천시,선구동,5440
2019,4824053000,경상남도,사천시,동서금동,5506
2019,4824055000,경상남도,사천시,벌용동,16012
2019,4824057000,경상남도,사천시,향촌동,7077
2019,4824059500,경상남도,사천시,남양동,5572
2019,4824089000,경상남도,사천시,신수출장소,282
2019,4825025000,경상남도,김해시,진영읍,55968
2019,4825032000,경상남도,김해시,주촌면,16143
2019,4825033000,경상남도,김해시,진례면,6775
2019,4825034000,경상남도,김해시,한림면,7969
2019,4825035000,경상남도,김해시,생림면,3874
2019,4825036000,경상남도,김해시,상동면,3304
2019,4825037000,경상남도,김해시,대동면,6459
2019,4825051000,경상남도,김해시,동상동,10219
2019,4825052000,경상남도,김해시,회현동,9801
2019,4825053000,경상남도,김해시,부원동,10239
2019,4825054000,경상남도,김해시,내외동,75635
2019,4825055000,경상남도,김해시,북부동,80643
2019,4825056500,경상남도,김해시,칠산서부동,9643
2019,4825058000,경상남도,김해시,활천동,41981
2019,4825059000,경상남도,김해시,삼안동,34971
2019,4825060000,경상남도,김해시,불암동,8021
2019,4825061000,경상남도,김해시,장유1동,56662
2019,4825062000,경상남도,김해시,장유2동,37034
2019,4825063000,경상남도,김해시,장유3동,67114
2019,4827025000,경상남도,밀양시,삼랑진읍,5529
2019,4827025100,경상남도,밀양시,삼랑진임천출장소,1320
2019,4827025300,경상남도,밀양시,하남읍,7329
2019,4827031000,경상남도,밀양시,부북면,5337
2019,4827032000,경상남도,밀양시,상동면,3125
2019,4827033000,경상남도,밀양시,산외면,2918
2019,4827034000,경상남도,밀양시,산내면,3952
2019,4827035000,경상남도,밀양시,단장면,4373
2019,4827036000,경상남도,밀양시,상남면,8891
2019,4827037000,경상남도,밀양시,초동면,3478
2019,4827038000,경상남도,밀양시,무안면,5196
2019,4827039000,경상남도,밀양시,청도면,1804
2019,4827051000,경상남도,밀양시,내일동,2937
2019,4827052000,경상남도,밀양시,내이동,14749
2019,4827053000,경상남도,밀양시,삼문동,21258
2019,4827054000,경상남도,밀양시,가곡동,7057
2019,4827055000,경상남도,밀양시,교동,6299
2019,4831031000,경상남도,거제시,일운면,7130
2019,4831032000,경상남도,거제시,동부면,3232
2019,4831033000,경상남도,거제시,남부면,1591
2019,4831034000,경상남도,거제시,거제면,7431
2019,4831035000,경상남도,거제시,둔덕면,3038
2019,4831036000,경상남도,거제시,사등면,12386
2019,4831036600,경상남도,거제시,사등면가조출장소,1133
2019,4831037000,경상남도,거제시,연초면,8511
2019,4831038000,경상남도,거제시,하청면,3781
2019,4831038500,경상남도,거제시,하청면칠천출장소,1130
2019,4831039000,경상남도,거제시,장목면,3314
2019,4831039500,경상남도,거제시,장목면외포출장소,1408
2019,4831051000,경상남도,거제시,장승포동,6605
2019,4831053000,경상남도,거제시,능포동,10019
2019,4831054000,경상남도,거제시,아주동,27756
2019,4831055000,경상남도,거제시,옥포1동,7251
2019,4831056000,경상남도,거제시,옥포2동,26899
2019,4831057000,경상남도,거제시,장평동,20871
2019,4831058000,경상남도,거제시,고현동,36593
2019,4831059000,경상남도,거제시,상문동,34691
2019,4831060000,경상남도,거제시,수양동,23506
2019,4833025300,경상남도,양산시,물금읍,118579
2019,4833031000,경상남도,양산시,동면,35369
2019,4833032000,경상남도,양산시,원동면,3442
2019,4833033000,경상남도,양산시,상북면,13347
2019,4833034000,경상남도,양산시,하북면,8638
2019,4833051000,경상남도,양산시,중앙동,11072
2019,4833051500,경상남도,양산시,양주동,34331
2019,4833052000,경상남도,양산시,삼성동,22482
2019,4833053000,경상남도,양산시,강서동,9263
2019,4833054000,경상남도,양산시,서창동,29376
2019,4833055000,경상남도,양산시,소주동,20241
2019,4833056000,경상남도,양산시,평산동,31306
2019,4833057000,경상남도,양산시,덕계동,13313
2019,4872025000,경상남도,의령군,의령읍,9512
2019,4872031000,경상남도,의령군,가례면,1728
2019,4872032000,경상남도,의령군,칠곡면,1195
2019,4872033000,경상남도,의령군,대의면,1051
2019,4872034000,경상남도,의령군,화정면,1594
2019,4872035000,경상남도,의령군,용덕면,1624
2019,4872036000,경상남도,의령군,정곡면,1435
2019,4872037000,경상남도,의령군,지정면,1872
2019,4872038000,경상남도,의령군,낙서면,775
2019,4872039000,경상남도,의령군,부림면,2945
2019,4872040000,경상남도,의령군,봉수면,1036
2019,4872041500,경상남도,의령군,궁류면,1202
2019,4872042000,경상남도,의령군,유곡면,1199
2019,4873025000,경상남도,함안군,가야읍,18949
2019,4873025300,경상남도,함안군,칠원읍,20186
2019,4873031000,경상남도,함안군,함안면,2447
2019,4873032000,경상남도,함안군,군북면,6396
2019,4873033000,경상남도,함안군,법수면,2917
2019,4873034000,경상남도,함안군,대산면,3581
2019,4873035000,경상남도,함안군,칠서면,5564
2019,4873036000,경상남도,함안군,칠북면,1989
2019,4873038000,경상남도,함안군,산인면,2769
2019,4873039000,경상남도,함안군,여항면,902
2019,4874025000,경상남도,창녕군,창녕읍,17346
2019,4874025300,경상남도,창녕군,남지읍,12394
2019,4874031000,경상남도,창녕군,고암면,2068
2019,4874032000,경상남도,창녕군,성산면,1703
2019,4874033000,경상남도,창녕군,대합면,3913
2019,4874034000,경상남도,창녕군,이방면,2534
2019,4874035000,경상남도,창녕군,유어면,1805
2019,4874036000,경상남도,창녕군,대지면,2569
2019,4874037000,경상남도,창녕군,계성면,2381
2019,4874038000,경상남도,창녕군,영산면,5693
2019,4874039000,경상남도,창녕군,장마면,1874
2019,4874040000,경상남도,창녕군,도천면,2813
2019,4874041000,경상남도,창녕군,길곡면,1553
2019,4874042000,경상남도,창녕군,부곡면,3685
2019,4882025000,경상남도,고성군,고성읍,24922
2019,4882031000,경상남도,고성군,삼산면,1795
2019,4882032000,경상남도,고성군,하일면,1896
2019,4882033000,경상남도,고성군,하이면,2821
2019,4882034000,경상남도,고성군,상리면,1629
2019,4882035000,경상남도,고성군,대가면,1650
2019,4882036000,경상남도,고성군,영현면,883
2019,4882037000,경상남도,고성군,영오면,1449
2019,4882038000,경상남도,고성군,개천면,1150
2019,4882039000,경상남도,고성군,구만면,1016
2019,4882040000,경상남도,고성군,회화면,3640
2019,4882041000,경상남도,고성군,마암면,1803
2019,4882042000,경상남도,고성군,동해면,3195
2019,4882043000,경상남도,고성군,거류면,4427
2019,4884025000,경상남도,남해군,남해읍,13368
2019,4884031000,경상남도,남해군,이동면,3824
2019,4884032000,경상남도,남해군,상주면,1682
2019,4884033000,경상남도,남해군,삼동면,3936
2019,4884034000,경상남도,남해군,미조면,2409
2019,4884035000,경상남도,남해군,남면,3612
2019,4884036000,경상남도,남해군,서면,2668
2019,4884037000,경상남도,남해군,고현면,3539
2019,4884038000,경상남도,남해군,설천면,2935
2019,4884039000,경상남도,남해군,창선면,5649
2019,4885025000,경상남도,하동군,하동읍,10294
2019,4885031000,경상남도,하동군,화개면,3180
2019,4885032000,경상남도,하동군,악양면,3628
2019,4885033000,경상남도,하동군,적량면,2035
2019,4885034000,경상남도,하동군,횡천면,1972
2019,4885035000,경상남도,하동군,고전면,2395
2019,4885036000,경상남도,하동군,금남면,3695
2019,4885037000,경상남도,하동군,진교면,6301
2019,4885038000,경상남도,하동군,양보면,1856
2019,4885039000,경상남도,하동군,북천면,1897
2019,4885040000,경상남도,하동군,청암면,1599
2019,4885041000,경상남도,하동군,옥종면,4423
2019,4885042000,경상남도,하동군,금성면,3299
2019,4886025000,경상남도,산청군,산청읍,6879
2019,4886031000,경상남도,산청군,차황면,1466
2019,4886032000,경상남도,산청군,오부면,1085
2019,4886033000,경상남도,산청군,생초면,2096
2019,4886034000,경상남도,산청군,금서면,2979
2019,4886035000,경상남도,산청군,삼장면,1866
2019,4886036000,경상남도,산청군,시천면,4211
2019,4886037000,경상남도,산청군,단성면,5680
2019,4886038000,경상남도,산청군,신안면,5838
2019,4886039000,경상남도,산청군,생비량면,1207
2019,4886040000,경상남도,산청군,신등면,2110
2019,4887025000,경상남도,함양군,함양읍,18663
2019,4887031000,경상남도,함양군,마천면,2222
2019,4887032000,경상남도,함양군,휴천면,1618
2019,4887033000,경상남도,함양군,유림면,1712
2019,4887034000,경상남도,함양군,수동면,2422
2019,4887035000,경상남도,함양군,지곡면,2094
2019,4887036000,경상남도,함양군,안의면,4649
2019,4887037000,경상남도,함양군,서하면,1436
2019,4887038000,경상남도,함양군,서상면,1874
2019,4887039000,경상남도,함양군,백전면,1580
2019,4887040000,경상남도,함양군,병곡면,1367
2019,4888025000,경상남도,거창군,거창읍,41102
2019,4888031000,경상남도,거창군,주상면,1571
2019,4888032000,경상남도,거창군,웅양면,1930
2019,4888033000,경상남도,거창군,고제면,1496
2019,4888034000,경상남도,거창군,북상면,1556
2019,4888035000,경상남도,거창군,위천면,2014
2019,4888036000,경상남도,거창군,마리면,2014
2019,4888037000,경상남도,거창군,남상면,2426
2019,4888038000,경상남도,거창군,남하면,1432
2019,4888039000,경상남도,거창군,신원면,1478
2019,4888040000,경상남도,거창군,가조면,3784
2019,4888041000,경상남도,거창군,가북면,1376
2019,4889025000,경상남도,합천군,합천읍,11642
2019,4889031000,경상남도,합천군,봉산면,1481
2019,4889032000,경상남도,합천군,묘산면,1627
2019,4889033000,경상남도,합천군,가야면,4425
2019,4889034000,경상남도,합천군,야로면,2533
2019,4889035000,경상남도,합천군,율곡면,2306
2019,4889036000,경상남도,합천군,초계면,2551
2019,4889037000,경상남도,합천군,쌍책면,1312
2019,4889038000,경상남도,합천군,덕곡면,876
2019,4889039000,경상남도,합천군,청덕면,1688
2019,4889040000,경상남도,합천군,적중면,1507
2019,4889041000,경상남도,합천군,대양면,1848
2019,4889042000,경상남도,합천군,쌍백면,1791
2019,4889043000,경상남도,합천군,삼가면,3377
2019,4889044000,경상남도,합천군,가회면,1836
2019,4889045000,경상남도,합천군,대병면,2135
2019,4889046000,경상남도,합천군,용주면,2269
2019,5011025000,제주특별자치도,제주시,한림읍,21365
2019,5011025300,제주특별자치도,제주시,애월읍,36233
2019,5011025600,제주특별자치도,제주시,구좌읍,15589
2019,5011025900,제주특별자치도,제주시,조천읍,24670
2019,5011031000,제주특별자치도,제주시,한경면,9037
2019,5011032000,제주특별자치도,제주시,추자면,1733
2019,5011033000,제주특별자치도,제주시,우도면,1862
2019,5011051000,제주특별자치도,제주시,일도1동,2724
2019,5011052000,제주특별자치도,제주시,일도2동,33683
2019,5011053000,제주특별자치도,제주시,이도1동,7649
2019,5011054000,제주특별자치도,제주시,이도2동,49964
2019,5011055000,제주특별자치도,제주시,삼도1동,13854
2019,5011056000,제주특별자치도,제주시,삼도2동,8174
2019,5011057000,제주특별자치도,제주시,용담1동,7225
2019,5011058000,제주특별자치도,제주시,용담2동,15074
2019,5011059000,제주특별자치도,제주시,건입동,9311
2019,5011060000,제주특별자치도,제주시,화북동,24855
2019,5011061000,제주특별자치도,제주시,삼양동,25702
2019,5011062000,제주특별자치도,제주시,봉개동,5270
2019,5011063000,제주특별자치도,제주시,아라동,34806
2019,5011064000,제주특별자치도,제주시,오라동,15334
2019,5011065000,제주특별자치도,제주시,연동,41513
2019,5011066000,제주특별자치도,제주시,노형동,54222
2019,5011067000,제주특별자치도,제주시,외도동,21801
2019,5011068000,제주특별자치도,제주시,이호동,4569
2019,5011069000,제주특별자치도,제주시,도두동,3186
2019,5013025000,제주특별자치도,서귀포시,대정읍,21334
2019,5013025300,제주특별자치도,서귀포시,남원읍,18905
2019,5013025900,제주특별자치도,서귀포시,성산읍,15557
2019,5013031000,제주특별자치도,서귀포시,안덕면,12023
2019,5013032000,제주특별자치도,서귀포시,표선면,12284
2019,5013051000,제주특별자치도,서귀포시,송산동,4286
2019,5013052000,제주특별자치도,서귀포시,정방동,2276
2019,5013053000,제주특별자치도,서귀포시,중앙동,3705
2019,5013054000,제주특별자치도,서귀포시,천지동,3544
2019,5013055000,제주특별자치도,서귀포시,효돈동,5291
2019,5013056000,제주특별자치도,서귀포시,영천동,5289
2019,5013057000,제주특별자치도,서귀포시,동홍동,23118
2019,5013058000,제주특별자치도,서귀포시,서홍동,10433
2019,5013059000,제주특별자치도,서귀포시,대륜동,14443
2019,5013060000,제주특별자치도,서귀포시,대천동,13785
2019,5013061000,제주특별자치도,서귀포시,중문동,11337
2019,5013062000,제주특별자치도,서귀포시,예래동,3974
2020,1111051500,서울특별시,종로구,청운효자동,12431
2020,1111053000,서울특별시,종로구,사직동,9526
2020,1111054000,서울특별시,종로구,삼청동,2640
2020,1111055000,서울특별시,종로구,부암동,10022
2020,1111056000,서울특별시,종로구,평창동,18391
2020,1111057000,서울특별시,종로구,무악동,8546
2020,1111058000,서울특별시,종로구,교남동,10477
2020,1111060000,서울특별시,종로구,가회동,4325
2020,1111061500,서울특별시,종로구,종로1.2.3.4가동,7256
2020,1111063000,서울특별시,종로구,종로5.6가동,5242
2020,1111064000,서울특별시,종로구,이화동,7588
2020,1111065000,서울특별시,종로구,혜화동,16799
2020,1111067000,서울특별시,종로구,창신제1동,5129
2020,1111068000,서울특별시,종로구,창신제2동,8318
2020,1111069000,서울특별시,종로구,창신제3동,6925
2020,1111070000,서울특별시,종로구,숭인제1동,6078
2020,1111071000,서울특별시,종로구,숭인제2동,9691
2020,1114052000,서울특별시,중구,소공동,2069
2020,1114054000,서울특별시,중구,회현동,5136
2020,1114055000,서울특별시,중구,명동,2914
2020,1114057000,서울특별시,중구,필동,4034
2020,1114058000,서울특별시,중구,장충동,4664
2020,1114059000,서울특별시,중구,광희동,5224
2020,1114060500,서울특별시,중구,을지로동,1816
2020,1114061500,서울특별시,중구,신당동,7692
2020,1114062500,서울특별시,중구,다산동,14243
2020,1114063500,서울특별시,중구,약수동,17128
2020,1114064500,서울특별시,중구,청구동,14056
2020,1114065000,서울특별시,중구,신당제5동,10527
2020,1114066500,서울특별시,중구,동화동,10656
2020,1114067000,서울특별시,중구,황학동,12583
2020,1114068000,서울특별시,중구,중림동,12498
2020,1117051000,서울특별시,용산구,후암동,17696
2020,1117052000,서울특별시,용산구,용산2가동,9972
2020,1117053000,서울특별시,용산구,남영동,7623
2020,1117055500,서울특별시,용산구,청파동,19829
2020,1117056000,서울특별시,용산구,원효로제1동,16089
2020,1117057000,서울특별시,용산구,원효로제2동,14202
2020,1117058000,서울특별시,용산구,효창동,10205
2020,1117059000,서울특별시,용산구,용문동,12327
2020,1117062500,서울특별시,용산구,한강로동,20444
2020,1117063000,서울특별시,용산구,이촌제1동,28139
2020,1117064000,서울특별시,용산구,이촌제2동,8727
2020,1117065000,서울특별시,용산구,이태원제1동,6923
2020,1117066000,서울특별시,용산구,이태원제2동,9285
2020,1117068500,서울특별시,용산구,한남동,21176
2020,1117069000,서울특별시,용산구,서빙고동,13187
2020,1117070000,서울특별시,용산구,보광동,14216
2020,1120052000,서울특별시,성동구,왕십리제2동,17085
2020,1120053500,서울특별시,성동구,왕십리도선동,27081
2020,1120054000,서울특별시,성동구,마장동,22785
2020,1120055000,서울특별시,성동구,사근동,11932
2020,1120056000,서울특별시,성동구,행당제1동,14077
2020,1120057000,서울특별시,성동구,행당제2동,24063
2020,1120058000,서울특별시,성동구,응봉동,15764
2020,1120059000,서울특별시,성동구,금호1가동,15711
2020,1120061500,서울특별시,성동구,금호2.3가동,23409
2020,1120062000,서울특별시,성동구,금호4가동,14704
2020,1120064500,서울특별시,성동구,옥수동,26661
2020,1120065000,서울특별시,성동구,성수1가제1동,16553
2020,1120066000,서울특별시,성동구,성수1가제2동,13452
2020,1120067000,서울특별시,성동구,성수2가제1동,16589
2020,1120069000,서울특별시,성동구,성수2가제3동,11177
2020,1120072000,서울특별시,성동구,송정동,10725
2020,1120079000,서울특별시,성동구,용답동,11788
2020,1121571000,서울특별시,광진구,화양동,22658
2020,1121573000,서울특별시,광진구,군자동,19930
2020,1121574000,서울특별시,광진구,중곡제1동,15792
2020,1121575000,서울특별시,광진구,중곡제2동,21943
2020,1121576000,서울특별시,광진구,중곡제3동,16683
2020,1121577000,서울특별시,광진구,중곡제4동,29387
2020,1121578000,서울특별시,광진구,능동,11610
2020,1121581000,서울특별시,광진구,광장동,35440
2020,1121582000,서울특별시,광진구,자양제1동,22790
2020,1121583000,서울특별시,광진구,자양제2동,25641
2020,1121584000,서울특별시,광진구,자양제3동,28687
2020,1121584700,서울특별시,광진구,자양제4동,17810
2020,1121585000,서울특별시,광진구,구의제1동,22040
2020,1121586000,서울특별시,광진구,구의제2동,26954
2020,1121587000,서울특별시,광진구,구의제3동,29317
2020,1123053600,서울특별시,동대문구,용신동,31190
2020,1123054500,서울특별시,동대문구,제기동,24994
2020,1123056000,서울특별시,동대문구,전농제1동,30204
2020,1123057000,서울특별시,동대문구,전농제2동,19181
2020,1123060000,서울특별시,동대문구,답십리제1동,29099
2020,1123061000,서울특별시,동대문구,답십리제2동,29209
2020,1123065000,서울특별시,동대문구,장안제1동,38710
2020,1123066000,서울특별시,동대문구,장안제2동,33039
2020,1123070500,서울특별시,동대문구,청량리동,19870
2020,1123071000,서울특별시,동대문구,회기동,10473
2020,1123072000,서울특별시,동대문구,휘경제1동,13631
2020,1123073000,서울특별시,동대문구,휘경제2동,24297
2020,1123074000,서울특별시,동대문구,이문제1동,18477
2020,1123075000,서울특별시,동대문구,이문제2동,20463
2020,1126052000,서울특별시,중랑구,면목제2동,24865
2020,1126054000,서울특별시,중랑구,면목제4동,18972
2020,1126055000,서울특별시,중랑구,면목제5동,14537
2020,1126056500,서울특별시,중랑구,면목본동,34622
2020,1126057000,서울특별시,중랑구,면목제7동,22386
2020,1126057500,서울특별시,중랑구,면목제3.8동,25576
2020,1126058000,서울특별시,중랑구,상봉제1동,24763
2020,1126059000,서울특별시,중랑구,상봉제2동,19899
2020,1126060000,서울특별시,중랑구,중화제1동,20224
2020,1126061000,서울특별시,중랑구,중화제2동,25578
2020,1126062000,서울특별시,중랑구,묵제1동,35399
2020,1126063000,서울특별시,중랑구,묵제2동,19428
2020,1126065500,서울특별시,중랑구,망우본동,30431
2020,1126066000,서울특별시,중랑구,망우제3동,17127
2020,1126068000,서울특별시,중랑구,신내1동,39681
2020,1126069000,서울특별시,중랑구,신내2동,21214
2020,1129052500,서울특별시,성북구,성북동,16868
2020,1129055500,서울특별시,성북구,삼선동,23580
2020,1129057500,서울특별시,성북구,동선동,15610
2020,1129058000,서울특별시,성북구,돈암제1동,15292
2020,1129059000,서울특별시,성북구,돈암제2동,24589
2020,1129060000,서울특별시,성북구,안암동,15093
2020,1129061000,서울특별시,성북구,보문동,15768
2020,1129062000,서울특별시,성북구,정릉제1동,18677
2020,1129063000,서울특별시,성북구,정릉제2동,23501
2020,1129064000,서울특별시,성북구,정릉제3동,15541
2020,1129065000,서울특별시,성북구,정릉제4동,25609
2020,1129066000,서울특별시,성북구,길음제1동,36402
2020,1129068500,서울특별시,성북구,길음제2동,17051
2020,1129070500,서울특별시,성북구,종암동,39786
2020,1129071500,서울특별시,성북구,월곡제1동,26918
2020,1129072500,서울특별시,성북구,월곡제2동,19928
2020,1129076000,서울특별시,성북구,장위제1동,20268
2020,1129077000,서울특별시,성북구,장위제2동,13867
2020,1129078000,서울특별시,성북구,장위제3동,17200
2020,1129081000,서울특별시,성북구,석관동,35605
2020,1130553400,서울특별시,강북구,삼양동,24555
2020,1130553500,서울특별시,강북구,미아동,22213
2020,1130554500,서울특별시,강북구,송중동,30353
2020,1130555500,서울특별시,강북구,송천동,27439
2020,1130557500,서울특별시,강북구,삼각산동,31993
2020,1130559500,서울특별시,강북구,번1동,19059
2020,1130560300,서울특별시,강북구,번2동,16435
2020,1130560800,서울특별시,강북구,번3동,17540
2020,1130561500,서울특별시,강북구,수유1동,21219
2020,1130562500,서울특별시,강북구,수유2동,21460
2020,1130563500,서울특별시,강북구,수유3동,23531
2020,1130564500,서울특별시,강북구,우이동,20939
2020,1130566000,서울특별시,강북구,인수동,31319
2020,1132051100,서울특별시,도봉구,창제1동,25241
2020,1132051200,서울특별시,도봉구,창제2동,29643
2020,1132051300,서울특별시,도봉구,창제3동,14310
2020,1132051400,서울특별시,도봉구,창제4동,27195
2020,1132051500,서울특별시,도봉구,창제5동,25198
2020,1132052100,서울특별시,도봉구,도봉제1동,21660
2020,1132052200,서울특별시,도봉구,도봉제2동,27785
2020,1132066000,서울특별시,도봉구,쌍문제1동,21790
2020,1132067000,서울특별시,도봉구,쌍문제2동,19246
2020,1132068000,서울특별시,도봉구,쌍문제3동,16769
2020,1132068100,서울특별시,도봉구,쌍문제4동,19262
2020,1132069000,서울특별시,도봉구,방학제1동,28975
2020,1132070000,서울특별시,도봉구,방학제2동,20282
2020,1132071000,서울특별시,도봉구,방학제3동,27901
2020,1135056000,서울특별시,노원구,월계1동,22446
2020,1135057000,서울특별시,노원구,월계2동,27472
2020,1135058000,서울특별시,노원구,월계3동,30605
2020,1135059500,서울특별시,노원구,공릉1동,37680
2020,1135060000,서울특별시,노원구,공릉2동,39760
2020,1135061100,서울특별시,노원구,하계1동,27471
2020,1135061200,서울특별시,노원구,하계2동,22665
2020,1135061900,서울특별시,노원구,중계본동,24880
2020,1135062100,서울특별시,노원구,중계1동,27465
2020,1135062400,서울특별시,노원구,중계4동,20695
2020,1135062500,서울특별시,노원구,중계2.3동,35446
2020,1135063000,서울특별시,노원구,상계1동,39044
2020,1135064000,서울특별시,노원구,상계2동,20535
2020,1135066500,서울특별시,노원구,상계3.4동,27076
2020,1135067000,서울특별시,노원구,상계5동,24667
2020,1135069500,서울특별시,노원구,상계6.7동,33509
2020,1135070000,서울특별시,노원구,상계8동,22914
2020,1135071000,서울특별시,노원구,상계9동,21136
2020,1135072000,서울특별시,노원구,상계10동,17571
2020,1138051000,서울특별시,은평구,녹번동,37396
2020,1138052000,서울특별시,은평구,불광제1동,39733
2020,1138053000,서울특별시,은평구,불광제2동,28441
2020,1138055100,서울특별시,은평구,갈현제1동,23167
2020,1138055200,서울특별시,은평구,갈현제2동,28885
2020,1138056000,서울특별시,은평구,구산동,32749
2020,1138057000,서울특별시,은평구,대조동,27240
2020,1138058000,서울특별시,은평구,응암제1동,30963
2020,1138059000,서울특별시,은평구,응암제2동,27569
2020,1138060000,서울특별시,은평구,응암제3동,25218
2020,1138062500,서울특별시,은평구,역촌동,46556
2020,1138063100,서울특별시,은평구,신사제1동,27547
2020,1138063200,서울특별시,은평구,신사제2동,20805
2020,1138064000,서울특별시,은평구,증산동,15355
2020,1138065000,서울특별시,은평구,수색동,11189
2020,1138069000,서울특별시,은평구,진관동,57022
2020,1141052000,서울특별시,서대문구,천연동,17784
2020,1141055500,서울특별시,서대문구,북아현동,16637
2020,1141056500,서울특별시,서대문구,충현동,20807
2020,1141058500,서울특별시,서대문구,신촌동,19264
2020,1141061500,서울특별시,서대문구,연희동,36311
2020,1141062000,서울특별시,서대문구,홍제제1동,24340
2020,1141064000,서울특별시,서대문구,홍제제3동,15819
2020,1141065500,서울특별시,서대문구,홍제제2동,14228
2020,1141066000,서울특별시,서대문구,홍은제1동,23013
2020,1141068500,서울특별시,서대문구,홍은제2동,26992
2020,1141069000,서울특별시,서대문구,남가좌제1동,15894
2020,1141070000,서울특별시,서대문구,남가좌제2동,30054
2020,1141071000,서울특별시,서대문구,북가좌제1동,18440
2020,1141072000,서울특별시,서대문구,북가좌제2동,32590
2020,1144055500,서울특별시,마포구,아현동,25749
2020,1144056500,서울특별시,마포구,공덕동,38101
2020,1144058500,서울특별시,마포구,도화동,21753
2020,1144059000,서울특별시,마포구,용강동,21832
2020,1144060000,서울특별시,마포구,대흥동,14410
2020,1144061000,서울특별시,마포구,염리동,12104
2020,1144063000,서울특별시,마포구,신수동,23199
2020,1144065500,서울특별시,마포구,서강동,24674
2020,1144066000,서울특별시,마포구,서교동,25327
2020,1144068000,서울특별시,마포구,합정동,18229
2020,1144069000,서울특별시,마포구,망원제1동,20802
2020,1144070000,서울특별시,마포구,망원제2동,19014
2020,1144071000,서울특별시,마포구,연남동,15605
2020,1144072000,서울특별시,마포구,성산제1동,19342
2020,1144073000,서울특별시,마포구,성산제2동,40355
2020,1144074000,서울특별시,마포구,상암동,31394
2020,1147051000,서울특별시,양천구,목1동,31581
2020,1147052000,서울특별시,양천구,목2동,30460
2020,1147053000,서울특별시,양천구,목3동,22469
2020,1147054000,서울특별시,양천구,목4동,25974
2020,1147055000,서울특별시,양천구,목5동,42215
2020,1147056000,서울특별시,양천구,신월1동,20929
2020,1147057000,서울특별시,양천구,신월2동,21343
2020,1147058000,서울특별시,양천구,신월3동,15751
2020,1147059000,서울특별시,양천구,신월4동,18403
2020,1147060000,서울특별시,양천구,신월5동,15044
2020,1147061000,서울특별시,양천구,신월6동,13748
2020,1147061100,서울특별시,양천구,신월7동,20519
2020,1147062000,서울특별시,양천구,신정1동,20949
2020,1147063000,서울특별시,양천구,신정2동,20047
2020,1147064000,서울특별시,양천구,신정3동,46393
2020,1147065000,서울특별시,양천구,신정4동,33521
2020,1147067000,서울특별시,양천구,신정6동,25014
2020,1147068000,서울특별시,양천구,신정7동,29891
2020,1150051000,서울특별시,강서구,염창동,41894
2020,1150052000,서울특별시,강서구,등촌제1동,24145
2020,1150053000,서울특별시,강서구,등촌제2동,21099
2020,1150053500,서울특별시,강서구,등촌제3동,31478
2020,1150054000,서울특별시,강서구,화곡제1동,52358
2020,1150055000,서울특별시,강서구,화곡제2동,18442
2020,1150056000,서울특별시,강서구,화곡제3동,21785
2020,1150057000,서울특별시,강서구,화곡제4동,21108
2020,1150059000,서울특별시,강서구,화곡본동,34581
2020,1150059100,서울특별시,강서구,화곡제6동,24934
2020,1150059300,서울특별시,강서구,화곡제8동,25223
2020,1150060300,서울특별시,강서구,가양제1동,34184
2020,1150060400,서울특별시,강서구,가양제2동,14500
2020,1150060500,서울특별시,강서구,가양제3동,15477
2020,1150061100,서울특별시,강서구,발산제1동,37390
2020,1150061500,서울특별시,강서구,우장산동,43778
2020,1150062000,서울특별시,강서구,공항동,26939
2020,1150063000,서울특별시,강서구,방화제1동,44305
2020,1150064000,서울특별시,강서구,방화제2동,23122
2020,1150064100,서울특별시,강서구,방화제3동,23443
2020,1153051000,서울특별시,구로구,신도림동,36188
2020,1153052000,서울특별시,구로구,구로제1동,21232
2020,1153053000,서울특별시,구로구,구로제2동,24601
2020,1153054000,서울특별시,구로구,구로제3동,23883
2020,1153055000,서울특별시,구로구,구로제4동,20378
2020,1153056000,서울특별시,구로구,구로제5동,29358
2020,1153059500,서울특별시,구로구,가리봉동,9280
2020,1153072000,서울특별시,구로구,고척제1동,23151
2020,1153073000,서울특별시,구로구,고척제2동,27336
2020,1153074000,서울특별시,구로구,개봉제1동,34337
2020,1153075000,서울특별시,구로구,개봉제2동,31763
2020,1153076000,서울특별시,구로구,개봉제3동,20848
2020,1153077000,서울특별시,구로구,오류제1동,22687
2020,1153078000,서울특별시,구로구,오류제2동,39112
2020,1153079000,서울특별시,구로구,수궁동,23970
2020,1153080000,서울특별시,구로구,항동,16284
2020,1154551000,서울특별시,금천구,가산동,23076
2020,1154561000,서울특별시,금천구,독산제1동,42122
2020,1154562000,서울특별시,금천구,독산제2동,19047
2020,1154563000,서울특별시,금천구,독산제3동,24571
2020,1154564000,서울특별시,금천구,독산제4동,15562
2020,1154567000,서울특별시,금천구,시흥제1동,33770
2020,1154568000,서울특별시,금천구,시흥제2동,21967
2020,1154569000,서울특별시,금천구,시흥제3동,11126
2020,1154570000,서울특별시,금천구,시흥제4동,20797
2020,1154571000,서울특별시,금천구,시흥제5동,19695
2020,1156051500,서울특별시,영등포구,영등포본동,21479
2020,1156053500,서울특별시,영등포구,영등포동,28118
2020,1156054000,서울특별시,영등포구,여의동,34135
2020,1156055000,서울특별시,영등포구,당산제1동,20750
2020,1156056000,서울특별시,영등포구,당산제2동,37560
2020,1156058500,서울특별시,영등포구,도림동,18249
2020,1156060500,서울특별시,영등포구,문래동,33190
2020,1156061000,서울특별시,영등포구,양평제1동,17393
2020,1156062000,서울특별시,영등포구,양평제2동,22380
2020,1156063000,서울특별시,영등포구,신길제1동,17469
2020,1156065000,서울특별시,영등포구,신길제3동,16896
2020,1156066000,서울특별시,영등포구,신길제4동,12122
2020,1156067000,서울특별시,영등포구,신길제5동,11186
2020,1156068000,서울특별시,영등포구,신길제6동,18071
2020,1156069000,서울특별시,영등포구,신길제7동,20289
2020,1156070000,서울특별시,영등포구,대림제1동,14870
2020,1156071000,서울특별시,영등포구,대림제2동,12409
2020,1156072000,서울특별시,영등포구,대림제3동,22914
2020,1159051000,서울특별시,동작구,노량진제1동,32052
2020,1159052000,서울특별시,동작구,노량진제2동,12669
2020,1159053000,서울특별시,동작구,상도제1동,45139
2020,1159054000,서울특별시,동작구,상도제2동,27856
2020,1159055000,서울특별시,동작구,상도제3동,25069
2020,1159056000,서울특별시,동작구,상도제4동,28943
2020,1159060500,서울특별시,동작구,흑석동,32391
2020,1159062000,서울특별시,동작구,사당제1동,23071
2020,1159063000,서울특별시,동작구,사당제2동,27238
2020,1159064000,서울특별시,동작구,사당제3동,25012
2020,1159065000,서울특별시,동작구,사당제4동,14421
2020,1159065100,서울특별시,동작구,사당제5동,14702
2020,1159066000,서울특별시,동작구,대방동,38795
2020,1159067000,서울특별시,동작구,신대방제1동,23660
2020,1159068000,서울특별시,동작구,신대방제2동,20202
2020,1162052500,서울특별시,관악구,보라매동,24563
2020,1162054500,서울특별시,관악구,청림동,15591
2020,1162056500,서울특별시,관악구,성현동,30296
2020,1162057500,서울특별시,관악구,행운동,29302
2020,1162058500,서울특별시,관악구,낙성대동,17013
2020,1162059500,서울특별시,관악구,청룡동,35128
2020,1162060500,서울특별시,관악구,은천동,34023
2020,1162061500,서울특별시,관악구,중앙동,15372
2020,1162062500,서울특별시,관악구,인헌동,26154
2020,1162063000,서울특별시,관악구,남현동,18395
2020,1162064500,서울특별시,관악구,서원동,22848
2020,1162065500,서울특별시,관악구,신원동,18313
2020,1162066500,서울특별시,관악구,서림동,23839
2020,1162068500,서울특별시,관악구,신사동,22797
2020,1162069500,서울특별시,관악구,신림동,21849
2020,1162071500,서울특별시,관악구,난향동,15799
2020,1162072500,서울특별시,관악구,조원동,17558
2020,1162073500,서울특별시,관악구,대학동,23669
2020,1162074500,서울특별시,관악구,삼성동,23785
2020,1162076500,서울특별시,관악구,미성동,31206
2020,1162077500,서울특별시,관악구,난곡동,27560
2020,1165051000,서울특별시,서초구,서초1동,20990
2020,1165052000,서울특별시,서초구,서초2동,21503
2020,1165053000,서울특별시,서초구,서초3동,31979
2020,1165053100,서울특별시,서초구,서초4동,31470
2020,1165054000,서울특별시,서초구,잠원동,28346
2020,1165055000,서울특별시,서초구,반포본동,11940
2020,1165056000,서울특별시,서초구,반포1동,32317
2020,1165057000,서울특별시,서초구,반포2동,16076
2020,1165058000,서울특별시,서초구,반포3동,22352
2020,1165058100,서울특별시,서초구,반포4동,19390
2020,1165059000,서울특별시,서초구,방배본동,21102
2020,1165060000,서울특별시,서초구,방배1동,17264
2020,1165061000,서울특별시,서초구,방배2동,20258
2020,1165062000,서울특별시,서초구,방배3동,21311
2020,1165062100,서울특별시,서초구,방배4동,23760
2020,1165065100,서울특별시,서초구,양재1동,44522
2020,1165065200,서울특별시,서초구,양재2동,22464
2020,1165066000,서울특별시,서초구,내곡동,18082
2020,1168051000,서울특별시,강남구,신사동,16663
2020,1168052100,서울특별시,강남구,논현1동,23012
2020,1168053100,서울특별시,강남구,논현2동,21739
2020,1168054500,서울특별시,강남구,압구정동,27270
2020,1168056500,서울특별시,강남구,청담동,27029
2020,1168058000,서울특별시,강남구,삼성1동,13391
2020,1168059000,서울특별시,강남구,삼성2동,30126
2020,1168060000,서울특별시,강남구,대치1동,24889
2020,1168061000,서울특별시,강남구,대치2동,37600
2020,1168063000,서울특별시,강남구,대치4동,20461
2020,1168064000,서울특별시,강남구,역삼1동,35824
2020,1168065000,서울특별시,강남구,역삼2동,36967
2020,1168065500,서울특별시,강남구,도곡1동,22085
2020,1168065600,서울특별시,강남구,도곡2동,33939
2020,1168066000,서울특별시,강남구,개포1동,6646
2020,1168067000,서울특별시,강남구,개포2동,22235
2020,1168069000,서울특별시,강남구,개포4동,22601
2020,1168070000,서울특별시,강남구,세곡동,44292
2020,1168072000,서울특별시,강남구,일원본동,23916
2020,1168073000,서울특별시,강남구,일원1동,15672
2020,1168075000,서울특별시,강남구,수서동,15231
2020,1171051000,서울특별시,송파구,풍납1동,13901
2020,1171052000,서울특별시,송파구,풍납2동,25518
2020,1171053100,서울특별시,송파구,거여1동,12980
2020,1171053200,서울특별시,송파구,거여2동,19243
2020,1171054000,서울특별시,송파구,마천1동,19731
2020,1171055000,서울특별시,송파구,마천2동,19561
2020,1171056100,서울특별시,송파구,방이1동,16188
2020,1171056200,서울특별시,송파구,방이2동,26169
2020,1171056600,서울특별시,송파구,오륜동,18484
2020,1171057000,서울특별시,송파구,오금동,39504
2020,1171058000,서울특별시,송파구,송파1동,24813
2020,1171059000,서울특별시,송파구,송파2동,20646
2020,1171060000,서울특별시,송파구,석촌동,32527
2020,1171061000,서울특별시,송파구,삼전동,31455
2020,1171062000,서울특별시,송파구,가락본동,27057
2020,1171063100,서울특별시,송파구,가락1동,27792
2020,1171063200,서울특별시,송파구,가락2동,33015
2020,1171064100,서울특별시,송파구,문정1동,20689
2020,1171064200,서울특별시,송파구,문정2동,29378
2020,1171064600,서울특별시,송파구,장지동,30199
2020,1171064700,서울특별시,송파구,위례동,30305
2020,1171065000,서울특별시,송파구,잠실본동,28572
2020,1171067000,서울특별시,송파구,잠실2동,36110
2020,1171068000,서울특별시,송파구,잠실3동,35316
2020,1171069000,서울특별시,송파구,잠실4동,21721
2020,1171071000,서울특별시,송파구,잠실6동,17198
2020,1171072000,서울특별시,송파구,잠실7동,9888
2020,1174051500,서울특별시,강동구,강일동,35609
2020,1174053000,서울특별시,강동구,명일제1동,26288
2020,1174054000,서울특별시,강동구,명일제2동,17513
2020,1174055000,서울특별시,강동구,고덕제1동,25961
2020,1174056000,서울특별시,강동구,고덕제2동,22457
2020,1174057000,서울특별시,강동구,암사제1동,35432
2020,1174058000,서울특별시,강동구,암사제2동,15443
2020,1174059000,서울특별시,강동구,암사제3동,18371
2020,1174060000,서울특별시,강동구,천호제1동,27488
2020,1174061000,서울특별시,강동구,천호제2동,34550
2020,1174062000,서울특별시,강동구,천호제3동,26585
2020,1174064000,서울특별시,강동구,성내제1동,20228
2020,1174065000,서울특별시,강동구,성내제2동,24305
2020,1174066000,서울특별시,강동구,성내제3동,23429
2020,1174068500,서울특별시,강동구,길동,46556
2020,1174069000,서울특별시,강동구,둔촌제1동,249
2020,1174070000,서울특별시,강동구,둔촌제2동,26284
2020,2611051000,부산광역시,중구,중앙동,2482
2020,2611052000,부산광역시,중구,동광동,2893
2020,2611053000,부산광역시,중구,대청동,6520
2020,2611054500,부산광역시,중구,보수동,10707
2020,2611056000,부산광역시,중구,부평동,4672
2020,2611057000,부산광역시,중구,광복동,1060
2020,2611058000,부산광역시,중구,남포동,1028
2020,2611059000,부산광역시,중구,영주제1동,4792
2020,2611060000,부산광역시,중구,영주제2동,7369
2020,2614051000,부산광역시,서구,동대신제1동,4563
2020,2614052000,부산광역시,서구,동대신제2동,7635
2020,2614053000,부산광역시,서구,동대신제3동,7775
2020,2614054000,부산광역시,서구,서대신제1동,13689
2020,2614056000,부산광역시,서구,서대신제3동,8639
2020,2614057000,부산광역시,서구,서대신제4동,7908
2020,2614059000,부산광역시,서구,부민동,7829
2020,2614061500,부산광역시,서구,아미동,7080
2020,2614063000,부산광역시,서구,초장동,4657
2020,2614064000,부산광역시,서구,충무동,10088
2020,2614065000,부산광역시,서구,남부민제1동,5081
2020,2614066000,부산광역시,서구,남부민제2동,9587
2020,2614068000,부산광역시,서구,암남동,13604
2020,2617051000,부산광역시,동구,초량제1동,4837
2020,2617052000,부산광역시,동구,초량제2동,5812
2020,2617053000,부산광역시,동구,초량제3동,11477
2020,2617055000,부산광역시,동구,초량제6동,6370
2020,2617056000,부산광역시,동구,수정제1동,4247
2020,2617057000,부산광역시,동구,수정제2동,10075
2020,2617059000,부산광역시,동구,수정제4동,4128
2020,2617060000,부산광역시,동구,수정제5동,5562
2020,2617064500,부산광역시,동구,좌천동,11087
2020,2617065000,부산광역시,동구,범일제1동,12009
2020,2617066000,부산광역시,동구,범일제2동,8723
2020,2617068000,부산광역시,동구,범일제5동,4574
2020,2620053000,부산광역시,영도구,남항동,10996
2020,2620054000,부산광역시,영도구,영선제1동,4167
2020,2620055000,부산광역시,영도구,영선제2동,8791
2020,2620058500,부산광역시,영도구,신선동,9072
2020,2620059000,부산광역시,영도구,봉래제1동,7280
2020,2620060500,부산광역시,영도구,봉래제2동,5234
2020,2620063000,부산광역시,영도구,청학제1동,6705
2020,2620064000,부산광역시,영도구,청학제2동,18411
2020,2620065000,부산광역시,영도구,동삼제1동,28740
2020,2620066000,부산광역시,영도구,동삼제2동,3545
2020,2620067000,부산광역시,영도구,동삼제3동,10401
2020,2623051000,부산광역시,부산진구,부전제1동,15533
2020,2623052000,부산광역시,부산진구,부전제2동,9915
2020,2623054000,부산광역시,부산진구,연지동,20941
2020,2623055000,부산광역시,부산진구,초읍동,22434
2020,2623056000,부산광역시,부산진구,양정제1동,20536
2020,2623057000,부산광역시,부산진구,양정제2동,12934
2020,2623060000,부산광역시,부산진구,전포제1동,21842
2020,2623061000,부산광역시,부산진구,전포제2동,21097
2020,2623064000,부산광역시,부산진구,부암제1동,23088
2020,2623066000,부산광역시,부산진구,부암제3동,17959
2020,2623067000,부산광역시,부산진구,당감제1동,23800
2020,2623068000,부산광역시,부산진구,당감제2동,10365
2020,2623070000,부산광역시,부산진구,당감제4동,11691
2020,2623071000,부산광역시,부산진구,가야제1동,19826
2020,2623072000,부산광역시,부산진구,가야제2동,17158
2020,2623074000,부산광역시,부산진구,개금제1동,17190
2020,2623075000,부산광역시,부산진구,개금제2동,11299
2020,2623076000,부산광역시,부산진구,개금제3동,29438
2020,2623077000,부산광역시,부산진구,범천제1동,12016
2020,2623078000,부산광역시,부산진구,범천제2동,20824
2020,2626051000,부산광역시,동래구,수민동,33017
2020,2626052000,부산광역시,동래구,복산동,10175
2020,2626054500,부산광역시,동래구,명륜동,24678
2020,2626055000,부산광역시,동래구,온천제1동,19427
2020,2626056000,부산광역시,동래구,온천제2동,15191
2020,2626057000,부산광역시,동래구,온천제3동,39185
2020,2626058000,부산광역시,동래구,사직제1동,10787
2020,2626059000,부산광역시,동래구,사직제2동,28203
2020,2626060000,부산광역시,동래구,사직제3동,17707
2020,2626074000,부산광역시,동래구,안락제1동,14945
2020,2626075000,부산광역시,동래구,안락제2동,27825
2020,2626076100,부산광역시,동래구,명장제1동,14511
2020,2626076200,부산광역시,동래구,명장제2동,15094
2020,2629051000,부산광역시,남구,대연제1동,15988
2020,2629053000,부산광역시,남구,대연제3동,33062
2020,2629054000,부산광역시,남구,대연제4동,12602
2020,2629055000,부산광역시,남구,대연제5동,16877
2020,2629056000,부산광역시,남구,대연제6동,15608
2020,2629057000,부산광역시,남구,용호제1동,45020
2020,2629058000,부산광역시,남구,용호제2동,17318
2020,2629059000,부산광역시,남구,용호제3동,12595
2020,2629060000,부산광역시,남구,용호제4동,8752
2020,2629061000,부산광역시,남구,용당동,8158
2020,2629062000,부산광역시,남구,감만제1동,13850
2020,2629063000,부산광역시,남구,감만제2동,7037
2020,2629064500,부산광역시,남구,우암동,13273
2020,2629068000,부산광역시,남구,문현제1동,14053
2020,2629069000,부산광역시,남구,문현제2동,8835
2020,2629070000,부산광역시,남구,문현제3동,15912
2020,2629071000,부산광역시,남구,문현제4동,8791
2020,2632051000,부산광역시,북구,구포제1동,14735
2020,2632052000,부산광역시,북구,구포제2동,26303
2020,2632052100,부산광역시,북구,구포제3동,20420
2020,2632053000,부산광역시,북구,금곡동,38997
2020,2632054100,부산광역시,북구,화명제1동,42593
2020,2632054200,부산광역시,북구,화명제2동,15437
2020,2632054300,부산광역시,북구,화명제3동,30381
2020,2632055000,부산광역시,북구,덕천제1동,12314
2020,2632056000,부산광역시,북구,덕천제2동,12417
2020,2632056100,부산광역시,북구,덕천제3동,11118
2020,2632057100,부산광역시,북구,만덕제1동,12841
2020,2632057200,부산광역시,북구,만덕제2동,27243
2020,2632057300,부산광역시,북구,만덕제3동,19153
2020,2635051000,부산광역시,해운대구,우제1동,23031
2020,2635052000,부산광역시,해운대구,우제2동,31196
2020,2635052500,부산광역시,해운대구,우제3동,28674
2020,2635053000,부산광역시,해운대구,중제1동,26523
2020,2635054000,부산광역시,해운대구,중제2동,15863
2020,2635055100,부산광역시,해운대구,좌제1동,18263
2020,2635055200,부산광역시,해운대구,좌제2동,32243
2020,2635055300,부산광역시,해운대구,좌제3동,16329
2020,2635055400,부산광역시,해운대구,좌제4동,23436
2020,2635056000,부산광역시,해운대구,송정동,9984
2020,2635057000,부산광역시,해운대구,반여제1동,35333
2020,2635058000,부산광역시,해운대구,반여제2동,13306
2020,2635059000,부산광역시,해운대구,반여제3동,9017
2020,2635059500,부산광역시,해운대구,반여제4동,16489
2020,2635061000,부산광역시,해운대구,반송제1동,14394
2020,2635062000,부산광역시,해운대구,반송제2동,24250
2020,2635065000,부산광역시,해운대구,재송제1동,38404
2020,2635066000,부산광역시,해운대구,재송제2동,25434
2020,2638051000,부산광역시,사하구,괴정제1동,20127
2020,2638052000,부산광역시,사하구,괴정제2동,14343
2020,2638053000,부산광역시,사하구,괴정제3동,12984
2020,2638054000,부산광역시,사하구,괴정제4동,11346
2020,2638055000,부산광역시,사하구,당리동,27246
2020,2638056100,부산광역시,사하구,하단제1동,21792
2020,2638056200,부산광역시,사하구,하단제2동,25446
2020,2638057100,부산광역시,사하구,신평제1동,17685
2020,2638057200,부산광역시,사하구,신평제2동,16012
2020,2638058000,부산광역시,사하구,장림제1동,11175
2020,2638059000,부산광역시,사하구,장림제2동,28080
2020,2638060100,부산광역시,사하구,다대제1동,39923
2020,2638060200,부산광역시,사하구,다대제2동,28094
2020,2638061000,부산광역시,사하구,구평동,11680
2020,2638062000,부산광역시,사하구,감천제1동,19425
2020,2638063000,부산광역시,사하구,감천제2동,6399
2020,2641051000,부산광역시,금정구,서제1동,5911
2020,2641052000,부산광역시,금정구,서제2동,9813
2020,2641053000,부산광역시,금정구,서제3동,11489
2020,2641055500,부산광역시,금정구,금사회동동,8243
2020,2641057000,부산광역시,금정구,부곡제1동,8620
2020,2641058000,부산광역시,금정구,부곡제2동,16869
2020,2641059000,부산광역시,금정구,부곡제3동,16190
2020,2641059100,부산광역시,금정구,부곡제4동,13275
2020,2641060000,부산광역시,금정구,장전제1동,17902
2020,2641061000,부산광역시,금정구,장전제2동,27319
2020,2641063500,부산광역시,금정구,선두구동,2395
2020,2641066500,부산광역시,금정구,청룡노포동,10087
2020,2641067000,부산광역시,금정구,남산동,29674
2020,2641068000,부산광역시,금정구,구서제1동,19911
2020,2641069000,부산광역시,금정구,구서제2동,33880
2020,2641070000,부산광역시,금정구,금성동,1088
2020,2644051000,부산광역시,강서구,대저1동,6848
2020,2644052000,부산광역시,강서구,대저2동,7119
2020,2644053000,부산광역시,강서구,강동동,4499
2020,2644053500,부산광역시,강서구,명지1동,50325
2020,2644054500,부산광역시,강서구,명지2동,30377
2020,2644055000,부산광역시,강서구,가락동,2474
2020,2644056000,부산광역시,강서구,녹산동,32625
2020,2644058000,부산광역시,강서구,가덕도동,3690
2020,2647061000,부산광역시,연제구,거제제1동,29710
2020,2647062000,부산광역시,연제구,거제제2동,12587
2020,2647063000,부산광역시,연제구,거제제3동,10209
2020,2647064000,부산광역시,연제구,거제제4동,10774
2020,2647065000,부산광역시,연제구,연산제1동,16447
2020,2647066000,부산광역시,연제구,연산제2동,20934
2020,2647067000,부산광역시,연제구,연산제3동,7419
2020,2647068000,부산광역시,연제구,연산제4동,16808
2020,2647069000,부산광역시,연제구,연산제5동,16537
2020,2647070000,부산광역시,연제구,연산제6동,17101
2020,2647072000,부산광역시,연제구,연산제8동,14470
2020,2647073000,부산광역시,연제구,연산제9동,36161
2020,2650066000,부산광역시,수영구,남천제1동,14043
2020,2650067000,부산광역시,수영구,남천제2동,12345
2020,2650073000,부산광역시,수영구,수영동,14924
2020,2650074000,부산광역시,수영구,망미제1동,27921
2020,2650075000,부산광역시,수영구,망미제2동,11501
2020,2650076000,부산광역시,수영구,광안제1동,26065
2020,2650077000,부산광역시,수영구,광안제2동,18688
2020,2650078000,부산광역시,수영구,광안제3동,9696
2020,2650079000,부산광역시,수영구,광안제4동,13127
2020,2650080000,부산광역시,수영구,민락동,28584
2020,2653058000,부산광역시,사상구,삼락동,6002
2020,2653059100,부산광역시,사상구,모라제1동,28199
2020,2653059300,부산광역시,사상구,모라제3동,11022
2020,2653060000,부산광역시,사상구,덕포제1동,8892
2020,2653061000,부산광역시,사상구,덕포제2동,13200
2020,2653062000,부산광역시,사상구,괘법동,22045
2020,2653064500,부산광역시,사상구,감전동,13829
2020,2653065000,부산광역시,사상구,주례제1동,15551
2020,2653066000,부산광역시,사상구,주례제2동,23455
2020,2653066100,부산광역시,사상구,주례제3동,13405
2020,2653067000,부산광역시,사상구,학장동,28998
2020,2653068000,부산광역시,사상구,엄궁동,27988
2020,2671025000,부산광역시,기장군,기장읍,53230
2020,2671025300,부산광역시,기장군,장안읍,8657
2020,2671025600,부산광역시,기장군,정관읍,82029
2020,2671033000,부산광역시,기장군,철마면,8080
2020,2711051700,대구광역시,중구,동인동,8525
2020,2711054500,대구광역시,중구,삼덕동,6736
2020,2711056500,대구광역시,중구,성내1동,5075
2020,2711057500,대구광역시,중구,성내2동,4591
2020,2711058500,대구광역시,중구,성내3동,5158
2020,2711059500,대구광역시,중구,대신동,8094
2020,2711064000,대구광역시,중구,남산1동,5097
2020,2711065000,대구광역시,중구,남산2동,4323
2020,2711066000,대구광역시,중구,남산3동,7041
2020,2711067000,대구광역시,중구,남산4동,11859
2020,2711068000,대구광역시,중구,대봉1동,7654
2020,2711069000,대구광역시,중구,대봉2동,2394
2020,2714051000,대구광역시,동구,신암1동,7684
2020,2714052000,대구광역시,동구,신암2동,10673
2020,2714053000,대구광역시,동구,신암3동,9821
2020,2714054000,대구광역시,동구,신암4동,13001
2020,2714054100,대구광역시,동구,신암5동,6572
2020,2714055500,대구광역시,동구,신천1.2동,13210
2020,2714057000,대구광역시,동구,신천3동,12460
2020,2714058000,대구광역시,동구,신천4동,7492
2020,2714059000,대구광역시,동구,효목1동,14171
2020,2714060000,대구광역시,동구,효목2동,14038
2020,2714061500,대구광역시,동구,도평동,4183
2020,2714062000,대구광역시,동구,불로.봉무동,21729
2020,2714064000,대구광역시,동구,지저동,14949
2020,2714065500,대구광역시,동구,동촌동,15919
2020,2714067000,대구광역시,동구,방촌동,18274
2020,2714068500,대구광역시,동구,해안동,15214
2020,2714072000,대구광역시,동구,안심1동,43500
2020,2714073000,대구광역시,동구,안심2동,11343
2020,2714074200,대구광역시,동구,안심3동,21359
2020,2714074700,대구광역시,동구,안심4동,29482
2020,2714075500,대구광역시,동구,혁신동,18878
2020,2714076000,대구광역시,동구,공산동,17968
2020,2717051000,대구광역시,서구,내당1동,8634
2020,2717052500,대구광역시,서구,내당2.3동,10149
2020,2717054000,대구광역시,서구,내당4동,16963
2020,2717055000,대구광역시,서구,비산1동,9811
2020,2717056500,대구광역시,서구,비산2.3동,9650
2020,2717058000,대구광역시,서구,비산4동,10037
2020,2717059000,대구광역시,서구,비산5동,6383
2020,2717060000,대구광역시,서구,비산6동,7848
2020,2717061000,대구광역시,서구,비산7동,11087
2020,2717062000,대구광역시,서구,평리1동,7980
2020,2717063000,대구광역시,서구,평리2동,8158
2020,2717064000,대구광역시,서구,평리3동,10134
2020,2717065000,대구광역시,서구,평리4동,18310
2020,2717066000,대구광역시,서구,평리5동,1829
2020,2717066100,대구광역시,서구,평리6동,5257
2020,2717067500,대구광역시,서구,상중이동,20568
2020,2717069500,대구광역시,서구,원대동,7902
2020,2720051500,대구광역시,남구,이천동,12358
2020,2720053000,대구광역시,남구,봉덕1동,9285
2020,2720054000,대구광역시,남구,봉덕2동,12072
2020,2720055000,대구광역시,남구,봉덕3동,17249
2020,2720056000,대구광역시,남구,대명1동,11644
2020,2720057100,대구광역시,남구,대명2동,10805
2020,2720058600,대구광역시,남구,대명3동,11062
2020,2720059000,대구광역시,남구,대명4동,11254
2020,2720060000,대구광역시,남구,대명5동,7400
2020,2720061000,대구광역시,남구,대명6동,9643
2020,2720064000,대구광역시,남구,대명9동,16002
2020,2720065000,대구광역시,남구,대명10동,9346
2020,2720066000,대구광역시,남구,대명11동,8512
2020,2723051000,대구광역시,북구,고성동,4971
2020,2723052600,대구광역시,북구,칠성동,23524
2020,2723055000,대구광역시,북구,침산1동,4256
2020,2723056000,대구광역시,북구,침산2동,19399
2020,2723057000,대구광역시,북구,침산3동,20393
2020,2723061000,대구광역시,북구,산격1동,9572
2020,2723062000,대구광역시,북구,산격2동,11140
2020,2723063000,대구광역시,북구,산격3동,9175
2020,2723063100,대구광역시,북구,산격4동,8649
2020,2723064500,대구광역시,북구,대현동,18533
2020,2723067100,대구광역시,북구,복현1동,7667
2020,2723067200,대구광역시,북구,복현2동,28772
2020,2723068000,대구광역시,북구,검단동,6761
2020,2723069500,대구광역시,북구,무태조야동,36690
2020,2723071500,대구광역시,북구,관문동,37371
2020,2723072500,대구광역시,북구,태전1동,22376
2020,2723073500,대구광역시,북구,태전2동,25104
2020,2723074500,대구광역시,북구,구암동,36509
2020,2723075000,대구광역시,북구,관음동,17166
2020,2723077000,대구광역시,북구,읍내동,26950
2020,2723078000,대구광역시,북구,동천동,29099
2020,2723079000,대구광역시,북구,노원동,12100
2020,2723080000,대구광역시,북구,국우동,24086
2020,2726051000,대구광역시,수성구,범어1동,16384
2020,2726052000,대구광역시,수성구,범어2동,16048
2020,2726053000,대구광역시,수성구,범어3동,16445
2020,2726054000,대구광역시,수성구,범어4동,18996
2020,2726055000,대구광역시,수성구,만촌1동,23247
2020,2726056000,대구광역시,수성구,만촌2동,11488
2020,2726056100,대구광역시,수성구,만촌3동,20434
2020,2726057000,대구광역시,수성구,수성1가동,18767
2020,2726058000,대구광역시,수성구,수성2.3가동,12207
2020,2726059000,대구광역시,수성구,수성4가동,15199
2020,2726060100,대구광역시,수성구,황금1동,24417
2020,2726060200,대구광역시,수성구,황금2동,11147
2020,2726061000,대구광역시,수성구,중동,11350
2020,2726062000,대구광역시,수성구,상동,16938
2020,2726063000,대구광역시,수성구,파동,12821
2020,2726064000,대구광역시,수성구,두산동,14257
2020,2726065100,대구광역시,수성구,지산1동,22584
2020,2726065200,대구광역시,수성구,지산2동,19171
2020,2726066100,대구광역시,수성구,범물1동,11661
2020,2726066200,대구광역시,수성구,범물2동,17191
2020,2726067000,대구광역시,수성구,고산1동,31555
2020,2726068000,대구광역시,수성구,고산2동,27801
2020,2726069000,대구광역시,수성구,고산3동,34206
2020,2729051500,대구광역시,달서구,성당동,24153
2020,2729053500,대구광역시,달서구,두류1.2동,14714
2020,2729055000,대구광역시,달서구,두류3동,8575
2020,2729055500,대구광역시,달서구,감삼동,27706
2020,2729056300,대구광역시,달서구,죽전동,14018
2020,2729056800,대구광역시,달서구,장기동,17625
2020,2729057100,대구광역시,달서구,용산1동,31760
2020,2729057200,대구광역시,달서구,용산2동,29482
2020,2729057600,대구광역시,달서구,이곡1동,23698
2020,2729057700,대구광역시,달서구,이곡2동,16717
2020,2729058500,대구광역시,달서구,신당동,31942
2020,2729059000,대구광역시,달서구,본리동,22109
2020,2729060100,대구광역시,달서구,월성1동,43862
2020,2729060200,대구광역시,달서구,월성2동,16489
2020,2729061500,대구광역시,달서구,진천동,76898
2020,2729062400,대구광역시,달서구,상인1동,39385
2020,2729062500,대구광역시,달서구,상인2동,20272
2020,2729062600,대구광역시,달서구,상인3동,11472
2020,2729062800,대구광역시,달서구,도원동,36436
2020,2729063000,대구광역시,달서구,송현1동,19777
2020,2729064000,대구광역시,달서구,송현2동,18476
2020,2729065000,대구광역시,달서구,본동,13065
2020,2771025000,대구광역시,달성군,화원읍,48166
2020,2771025300,대구광역시,달성군,논공읍,4688
2020,2771025400,대구광역시,달성군,논공읍공단출장소,13799
2020,2771025600,대구광역시,달성군,다사읍,50783
2020,2771025700,대구광역시,달성군,다사읍서재출장소,38606
2020,2771025900,대구광역시,달성군,유가읍,29713
2020,2771026200,대구광역시,달성군,옥포읍,25337
2020,2771026500,대구광역시,달성군,현풍읍,23310
2020,2771031000,대구광역시,달성군,가창면,7972
2020,2771033000,대구광역시,달성군,하빈면,3702
2020,2771038000,대구광역시,달성군,구지면,13263
2020,2811052000,인천광역시,중구,연안동,6315
2020,2811053000,인천광역시,중구,신포동,5283
2020,2811054000,인천광역시,중구,신흥동,13329
2020,2811056000,인천광역시,중구,도원동,4043
2020,2811057000,인천광역시,중구,율목동,3374
2020,2811058500,인천광역시,중구,동인천동,5928
2020,2811062000,인천광역시,중구,영종동,15724
2020,2811062200,인천광역시,중구,영종1동,43447
2020,2811062800,인천광역시,중구,운서동,30776
2020,2811063000,인천광역시,중구,용유동,4104
2020,2814051000,인천광역시,동구,만석동,7151
2020,2814052500,인천광역시,동구,화수1.화평동,6229
2020,2814053000,인천광역시,동구,화수2동,7855
2020,2814055500,인천광역시,동구,송현1.2동,10704
2020,2814057000,인천광역시,동구,송현3동,3749
2020,2814058000,인천광역시,동구,송림1동,1686
2020,2814059000,인천광역시,동구,송림2동,3005
2020,2814060500,인천광역시,동구,송림3.5동,8008
2020,2814061000,인천광역시,동구,송림4동,4301
2020,2814063000,인천광역시,동구,송림6동,6761
2020,2814064000,인천광역시,동구,금창동,3093
2020,2817751000,인천광역시,미추홀구,숭의2동,14733
2020,2817752000,인천광역시,미추홀구,숭의1.3동,14380
2020,2817753000,인천광역시,미추홀구,숭의4동,16582
2020,2817754000,인천광역시,미추홀구,용현1.4동,17170
2020,2817755000,인천광역시,미추홀구,용현2동,17940
2020,2817756000,인천광역시,미추홀구,용현3동,7546
2020,2817757000,인천광역시,미추홀구,용현5동,48192
2020,2817758000,인천광역시,미추홀구,학익1동,31174
2020,2817759000,인천광역시,미추홀구,학익2동,19016
2020,2817760000,인천광역시,미추홀구,도화1동,23335
2020,2817761000,인천광역시,미추홀구,도화2.3동,30289
2020,2817762000,인천광역시,미추홀구,주안1동,20666
2020,2817763000,인천광역시,미추홀구,주안2동,16747
2020,2817764000,인천광역시,미추홀구,주안3동,9003
2020,2817765000,인천광역시,미추홀구,주안4동,14014
2020,2817766000,인천광역시,미추홀구,주안5동,17434
2020,2817767000,인천광역시,미추홀구,주안6동,22460
2020,2817768000,인천광역시,미추홀구,주안7동,12911
2020,2817769000,인천광역시,미추홀구,주안8동,21452
2020,2817770000,인천광역시,미추홀구,관교동,15523
2020,2817771000,인천광역시,미추홀구,문학동,13776
2020,2818563000,인천광역시,연수구,옥련1동,19766
2020,2818564000,인천광역시,연수구,옥련2동,20915
2020,2818575000,인천광역시,연수구,선학동,17325
2020,2818576100,인천광역시,연수구,연수1동,20129
2020,2818576200,인천광역시,연수구,연수2동,21524
2020,2818576300,인천광역시,연수구,연수3동,16684
2020,2818576600,인천광역시,연수구,청학동,25283
2020,2818578000,인천광역시,연수구,동춘1동,25891
2020,2818579000,인천광역시,연수구,동춘2동,18668
2020,2818579500,인천광역시,연수구,동춘3동,18860
2020,2818582000,인천광역시,연수구,송도1동,37487
2020,2818583000,인천광역시,연수구,송도2동,36653
2020,2818584000,인천광역시,연수구,송도3동,48748
2020,2818585000,인천광역시,연수구,송도4동,24820
2020,2818586000,인천광역시,연수구,송도5동,34697
2020,2820051000,인천광역시,남동구,구월1동,31981
2020,2820052000,인천광역시,남동구,구월2동,35836
2020,2820052100,인천광역시,남동구,구월3동,28734
2020,2820052200,인천광역시,남동구,구월4동,15092
2020,2820053000,인천광역시,남동구,간석1동,22637
2020,2820054000,인천광역시,남동구,간석2동,22266
2020,2820055000,인천광역시,남동구,간석3동,28289
2020,2820055100,인천광역시,남동구,간석4동,29266
2020,2820056000,인천광역시,남동구,만수1동,17516
2020,2820057000,인천광역시,남동구,만수2동,24770
2020,2820058000,인천광역시,남동구,만수3동,17961
2020,2820058100,인천광역시,남동구,만수4동,21563
2020,2820058200,인천광역시,남동구,만수5동,15663
2020,2820058300,인천광역시,남동구,만수6동,24923
2020,2820065000,인천광역시,남동구,장수서창동,20410
2020,2820065500,인천광역시,남동구,서창2동,39909
2020,2820066000,인천광역시,남동구,남촌도림동,21287
2020,2820069000,인천광역시,남동구,논현1동,32331
2020,2820070000,인천광역시,남동구,논현2동,32894
2020,2820071000,인천광역시,남동구,논현고잔동,42026
2020,2823751000,인천광역시,부평구,부평1동,37397
2020,2823752000,인천광역시,부평구,부평2동,16277
2020,2823753000,인천광역시,부평구,부평3동,13143
2020,2823754000,인천광역시,부평구,부평4동,36696
2020,2823755000,인천광역시,부평구,부평5동,33278
2020,2823756000,인천광역시,부평구,부평6동,14668
2020,2823757000,인천광역시,부평구,산곡1동,13348
2020,2823758000,인천광역시,부평구,산곡2동,31993
2020,2823758100,인천광역시,부평구,산곡3동,22460
2020,2823758200,인천광역시,부평구,산곡4동,18096
2020,2823759100,인천광역시,부평구,청천1동,6967
2020,2823759200,인천광역시,부평구,청천2동,35013
2020,2823764100,인천광역시,부평구,갈산1동,16594
2020,2823764200,인천광역시,부평구,갈산2동,19381
2020,2823764600,인천광역시,부평구,삼산1동,34432
2020,2823764800,인천광역시,부평구,삼산2동,29409
2020,2823765000,인천광역시,부평구,부개1동,16627
2020,2823766000,인천광역시,부평구,부개2동,17796
2020,2823766100,인천광역시,부평구,부개3동,32025
2020,2823767000,인천광역시,부평구,일신동,12877
2020,2823768000,인천광역시,부평구,십정1동,12867
2020,2823769000,인천광역시,부평구,십정2동,23618
2020,2824560100,인천광역시,계양구,효성1동,25188
2020,2824560200,인천광역시,계양구,효성2동,29940
2020,2824561100,인천광역시,계양구,계산1동,19909
2020,2824561200,인천광역시,계양구,계산2동,16115
2020,2824561300,인천광역시,계양구,계산3동,19893
2020,2824561400,인천광역시,계양구,계산4동,23671
2020,2824562100,인천광역시,계양구,작전1동,28553
2020,2824562200,인천광역시,계양구,작전2동,20280
2020,2824564000,인천광역시,계양구,작전서운동,31300
2020,2824571000,인천광역시,계양구,계양1동,21432
2020,2824572000,인천광역시,계양구,계양2동,34315
2020,2824573000,인천광역시,계양구,계양3동,26154
2020,2826051500,인천광역시,서구,검암경서동,45777
2020,2826053000,인천광역시,서구,연희동,41389
2020,2826053600,인천광역시,서구,청라1동,31412
2020,2826053700,인천광역시,서구,청라2동,48926
2020,2826053900,인천광역시,서구,청라3동,30437
2020,2826054200,인천광역시,서구,가정1동,28304
2020,2826054300,인천광역시,서구,가정2동,6637
2020,2826054400,인천광역시,서구,가정3동,9804
2020,2826055000,인천광역시,서구,석남1동,22742
2020,2826056000,인천광역시,서구,석남2동,13415
2020,2826056100,인천광역시,서구,석남3동,14195
2020,2826057500,인천광역시,서구,신현원창동,32203
2020,2826058000,인천광역시,서구,가좌1동,12251
2020,2826059000,인천광역시,서구,가좌2동,20441
2020,2826060000,인천광역시,서구,가좌3동,16555
2020,2826061000,인천광역시,서구,가좌4동,10865
2020,2826068000,인천광역시,서구,검단동,33016
2020,2826069000,인천광역시,서구,불로대곡동,22826
2020,2826070000,인천광역시,서구,원당동,24579
2020,2826071000,인천광역시,서구,당하동,28339
2020,2826072000,인천광역시,서구,오류왕길동,24733
2020,2826073000,인천광역시,서구,마전동,23194
2020,2871025000,인천광역시,강화군,강화읍,22707
2020,2871031000,인천광역시,강화군,선원면,7850
2020,2871032000,인천광역시,강화군,불은면,4903
2020,2871033000,인천광역시,강화군,길상면,7043
2020,2871034000,인천광역시,강화군,화도면,4507
2020,2871035000,인천광역시,강화군,양도면,4243
2020,2871036000,인천광역시,강화군,내가면,3069
2020,2871037000,인천광역시,강화군,하점면,4037
2020,2871038000,인천광역시,강화군,양사면,1861
2020,2871039000,인천광역시,강화군,송해면,3215
2020,2871040000,인천광역시,강화군,교동면,2901
2020,2871041000,인천광역시,강화군,삼산면,2223
2020,2871042000,인천광역시,강화군,서도면,377
2020,2871042500,인천광역시,강화군,서도면볼음출장소,267
2020,2872031000,인천광역시,옹진군,북도면,1163
2020,2872031500,인천광역시,옹진군,북도면장봉출장소,989
2020,2872033000,인천광역시,옹진군,백령면,5238
2020,2872034000,인천광역시,옹진군,대청면,1236
2020,2872034500,인천광역시,옹진군,대청면소청출장소,229
2020,2872035000,인천광역시,옹진군,덕적면,1892
2020,2872036000,인천광역시,옹진군,영흥면,6377
2020,2872037000,인천광역시,옹진군,자월면,932
2020,2872037500,인천광역시,옹진군,자월면이작출장소,379
2020,2872038000,인천광역시,옹진군,연평면,2020
2020,2911052500,광주광역시,동구,충장동,4546
2020,2911054500,광주광역시,동구,동명동,3873
2020,2911056000,광주광역시,동구,계림1동,10323
2020,2911057000,광주광역시,동구,계림2동,7859
2020,2911059000,광주광역시,동구,산수1동,8850
2020,2911060000,광주광역시,동구,산수2동,10401
2020,2911062000,광주광역시,동구,지산1동,4412
2020,2911063000,광주광역시,동구,지산2동,4745
2020,2911065500,광주광역시,동구,서남동,3230
2020,2911068500,광주광역시,동구,학동,8167
2020,2911071000,광주광역시,동구,학운동,11897
2020,2911073000,광주광역시,동구,지원1동,8000
2020,2911074000,광주광역시,동구,지원2동,16594
2020,2914057500,광주광역시,서구,양동,4015
2020,2914059000,광주광역시,서구,양3동,4765
2020,2914065000,광주광역시,서구,농성1동,11071
2020,2914066000,광주광역시,서구,농성2동,5125
2020,2914073000,광주광역시,서구,광천동,8639
2020,2914074000,광주광역시,서구,유덕동,10770
2020,2914074500,광주광역시,서구,치평동,30602
2020,2914075100,광주광역시,서구,상무1동,25076
2020,2914075200,광주광역시,서구,상무2동,24062
2020,2914076000,광주광역시,서구,화정1동,15838
2020,2914077000,광주광역시,서구,화정2동,20945
2020,2914078000,광주광역시,서구,화정3동,10317
2020,2914079000,광주광역시,서구,화정4동,15833
2020,2914080000,광주광역시,서구,서창동,5944
2020,2914082100,광주광역시,서구,금호1동,20570
2020,2914082400,광주광역시,서구,금호2동,29122
2020,2914083000,광주광역시,서구,풍암동,37513
2020,2914084000,광주광역시,서구,동천동,16369
2020,2915551000,광주광역시,남구,양림동,7325
2020,2915552000,광주광역시,남구,방림1동,7031
2020,2915553000,광주광역시,남구,방림2동,9156
2020,2915553700,광주광역시,남구,봉선1동,14041
2020,2915553800,광주광역시,남구,봉선2동,29218
2020,2915554500,광주광역시,남구,사직동,5418
2020,2915560500,광주광역시,남구,월산동,7488
2020,2915563000,광주광역시,남구,월산4동,8850
2020,2915564000,광주광역시,남구,월산5동,6555
2020,2915567000,광주광역시,남구,백운1동,12542
2020,2915568000,광주광역시,남구,백운2동,6345
2020,2915569000,광주광역시,남구,주월1동,19554
2020,2915570000,광주광역시,남구,주월2동,8368
2020,2915571000,광주광역시,남구,효덕동,46125
2020,2915572000,광주광역시,남구,송암동,20347
2020,2915573000,광주광역시,남구,대촌동,6216
2020,2917051000,광주광역시,북구,중흥1동,5040
2020,2917052000,광주광역시,북구,중흥2동,6867
2020,2917053000,광주광역시,북구,중흥3동,4905
2020,2917055500,광주광역시,북구,중앙동,3273
2020,2917057000,광주광역시,북구,임동,7943
2020,2917058000,광주광역시,북구,신안동,11842
2020,2917059000,광주광역시,북구,용봉동,38683
2020,2917060100,광주광역시,북구,운암1동,19487
2020,2917060200,광주광역시,북구,운암2동,12410
2020,2917060300,광주광역시,북구,운암3동,13180
2020,2917061500,광주광역시,북구,동림동,23770
2020,2917062000,광주광역시,북구,우산동,10714
2020,2917063500,광주광역시,북구,풍향동,6017
2020,2917065000,광주광역시,북구,문화동,19028
2020,2917065600,광주광역시,북구,문흥1동,16450
2020,2917065700,광주광역시,북구,문흥2동,16237
2020,2917066100,광주광역시,북구,두암1동,7961
2020,2917066200,광주광역시,북구,두암2동,16456
2020,2917066300,광주광역시,북구,두암3동,13908
2020,2917066600,광주광역시,북구,삼각동,14390
2020,2917066900,광주광역시,북구,일곡동,30499
2020,2917067300,광주광역시,북구,매곡동,14126
2020,2917067600,광주광역시,북구,오치1동,11350
2020,2917067700,광주광역시,북구,오치2동,12728
2020,2917068500,광주광역시,북구,석곡동,2671
2020,2917069500,광주광역시,북구,건국동,22605
2020,2917069600,광주광역시,북구,양산동,38182
2020,2917069700,광주광역시,북구,신용동,29709
2020,2920051500,광주광역시,광산구,송정1동,11177
2020,2920052500,광주광역시,광산구,송정2동,6641
2020,2920054000,광주광역시,광산구,도산동,15817
2020,2920055000,광주광역시,광산구,신흥동,4725
2020,2920056500,광주광역시,광산구,어룡동,32945
2020,2920058000,광주광역시,광산구,우산동,27596
2020,2920060000,광주광역시,광산구,월곡1동,11366
2020,2920061000,광주광역시,광산구,월곡2동,16260
2020,2920062000,광주광역시,광산구,비아동,7295
2020,2920062400,광주광역시,광산구,첨단1동,27653
2020,2920062600,광주광역시,광산구,첨단2동,43947
2020,2920063000,광주광역시,광산구,신가동,19144
2020,2920063500,광주광역시,광산구,운남동,31621
2020,2920063700,광주광역시,광산구,수완동,78158
2020,2920064000,광주광역시,광산구,하남동,23400
2020,2920065000,광주광역시,광산구,임곡동,2140
2020,2920066000,광주광역시,광산구,동곡동,1932
2020,2920067000,광주광역시,광산구,평동,4122
2020,2920068000,광주광역시,광산구,삼도동,2278
2020,2920069000,광주광역시,광산구,본량동,2065
2020,2920070000,광주광역시,광산구,신창동,35297
2020,3011051500,대전광역시,동구,중앙동,4963
2020,3011053000,대전광역시,동구,효동,25338
2020,3011054500,대전광역시,동구,신인동,12322
2020,3011055100,대전광역시,동구,판암1동,12503
2020,3011055200,대전광역시,동구,판암2동,8811
2020,3011056000,대전광역시,동구,용운동,18610
2020,3011058500,대전광역시,동구,대동,15175
2020,3011059000,대전광역시,동구,자양동,10582
2020,3011062000,대전광역시,동구,가양1동,13994
2020,3011063000,대전광역시,동구,가양2동,18475
2020,3011064000,대전광역시,동구,용전동,20607
2020,3011066500,대전광역시,동구,성남동,12341
2020,3011067000,대전광역시,동구,홍도동,11051
2020,3011069500,대전광역시,동구,삼성동,14590
2020,3011072500,대전광역시,동구,대청동,2491
2020,3011074000,대전광역시,동구,산내동,21168
2020,3014053500,대전광역시,중구,은행선화동,16161
2020,3014055000,대전광역시,중구,목동,14737
2020,3014056000,대전광역시,중구,중촌동,13385
2020,3014057500,대전광역시,중구,대흥동,14132
2020,3014060500,대전광역시,중구,문창동,4766
2020,3014062000,대전광역시,중구,석교동,15910
2020,3014063000,대전광역시,중구,대사동,5470
2020,3014064000,대전광역시,중구,부사동,6780
2020,3014065500,대전광역시,중구,용두동,9679
2020,3014067000,대전광역시,중구,오류동,10431
2020,3014068000,대전광역시,중구,태평1동,13607
2020,3014069000,대전광역시,중구,태평2동,26297
2020,3014070000,대전광역시,중구,유천1동,6673
2020,3014071000,대전광역시,중구,유천2동,13898
2020,3014072000,대전광역시,중구,문화1동,22851
2020,3014073000,대전광역시,중구,문화2동,12906
2020,3014074000,대전광역시,중구,산성동,27867
2020,3017051000,대전광역시,서구,복수동,22836
2020,3017052000,대전광역시,서구,도마1동,15187
2020,3017053000,대전광역시,서구,도마2동,17690
2020,3017053500,대전광역시,서구,정림동,16564
2020,3017054000,대전광역시,서구,변동,16221
2020,3017055000,대전광역시,서구,용문동,12554
2020,3017055500,대전광역시,서구,탄방동,27445
2020,3017056000,대전광역시,서구,괴정동,19265
2020,3017057000,대전광역시,서구,가장동,12302
2020,3017057500,대전광역시,서구,내동,24010
2020,3017058100,대전광역시,서구,갈마1동,21763
2020,3017058200,대전광역시,서구,갈마2동,25147
2020,3017058600,대전광역시,서구,월평1동,11121
2020,3017058700,대전광역시,서구,월평2동,15108
2020,3017058800,대전광역시,서구,월평3동,21899
2020,3017059000,대전광역시,서구,가수원동,41464
2020,3017059600,대전광역시,서구,관저1동,15799
2020,3017059700,대전광역시,서구,관저2동,50798
2020,3017060000,대전광역시,서구,기성동,3816
2020,3017063000,대전광역시,서구,둔산1동,17199
2020,3017064000,대전광역시,서구,둔산2동,36523
2020,3017065000,대전광역시,서구,만년동,13005
2020,3017066000,대전광역시,서구,둔산3동,20164
2020,3020052000,대전광역시,유성구,진잠동,35106
2020,3020053000,대전광역시,유성구,온천1동,34820
2020,3020054000,대전광역시,유성구,온천2동,40180
2020,3020054600,대전광역시,유성구,노은1동,22203
2020,3020054700,대전광역시,유성구,노은2동,24850
2020,3020054800,대전광역시,유성구,노은3동,37832
2020,3020055000,대전광역시,유성구,신성동,25858
2020,3020057000,대전광역시,유성구,전민동,27203
2020,3020058000,대전광역시,유성구,구즉동,27835
2020,3020060000,대전광역시,유성구,관평동,29057
2020,3020061000,대전광역시,유성구,원신흥동,46103
2020,3023051000,대전광역시,대덕구,오정동,14775
2020,3023052000,대전광역시,대덕구,대화동,7180
2020,3023052500,대전광역시,대덕구,회덕동,12782
2020,3023053300,대전광역시,대덕구,비래동,16671
2020,3023054300,대전광역시,대덕구,송촌동,27921
2020,3023054600,대전광역시,대덕구,중리동,19594
2020,3023055000,대전광역시,대덕구,신탄진동,11053
2020,3023056000,대전광역시,대덕구,석봉동,16475
2020,3023057000,대전광역시,대덕구,덕암동,13686
2020,3023058000,대전광역시,대덕구,목상동,6683
2020,3023060000,대전광역시,대덕구,법1동,13076
2020,3023061000,대전광역시,대덕구,법2동,16488
2020,3111051000,울산광역시,중구,학성동,10414
2020,3111052000,울산광역시,중구,반구1동,17313
2020,3111053000,울산광역시,중구,반구2동,8842
2020,3111054000,울산광역시,중구,복산1동,4810
2020,3111055000,울산광역시,중구,복산2동,11382
2020,3111058500,울산광역시,중구,중앙동,13296
2020,3111059000,울산광역시,중구,우정동,19348
2020,3111060000,울산광역시,중구,태화동,33809
2020,3111061000,울산광역시,중구,다운동,23196
2020,3111062000,울산광역시,중구,병영1동,22544
2020,3111063000,울산광역시,중구,병영2동,20522
2020,3111064000,울산광역시,중구,약사동,10960
2020,3111065000,울산광역시,중구,성안동,21159
2020,3114051000,울산광역시,남구,신정1동,19117
2020,3114052000,울산광역시,남구,신정2동,24772
2020,3114053000,울산광역시,남구,신정3동,16361
2020,3114054000,울산광역시,남구,신정4동,21448
2020,3114055000,울산광역시,남구,신정5동,8855
2020,3114056000,울산광역시,남구,달동,27340
2020,3114057000,울산광역시,남구,삼산동,48826
2020,3114058500,울산광역시,남구,삼호동,20841
2020,3114059500,울산광역시,남구,무거동,32325
2020,3114060000,울산광역시,남구,옥동,26716
2020,3114062500,울산광역시,남구,대현동,30503
2020,3114063500,울산광역시,남구,수암동,16986
2020,3114064000,울산광역시,남구,선암동,14588
2020,3114067000,울산광역시,남구,야음장생포동,11386
2020,3117051000,울산광역시,동구,방어동,40288
2020,3117052000,울산광역시,동구,일산동,5797
2020,3117053000,울산광역시,동구,화정동,19996
2020,3117054000,울산광역시,동구,대송동,11822
2020,3117055000,울산광역시,동구,전하1동,15071
2020,3117056000,울산광역시,동구,전하2동,20942
2020,3117058000,울산광역시,동구,남목1동,8927
2020,3117059000,울산광역시,동구,남목2동,21652
2020,3117060000,울산광역시,동구,남목3동,12311
2020,3120051000,울산광역시,북구,농소1동,37470
2020,3120052000,울산광역시,북구,농소2동,40329
2020,3120053000,울산광역시,북구,농소3동,39096
2020,3120054000,울산광역시,북구,강동동,16634
2020,3120056000,울산광역시,북구,효문동,29904
2020,3120057000,울산광역시,북구,송정동,35440
2020,3120058000,울산광역시,북구,양정동,10063
2020,3120059000,울산광역시,북구,염포동,10078
2020,3171025000,울산광역시,울주군,온산읍,20372
2020,3171025300,울산광역시,울주군,언양읍,28540
2020,3171025600,울산광역시,울주군,온양읍,28688
2020,3171025900,울산광역시,울주군,범서읍,70703
2020,3171026200,울산광역시,울주군,청량읍,19443
2020,3171026500,울산광역시,울주군,삼남읍,21524
2020,3171031000,울산광역시,울주군,서생면,8401
2020,3171034000,울산광역시,울주군,웅촌면,7731
2020,3171036000,울산광역시,울주군,두동면,4229
2020,3171037000,울산광역시,울주군,두서면,3140
2020,3171038000,울산광역시,울주군,상북면,7953
2020,3171040000,울산광역시,울주군,삼동면,1814
2020,3611025000,세종특별자치시, ,조치원읍,43100
2020,3611031000,세종특별자치시, ,연기면,2729
2020,3611032000,세종특별자치시, ,연동면,3160
2020,3611033000,세종특별자치시, ,부강면,6245
2020,3611034000,세종특별자치시, ,금남면,8865
2020,3611035000,세종특별자치시, ,장군면,6703
2020,3611036000,세종특별자치시, ,연서면,7481
2020,3611037000,세종특별자치시, ,전의면,5686
2020,3611038000,세종특별자치시, ,전동면,3578
2020,3611039000,세종특별자치시, ,소정면,2442
2020,3611051000,세종특별자치시, ,한솔동,19233
2020,3611051500,세종특별자치시,,새롬동,29430
2020,3611052000,세종특별자치시, ,도담동,39495
2020,3611053000,세종특별자치시, ,아름동,23562
2020,3611054000,세종특별자치시, ,종촌동,29568
2020,3611055000,세종특별자치시, ,고운동,34431
2020,3611055500,세종특별자치시,,소담동,32423
2020,3611056000,세종특별자치시, ,보람동,19397
2020,3611057000,세종특별자치시,,대평동,10973
2020,3611058000,세종특별자치시,,다정동,27330
2020,4111156000,경기도,수원시 장안구,파장동,23611
2020,4111156600,경기도,수원시 장안구,율천동,43147
2020,4111157100,경기도,수원시 장안구,정자1동,29813
2020,4111157200,경기도,수원시 장안구,정자2동,30060
2020,4111157300,경기도,수원시 장안구,정자3동,42795
2020,4111158000,경기도,수원시 장안구,영화동,20340
2020,4111159100,경기도,수원시 장안구,송죽동,19673
2020,4111159700,경기도,수원시 장안구,조원1동,28771
2020,4111159800,경기도,수원시 장안구,조원2동,19137
2020,4111160000,경기도,수원시 장안구,연무동,16314
2020,4111352000,경기도,수원시 권선구,세류1동,10438
2020,4111353000,경기도,수원시 권선구,세류2동,23656
2020,4111354000,경기도,수원시 권선구,세류3동,19309
2020,4111355000,경기도,수원시 권선구,평동,41043
2020,4111356000,경기도,수원시 권선구,서둔동,38247
2020,4111365000,경기도,수원시 권선구,구운동,24793
2020,4111366200,경기도,수원시 권선구,금곡동,45833
2020,4111366400,경기도,수원시 권선구,호매실동,46514
2020,4111367000,경기도,수원시 권선구,권선1동,24858
2020,4111368000,경기도,수원시 권선구,권선2동,49547
2020,4111369000,경기도,수원시 권선구,곡선동,27498
2020,4111370000,경기도,수원시 권선구,입북동,16909
2020,4111565000,경기도,수원시 팔달구,매교동,5988
2020,4111566000,경기도,수원시 팔달구,매산동,10677
2020,4111567000,경기도,수원시 팔달구,고등동,9191
2020,4111568000,경기도,수원시 팔달구,화서1동,23268
2020,4111569000,경기도,수원시 팔달구,화서2동,26802
2020,4111570000,경기도,수원시 팔달구,지동,11306
2020,4111571000,경기도,수원시 팔달구,우만1동,20471
2020,4111572000,경기도,수원시 팔달구,우만2동,17242
2020,4111573000,경기도,수원시 팔달구,인계동,39069
2020,4111574000,경기도,수원시 팔달구,행궁동,10916
2020,4111751000,경기도,수원시 영통구,매탄1동,18335
2020,4111752000,경기도,수원시 영통구,매탄2동,15162
2020,4111753000,경기도,수원시 영통구,매탄3동,36279
2020,4111754000,경기도,수원시 영통구,매탄4동,22021
2020,4111755000,경기도,수원시 영통구,원천동,39135
2020,4111757000,경기도,수원시 영통구,영통1동,35948
2020,4111758000,경기도,수원시 영통구,영통2동,26744
2020,4111758500,경기도,수원시 영통구,영통3동,32908
2020,4111759300,경기도,수원시 영통구,망포1동,31693
2020,4111759600,경기도,수원시 영통구,망포2동,28355
2020,4111760000,경기도,수원시 영통구,광교1동,53205
2020,4111761000,경기도,수원시 영통구,광교2동,29057
2020,4113151000,경기도,성남시 수정구,신흥1동,13510
2020,4113152000,경기도,성남시 수정구,신흥2동,20144
2020,4113153000,경기도,성남시 수정구,신흥3동,11265
2020,4113154000,경기도,성남시 수정구,태평1동,15550
2020,4113155000,경기도,성남시 수정구,태평2동,15712
2020,4113156000,경기도,성남시 수정구,태평3동,13556
2020,4113156100,경기도,성남시 수정구,태평4동,13539
2020,4113157000,경기도,성남시 수정구,수진1동,12595
2020,4113158000,경기도,성남시 수정구,수진2동,16110
2020,4113159000,경기도,성남시 수정구,단대동,15836
2020,4113160000,경기도,성남시 수정구,산성동,10691
2020,4113161000,경기도,성남시 수정구,양지동,9992
2020,4113162000,경기도,성남시 수정구,복정동,11123
2020,4113162500,경기도,성남시 수정구,위례동,45425
2020,4113163000,경기도,성남시 수정구,신촌동,4782
2020,4113164000,경기도,성남시 수정구,고등동,8607
2020,4113165000,경기도,성남시 수정구,시흥동,3264
2020,4113351000,경기도,성남시 중원구,성남동,33921
2020,4113352500,경기도,성남시 중원구,중앙동,14064
2020,4113353000,경기도,성남시 중원구,금광1동,7029
2020,4113354000,경기도,성남시 중원구,금광2동,24649
2020,4113355000,경기도,성남시 중원구,은행1동,10665
2020,4113356000,경기도,성남시 중원구,은행2동,24562
2020,4113357000,경기도,성남시 중원구,상대원1동,25874
2020,4113358000,경기도,성남시 중원구,상대원2동,13794
2020,4113359000,경기도,성남시 중원구,상대원3동,12571
2020,4113366000,경기도,성남시 중원구,하대원동,21179
2020,4113367000,경기도,성남시 중원구,도촌동,27823
2020,4113551000,경기도,성남시 분당구,분당동,26445
2020,4113552000,경기도,성남시 분당구,수내1동,18124
2020,4113553000,경기도,성남시 분당구,수내2동,10690
2020,4113554000,경기도,성남시 분당구,수내3동,14012
2020,4113554500,경기도,성남시 분당구,정자동,19721
2020,4113555000,경기도,성남시 분당구,정자1동,31031
2020,4113556000,경기도,성남시 분당구,정자2동,15954
2020,4113557000,경기도,성남시 분당구,정자3동,15555
2020,4113558000,경기도,성남시 분당구,서현1동,32363
2020,4113559000,경기도,성남시 분당구,서현2동,18784
2020,4113560000,경기도,성남시 분당구,이매1동,25960
2020,4113561000,경기도,성남시 분당구,이매2동,13759
2020,4113562000,경기도,성남시 분당구,야탑1동,17660
2020,4113563000,경기도,성남시 분당구,야탑2동,16847
2020,4113564000,경기도,성남시 분당구,야탑3동,29151
2020,4113565000,경기도,성남시 분당구,판교동,23932
2020,4113565500,경기도,성남시 분당구,삼평동,24930
2020,4113565700,경기도,성남시 분당구,백현동,27710
2020,4113566200,경기도,성남시 분당구,금곡동,28820
2020,4113566500,경기도,성남시 분당구,구미1동,17792
2020,4113567000,경기도,성남시 분당구,구미동,31413
2020,4113568000,경기도,성남시 분당구,운중동,21579
2020,4115051000,경기도,의정부시,의정부1동,31550
2020,4115052000,경기도,의정부시,의정부2동,31280
2020,4115054500,경기도,의정부시,호원1동,36246
2020,4115055500,경기도,의정부시,호원2동,35257
2020,4115056100,경기도,의정부시,장암동,20688
2020,4115056700,경기도,의정부시,신곡1동,43940
2020,4115056800,경기도,의정부시,신곡2동,48211
2020,4115057300,경기도,의정부시,송산1동,39625
2020,4115057600,경기도,의정부시,송산2동,33781
2020,4115057800,경기도,의정부시,송산3동,46531
2020,4115058000,경기도,의정부시,자금동,27135
2020,4115059500,경기도,의정부시,가능동,26125
2020,4115061500,경기도,의정부시,흥선동,19148
2020,4115062000,경기도,의정부시,녹양동,22193
2020,4117151000,경기도,안양시 만안구,안양1동,12728
2020,4117152000,경기도,안양시 만안구,안양2동,21854
2020,4117153000,경기도,안양시 만안구,안양3동,16800
2020,4117154000,경기도,안양시 만안구,안양4동,7275
2020,4117155000,경기도,안양시 만안구,안양5동,10693
2020,4117156000,경기도,안양시 만안구,안양6동,21078
2020,4117157000,경기도,안양시 만안구,안양7동,15903
2020,4117158000,경기도,안양시 만안구,안양8동,11025
2020,4117158100,경기도,안양시 만안구,안양9동,17692
2020,4117159000,경기도,안양시 만안구,석수1동,19898
2020,4117160000,경기도,안양시 만안구,석수2동,32565
2020,4117161000,경기도,안양시 만안구,석수3동,13701
2020,4117162100,경기도,안양시 만안구,박달1동,15375
2020,4117163000,경기도,안양시 만안구,박달2동,22826
2020,4117351000,경기도,안양시 동안구,비산1동,21658
2020,4117352000,경기도,안양시 동안구,비산2동,11113
2020,4117353000,경기도,안양시 동안구,비산3동,18406
2020,4117354000,경기도,안양시 동안구,부흥동,17615
2020,4117354600,경기도,안양시 동안구,달안동,11146
2020,4117355000,경기도,안양시 동안구,관양1동,37036
2020,4117356000,경기도,안양시 동안구,관양2동,19377
2020,4117356600,경기도,안양시 동안구,부림동,27588
2020,4117357000,경기도,안양시 동안구,평촌동,15047
2020,4117357600,경기도,안양시 동안구,평안동,24106
2020,4117357800,경기도,안양시 동안구,귀인동,16830
2020,4117358000,경기도,안양시 동안구,호계1동,8240
2020,4117359000,경기도,안양시 동안구,호계2동,20383
2020,4117360000,경기도,안양시 동안구,호계3동,22043
2020,4117361000,경기도,안양시 동안구,범계동,15501
2020,4117362000,경기도,안양시 동안구,신촌동,13287
2020,4117363000,경기도,안양시 동안구,갈산동,11238
2020,4119060300,경기도,부천시,심곡동,64219
2020,4119060600,경기도,부천시,부천동,90063
2020,4119061000,경기도,부천시,중동,41868
2020,4119074200,경기도,부천시,신중동,131641
2020,4119074400,경기도,부천시,상동,86546
2020,4119074600,경기도,부천시,대산동,82010
2020,4119075000,경기도,부천시,소사본동,57246
2020,4119079500,경기도,부천시,범안동,96242
2020,4119080000,경기도,부천시,성곡동,83961
2020,4119083000,경기도,부천시,오정동,84587
2020,4121051000,경기도,광명시,광명1동,695
2020,4121052000,경기도,광명시,광명2동,3621
2020,4121054000,경기도,광명시,광명3동,9895
2020,4121055000,경기도,광명시,광명4동,14123
2020,4121056000,경기도,광명시,광명5동,14723
2020,4121057000,경기도,광명시,광명6동,10873
2020,4121058000,경기도,광명시,광명7동,18020
2020,4121059000,경기도,광명시,철산1동,11185
2020,4121060000,경기도,광명시,철산2동,9360
2020,4121061000,경기도,광명시,철산3동,32927
2020,4121062000,경기도,광명시,철산4동,13527
2020,4121063100,경기도,광명시,하안1동,26579
2020,4121063200,경기도,광명시,하안2동,14197
2020,4121063300,경기도,광명시,하안3동,20670
2020,4121063400,경기도,광명시,하안4동,12662
2020,4121064000,경기도,광명시,소하1동,32120
2020,4121065000,경기도,광명시,소하2동,51210
2020,4121066000,경기도,광명시,학온동,2212
2020,4122025000,경기도,평택시,팽성읍,27696
2020,4122025300,경기도,평택시,안중읍,43668
2020,4122025600,경기도,평택시,포승읍,24010
2020,4122025900,경기도,평택시,청북읍,26705
2020,4122031000,경기도,평택시,진위면,11401
2020,4122032000,경기도,평택시,서탄면,3683
2020,4122033000,경기도,평택시,고덕면,23052
2020,4122034000,경기도,평택시,오성면,6717
2020,4122037000,경기도,평택시,현덕면,5311
2020,4122051000,경기도,평택시,중앙동,43954
2020,4122052000,경기도,평택시,서정동,25454
2020,4122053500,경기도,평택시,송탄동,19859
2020,4122055000,경기도,평택시,지산동,12571
2020,4122056000,경기도,평택시,송북동,22042
2020,4122057000,경기도,평택시,신장1동,7446
2020,4122058000,경기도,평택시,신장2동,5770
2020,4122059000,경기도,평택시,신평동,22779
2020,4122060000,경기도,평택시,원평동,10686
2020,4122061000,경기도,평택시,통복동,4087
2020,4122062000,경기도,평택시,비전1동,85171
2020,4122063000,경기도,평택시,비전2동,53769
2020,4122063500,경기도,평택시,용이동,25034
2020,4122064000,경기도,평택시,세교동,26442
2020,4125051000,경기도,동두천시,생연1동,6995
2020,4125052000,경기도,동두천시,생연2동,11721
2020,4125053500,경기도,동두천시,중앙동,5152
2020,4125055000,경기도,동두천시,보산동,3106
2020,4125056500,경기도,동두천시,불현동,27621
2020,4125056600,경기도,동두천시,송내동,25542
2020,4125058000,경기도,동두천시,소요동,8790
2020,4125060000,경기도,동두천시,상패동,5426
2020,4127151000,경기도,안산시 상록구,일동,25009
2020,4127151500,경기도,안산시 상록구,이동,23979
2020,4127152500,경기도,안산시 상록구,사동,33015
2020,4127153200,경기도,안산시 상록구,사이동,32968
2020,4127153700,경기도,안산시 상록구,해양동,37248
2020,4127154000,경기도,안산시 상록구,본오1동,38101
2020,4127155000,경기도,안산시 상록구,본오2동,26840
2020,4127156000,경기도,안산시 상록구,본오3동,20156
2020,4127157000,경기도,안산시 상록구,부곡동,21944
2020,4127158000,경기도,안산시 상록구,월피동,38604
2020,4127159000,경기도,안산시 상록구,성포동,26833
2020,4127160000,경기도,안산시 상록구,반월동,18085
2020,4127161000,경기도,안산시 상록구,안산동,9106
2020,4127351000,경기도,안산시 단원구,와동,38957
2020,4127352500,경기도,안산시 단원구,고잔동,21940
2020,4127353200,경기도,안산시 단원구,중앙동,25138
2020,4127353500,경기도,안산시 단원구,호수동,44212
2020,4127354500,경기도,안산시 단원구,원곡동,6272
2020,4127355500,경기도,안산시 단원구,백운동,18463
2020,4127356500,경기도,안산시 단원구,신길동,22665
2020,4127357000,경기도,안산시 단원구,초지동,47015
2020,4127358000,경기도,안산시 단원구,선부1동,17747
2020,4127359000,경기도,안산시 단원구,선부2동,16498
2020,4127360000,경기도,안산시 단원구,선부3동,35320
2020,4127361000,경기도,안산시 단원구,대부동,8800
2020,4128151000,경기도,고양시 덕양구,주교동,15053
2020,4128152000,경기도,고양시 덕양구,원신동,23720
2020,4128153000,경기도,고양시 덕양구,흥도동,45475
2020,4128154000,경기도,고양시 덕양구,성사1동,21884
2020,4128155000,경기도,고양시 덕양구,성사2동,11522
2020,4128156000,경기도,고양시 덕양구,효자동,11634
2020,4128158000,경기도,고양시 덕양구,창릉동,21154
2020,4128159000,경기도,고양시 덕양구,고양동,30474
2020,4128160000,경기도,고양시 덕양구,관산동,36711
2020,4128161000,경기도,고양시 덕양구,능곡동,15670
2020,4128162100,경기도,고양시 덕양구,화정1동,38097
2020,4128162200,경기도,고양시 덕양구,화정2동,33457
2020,4128163000,경기도,고양시 덕양구,행주동,19114
2020,4128164000,경기도,고양시 덕양구,행신1동,22143
2020,4128165000,경기도,고양시 덕양구,행신2동,32404
2020,4128165500,경기도,고양시 덕양구,행신3동,46041
2020,4128166000,경기도,고양시 덕양구,화전동,26903
2020,4128167000,경기도,고양시 덕양구,대덕동,2474
2020,4128551000,경기도,고양시 일산동구,식사동,35823
2020,4128553000,경기도,고양시 일산동구,정발산동,23699
2020,4128554000,경기도,고양시 일산동구,풍산동,39180
2020,4128555100,경기도,고양시 일산동구,백석1동,30869
2020,4128555200,경기도,고양시 일산동구,백석2동,20920
2020,4128556000,경기도,고양시 일산동구,마두1동,24432
2020,4128557000,경기도,고양시 일산동구,마두2동,16621
2020,4128558000,경기도,고양시 일산동구,장항1동,10848
2020,4128559000,경기도,고양시 일산동구,장항2동,26826
2020,4128560000,경기도,고양시 일산동구,고봉동,23061
2020,4128751000,경기도,고양시 일산서구,일산1동,27718
2020,4128752000,경기도,고양시 일산서구,일산2동,18713
2020,4128753000,경기도,고양시 일산서구,일산3동,36092
2020,4128755000,경기도,고양시 일산서구,주엽1동,28127
2020,4128756000,경기도,고양시 일산서구,주엽2동,29344
2020,4128757000,경기도,고양시 일산서구,대화동,36542
2020,4128758000,경기도,고양시 일산서구,송포동,21848
2020,4129051000,경기도,과천시,중앙동,11109
2020,4129052000,경기도,과천시,갈현동,11020
2020,4129053000,경기도,과천시,별양동,10336
2020,4129054000,경기도,과천시,부림동,13102
2020,4129055000,경기도,과천시,과천동,9733
2020,4129056000,경기도,과천시,문원동,7931
2020,4131051000,경기도,구리시,갈매동,31453
2020,4131052000,경기도,구리시,동구동,38224
2020,4131053000,경기도,구리시,인창동,23541
2020,4131054100,경기도,구리시,교문1동,16392
2020,4131054200,경기도,구리시,교문2동,22359
2020,4131057000,경기도,구리시,수택1동,17998
2020,4131058000,경기도,구리시,수택2동,25609
2020,4131059000,경기도,구리시,수택3동,21878
2020,4136025000,경기도,남양주시,와부읍,62502
2020,4136025300,경기도,남양주시,진접읍,93126
2020,4136025600,경기도,남양주시,화도읍,103885
2020,4136025700,경기도,남양주시,화도읍동부출장소,14636
2020,4136025900,경기도,남양주시,진건읍,24330
2020,4136026200,경기도,남양주시,오남읍,53618
2020,4136026500,경기도,남양주시,퇴계원읍,29764
2020,4136031000,경기도,남양주시,별내면,19766
2020,4136034000,경기도,남양주시,수동면,9076
2020,4136036000,경기도,남양주시,조안면,4195
2020,4136051000,경기도,남양주시,호평동,50880
2020,4136052000,경기도,남양주시,평내동,36643
2020,4136053000,경기도,남양주시,금곡동,18992
2020,4136054000,경기도,남양주시,양정동,4620
2020,4136054500,경기도,남양주시,다산1동,77068
2020,4136056500,경기도,남양주시,다산2동,36282
2020,4136057000,경기도,남양주시,별내동,73938
2020,4137051000,경기도,오산시,중앙동,36118
2020,4137053000,경기도,오산시,남촌동,20124
2020,4137054000,경기도,오산시,신장동,60851
2020,4137055000,경기도,오산시,세마동,31988
2020,4137056000,경기도,오산시,초평동,16209
2020,4137057000,경기도,오산시,대원동,64435
2020,4139051000,경기도,시흥시,대야동,44563
2020,4139052000,경기도,시흥시,신천동,36478
2020,4139053100,경기도,시흥시,신현동,10010
2020,4139054000,경기도,시흥시,은행동,52252
2020,4139055000,경기도,시흥시,매화동,12151
2020,4139057000,경기도,시흥시,목감동,42392
2020,4139058100,경기도,시흥시,군자동,22196
2020,4139058200,경기도,시흥시,월곶동,15995
2020,4139058900,경기도,시흥시,정왕본동,20261
2020,4139059100,경기도,시흥시,정왕1동,22479
2020,4139059200,경기도,시흥시,정왕2동,31931
2020,4139059300,경기도,시흥시,정왕3동,22856
2020,4139059400,경기도,시흥시,정왕4동,21343
2020,4139062100,경기도,시흥시,과림동,1922
2020,4139063000,경기도,시흥시,연성동,23903
2020,4139063100,경기도,시흥시,장곡동,30184
2020,4139064000,경기도,시흥시,능곡동,19192
2020,4141051000,경기도,군포시,군포1동,33793
2020,4141052000,경기도,군포시,군포2동,53722
2020,4141054000,경기도,군포시,산본1동,16117
2020,4141055000,경기도,군포시,산본2동,27346
2020,4141056000,경기도,군포시,금정동,17449
2020,4141057000,경기도,군포시,재궁동,19203
2020,4141058000,경기도,군포시,오금동,22206
2020,4141059000,경기도,군포시,수리동,16844
2020,4141060000,경기도,군포시,궁내동,21117
2020,4141061000,경기도,군포시,대야동,20582
2020,4141062000,경기도,군포시,광정동,25412
2020,4143051000,경기도,의왕시,고천동,14601
2020,4143052000,경기도,의왕시,부곡동,29623
2020,4143053000,경기도,의왕시,오전동,37780
2020,4143054000,경기도,의왕시,내손1동,21252
2020,4143055000,경기도,의왕시,내손2동,23465
2020,4143056000,경기도,의왕시,청계동,37074
2020,4145051000,경기도,하남시,천현동,7815
2020,4145052000,경기도,하남시,신장1동,6698
2020,4145053000,경기도,하남시,신장2동,45552
2020,4145054000,경기도,하남시,덕풍1동,16325
2020,4145055000,경기도,하남시,덕풍2동,19478
2020,4145056000,경기도,하남시,덕풍3동,25719
2020,4145057000,경기도,하남시,풍산동,30280
2020,4145058000,경기도,하남시,감북동,2884
2020,4145058200,경기도,하남시,감일동,14102
2020,4145058500,경기도,하남시,위례동,19210
2020,4145059000,경기도,하남시,춘궁동,4045
2020,4145060000,경기도,하남시,초이동,3735
2020,4145061000,경기도,하남시,미사1동,49415
2020,4145062000,경기도,하남시,미사2동,48194
2020,4146125000,경기도,용인시 처인구,포곡읍,33300
2020,4146125300,경기도,용인시 처인구,모현읍,26202
2020,4146125600,경기도,용인시 처인구,이동읍,20265
2020,4146134000,경기도,용인시 처인구,원삼면,8252
2020,4146135000,경기도,용인시 처인구,백암면,8461
2020,4146136000,경기도,용인시 처인구,양지면,19084
2020,4146151000,경기도,용인시 처인구,중앙동,24635
2020,4146153000,경기도,용인시 처인구,유림동,35949
2020,4146154000,경기도,용인시 처인구,동부동,13128
2020,4146351000,경기도,용인시 기흥구,신갈동,38844
2020,4146351600,경기도,용인시 기흥구,영덕1동,30729
2020,4146351700,경기도,용인시 기흥구,영덕2동,17623
2020,4146352000,경기도,용인시 기흥구,구갈동,42070
2020,4146353000,경기도,용인시 기흥구,상갈동,13432
2020,4146353500,경기도,용인시 기흥구,보라동,33685
2020,4146354000,경기도,용인시 기흥구,기흥동,21332
2020,4146355000,경기도,용인시 기흥구,서농동,25962
2020,4146356000,경기도,용인시 기흥구,구성동,39372
2020,4146357000,경기도,용인시 기흥구,마북동,32392
2020,4146357200,경기도,용인시 기흥구,동백1동,33055
2020,4146357500,경기도,용인시 기흥구,동백2동,27235
2020,4146357700,경기도,용인시 기흥구,동백3동,23521
2020,4146358600,경기도,용인시 기흥구,상하동,24970
2020,4146359000,경기도,용인시 기흥구,보정동,36613
2020,4146551000,경기도,용인시 수지구,풍덕천1동,36762
2020,4146552000,경기도,용인시 수지구,풍덕천2동,41680
2020,4146553000,경기도,용인시 수지구,신봉동,38172
2020,4146554000,경기도,용인시 수지구,죽전1동,56882
2020,4146555000,경기도,용인시 수지구,죽전2동,18533
2020,4146556000,경기도,용인시 수지구,동천동,49521
2020,4146557000,경기도,용인시 수지구,상현1동,48649
2020,4146558000,경기도,용인시 수지구,상현2동,34092
2020,4146559000,경기도,용인시 수지구,성복동,51552
2020,4148025000,경기도,파주시,문산읍,48475
2020,4148025300,경기도,파주시,파주읍,13294
2020,4148025600,경기도,파주시,법원읍,10810
2020,4148026200,경기도,파주시,조리읍,30081
2020,4148031000,경기도,파주시,월롱면,9045
2020,4148032000,경기도,파주시,탄현면,13265
2020,4148035000,경기도,파주시,광탄면,11425
2020,4148036000,경기도,파주시,파평면,3910
2020,4148037000,경기도,파주시,적성면,7567
2020,4148051000,경기도,파주시,금촌1동,22347
2020,4148052000,경기도,파주시,금촌2동,33158
2020,4148053000,경기도,파주시,금촌3동,27290
2020,4148054000,경기도,파주시,교하동,42045
2020,4148055000,경기도,파주시,운정1동,45816
2020,4148056000,경기도,파주시,운정2동,62831
2020,4148057000,경기도,파주시,운정3동,83533
2020,4150025000,경기도,이천시,장호원읍,14699
2020,4150025300,경기도,이천시,부발읍,36065
2020,4150031000,경기도,이천시,신둔면,13723
2020,4150032000,경기도,이천시,백사면,11268
2020,4150033000,경기도,이천시,호법면,5900
2020,4150034000,경기도,이천시,마장면,14265
2020,4150035000,경기도,이천시,대월면,14431
2020,4150036000,경기도,이천시,모가면,4417
2020,4150037000,경기도,이천시,설성면,4752
2020,4150038000,경기도,이천시,율면,2667
2020,4150051000,경기도,이천시,창전동,17257
2020,4150051500,경기도,이천시,증포동,53797
2020,4150052000,경기도,이천시,중리동,14868
2020,4150053000,경기도,이천시,관고동,10279
2020,4155025000,경기도,안성시,공도읍,59273
2020,4155031000,경기도,안성시,보개면,5368
2020,4155032000,경기도,안성시,금광면,7450
2020,4155033000,경기도,안성시,서운면,3383
2020,4155034000,경기도,안성시,미양면,5834
2020,4155035000,경기도,안성시,대덕면,15332
2020,4155036000,경기도,안성시,양성면,5281
2020,4155038000,경기도,안성시,원곡면,6300
2020,4155039000,경기도,안성시,일죽면,7589
2020,4155040000,경기도,안성시,죽산면,6850
2020,4155041000,경기도,안성시,삼죽면,3545
2020,4155042000,경기도,안성시,고삼면,1967
2020,4155051000,경기도,안성시,안성1동,12473
2020,4155052000,경기도,안성시,안성2동,23763
2020,4155053000,경기도,안성시,안성3동,22604
2020,4157025000,경기도,김포시,통진읍,26681
2020,4157025300,경기도,김포시,고촌읍,44389
2020,4157025600,경기도,김포시,양촌읍,28880
2020,4157034000,경기도,김포시,대곶면,9776
2020,4157035000,경기도,김포시,월곶면,5512
2020,4157036000,경기도,김포시,하성면,8201
2020,4157051500,경기도,김포시,김포본동,62080
2020,4157052500,경기도,김포시,장기본동,39397
2020,4157054000,경기도,김포시,사우동,22731
2020,4157055000,경기도,김포시,풍무동,62045
2020,4157056000,경기도,김포시,장기동,41133
2020,4157057000,경기도,김포시,구래동,41839
2020,4157057500,경기도,김포시,마산동,31822
2020,4157058000,경기도,김포시,운양동,49484
2020,4159025300,경기도,화성시,봉담읍,81760
2020,4159025600,경기도,화성시,우정읍,17382
2020,4159025900,경기도,화성시,향남읍,85844
2020,4159026200,경기도,화성시,남양읍,41654
2020,4159031000,경기도,화성시,매송면,7200
2020,4159032000,경기도,화성시,비봉면,5854
2020,4159033000,경기도,화성시,마도면,6890
2020,4159034000,경기도,화성시,송산면,10908
2020,4159035000,경기도,화성시,서신면,7126
2020,4159036000,경기도,화성시,팔탄면,9960
2020,4159037000,경기도,화성시,장안면,10310
2020,4159040000,경기도,화성시,양감면,3973
2020,4159041000,경기도,화성시,정남면,11420
2020,4159051500,경기도,화성시,새솔동,21561
2020,4159052000,경기도,화성시,진안동,43777
2020,4159053000,경기도,화성시,병점1동,28504
2020,4159054000,경기도,화성시,병점2동,24494
2020,4159055000,경기도,화성시,반월동,32533
2020,4159056000,경기도,화성시,기배동,13673
2020,4159057000,경기도,화성시,화산동,23237
2020,4159058500,경기도,화성시,동탄1동,51459
2020,4159058600,경기도,화성시,동탄2동,35949
2020,4159058700,경기도,화성시,동탄3동,42204
2020,4159058800,경기도,화성시,동탄4동,53441
2020,4159059000,경기도,화성시,동탄5동,41088
2020,4159060000,경기도,화성시,동탄6동,31036
2020,4159061000,경기도,화성시,동탄7동,84202
2020,4159062000,경기도,화성시,동탄8동,27809
2020,4161025300,경기도,광주시,초월읍,46155
2020,4161025900,경기도,광주시,곤지암읍,22967
2020,4161033000,경기도,광주시,도척면,9384
2020,4161034000,경기도,광주시,퇴촌면,15086
2020,4161035000,경기도,광주시,남종면,1496
2020,4161037000,경기도,광주시,남한산성면,2613
2020,4161051000,경기도,광주시,경안동,25020
2020,4161052000,경기도,광주시,송정동,22144
2020,4161054000,경기도,광주시,쌍령동,18350
2020,4161055000,경기도,광주시,탄벌동,39093
2020,4161056000,경기도,광주시,광남1동,33606
2020,4161057000,경기도,광주시,광남2동,34060
2020,4163025000,경기도,양주시,백석읍,26431
2020,4163031000,경기도,양주시,은현면,5969
2020,4163032000,경기도,양주시,남면,7004
2020,4163033000,경기도,양주시,광적면,11948
2020,4163034000,경기도,양주시,장흥면,10442
2020,4163051000,경기도,양주시,양주1동,5377
2020,4163052000,경기도,양주시,양주2동,50369
2020,4163053000,경기도,양주시,회천1동,9800
2020,4163054000,경기도,양주시,회천2동,27180
2020,4163055000,경기도,양주시,회천3동,27726
2020,4163056000,경기도,양주시,회천4동,48113
2020,4165025000,경기도,포천시,소흘읍,43812
2020,4165031000,경기도,포천시,군내면,8661
2020,4165032000,경기도,포천시,내촌면,4588
2020,4165033000,경기도,포천시,가산면,7715
2020,4165034000,경기도,포천시,신북면,12507
2020,4165035000,경기도,포천시,창수면,2168
2020,4165036000,경기도,포천시,영중면,4860
2020,4165037000,경기도,포천시,일동면,9403
2020,4165038000,경기도,포천시,이동면,6222
2020,4165039000,경기도,포천시,영북면,8465
2020,4165040000,경기도,포천시,관인면,2803
2020,4165041000,경기도,포천시,화현면,2753
2020,4165051000,경기도,포천시,포천동,18856
2020,4165052000,경기도,포천시,선단동,14461
2020,4167025000,경기도,여주시,가남읍,15607
2020,4167031000,경기도,여주시,점동면,4664
2020,4167032000,경기도,여주시,흥천면,5121
2020,4167033000,경기도,여주시,금사면,2995
2020,4167035000,경기도,여주시,대신면,7075
2020,4167036000,경기도,여주시,북내면,4896
2020,4167037000,경기도,여주시,강천면,4184
2020,4167038000,경기도,여주시,산북면,2544
2020,4167051000,경기도,여주시,여흥동,21881
2020,4167052000,경기도,여주시,중앙동,18541
2020,4167053000,경기도,여주시,오학동,17989
2020,4180025000,경기도,연천군,연천읍,7869
2020,4180025300,경기도,연천군,전곡읍,19358
2020,4180031000,경기도,연천군,군남면,3214
2020,4180032000,경기도,연천군,청산면,3933
2020,4180033000,경기도,연천군,백학면,2652
2020,4180034000,경기도,연천군,미산면,1781
2020,4180035000,경기도,연천군,왕징면,1028
2020,4180036000,경기도,연천군,신서면,2762
2020,4180037000,경기도,연천군,중면,200
2020,4180038000,경기도,연천군,장남면,719
2020,4182025000,경기도,가평군,가평읍,19496
2020,4182031000,경기도,가평군,설악면,9598
2020,4182032500,경기도,가평군,청평면,14021
2020,4182033000,경기도,가평군,상면,5586
2020,4182034500,경기도,가평군,조종면,9785
2020,4182035000,경기도,가평군,북면,3891
2020,4183025000,경기도,양평군,양평읍,30635
2020,4183031000,경기도,양평군,강상면,10450
2020,4183032000,경기도,양평군,강하면,4719
2020,4183033000,경기도,양평군,양서면,13600
2020,4183034000,경기도,양평군,옥천면,7920
2020,4183035000,경기도,양평군,서종면,9671
2020,4183036000,경기도,양평군,단월면,3853
2020,4183037000,경기도,양평군,청운면,3752
2020,4183038000,경기도,양평군,양동면,4608
2020,4183039500,경기도,양평군,지평면,6838
2020,4183040000,경기도,양평군,용문면,17667
2020,4183041000,경기도,양평군,개군면,5097
2020,4211025000,강원도,춘천시,신북읍,7694
2020,4211031000,강원도,춘천시,동면,19670
2020,4211032000,강원도,춘천시,동산면,1478
2020,4211033000,강원도,춘천시,신동면,2575
2020,4211034000,강원도,춘천시,남면,1086
2020,4211035000,강원도,춘천시,서면,3874
2020,4211036000,강원도,춘천시,사북면,2551
2020,4211038000,강원도,춘천시,북산면,959
2020,4211039000,강원도,춘천시,동내면,17313
2020,4211040000,강원도,춘천시,남산면,3506
2020,4211052000,강원도,춘천시,교동,3588
2020,4211053000,강원도,춘천시,조운동,2836
2020,4211054500,강원도,춘천시,약사명동,2242
2020,4211057000,강원도,춘천시,근화동,8838
2020,4211058000,강원도,춘천시,소양동,9711
2020,4211060000,강원도,춘천시,후평1동,11827
2020,4211061000,강원도,춘천시,후평2동,14968
2020,4211061100,강원도,춘천시,후평3동,21208
2020,4211062000,강원도,춘천시,효자1동,4560
2020,4211063000,강원도,춘천시,효자2동,11999
2020,4211064000,강원도,춘천시,효자3동,4493
2020,4211065000,강원도,춘천시,석사동,35412
2020,4211066000,강원도,춘천시,퇴계동,49431
2020,4211067500,강원도,춘천시,강남동,19089
2020,4211070500,강원도,춘천시,신사우동,21857
2020,4213025000,강원도,원주시,문막읍,17735
2020,4213031000,강원도,원주시,소초면,8672
2020,4213032000,강원도,원주시,호저면,3754
2020,4213033000,강원도,원주시,지정면,27927
2020,4213035000,강원도,원주시,부론면,2258
2020,4213036000,강원도,원주시,귀래면,2182
2020,4213037000,강원도,원주시,흥업면,8678
2020,4213038000,강원도,원주시,판부면,7243
2020,4213039000,강원도,원주시,신림면,3599
2020,4213051500,강원도,원주시,중앙동,2762
2020,4213052000,강원도,원주시,원인동,5177
2020,4213053000,강원도,원주시,개운동,12791
2020,4213054100,강원도,원주시,명륜1동,8662
2020,4213054200,강원도,원주시,명륜2동,15635
2020,4213055000,강원도,원주시,단구동,43935
2020,4213056000,강원도,원주시,일산동,8680
2020,4213057500,강원도,원주시,학성동,4851
2020,4213059000,강원도,원주시,단계동,28544
2020,4213060000,강원도,원주시,우산동,13673
2020,4213061000,강원도,원주시,태장1동,10161
2020,4213062000,강원도,원주시,태장2동,24978
2020,4213063500,강원도,원주시,봉산동,8217
2020,4213065000,강원도,원주시,행구동,7596
2020,4213066000,강원도,원주시,무실동,32678
2020,4213067500,강원도,원주시,반곡관설동,43988
2020,4215025000,강원도,강릉시,주문진읍,16208
2020,4215031000,강원도,강릉시,성산면,3436
2020,4215032000,강원도,강릉시,왕산면,1590
2020,4215033000,강원도,강릉시,구정면,4130
2020,4215034000,강원도,강릉시,강동면,4310
2020,4215035000,강원도,강릉시,옥계면,3553
2020,4215036000,강원도,강릉시,사천면,4547
2020,4215037000,강원도,강릉시,연곡면,6596
2020,4215051000,강원도,강릉시,홍제동,15424
2020,4215052000,강원도,강릉시,중앙동,5022
2020,4215054000,강원도,강릉시,옥천동,3395
2020,4215055000,강원도,강릉시,교1동,26171
2020,4215056000,강원도,강릉시,교2동,7911
2020,4215057100,강원도,강릉시,포남1동,10527
2020,4215057200,강원도,강릉시,포남2동,13058
2020,4215058000,강원도,강릉시,초당동,4860
2020,4215059000,강원도,강릉시,송정동,10082
2020,4215060000,강원도,강릉시,내곡동,16700
2020,4215061500,강원도,강릉시,강남동,18134
2020,4215064500,강원도,강릉시,성덕동,28746
2020,4215066500,강원도,강릉시,경포동,8921
2020,4217051000,강원도,동해시,천곡동,30930
2020,4217052000,강원도,동해시,송정동,4071
2020,4217053000,강원도,동해시,북삼동,19257
2020,4217054000,강원도,동해시,부곡동,5184
2020,4217055000,강원도,동해시,동호동,5191
2020,4217057000,강원도,동해시,발한동,3568
2020,4217059000,강원도,동해시,묵호동,3184
2020,4217060000,강원도,동해시,북평동,12654
2020,4217063000,강원도,동해시,망상동,3619
2020,4217065000,강원도,동해시,삼화동,2935
2020,4219051500,강원도,태백시,황지동,6452
2020,4219052500,강원도,태백시,황연동,4474
2020,4219053500,강원도,태백시,삼수동,6045
2020,4219054000,강원도,태백시,상장동,13609
2020,4219058500,강원도,태백시,문곡소도동,3905
2020,4219059500,강원도,태백시,장성동,3512
2020,4219060500,강원도,태백시,구문소동,2604
2020,4219061500,강원도,태백시,철암동,2118
2020,4221051000,강원도,속초시,영랑동,4522
2020,4221052000,강원도,속초시,동명동,3771
2020,4221054000,강원도,속초시,금호동,6246
2020,4221056000,강원도,속초시,교동,9743
2020,4221057000,강원도,속초시,노학동,21208
2020,4221058000,강원도,속초시,조양동,29540
2020,4221059000,강원도,속초시,청호동,4514
2020,4221060000,강원도,속초시,대포동,3121
2020,4223025000,강원도,삼척시,도계읍,10044
2020,4223025300,강원도,삼척시,원덕읍,3333
2020,4223025400,강원도,삼척시,원덕읍임원출장소,1747
2020,4223031000,강원도,삼척시,근덕면,5209
2020,4223032000,강원도,삼척시,하장면,1338
2020,4223033000,강원도,삼척시,노곡면,725
2020,4223034000,강원도,삼척시,미로면,1862
2020,4223035000,강원도,삼척시,가곡면,702
2020,4223036000,강원도,삼척시,신기면,673
2020,4223051000,강원도,삼척시,남양동,7719
2020,4223053000,강원도,삼척시,교동,14644
2020,4223054000,강원도,삼척시,정라동,9092
2020,4223057000,강원도,삼척시,성내동,8155
2020,4272025000,강원도,홍천군,홍천읍,34932
2020,4272031000,강원도,홍천군,화촌면,4656
2020,4272032000,강원도,홍천군,두촌면,2420
2020,4272033000,강원도,홍천군,내촌면,2392
2020,4272034000,강원도,홍천군,서석면,3753
2020,4272036000,강원도,홍천군,남면,6184
2020,4272037000,강원도,홍천군,서면,3829
2020,4272038000,강원도,홍천군,북방면,3887
2020,4272039000,강원도,홍천군,내면,3217
2020,4273025000,강원도,횡성군,횡성읍,20755
2020,4273031000,강원도,횡성군,우천면,4517
2020,4273032000,강원도,횡성군,안흥면,3077
2020,4273033000,강원도,횡성군,둔내면,5889
2020,4273034000,강원도,횡성군,갑천면,2408
2020,4273035000,강원도,횡성군,청일면,2429
2020,4273036000,강원도,횡성군,공근면,3509
2020,4273037000,강원도,횡성군,서원면,2140
2020,4273038000,강원도,횡성군,강림면,1748
2020,4275025000,강원도,영월군,영월읍,21098
2020,4275025300,강원도,영월군,상동읍,1094
2020,4275032500,강원도,영월군,김삿갓면,1736
2020,4275033000,강원도,영월군,북면,2181
2020,4275034000,강원도,영월군,남면,2261
2020,4275035500,강원도,영월군,한반도면,1256
2020,4275035900,강원도,영월군,한반도면쌍용출장소,1754
2020,4275036000,강원도,영월군,주천면,3784
2020,4275038000,강원도,영월군,무릉도원면,2026
2020,4276025000,강원도,평창군,평창읍,8572
2020,4276031000,강원도,평창군,미탄면,1661
2020,4276032000,강원도,평창군,방림면,866
2020,4276032500,강원도,평창군,방림면계촌출장소,1662
2020,4276033000,강원도,평창군,대화면,5316
2020,4276034000,강원도,평창군,봉평면,5731
2020,4276035000,강원도,평창군,용평면,3098
2020,4276036000,강원도,평창군,진부면,8772
2020,4276038000,강원도,평창군,대관령면,6003
2020,4277025000,강원도,정선군,정선읍,10735
2020,4277025300,강원도,정선군,고한읍,4724
2020,4277025600,강원도,정선군,사북읍,4822
2020,4277025900,강원도,정선군,신동읍,1859
2020,4277026000,강원도,정선군,신동읍함백출장소,1673
2020,4277032000,강원도,정선군,남면,3282
2020,4277034000,강원도,정선군,북평면,2540
2020,4277035000,강원도,정선군,임계면,3530
2020,4277036000,강원도,정선군,화암면,1676
2020,4277037000,강원도,정선군,여량면,2029
2020,4278025000,강원도,철원군,철원읍,5414
2020,4278025300,강원도,철원군,김화읍,3571
2020,4278025600,강원도,철원군,갈말읍,12054
2020,4278025900,강원도,철원군,동송읍,15483
2020,4278031000,강원도,철원군,서면,2001
2020,4278031500,강원도,철원군,서면와수출장소,3796
2020,4278032000,강원도,철원군,근남면,2271
2020,4278033000,강원도,철원군,근북면,109
2020,4279025000,강원도,화천군,화천읍,8427
2020,4279031000,강원도,화천군,간동면,2712
2020,4279032000,강원도,화천군,하남면,2901
2020,4279033000,강원도,화천군,상서면,4314
2020,4279034000,강원도,화천군,사내면,6503
2020,4280025000,강원도,양구군,양구읍,14214
2020,4280032000,강원도,양구군,동면,2024
2020,4280033000,강원도,양구군,방산면,1346
2020,4280034000,강원도,양구군,해안면,1313
2020,4281025000,강원도,인제군,인제읍,9840
2020,4281025100,강원도,인제군,인제읍귀둔출장소,515
2020,4281031000,강원도,인제군,남면,3956
2020,4281032000,강원도,인제군,북면,8223
2020,4281033000,강원도,인제군,기린면,5051
2020,4281034000,강원도,인제군,서화면,2576
2020,4281035000,강원도,인제군,상남면,1533
2020,4282025000,강원도,고성군,간성읍,6981
2020,4282025300,강원도,고성군,거진읍,6251
2020,4282031000,강원도,고성군,현내면,2407
2020,4282032000,강원도,고성군,죽왕면,3777
2020,4282033000,강원도,고성군,토성면,7341
2020,4283025000,강원도,양양군,양양읍,12549
2020,4283031000,강원도,양양군,서면,2877
2020,4283032000,강원도,양양군,손양면,2336
2020,4283033000,강원도,양양군,현북면,2561
2020,4283034000,강원도,양양군,현남면,3054
2020,4283035000,강원도,양양군,강현면,4569
2020,4311131000,충청북도,청주시 상당구,낭성면,2260
2020,4311132000,충청북도,청주시 상당구,미원면,5030
2020,4311133000,충청북도,청주시 상당구,가덕면,3951
2020,4311134000,충청북도,청주시 상당구,남일면,6870
2020,4311135000,충청북도,청주시 상당구,문의면,4020
2020,4311152500,충청북도,청주시 상당구,중앙동,6029
2020,4311154500,충청북도,청주시 상당구,성안동,6911
2020,4311162000,충청북도,청주시 상당구,탑대성동,8866
2020,4311167000,충청북도,청주시 상당구,영운동,10761
2020,4311168000,충청북도,청주시 상당구,금천동,30156
2020,4311169000,충청북도,청주시 상당구,용담명암산성동,13550
2020,4311172000,충청북도,청주시 상당구,용암1동,54190
2020,4311173000,충청북도,청주시 상당구,용암2동,37440
2020,4311231000,충청북도,청주시 서원구,남이면,10118
2020,4311232000,충청북도,청주시 서원구,현도면,3350
2020,4311251000,충청북도,청주시 서원구,사직1동,7735
2020,4311252000,충청북도,청주시 서원구,사직2동,14367
2020,4311253000,충청북도,청주시 서원구,사창동,14863
2020,4311254000,충청북도,청주시 서원구,모충동,14698
2020,4311255000,충청북도,청주시 서원구,산남동,26782
2020,4311256000,충청북도,청주시 서원구,분평동,30829
2020,4311257000,충청북도,청주시 서원구,수곡1동,13639
2020,4311258000,충청북도,청주시 서원구,수곡2동,13551
2020,4311259000,충청북도,청주시 서원구,성화개신죽림동,44788
2020,4311325000,충청북도,청주시 흥덕구,오송읍,23602
2020,4311331000,충청북도,청주시 흥덕구,강내면,10859
2020,4311332000,충청북도,청주시 흥덕구,옥산면,18018
2020,4311370000,충청북도,청주시 흥덕구,운천신봉동,17187
2020,4311374100,충청북도,청주시 흥덕구,복대1동,51429
2020,4311374200,충청북도,청주시 흥덕구,복대2동,16183
2020,4311374700,충청북도,청주시 흥덕구,가경동,52634
2020,4311375100,충청북도,청주시 흥덕구,봉명1동,9828
2020,4311375600,충청북도,청주시 흥덕구,봉명2송정동,24344
2020,4311376000,충청북도,청주시 흥덕구,강서1동,28414
2020,4311377000,충청북도,청주시 흥덕구,강서2동,13368
2020,4311425000,충청북도,청주시 청원구,내수읍,19527
2020,4311425300,충청북도,청주시 청원구,오창읍,70066
2020,4311431000,충청북도,청주시 청원구,북이면,4644
2020,4311451000,충청북도,청주시 청원구,우암동,12345
2020,4311452000,충청북도,청주시 청원구,내덕1동,8604
2020,4311453000,충청북도,청주시 청원구,내덕2동,13035
2020,4311454000,충청북도,청주시 청원구,율량사천동,47747
2020,4311455000,충청북도,청주시 청원구,오근장동,18405
2020,4313025000,충청북도,충주시,주덕읍,4864
2020,4313031000,충청북도,충주시,살미면,2039
2020,4313032500,충청북도,충주시,수안보면,2988
2020,4313033500,충청북도,충주시,대소원면,8734
2020,4313035000,충청북도,충주시,신니면,3010
2020,4313036000,충청북도,충주시,노은면,2317
2020,4313037000,충청북도,충주시,앙성면,3944
2020,4313038500,충청북도,충주시,중앙탑면,13226
2020,4313039000,충청북도,충주시,금가면,3782
2020,4313040000,충청북도,충주시,동량면,3706
2020,4313041000,충청북도,충주시,산척면,2297
2020,4313042000,충청북도,충주시,엄정면,3256
2020,4313043000,충청북도,충주시,소태면,1953
2020,4313051500,충청북도,충주시,성내.충인동,2706
2020,4313053500,충청북도,충주시,교현.안림동,23628
2020,4313054000,충청북도,충주시,교현2동,7070
2020,4313055000,충청북도,충주시,용산동,15528
2020,4313056000,충청북도,충주시,지현동,5259
2020,4313057100,충청북도,충주시,문화동,9606
2020,4313058000,충청북도,충주시,호암.직동,18282
2020,4313060500,충청북도,충주시,달천동,3666
2020,4313061000,충청북도,충주시,봉방동,9422
2020,4313062500,충청북도,충주시,칠금.금릉동,14554
2020,4313063000,충청북도,충주시,연수동,37667
2020,4313064000,충청북도,충주시,목행.용탄동,6682
2020,4315025000,충청북도,제천시,봉양읍,6772
2020,4315031000,충청북도,제천시,금성면,1936
2020,4315032000,충청북도,제천시,청풍면,1283
2020,4315033000,충청북도,제천시,수산면,2044
2020,4315034000,충청북도,제천시,덕산면,2194
2020,4315035000,충청북도,제천시,한수면,708
2020,4315036000,충청북도,제천시,백운면,3263
2020,4315038000,충청북도,제천시,송학면,4633
2020,4315051000,충청북도,제천시,교동,18898
2020,4315051800,충청북도,제천시,의림지동,9931
2020,4315052800,충청북도,제천시,중앙동,5874
2020,4315053700,충청북도,제천시,남현동,4920
2020,4315054700,충청북도,제천시,영서동,10284
2020,4315056000,충청북도,제천시,용두동,17990
2020,4315057700,충청북도,제천시,신백동,11188
2020,4315059000,충청북도,제천시,청전동,15739
2020,4315060500,충청북도,제천시,화산동,15361
2020,4372025000,충청북도,보은군,보은읍,14938
2020,4372031500,충청북도,보은군,속리산면,1907
2020,4372032500,충청북도,보은군,장안면,1467
2020,4372033000,충청북도,보은군,마로면,2193
2020,4372034000,충청북도,보은군,탄부면,1667
2020,4372035000,충청북도,보은군,삼승면,2295
2020,4372036000,충청북도,보은군,수한면,1932
2020,4372037000,충청북도,보은군,회남면,761
2020,4372038500,충청북도,보은군,회인면,1763
2020,4372039000,충청북도,보은군,내북면,1704
2020,4372040000,충청북도,보은군,산외면,1785
2020,4373025000,충청북도,옥천군,옥천읍,28977
2020,4373031000,충청북도,옥천군,동이면,3220
2020,4373032000,충청북도,옥천군,안남면,1418
2020,4373033000,충청북도,옥천군,안내면,1941
2020,4373034000,충청북도,옥천군,청성면,2347
2020,4373035000,충청북도,옥천군,청산면,3036
2020,4373036000,충청북도,옥천군,이원면,4253
2020,4373037000,충청북도,옥천군,군서면,2290
2020,4373038000,충청북도,옥천군,군북면,3045
2020,4374025000,충청북도,영동군,영동읍,20911
2020,4374031000,충청북도,영동군,용산면,3298
2020,4374032000,충청북도,영동군,황간면,4376
2020,4374033500,충청북도,영동군,추풍령면,2300
2020,4374034000,충청북도,영동군,매곡면,1943
2020,4374035000,충청북도,영동군,상촌면,2388
2020,4374036000,충청북도,영동군,양강면,3249
2020,4374037000,충청북도,영동군,용화면,1014
2020,4374038000,충청북도,영동군,학산면,2852
2020,4374039000,충청북도,영동군,양산면,1872
2020,4374040000,충청북도,영동군,심천면,3272
2020,4374525000,충청북도,증평군,증평읍,34917
2020,4374531000,충청북도,증평군,도안면,1890
2020,4375025000,충청북도,진천군,진천읍,30013
2020,4375025300,충청북도,진천군,덕산읍,28280
2020,4375032000,충청북도,진천군,초평면,3218
2020,4375033000,충청북도,진천군,문백면,3524
2020,4375034000,충청북도,진천군,백곡면,2082
2020,4375035000,충청북도,진천군,이월면,6067
2020,4375037000,충청북도,진천군,광혜원면,10534
2020,4376025000,충청북도,괴산군,괴산읍,10506
2020,4376031000,충청북도,괴산군,감물면,2190
2020,4376032000,충청북도,괴산군,장연면,2000
2020,4376033000,충청북도,괴산군,연풍면,2419
2020,4376034000,충청북도,괴산군,칠성면,3231
2020,4376035000,충청북도,괴산군,문광면,2231
2020,4376036000,충청북도,괴산군,청천면,5226
2020,4376037000,충청북도,괴산군,청안면,3631
2020,4376039000,충청북도,괴산군,사리면,2917
2020,4376040000,충청북도,괴산군,소수면,2103
2020,4376041000,충청북도,괴산군,불정면,2939
2020,4377025000,충청북도,음성군,음성읍,16951
2020,4377025300,충청북도,음성군,금왕읍,19922
2020,4377031000,충청북도,음성군,소이면,2906
2020,4377032000,충청북도,음성군,원남면,3062
2020,4377033000,충청북도,음성군,맹동면,13094
2020,4377034000,충청북도,음성군,대소면,15714
2020,4377035000,충청북도,음성군,삼성면,6933
2020,4377036000,충청북도,음성군,생극면,4526
2020,4377037000,충청북도,음성군,감곡면,10045
2020,4380025000,충청북도,단양군,단양읍,10615
2020,4380025300,충청북도,단양군,매포읍,5419
2020,4380031000,충청북도,단양군,대강면,2499
2020,4380032000,충청북도,단양군,가곡면,2102
2020,4380033000,충청북도,단양군,영춘면,3299
2020,4380034000,충청북도,단양군,어상천면,1932
2020,4380035000,충청북도,단양군,적성면,1534
2020,4380036000,충청북도,단양군,단성면,1755
2020,4413125000,충청남도,천안시 동남구,목천읍,24260
2020,4413131000,충청남도,천안시 동남구,풍세면,4123
2020,4413132000,충청남도,천안시 동남구,광덕면,4323
2020,4413133000,충청남도,천안시 동남구,북면,4357
2020,4413134000,충청남도,천안시 동남구,성남면,3247
2020,4413135000,충청남도,천안시 동남구,수신면,2324
2020,4413136000,충청남도,천안시 동남구,병천면,6082
2020,4413137000,충청남도,천안시 동남구,동면,2119
2020,4413151000,충청남도,천안시 동남구,중앙동,5477
2020,4413152000,충청남도,천안시 동남구,문성동,3587
2020,4413153000,충청남도,천안시 동남구,원성1동,8816
2020,4413154000,충청남도,천안시 동남구,원성2동,9463
2020,4413155000,충청남도,천안시 동남구,봉명동,18175
2020,4413156000,충청남도,천안시 동남구,일봉동,23932
2020,4413157000,충청남도,천안시 동남구,신방동,45197
2020,4413158000,충청남도,천안시 동남구,청룡동,55933
2020,4413159000,충청남도,천안시 동남구,신안동,36594
2020,4413325000,충청남도,천안시 서북구,성환읍,24358
2020,4413325300,충청남도,천안시 서북구,성거읍,21892
2020,4413325600,충청남도,천안시 서북구,직산읍,19716
2020,4413331000,충청남도,천안시 서북구,입장면,8551
2020,4413351000,충청남도,천안시 서북구,성정1동,16096
2020,4413352000,충청남도,천안시 서북구,성정2동,25600
2020,4413353000,충청남도,천안시 서북구,쌍용1동,14048
2020,4413354000,충청남도,천안시 서북구,쌍용2동,37998
2020,4413355000,충청남도,천안시 서북구,쌍용3동,19045
2020,4413356000,충청남도,천안시 서북구,백석동,40784
2020,4413358000,충청남도,천안시 서북구,부성1동,45933
2020,4413359000,충청남도,천안시 서북구,부성2동,56929
2020,4415025000,충청남도,공주시,유구읍,7461
2020,4415031000,충청남도,공주시,이인면,3290
2020,4415032000,충청남도,공주시,탄천면,2971
2020,4415033000,충청남도,공주시,계룡면,5551
2020,4415034000,충청남도,공주시,반포면,4222
2020,4415036000,충청남도,공주시,의당면,4676
2020,4415037000,충청남도,공주시,정안면,4691
2020,4415038000,충청남도,공주시,우성면,5258
2020,4415039000,충청남도,공주시,사곡면,2957
2020,4415040000,충청남도,공주시,신풍면,3241
2020,4415051000,충청남도,공주시,중학동,4640
2020,4415054000,충청남도,공주시,웅진동,8302
2020,4415055000,충청남도,공주시,금학동,5428
2020,4415056000,충청남도,공주시,옥룡동,7993
2020,4415057000,충청남도,공주시,신관동,19383
2020,4415059000,충청남도,공주시,월송동,14481
2020,4418025000,충청남도,보령시,웅천읍,6229
2020,4418031000,충청남도,보령시,주포면,1663
2020,4418032000,충청남도,보령시,오천면,2179
2020,4418032500,충청남도,보령시,오천면어항출장소,1628
2020,4418032800,충청남도,보령시,원산도출장소,1126
2020,4418033000,충청남도,보령시,천북면,3554
2020,4418034000,충청남도,보령시,청소면,2640
2020,4418035000,충청남도,보령시,청라면,3937
2020,4418036000,충청남도,보령시,남포면,5140
2020,4418038000,충청남도,보령시,주산면,2453
2020,4418039000,충청남도,보령시,미산면,1729
2020,4418040000,충청남도,보령시,성주면,2298
2020,4418041000,충청남도,보령시,주교면,5332
2020,4418051500,충청남도,보령시,대천1동,14454
2020,4418052500,충청남도,보령시,대천2동,6931
2020,4418053500,충청남도,보령시,대천3동,16679
2020,4418054500,충청남도,보령시,대천4동,15763
2020,4418056500,충청남도,보령시,대천5동,6494
2020,4420025000,충청남도,아산시,염치읍,6531
2020,4420025300,충청남도,아산시,배방읍,75617
2020,4420031000,충청남도,아산시,송악면,4254
2020,4420033000,충청남도,아산시,탕정면,21675
2020,4420035000,충청남도,아산시,음봉면,19932
2020,4420036000,충청남도,아산시,둔포면,21724
2020,4420037000,충청남도,아산시,영인면,5524
2020,4420038000,충청남도,아산시,인주면,6553
2020,4420039000,충청남도,아산시,선장면,3133
2020,4420040000,충청남도,아산시,도고면,4464
2020,4420041000,충청남도,아산시,신창면,19945
2020,4420057000,충청남도,아산시,온양1동,9468
2020,4420058000,충청남도,아산시,온양2동,10785
2020,4420059000,충청남도,아산시,온양3동,36876
2020,4420060000,충청남도,아산시,온양4동,18873
2020,4420061000,충청남도,아산시,온양5동,21656
2020,4420062000,충청남도,아산시,온양6동,29119
2020,4421025000,충청남도,서산시,대산읍,13903
2020,4421031000,충청남도,서산시,인지면,7450
2020,4421032000,충청남도,서산시,부석면,5356
2020,4421033000,충청남도,서산시,팔봉면,3373
2020,4421034000,충청남도,서산시,지곡면,8152
2020,4421036000,충청남도,서산시,성연면,15451
2020,4421037000,충청남도,서산시,음암면,9463
2020,4421038000,충청남도,서산시,운산면,5133
2020,4421039000,충청남도,서산시,해미면,7418
2020,4421040000,충청남도,서산시,고북면,6367
2020,4421051000,충청남도,서산시,부춘동,19545
2020,4421052500,충청남도,서산시,동문1동,19034
2020,4421053500,충청남도,서산시,동문2동,8998
2020,4421054000,충청남도,서산시,수석동,16337
2020,4421055000,충청남도,서산시,석남동,29611
2020,4423025000,충청남도,논산시,강경읍,8375
2020,4423025300,충청남도,논산시,연무읍,13732
2020,4423031000,충청남도,논산시,성동면,4173
2020,4423032000,충청남도,논산시,광석면,4243
2020,4423033000,충청남도,논산시,노성면,3020
2020,4423034000,충청남도,논산시,상월면,3622
2020,4423035000,충청남도,논산시,부적면,3576
2020,4423036000,충청남도,논산시,연산면,6137
2020,4423038000,충청남도,논산시,벌곡면,2477
2020,4423039000,충청남도,논산시,양촌면,6217
2020,4423040000,충청남도,논산시,가야곡면,3439
2020,4423041000,충청남도,논산시,은진면,3978
2020,4423042000,충청남도,논산시,채운면,2274
2020,4423051000,충청남도,논산시,취암동,35004
2020,4423052000,충청남도,논산시,부창동,16408
2020,4425031000,충청남도,계룡시,두마면,7076
2020,4425031500,충청남도,계룡시,엄사면,18498
2020,4425033000,충청남도,계룡시,신도안면,8630
2020,4425051000,충청남도,계룡시,금암동,8618
2020,4427025000,충청남도,당진시,합덕읍,9099
2020,4427025300,충청남도,당진시,송악읍,30259
2020,4427031000,충청남도,당진시,고대면,5498
2020,4427032000,충청남도,당진시,석문면,9701
2020,4427033000,충청남도,당진시,대호지면,2434
2020,4427034000,충청남도,당진시,정미면,3679
2020,4427035000,충청남도,당진시,면천면,3584
2020,4427036000,충청남도,당진시,순성면,5122
2020,4427037000,충청남도,당진시,우강면,5177
2020,4427038000,충청남도,당진시,신평면,15814
2020,4427039000,충청남도,당진시,송산면,11914
2020,4427051000,충청남도,당진시,당진1동,24406
2020,4427052000,충청남도,당진시,당진2동,21178
2020,4427053000,충청남도,당진시,당진3동,18384
2020,4471025000,충청남도,금산군,금산읍,22858
2020,4471031000,충청남도,금산군,금성면,3320
2020,4471032000,충청남도,금산군,제원면,2841
2020,4471033000,충청남도,금산군,부리면,2462
2020,4471034000,충청남도,금산군,군북면,2527
2020,4471035000,충청남도,금산군,남일면,2871
2020,4471036000,충청남도,금산군,남이면,2154
2020,4471037000,충청남도,금산군,진산면,3213
2020,4471038000,충청남도,금산군,복수면,3072
2020,4471039000,충청남도,금산군,추부면,6095
2020,4476025000,충청남도,부여군,부여읍,20330
2020,4476031000,충청남도,부여군,규암면,12027
2020,4476032000,충청남도,부여군,은산면,3780
2020,4476033000,충청남도,부여군,외산면,2382
2020,4476034000,충청남도,부여군,내산면,1555
2020,4476035000,충청남도,부여군,구룡면,2378
2020,4476036000,충청남도,부여군,홍산면,2901
2020,4476037000,충청남도,부여군,옥산면,1427
2020,4476038000,충청남도,부여군,남면,1853
2020,4476039000,충청남도,부여군,충화면,1138
2020,4476040000,충청남도,부여군,양화면,1688
2020,4476041000,충청남도,부여군,임천면,2899
2020,4476042000,충청남도,부여군,장암면,2763
2020,4476043000,충청남도,부여군,세도면,3174
2020,4476044000,충청남도,부여군,석성면,2923
2020,4476045000,충청남도,부여군,초촌면,2136
2020,4477025000,충청남도,서천군,장항읍,11126
2020,4477025300,충청남도,서천군,서천읍,13744
2020,4477031000,충청남도,서천군,마서면,4939
2020,4477032000,충청남도,서천군,화양면,2264
2020,4477033000,충청남도,서천군,기산면,1674
2020,4477034000,충청남도,서천군,한산면,2540
2020,4477035000,충청남도,서천군,마산면,1494
2020,4477036000,충청남도,서천군,시초면,1286
2020,4477037000,충청남도,서천군,문산면,1262
2020,4477038000,충청남도,서천군,판교면,2135
2020,4477039000,충청남도,서천군,종천면,2049
2020,4477040000,충청남도,서천군,비인면,2950
2020,4477041000,충청남도,서천군,서면,4403
2020,4479025000,충청남도,청양군,청양읍,10023
2020,4479031000,충청남도,청양군,운곡면,2162
2020,4479032000,충청남도,청양군,대치면,2276
2020,4479033000,충청남도,청양군,정산면,3598
2020,4479034000,충청남도,청양군,목면,1532
2020,4479035000,충청남도,청양군,청남면,1927
2020,4479036000,충청남도,청양군,장평면,2335
2020,4479037000,충청남도,청양군,남양면,2767
2020,4479038000,충청남도,청양군,화성면,2200
2020,4479039000,충청남도,청양군,비봉면,2128
2020,4480025000,충청남도,홍성군,홍성읍,38232
2020,4480025300,충청남도,홍성군,광천읍,8520
2020,4480025600,충청남도,홍성군,홍북읍,28834
2020,4480032000,충청남도,홍성군,금마면,3500
2020,4480033000,충청남도,홍성군,홍동면,3432
2020,4480034000,충청남도,홍성군,장곡면,2919
2020,4480035000,충청남도,홍성군,은하면,2311
2020,4480036000,충청남도,홍성군,결성면,2103
2020,4480037000,충청남도,홍성군,서부면,3252
2020,4480038000,충청남도,홍성군,갈산면,3533
2020,4480039000,충청남도,홍성군,구항면,3466
2020,4481025000,충청남도,예산군,예산읍,33401
2020,4481025300,충청남도,예산군,삽교읍,9955
2020,4481031000,충청남도,예산군,대술면,2470
2020,4481032000,충청남도,예산군,신양면,3057
2020,4481033000,충청남도,예산군,광시면,3184
2020,4481034000,충청남도,예산군,대흥면,1769
2020,4481035000,충청남도,예산군,응봉면,2537
2020,4481036000,충청남도,예산군,덕산면,6677
2020,4481037000,충청남도,예산군,봉산면,2502
2020,4481038000,충청남도,예산군,고덕면,4545
2020,4481039000,충청남도,예산군,신암면,3533
2020,4481040000,충청남도,예산군,오가면,4454
2020,4482525000,충청남도,태안군,태안읍,29525
2020,4482525300,충청남도,태안군,안면읍,8601
2020,4482531000,충청남도,태안군,고남면,2386
2020,4482532000,충청남도,태안군,남면,4312
2020,4482533000,충청남도,태안군,근흥면,5358
2020,4482534000,충청남도,태안군,소원면,5340
2020,4482535000,충청남도,태안군,원북면,4411
2020,4482536000,충청남도,태안군,이원면,2281
2020,4511151000,전라북도,전주시 완산구,중앙동,7597
2020,4511153000,전라북도,전주시 완산구,풍남동,4243
2020,4511160500,전라북도,전주시 완산구,노송동,12535
2020,4511163500,전라북도,전주시 완산구,완산동,4914
2020,4511165000,전라북도,전주시 완산구,동서학동,6446
2020,4511166000,전라북도,전주시 완산구,서서학동,8765
2020,4511167100,전라북도,전주시 완산구,중화산1동,14675
2020,4511167200,전라북도,전주시 완산구,중화산2동,19608
2020,4511168000,전라북도,전주시 완산구,서신동,41431
2020,4511169100,전라북도,전주시 완산구,평화1동,12903
2020,4511169200,전라북도,전주시 완산구,평화2동,46396
2020,4511170100,전라북도,전주시 완산구,삼천1동,11783
2020,4511170200,전라북도,전주시 완산구,삼천2동,13529
2020,4511170300,전라북도,전주시 완산구,삼천3동,22337
2020,4511171100,전라북도,전주시 완산구,효자1동,11089
2020,4511171200,전라북도,전주시 완산구,효자2동,10295
2020,4511171300,전라북도,전주시 완산구,효자3동,14850
2020,4511171400,전라북도,전주시 완산구,효자4동,39796
2020,4511173000,전라북도,전주시 완산구,효자5동,36526
2020,4511352500,전라북도,전주시 덕진구,진북동,14373
2020,4511354000,전라북도,전주시 덕진구,인후1동,18551
2020,4511355000,전라북도,전주시 덕진구,인후2동,11459
2020,4511356000,전라북도,전주시 덕진구,인후3동,32411
2020,4511357000,전라북도,전주시 덕진구,덕진동,20230
2020,4511358000,전라북도,전주시 덕진구,금암1동,7654
2020,4511359000,전라북도,전주시 덕진구,금암2동,9982
2020,4511360000,전라북도,전주시 덕진구,팔복동,7691
2020,4511361100,전라북도,전주시 덕진구,우아1동,9743
2020,4511361200,전라북도,전주시 덕진구,우아2동,14573
2020,4511362000,전라북도,전주시 덕진구,호성동,20644
2020,4511364100,전라북도,전주시 덕진구,송천1동,60980
2020,4511364200,전라북도,전주시 덕진구,송천2동,26746
2020,4511365000,전라북도,전주시 덕진구,조촌동,12524
2020,4511366500,전라북도,전주시 덕진구,여의동,30597
2020,4511367000,전라북도,전주시 덕진구,혁신동,19556
2020,4513025000,전라북도,군산시,옥구읍,3184
2020,4513031000,전라북도,군산시,옥산면,4720
2020,4513032000,전라북도,군산시,회현면,3454
2020,4513033000,전라북도,군산시,임피면,2677
2020,4513034000,전라북도,군산시,서수면,2589
2020,4513035000,전라북도,군산시,대야면,5043
2020,4513036000,전라북도,군산시,개정면,3021
2020,4513037000,전라북도,군산시,성산면,2903
2020,4513038000,전라북도,군산시,나포면,2224
2020,4513039000,전라북도,군산시,옥도면,3394
2020,4513040000,전라북도,군산시,옥서면,3039
2020,4513051500,전라북도,군산시,해신동,2406
2020,4513053000,전라북도,군산시,월명동,5547
2020,4513055000,전라북도,군산시,신풍동,7186
2020,4513056000,전라북도,군산시,삼학동,5705
2020,4513060500,전라북도,군산시,중앙동,4466
2020,4513064000,전라북도,군산시,흥남동,12805
2020,4513065000,전라북도,군산시,조촌동,22238
2020,4513066000,전라북도,군산시,경암동,7511
2020,4513067000,전라북도,군산시,구암동,7753
2020,4513068000,전라북도,군산시,개정동,2878
2020,4513069000,전라북도,군산시,수송동,55353
2020,4513070100,전라북도,군산시,나운1동,12699
2020,4513070200,전라북도,군산시,나운2동,23838
2020,4513070300,전라북도,군산시,나운3동,32345
2020,4513071000,전라북도,군산시,소룡동,16755
2020,4513072000,전라북도,군산시,미성동,12126
2020,4514025000,전라북도,익산시,함열읍,6960
2020,4514031000,전라북도,익산시,오산면,7892
2020,4514032000,전라북도,익산시,황등면,7186
2020,4514033000,전라북도,익산시,함라면,2324
2020,4514034000,전라북도,익산시,웅포면,1576
2020,4514035000,전라북도,익산시,성당면,1940
2020,4514036000,전라북도,익산시,용안면,2671
2020,4514037000,전라북도,익산시,낭산면,3109
2020,4514038000,전라북도,익산시,망성면,3007
2020,4514039000,전라북도,익산시,여산면,3357
2020,4514040000,전라북도,익산시,금마면,5295
2020,4514041000,전라북도,익산시,왕궁면,4409
2020,4514042000,전라북도,익산시,춘포면,4597
2020,4514043000,전라북도,익산시,삼기면,2612
2020,4514044000,전라북도,익산시,용동면,1578
2020,4514052000,전라북도,익산시,중앙동,3468
2020,4514053000,전라북도,익산시,평화동,4867
2020,4514056000,전라북도,익산시,인화동,7093
2020,4514057000,전라북도,익산시,동산동,22766
2020,4514058000,전라북도,익산시,마동,9488
2020,4514059500,전라북도,익산시,남중동,11687
2020,4514061000,전라북도,익산시,모현동,38469
2020,4514062000,전라북도,익산시,송학동,8559
2020,4514064600,전라북도,익산시,영등1동,23388
2020,4514064700,전라북도,익산시,영등2동,14463
2020,4514065200,전라북도,익산시,어양동,25428
2020,4514065600,전라북도,익산시,신동,15622
2020,4514067000,전라북도,익산시,팔봉동,6719
2020,4514069000,전라북도,익산시,삼성동,31746
2020,4518025000,전라북도,정읍시,신태인읍,5566
2020,4518031000,전라북도,정읍시,북면,4276
2020,4518032000,전라북도,정읍시,입암면,2860
2020,4518033000,전라북도,정읍시,소성면,2080
2020,4518034000,전라북도,정읍시,고부면,2811
2020,4518035000,전라북도,정읍시,영원면,1798
2020,4518036000,전라북도,정읍시,덕천면,1807
2020,4518037000,전라북도,정읍시,이평면,2105
2020,4518038000,전라북도,정읍시,정우면,2603
2020,4518039000,전라북도,정읍시,태인면,3456
2020,4518040000,전라북도,정읍시,감곡면,2784
2020,4518041000,전라북도,정읍시,옹동면,1692
2020,4518042000,전라북도,정읍시,칠보면,2343
2020,4518043000,전라북도,정읍시,산내면,1222
2020,4518044000,전라북도,정읍시,산외면,2128
2020,4518051000,전라북도,정읍시,수성동,17567
2020,4518052000,전라북도,정읍시,장명동,3017
2020,4518053500,전라북도,정읍시,내장상동,20544
2020,4518054500,전라북도,정읍시,시기동,3405
2020,4518056500,전라북도,정읍시,초산동,10404
2020,4518057000,전라북도,정읍시,연지동,6011
2020,4518058000,전라북도,정읍시,농소동,4133
2020,4518059500,전라북도,정읍시,상교동,3896
2020,4519025000,전라북도,남원시,운봉읍,3840
2020,4519031000,전라북도,남원시,주천면,2631
2020,4519032000,전라북도,남원시,수지면,1146
2020,4519033000,전라북도,남원시,송동면,2045
2020,4519034000,전라북도,남원시,주생면,1833
2020,4519035000,전라북도,남원시,금지면,2301
2020,4519036000,전라북도,남원시,대강면,1623
2020,4519037000,전라북도,남원시,대산면,1656
2020,4519038000,전라북도,남원시,사매면,1511
2020,4519039000,전라북도,남원시,덕과면,1002
2020,4519040000,전라북도,남원시,보절면,1528
2020,4519041000,전라북도,남원시,산동면,1872
2020,4519042000,전라북도,남원시,이백면,2282
2020,4519045000,전라북도,남원시,아영면,1915
2020,4519046000,전라북도,남원시,산내면,2111
2020,4519047000,전라북도,남원시,인월면,2730
2020,4519051000,전라북도,남원시,동충동,3489
2020,4519052000,전라북도,남원시,죽항동,3379
2020,4519054000,전라북도,남원시,노암동,6219
2020,4519055000,전라북도,남원시,금동,6794
2020,4519056000,전라북도,남원시,왕정동,4120
2020,4519057000,전라북도,남원시,향교동,7187
2020,4519059000,전라북도,남원시,도통동,17448
2020,4521025000,전라북도,김제시,만경읍,2665
2020,4521032000,전라북도,김제시,죽산면,2497
2020,4521033000,전라북도,김제시,백산면,2553
2020,4521034000,전라북도,김제시,용지면,3593
2020,4521035000,전라북도,김제시,백구면,3856
2020,4521036000,전라북도,김제시,부량면,1343
2020,4521038000,전라북도,김제시,공덕면,2541
2020,4521039000,전라북도,김제시,청하면,1785
2020,4521040000,전라북도,김제시,성덕면,1810
2020,4521041000,전라북도,김제시,진봉면,2654
2020,4521042000,전라북도,김제시,금구면,4992
2020,4521043000,전라북도,김제시,봉남면,2237
2020,4521044000,전라북도,김제시,황산면,1898
2020,4521045000,전라북도,김제시,금산면,4621
2020,4521046000,전라북도,김제시,광활면,1359
2020,4521051000,전라북도,김제시,요촌동,11241
2020,4521052000,전라북도,김제시,신풍동,12649
2020,4521054000,전라북도,김제시,검산동,11557
2020,4521058000,전라북도,김제시,교월동,6599
2020,4571025000,전라북도,완주군,삼례읍,14302
2020,4571025300,전라북도,완주군,봉동읍,26030
2020,4571025600,전라북도,완주군,용진읍,7168
2020,4571032000,전라북도,완주군,상관면,4393
2020,4571033000,전라북도,완주군,이서면,14342
2020,4571034000,전라북도,완주군,소양면,6198
2020,4571035000,전라북도,완주군,구이면,5804
2020,4571036000,전라북도,완주군,고산면,4724
2020,4571037000,전라북도,완주군,비봉면,1913
2020,4571038000,전라북도,완주군,운주면,1947
2020,4571039000,전라북도,완주군,화산면,2733
2020,4571040000,전라북도,완주군,동상면,1084
2020,4571041000,전라북도,완주군,경천면,971
2020,4572025000,전라북도,진안군,진안읍,10139
2020,4572031000,전라북도,진안군,용담면,836
2020,4572032000,전라북도,진안군,안천면,1096
2020,4572033000,전라북도,진안군,동향면,1400
2020,4572034000,전라북도,진안군,상전면,885
2020,4572035000,전라북도,진안군,백운면,1950
2020,4572036000,전라북도,진안군,성수면,1792
2020,4572037000,전라북도,진안군,마령면,1870
2020,4572038000,전라북도,진안군,부귀면,2860
2020,4572039000,전라북도,진안군,정천면,1073
2020,4572040000,전라북도,진안군,주천면,1493
2020,4573025000,전라북도,무주군,무주읍,9442
2020,4573031000,전라북도,무주군,무풍면,2254
2020,4573032000,전라북도,무주군,설천면,4052
2020,4573033000,전라북도,무주군,적상면,2618
2020,4573034000,전라북도,무주군,안성면,4258
2020,4573035000,전라북도,무주군,부남면,1412
2020,4574025000,전라북도,장수군,장수읍,7406
2020,4574031000,전라북도,장수군,산서면,2089
2020,4574032000,전라북도,장수군,번암면,2318
2020,4574033500,전라북도,장수군,장계면,4429
2020,4574034000,전라북도,장수군,천천면,2107
2020,4574035000,전라북도,장수군,계남면,2160
2020,4574036000,전라북도,장수군,계북면,1576
2020,4575025000,전라북도,임실군,임실읍,7447
2020,4575031000,전라북도,임실군,청웅면,1302
2020,4575032000,전라북도,임실군,운암면,1613
2020,4575033000,전라북도,임실군,신평면,1454
2020,4575034000,전라북도,임실군,성수면,1683
2020,4575035500,전라북도,임실군,오수면,3727
2020,4575036000,전라북도,임실군,신덕면,1305
2020,4575037000,전라북도,임실군,삼계면,1522
2020,4575038000,전라북도,임실군,관촌면,3343
2020,4575039000,전라북도,임실군,강진면,1541
2020,4575040000,전라북도,임실군,덕치면,1169
2020,4575041000,전라북도,임실군,지사면,1208
2020,4577025000,전라북도,순창군,순창읍,10308
2020,4577031000,전라북도,순창군,인계면,1565
2020,4577032000,전라북도,순창군,동계면,2023
2020,4577033000,전라북도,순창군,풍산면,1730
2020,4577034000,전라북도,순창군,금과면,1760
2020,4577035000,전라북도,순창군,팔덕면,1426
2020,4577036000,전라북도,순창군,쌍치면,1978
2020,4577037000,전라북도,순창군,복흥면,2210
2020,4577038000,전라북도,순창군,적성면,1311
2020,4577039000,전라북도,순창군,유등면,1143
2020,4577040000,전라북도,순창군,구림면,2356
2020,4579025000,전라북도,고창군,고창읍,21394
2020,4579031000,전라북도,고창군,고수면,2246
2020,4579032000,전라북도,고창군,아산면,2672
2020,4579033000,전라북도,고창군,무장면,2795
2020,4579034000,전라북도,고창군,공음면,2525
2020,4579035000,전라북도,고창군,상하면,2435
2020,4579036000,전라북도,고창군,해리면,2807
2020,4579037000,전라북도,고창군,성송면,1814
2020,4579038000,전라북도,고창군,대산면,3337
2020,4579039000,전라북도,고창군,심원면,2519
2020,4579040000,전라북도,고창군,흥덕면,3114
2020,4579041000,전라북도,고창군,성내면,1971
2020,4579042000,전라북도,고창군,신림면,2252
2020,4579043000,전라북도,고창군,부안면,2648
2020,4580025000,전라북도,부안군,부안읍,21003
2020,4580031000,전라북도,부안군,주산면,1969
2020,4580032000,전라북도,부안군,동진면,2891
2020,4580033000,전라북도,부안군,행안면,2244
2020,4580034000,전라북도,부안군,계화면,3440
2020,4580035000,전라북도,부안군,보안면,2462
2020,4580036000,전라북도,부안군,변산면,4526
2020,4580037000,전라북도,부안군,진서면,2315
2020,4580038000,전라북도,부안군,백산면,2585
2020,4580039000,전라북도,부안군,상서면,2223
2020,4580040000,전라북도,부안군,하서면,2691
2020,4580041000,전라북도,부안군,줄포면,2635
2020,4580042000,전라북도,부안군,위도면,1156
2020,4611051000,전라남도,목포시,용당1동,10764
2020,4611052000,전라남도,목포시,용당2동,5252
2020,4611053500,전라남도,목포시,연동,4712
2020,4611054500,전라남도,목포시,산정동,8643
2020,4611055400,전라남도,목포시,연산동,9817
2020,4611055800,전라남도,목포시,원산동,13240
2020,4611056500,전라남도,목포시,대성동,5195
2020,4611059500,전라남도,목포시,목원동,7850
2020,4611064000,전라남도,목포시,동명동,5551
2020,4611064500,전라남도,목포시,삼학동,6153
2020,4611065500,전라남도,목포시,만호동,2988
2020,4611066000,전라남도,목포시,유달동,4449
2020,4611069500,전라남도,목포시,죽교동,3249
2020,4611070500,전라남도,목포시,북항동,9461
2020,4611074500,전라남도,목포시,용해동,17444
2020,4611075000,전라남도,목포시,이로동,10878
2020,4611075600,전라남도,목포시,상동,20957
2020,4611075700,전라남도,목포시,하당동,11916
2020,4611075800,전라남도,목포시,신흥동,16787
2020,4611078000,전라남도,목포시,삼향동,4877
2020,4611079000,전라남도,목포시,옥암동,11512
2020,4611080000,전라남도,목포시,부흥동,8896
2020,4611081000,전라남도,목포시,부주동,23453
2020,4613025000,전라남도,여수시,돌산읍,2709
2020,4613025100,전라남도,여수시,돌산읍우두출장소,8590
2020,4613025200,전라남도,여수시,돌산읍죽포출장소,1930
2020,4613031000,전라남도,여수시,소라면,20426
2020,4613032000,전라남도,여수시,율촌면,6292
2020,4613033000,전라남도,여수시,화양면,6518
2020,4613034000,전라남도,여수시,남면,2846
2020,4613035000,전라남도,여수시,화정면,1339
2020,4613035600,전라남도,여수시,화정면개도출장소,828
2020,4613036000,전라남도,여수시,삼산면,2062
2020,4613051500,전라남도,여수시,동문동,4657
2020,4613053500,전라남도,여수시,한려동,3223
2020,4613057000,전라남도,여수시,중앙동,4452
2020,4613060000,전라남도,여수시,충무동,4050
2020,4613062500,전라남도,여수시,광림동,6220
2020,4613063500,전라남도,여수시,서강동,3826
2020,4613065500,전라남도,여수시,대교동,5470
2020,4613067000,전라남도,여수시,국동,11605
2020,4613068500,전라남도,여수시,월호동,6983
2020,4613070000,전라남도,여수시,여서동,18844
2020,4613071000,전라남도,여수시,문수동,21241
2020,4613073000,전라남도,여수시,미평동,11860
2020,4613074000,전라남도,여수시,둔덕동,10335
2020,4613076500,전라남도,여수시,만덕동,10499
2020,4613078000,전라남도,여수시,쌍봉동,32672
2020,4613079000,전라남도,여수시,시전동,37425
2020,4613080000,전라남도,여수시,여천동,21519
2020,4613081000,전라남도,여수시,주삼동,8196
2020,4613082000,전라남도,여수시,삼일동,2434
2020,4613083000,전라남도,여수시,묘도동,1191
2020,4615025000,전라남도,순천시,승주읍,2750
2020,4615031000,전라남도,순천시,해룡면,4615
2020,4615031500,전라남도,순천시,해룡면상삼출장소,18239
2020,4615031600,전라남도,순천시,해룡면신대출장소,32660
2020,4615032000,전라남도,순천시,서면,12103
2020,4615033000,전라남도,순천시,황전면,2941
2020,4615034000,전라남도,순천시,월등면,1797
2020,4615035000,전라남도,순천시,주암면,3182
2020,4615036000,전라남도,순천시,송광면,1519
2020,4615037000,전라남도,순천시,외서면,900
2020,4615038000,전라남도,순천시,낙안면,3264
2020,4615039000,전라남도,순천시,별량면,5544
2020,4615040000,전라남도,순천시,상사면,2845
2020,4615051500,전라남도,순천시,향동,3756
2020,4615054000,전라남도,순천시,매곡동,6595
2020,4615055000,전라남도,순천시,삼산동,25360
2020,4615056000,전라남도,순천시,조곡동,6316
2020,4615057000,전라남도,순천시,덕연동,44355
2020,4615058000,전라남도,순천시,풍덕동,7741
2020,4615059000,전라남도,순천시,남제동,8866
2020,4615060000,전라남도,순천시,저전동,2878
2020,4615061000,전라남도,순천시,장천동,2383
2020,4615062000,전라남도,순천시,중앙동,3099
2020,4615063500,전라남도,순천시,도사동,18473
2020,4615066100,전라남도,순천시,왕조1동,40390
2020,4615066500,전라남도,순천시,왕조2동,19618
2020,4617025000,전라남도,나주시,남평읍,12044
2020,4617031000,전라남도,나주시,세지면,2664
2020,4617032000,전라남도,나주시,왕곡면,2933
2020,4617033000,전라남도,나주시,반남면,1452
2020,4617034000,전라남도,나주시,공산면,2334
2020,4617035000,전라남도,나주시,동강면,2507
2020,4617036000,전라남도,나주시,다시면,3585
2020,4617037000,전라남도,나주시,문평면,1971
2020,4617038000,전라남도,나주시,노안면,4688
2020,4617039000,전라남도,나주시,금천면,4343
2020,4617040000,전라남도,나주시,산포면,3435
2020,4617042000,전라남도,나주시,다도면,1899
2020,4617043000,전라남도,나주시,봉황면,4286
2020,4617051000,전라남도,나주시,송월동,7689
2020,4617052000,전라남도,나주시,영강동,2711
2020,4617054000,전라남도,나주시,금남동,5010
2020,4617055000,전라남도,나주시,성북동,8925
2020,4617058000,전라남도,나주시,영산동,3350
2020,4617060000,전라남도,나주시,이창동,3503
2020,4617062000,전라남도,나주시,빛가람동,36284
2020,4623025000,전라남도,광양시,광양읍,49131
2020,4623031000,전라남도,광양시,봉강면,2212
2020,4623032000,전라남도,광양시,옥룡면,3126
2020,4623033000,전라남도,광양시,옥곡면,2877
2020,4623034000,전라남도,광양시,진상면,2867
2020,4623035000,전라남도,광양시,진월면,2831
2020,4623036000,전라남도,광양시,다압면,1840
2020,4623051500,전라남도,광양시,골약동,1648
2020,4623053000,전라남도,광양시,중마동,58469
2020,4623054000,전라남도,광양시,광영동,12593
2020,4623055000,전라남도,광양시,금호동,12344
2020,4623057000,전라남도,광양시,태인동,1831
2020,4671025000,전라남도,담양군,담양읍,14667
2020,4671031000,전라남도,담양군,봉산면,2797
2020,4671032000,전라남도,담양군,고서면,3171
2020,4671033500,전라남도,담양군,가사문학면,1264
2020,4671034000,전라남도,담양군,창평면,3704
2020,4671035000,전라남도,담양군,대덕면,1935
2020,4671036000,전라남도,담양군,무정면,2795
2020,4671037000,전라남도,담양군,금성면,2654
2020,4671038000,전라남도,담양군,용면,1870
2020,4671039000,전라남도,담양군,월산면,2470
2020,4671040000,전라남도,담양군,수북면,4547
2020,4671041000,전라남도,담양군,대전면,4406
2020,4672025000,전라남도,곡성군,곡성읍,7841
2020,4672031000,전라남도,곡성군,오곡면,1892
2020,4672032000,전라남도,곡성군,삼기면,1673
2020,4672033000,전라남도,곡성군,석곡면,2357
2020,4672034000,전라남도,곡성군,목사동면,1338
2020,4672035000,전라남도,곡성군,죽곡면,1921
2020,4672036000,전라남도,곡성군,고달면,1176
2020,4672037000,전라남도,곡성군,옥과면,4226
2020,4672038000,전라남도,곡성군,입면,2480
2020,4672039000,전라남도,곡성군,겸면,1701
2020,4672040000,전라남도,곡성군,오산면,1434
2020,4673025000,전라남도,구례군,구례읍,10845
2020,4673031000,전라남도,구례군,문척면,1305
2020,4673032000,전라남도,구례군,간전면,1546
2020,4673033000,전라남도,구례군,토지면,2561
2020,4673034000,전라남도,구례군,마산면,2702
2020,4673035000,전라남도,구례군,광의면,2286
2020,4673036000,전라남도,구례군,용방면,1487
2020,4673037000,전라남도,구례군,산동면,2987
2020,4677025000,전라남도,고흥군,고흥읍,12523
2020,4677025300,전라남도,고흥군,도양읍,9813
2020,4677025400,전라남도,고흥군,도양읍소록출장소,622
2020,4677025500,전라남도,고흥군,도양읍시산출장소,227
2020,4677031000,전라남도,고흥군,풍양면,3155
2020,4677032000,전라남도,고흥군,도덕면,2960
2020,4677033000,전라남도,고흥군,금산면,4345
2020,4677034000,전라남도,고흥군,도화면,3893
2020,4677035000,전라남도,고흥군,포두면,4954
2020,4677036000,전라남도,고흥군,봉래면,1905
2020,4677037000,전라남도,고흥군,점암면,2651
2020,4677038000,전라남도,고흥군,과역면,3316
2020,4677039000,전라남도,고흥군,남양면,2319
2020,4677040000,전라남도,고흥군,동강면,3117
2020,4677041000,전라남도,고흥군,대서면,2300
2020,4677042000,전라남도,고흥군,두원면,3066
2020,4677044000,전라남도,고흥군,영남면,1275
2020,4677045000,전라남도,고흥군,동일면,1481
2020,4678025000,전라남도,보성군,보성읍,9195
2020,4678025300,전라남도,보성군,벌교읍,11913
2020,4678031000,전라남도,보성군,노동면,1118
2020,4678032000,전라남도,보성군,미력면,1405
2020,4678033000,전라남도,보성군,겸백면,1165
2020,4678034000,전라남도,보성군,율어면,1201
2020,4678035000,전라남도,보성군,복내면,1696
2020,4678036000,전라남도,보성군,문덕면,886
2020,4678037000,전라남도,보성군,조성면,3732
2020,4678038000,전라남도,보성군,득량면,2782
2020,4678038500,전라남도,보성군,득량면예당출장소,1244
2020,4678039000,전라남도,보성군,회천면,3061
2020,4678040000,전라남도,보성군,웅치면,1084
2020,4679025000,전라남도,화순군,화순읍,39066
2020,4679031000,전라남도,화순군,한천면,930
2020,4679031500,전라남도,화순군,한천면영외출장소,430
2020,4679032000,전라남도,화순군,춘양면,1810
2020,4679033000,전라남도,화순군,청풍면,1041
2020,4679034000,전라남도,화순군,이양면,1798
2020,4679035000,전라남도,화순군,능주면,3269
2020,4679036000,전라남도,화순군,도곡면,2901
2020,4679037000,전라남도,화순군,도암면,1436
2020,4679038000,전라남도,화순군,이서면,1002
2020,4679039500,전라남도,화순군,백아면,1597
2020,4679040000,전라남도,화순군,동복면,1625
2020,4679041500,전라남도,화순군,사평면,2182
2020,4679042000,전라남도,화순군,동면,3435
2020,4680025000,전라남도,장흥군,장흥읍,15465
2020,4680025300,전라남도,장흥군,관산읍,4998
2020,4680025600,전라남도,장흥군,대덕읍,3409
2020,4680031000,전라남도,장흥군,용산면,2341
2020,4680032000,전라남도,장흥군,안양면,2850
2020,4680033000,전라남도,장흥군,장동면,1268
2020,4680034000,전라남도,장흥군,장평면,2105
2020,4680035000,전라남도,장흥군,유치면,1079
2020,4680036000,전라남도,장흥군,부산면,1456
2020,4680037000,전라남도,장흥군,회진면,2829
2020,4681025000,전라남도,강진군,강진읍,13722
2020,4681031000,전라남도,강진군,군동면,4328
2020,4681032000,전라남도,강진군,칠량면,2316
2020,4681033000,전라남도,강진군,대구면,1157
2020,4681034000,전라남도,강진군,도암면,2514
2020,4681035000,전라남도,강진군,신전면,1797
2020,4681036000,전라남도,강진군,성전면,2796
2020,4681037000,전라남도,강진군,작천면,1847
2020,4681038000,전라남도,강진군,병영면,1669
2020,4681039000,전라남도,강진군,옴천면,648
2020,4681040000,전라남도,강진군,마량면,1803
2020,4682025000,전라남도,해남군,해남읍,24912
2020,4682031000,전라남도,해남군,삼산면,2915
2020,4682032000,전라남도,해남군,화산면,3244
2020,4682033000,전라남도,해남군,현산면,2835
2020,4682034000,전라남도,해남군,송지면,6154
2020,4682035000,전라남도,해남군,북평면,2823
2020,4682036000,전라남도,해남군,북일면,2016
2020,4682037000,전라남도,해남군,옥천면,3019
2020,4682038000,전라남도,해남군,계곡면,2160
2020,4682039000,전라남도,해남군,마산면,2406
2020,4682040000,전라남도,해남군,황산면,4856
2020,4682041000,전라남도,해남군,산이면,3795
2020,4682042000,전라남도,해남군,문내면,4046
2020,4682043000,전라남도,해남군,화원면,3625
2020,4683025000,전라남도,영암군,영암읍,8251
2020,4683025300,전라남도,영암군,삼호읍,14965
2020,4683025400,전라남도,영암군,삼호읍서부출장소,6486
2020,4683031000,전라남도,영암군,덕진면,1853
2020,4683032000,전라남도,영암군,금정면,2076
2020,4683033000,전라남도,영암군,신북면,3782
2020,4683034000,전라남도,영암군,시종면,3581
2020,4683035000,전라남도,영암군,도포면,2279
2020,4683036000,전라남도,영암군,군서면,3200
2020,4683037000,전라남도,영암군,서호면,1924
2020,4683038000,전라남도,영암군,학산면,3015
2020,4683039000,전라남도,영암군,미암면,2287
2020,4684025000,전라남도,무안군,무안읍,10646
2020,4684025300,전라남도,무안군,일로읍,12902
2020,4684025600,전라남도,무안군,삼향읍,5542
2020,4684025800,전라남도,무안군,삼향읍남악출장소,32829
2020,4684032000,전라남도,무안군,몽탄면,3120
2020,4684033000,전라남도,무안군,청계면,6367
2020,4684034000,전라남도,무안군,현경면,4701
2020,4684035000,전라남도,무안군,망운면,2017
2020,4684036000,전라남도,무안군,해제면,5017
2020,4684037000,전라남도,무안군,운남면,2991
2020,4686025000,전라남도,함평군,함평읍,8401
2020,4686031000,전라남도,함평군,손불면,3401
2020,4686032000,전라남도,함평군,신광면,1855
2020,4686033000,전라남도,함평군,학교면,3888
2020,4686034000,전라남도,함평군,엄다면,1923
2020,4686035000,전라남도,함평군,대동면,3122
2020,4686036000,전라남도,함평군,나산면,2875
2020,4686037000,전라남도,함평군,해보면,2860
2020,4686038000,전라남도,함평군,월야면,3725
2020,4687025000,전라남도,영광군,영광읍,21893
2020,4687025300,전라남도,영광군,백수읍,4693
2020,4687025600,전라남도,영광군,홍농읍,6922
2020,4687031000,전라남도,영광군,대마면,1812
2020,4687032000,전라남도,영광군,묘량면,1777
2020,4687033000,전라남도,영광군,불갑면,1372
2020,4687034000,전라남도,영광군,군서면,2322
2020,4687035000,전라남도,영광군,군남면,2409
2020,4687036000,전라남도,영광군,염산면,4038
2020,4687037000,전라남도,영광군,법성면,5268
2020,4687038000,전라남도,영광군,낙월면,405
2020,4687038500,전라남도,영광군,낙월면안마출장소,188
2020,4688025000,전라남도,장성군,장성읍,13517
2020,4688031000,전라남도,장성군,진원면,3694
2020,4688032000,전라남도,장성군,남면,3726
2020,4688033000,전라남도,장성군,동화면,1852
2020,4688034000,전라남도,장성군,삼서면,3378
2020,4688035000,전라남도,장성군,삼계면,6152
2020,4688036000,전라남도,장성군,황룡면,4098
2020,4688037000,전라남도,장성군,서삼면,1556
2020,4688038000,전라남도,장성군,북일면,1387
2020,4688039000,전라남도,장성군,북이면,2886
2020,4688040000,전라남도,장성군,북하면,2218
2020,4689025000,전라남도,완도군,완도읍,18283
2020,4689025300,전라남도,완도군,금일읍,3757
2020,4689025600,전라남도,완도군,노화읍,4440
2020,4689029000,전라남도,완도군,노화읍넙도출장소,780
2020,4689031000,전라남도,완도군,군외면,3260
2020,4689032000,전라남도,완도군,신지면,3423
2020,4689033000,전라남도,완도군,고금면,4273
2020,4689034000,전라남도,완도군,약산면,2377
2020,4689035000,전라남도,완도군,청산면,2076
2020,4689035500,전라남도,완도군,청산면모도출장소,227
2020,4689036000,전라남도,완도군,소안면,2531
2020,4689037000,전라남도,완도군,금당면,980
2020,4689038000,전라남도,완도군,보길면,2694
2020,4689039000,전라남도,완도군,생일면,815
2020,4690025000,전라남도,진도군,진도읍,11131
2020,4690031000,전라남도,진도군,군내면,3079
2020,4690032000,전라남도,진도군,고군면,3711
2020,4690033000,전라남도,진도군,의신면,3581
2020,4690034000,전라남도,진도군,임회면,3495
2020,4690035000,전라남도,진도군,지산면,3206
2020,4690036000,전라남도,진도군,조도면,2383
2020,4690036500,전라남도,진도군,조도면가사출장소,269
2020,4690036600,전라남도,진도군,조도면거차출장소,372
2020,4691025000,전라남도,신안군,지도읍,4222
2020,4691025100,전라남도,신안군,지도읍선도출장소,242
2020,4691025300,전라남도,신안군,압해읍,5813
2020,4691025400,전라남도,신안군,압해읍매화출장소,242
2020,4691025500,전라남도,신안군,압해읍고이도출장소,224
2020,4691031000,전라남도,신안군,증도면,1480
2020,4691031500,전라남도,신안군,증도면병풍출장소,316
2020,4691032000,전라남도,신안군,임자면,3149
2020,4691033000,전라남도,신안군,자은면,2253
2020,4691034000,전라남도,신안군,비금면,3553
2020,4691035000,전라남도,신안군,도초면,2520
2020,4691035500,전라남도,신안군,도초면우이도출장소,221
2020,4691036000,전라남도,신안군,흑산면,2314
2020,4691036500,전라남도,신안군,흑산면가거도출장소,475
2020,4691036600,전라남도,신안군,흑산면태도출장소,226
2020,4691036700,전라남도,신안군,흑산면홍도출장소,502
2020,4691036800,전라남도,신안군,흑산면대둔도출장소,322
2020,4691037000,전라남도,신안군,하의면,1770
2020,4691038000,전라남도,신안군,신의면,1544
2020,4691039000,전라남도,신안군,장산면,1565
2020,4691040000,전라남도,신안군,안좌면,2713
2020,4691040500,전라남도,신안군,안좌면자라출장소,275
2020,4691041000,전라남도,신안군,팔금면,974
2020,4691042000,전라남도,신안군,암태면,2023
2020,4711125000,경상북도,포항시 남구,구룡포읍,7568
2020,4711125300,경상북도,포항시 남구,연일읍,30633
2020,4711125600,경상북도,포항시 남구,오천읍,54839
2020,4711131000,경상북도,포항시 남구,대송면,3500
2020,4711132000,경상북도,포항시 남구,동해면,9908
2020,4711133000,경상북도,포항시 남구,장기면,4117
2020,4711135000,경상북도,포항시 남구,호미곶면,1887
2020,4711152500,경상북도,포항시 남구,상대동,24820
2020,4711154500,경상북도,포항시 남구,해도동,17256
2020,4711155000,경상북도,포항시 남구,송도동,12507
2020,4711156000,경상북도,포항시 남구,청림동,4694
2020,4711157000,경상북도,포항시 남구,제철동,2839
2020,4711158000,경상북도,포항시 남구,효곡동,30440
2020,4711159000,경상북도,포항시 남구,대이동,25414
2020,4711325000,경상북도,포항시 북구,흥해읍,40604
2020,4711331000,경상북도,포항시 북구,신광면,2873
2020,4711332000,경상북도,포항시 북구,청하면,4827
2020,4711333000,경상북도,포항시 북구,송라면,2490
2020,4711334000,경상북도,포항시 북구,기계면,4920
2020,4711335000,경상북도,포항시 북구,죽장면,2126
2020,4711335500,경상북도,포항시 북구,죽장면상옥출장소,593
2020,4711336000,경상북도,포항시 북구,기북면,1290
2020,4711352000,경상북도,포항시 북구,중앙동,15743
2020,4711363000,경상북도,포항시 북구,양학동,17199
2020,4711365500,경상북도,포항시 북구,죽도동,19707
2020,4711366500,경상북도,포항시 북구,용흥동,22295
2020,4711368000,경상북도,포항시 북구,우창동,32339
2020,4711369000,경상북도,포항시 북구,두호동,23189
2020,4711370000,경상북도,포항시 북구,장량동,72758
2020,4711371000,경상북도,포항시 북구,환여동,9541
2020,4713025000,경상북도,경주시,감포읍,5501
2020,4713025300,경상북도,경주시,안강읍,25017
2020,4713025600,경상북도,경주시,건천읍,9502
2020,4713025900,경상북도,경주시,외동읍,20431
2020,4713032000,경상북도,경주시,양남면,6322
2020,4713033000,경상북도,경주시,내남면,4712
2020,4713034000,경상북도,경주시,산내면,3268
2020,4713035000,경상북도,경주시,서면,3219
2020,4713036000,경상북도,경주시,현곡면,21947
2020,4713037000,경상북도,경주시,강동면,6323
2020,4713038000,경상북도,경주시,천북면,5730
2020,4713051500,경상북도,경주시,중부동,5308
2020,4713053000,경상북도,경주시,황오동,6567
2020,4713055000,경상북도,경주시,성건동,14047
2020,4713057000,경상북도,경주시,황남동,4779
2020,4713059000,경상북도,경주시,선도동,14914
2020,4713060500,경상북도,경주시,월성동,5925
2020,4713061500,경상북도,경주시,용강동,22521
2020,4713062100,경상북도,경주시,황성동,28837
2020,4713063000,경상북도,경주시,동천동,22753
2020,4713065000,경상북도,경주시,불국동,9771
2020,4713066000,경상북도,경주시,보덕동,1781
2020,4715025000,경상북도,김천시,아포읍,7131
2020,4715031000,경상북도,김천시,농소면,3043
2020,4715032000,경상북도,김천시,남면,3128
2020,4715034000,경상북도,김천시,개령면,2478
2020,4715035000,경상북도,김천시,감문면,3305
2020,4715036000,경상북도,김천시,어모면,4062
2020,4715037000,경상북도,김천시,봉산면,3196
2020,4715038000,경상북도,김천시,대항면,3469
2020,4715039000,경상북도,김천시,감천면,1942
2020,4715040000,경상북도,김천시,조마면,2237
2020,4715041000,경상북도,김천시,구성면,2835
2020,4715042000,경상북도,김천시,지례면,1576
2020,4715043000,경상북도,김천시,부항면,1260
2020,4715044000,경상북도,김천시,대덕면,2294
2020,4715045000,경상북도,김천시,증산면,1036
2020,4715051600,경상북도,김천시,자산동,6748
2020,4715053600,경상북도,김천시,평화남산동,7641
2020,4715056500,경상북도,김천시,양금동,3961
2020,4715057500,경상북도,김천시,대신동,25224
2020,4715059500,경상북도,김천시,대곡동,20434
2020,4715061000,경상북도,김천시,지좌동,11061
2020,4715064000,경상북도,김천시,율곡동,22487
2020,4717025000,경상북도,안동시,풍산읍,6390
2020,4717031000,경상북도,안동시,와룡면,4114
2020,4717032000,경상북도,안동시,북후면,3022
2020,4717033000,경상북도,안동시,서후면,3555
2020,4717034000,경상북도,안동시,풍천면,6702
2020,4717035000,경상북도,안동시,일직면,2777
2020,4717036000,경상북도,안동시,남후면,1786
2020,4717037000,경상북도,안동시,남선면,2122
2020,4717038000,경상북도,안동시,임하면,2884
2020,4717039000,경상북도,안동시,길안면,2721
2020,4717040000,경상북도,안동시,임동면,1773
2020,4717041000,경상북도,안동시,예안면,1875
2020,4717042000,경상북도,안동시,도산면,1635
2020,4717043000,경상북도,안동시,녹전면,1771
2020,4717051000,경상북도,안동시,중구동,5068
2020,4717052000,경상북도,안동시,명륜동,5056
2020,4717055500,경상북도,안동시,용상동,22309
2020,4717058500,경상북도,안동시,서구동,9169
2020,4717060000,경상북도,안동시,태화동,13368
2020,4717062000,경상북도,안동시,평화동,6322
2020,4717063000,경상북도,안동시,안기동,6271
2020,4717065000,경상북도,안동시,옥동,21809
2020,4717066000,경상북도,안동시,송하동,16018
2020,4717069000,경상북도,안동시,강남동,10390
2020,4719025000,경상북도,구미시,선산읍,15001
2020,4719025300,경상북도,구미시,고아읍,36487
2020,4719031000,경상북도,구미시,무을면,1873
2020,4719032000,경상북도,구미시,옥성면,1729
2020,4719033000,경상북도,구미시,도개면,2225
2020,4719034000,경상북도,구미시,해평면,4133
2020,4719036000,경상북도,구미시,장천면,3183
2020,4719051000,경상북도,구미시,송정동,24429
2020,4719055100,경상북도,구미시,도량동,30006
2020,4719055500,경상북도,구미시,지산동,2239
2020,4719056500,경상북도,구미시,선주원남동,39544
2020,4719058200,경상북도,구미시,형곡1동,14681
2020,4719058300,경상북도,구미시,형곡2동,17039
2020,4719059000,경상북도,구미시,신평1동,3307
2020,4719060000,경상북도,구미시,신평2동,3262
2020,4719061000,경상북도,구미시,비산동,6325
2020,4719063000,경상북도,구미시,광평동,4386
2020,4719064500,경상북도,구미시,상모사곡동,31015
2020,4719066000,경상북도,구미시,임오동,19003
2020,4719067000,경상북도,구미시,인동동,48598
2020,4719068000,경상북도,구미시,진미동,16329
2020,4719069000,경상북도,구미시,양포동,46475
2020,4721025000,경상북도,영주시,풍기읍,10640
2020,4721031000,경상북도,영주시,이산면,2370
2020,4721032000,경상북도,영주시,평은면,1457
2020,4721033000,경상북도,영주시,문수면,1969
2020,4721034000,경상북도,영주시,장수면,2206
2020,4721035000,경상북도,영주시,안정면,3051
2020,4721036000,경상북도,영주시,봉현면,2739
2020,4721037000,경상북도,영주시,순흥면,2021
2020,4721038000,경상북도,영주시,단산면,1906
2020,4721039000,경상북도,영주시,부석면,3116
2020,4721051000,경상북도,영주시,상망동,7761
2020,4721052500,경상북도,영주시,하망동,6329
2020,4721055000,경상북도,영주시,영주1동,4081
2020,4721056000,경상북도,영주시,영주2동,3569
2020,4721059000,경상북도,영주시,휴천1동,6681
2020,4721060000,경상북도,영주시,휴천2동,8250
2020,4721061000,경상북도,영주시,휴천3동,8033
2020,4721062000,경상북도,영주시,가흥1동,18953
2020,4721063000,경상북도,영주시,가흥2동,7987
2020,4723025000,경상북도,영천시,금호읍,11088
2020,4723031000,경상북도,영천시,청통면,4161
2020,4723032000,경상북도,영천시,신녕면,3919
2020,4723033000,경상북도,영천시,화산면,3296
2020,4723034000,경상북도,영천시,화북면,2213
2020,4723035000,경상북도,영천시,화남면,3138
2020,4723036000,경상북도,영천시,자양면,1230
2020,4723037000,경상북도,영천시,임고면,4242
2020,4723038000,경상북도,영천시,고경면,5874
2020,4723039000,경상북도,영천시,북안면,4448
2020,4723040000,경상북도,영천시,대창면,3096
2020,4723051000,경상북도,영천시,동부동,29438
2020,4723052000,경상북도,영천시,중앙동,9844
2020,4723053500,경상북도,영천시,서부동,4831
2020,4723054000,경상북도,영천시,완산동,6963
2020,4723055500,경상북도,영천시,남부동,4234
2020,4725025000,경상북도,상주시,함창읍,6564
2020,4725031000,경상북도,상주시,중동면,1414
2020,4725032500,경상북도,상주시,사벌국면,3853
2020,4725033000,경상북도,상주시,낙동면,3070
2020,4725033500,경상북도,상주시,낙동면동부출장소,992
2020,4725034000,경상북도,상주시,청리면,2673
2020,4725035000,경상북도,상주시,공성면,3956
2020,4725036000,경상북도,상주시,외남면,1668
2020,4725037000,경상북도,상주시,내서면,1960
2020,4725038000,경상북도,상주시,모동면,2570
2020,4725039000,경상북도,상주시,모서면,1753
2020,4725039500,경상북도,상주시,모서면서부출장소,754
2020,4725040000,경상북도,상주시,화동면,1993
2020,4725041000,경상북도,상주시,화서면,2784
2020,4725042000,경상북도,상주시,화북면,1233
2020,4725042600,경상북도,상주시,화북면서부출장소,332
2020,4725043000,경상북도,상주시,외서면,2730
2020,4725044000,경상북도,상주시,은척면,1146
2020,4725044500,경상북도,상주시,은척면북부출장소,380
2020,4725045000,경상북도,상주시,공검면,2145
2020,4725046000,경상북도,상주시,이안면,2060
2020,4725047000,경상북도,상주시,화남면,827
2020,4725052000,경상북도,상주시,남원동,12259
2020,4725053000,경상북도,상주시,북문동,9143
2020,4725054000,경상북도,상주시,계림동,7935
2020,4725055000,경상북도,상주시,동문동,8340
2020,4725056000,경상북도,상주시,동성동,3670
2020,4725057000,경상북도,상주시,신흥동,9024
2020,4728025000,경상북도,문경시,문경읍,5839
2020,4728025100,경상북도,문경시,문경읍갈평출장소,1129
2020,4728025300,경상북도,문경시,가은읍,3221
2020,4728025400,경상북도,문경시,가은읍북부출장소,833
2020,4728031000,경상북도,문경시,영순면,2451
2020,4728032000,경상북도,문경시,산양면,3044
2020,4728033000,경상북도,문경시,호계면,2399
2020,4728034000,경상북도,문경시,산북면,2777
2020,4728035000,경상북도,문경시,동로면,1951
2020,4728036000,경상북도,문경시,마성면,3565
2020,4728037000,경상북도,문경시,농암면,2609
2020,4728057000,경상북도,문경시,점촌1동,5813
2020,4728058000,경상북도,문경시,점촌2동,7122
2020,4728059000,경상북도,문경시,점촌3동,9087
2020,4728060000,경상북도,문경시,점촌4동,3162
2020,4728061000,경상북도,문경시,점촌5동,16404
2020,4729025000,경상북도,경산시,하양읍,25619
2020,4729025300,경상북도,경산시,진량읍,36335
2020,4729025600,경상북도,경산시,압량읍,20912
2020,4729031000,경상북도,경산시,와촌면,5985
2020,4729033000,경상북도,경산시,자인면,5558
2020,4729034000,경상북도,경산시,용성면,3346
2020,4729035000,경상북도,경산시,남산면,3760
2020,4729037000,경상북도,경산시,남천면,3034
2020,4729051000,경상북도,경산시,중방동,10015
2020,4729052000,경상북도,경산시,중앙동,6620
2020,4729053000,경상북도,경산시,남부동,20107
2020,4729054100,경상북도,경산시,서부1동,36652
2020,4729054200,경상북도,경산시,서부2동,30723
2020,4729055000,경상북도,경산시,북부동,16272
2020,4729056000,경상북도,경산시,동부동,38790
2020,4772025000,경상북도,군위군,군위읍,8193
2020,4772031000,경상북도,군위군,소보면,2317
2020,4772032000,경상북도,군위군,효령면,3768
2020,4772033000,경상북도,군위군,부계면,2042
2020,4772034000,경상북도,군위군,우보면,2007
2020,4772035000,경상북도,군위군,의흥면,2385
2020,4772036000,경상북도,군위군,산성면,1189
2020,4773025000,경상북도,의성군,의성읍,13447
2020,4773031000,경상북도,의성군,단촌면,1937
2020,4773032000,경상북도,의성군,점곡면,1598
2020,4773033000,경상북도,의성군,옥산면,1820
2020,4773034000,경상북도,의성군,사곡면,1565
2020,4773035000,경상북도,의성군,춘산면,1468
2020,4773036000,경상북도,의성군,가음면,1466
2020,4773037000,경상북도,의성군,금성면,4334
2020,4773038000,경상북도,의성군,봉양면,3953
2020,4773039000,경상북도,의성군,비안면,2553
2020,4773040000,경상북도,의성군,구천면,1821
2020,4773041000,경상북도,의성군,단밀면,1756
2020,4773042000,경상북도,의성군,단북면,1802
2020,4773043000,경상북도,의성군,안계면,4585
2020,4773044000,경상북도,의성군,다인면,3822
2020,4773045000,경상북도,의성군,신평면,815
2020,4773046000,경상북도,의성군,안평면,2143
2020,4773047000,경상북도,의성군,안사면,839
2020,4775025000,경상북도,청송군,청송읍,5196
2020,4775031500,경상북도,청송군,주왕산면,1860
2020,4775032000,경상북도,청송군,부남면,2507
2020,4775033000,경상북도,청송군,현동면,2097
2020,4775034000,경상북도,청송군,현서면,2532
2020,4775035000,경상북도,청송군,안덕면,2609
2020,4775036000,경상북도,청송군,파천면,1805
2020,4775037000,경상북도,청송군,진보면,6438
2020,4776025000,경상북도,영양군,영양읍,7305
2020,4776031000,경상북도,영양군,입암면,2141
2020,4776032000,경상북도,영양군,청기면,1739
2020,4776033000,경상북도,영양군,일월면,1772
2020,4776034000,경상북도,영양군,수비면,1693
2020,4776035000,경상북도,영양군,석보면,2042
2020,4777025000,경상북도,영덕군,영덕읍,11040
2020,4777031000,경상북도,영덕군,강구면,6248
2020,4777032000,경상북도,영덕군,남정면,2371
2020,4777033000,경상북도,영덕군,달산면,1124
2020,4777034000,경상북도,영덕군,지품면,1489
2020,4777034500,경상북도,영덕군,지품면원전출장소,529
2020,4777035000,경상북도,영덕군,축산면,921
2020,4777035500,경상북도,영덕군,축산면축산출장소,1736
2020,4777036000,경상북도,영덕군,영해면,6381
2020,4777037000,경상북도,영덕군,병곡면,2786
2020,4777038000,경상북도,영덕군,창수면,1688
2020,4782025000,경상북도,청도군,화양읍,7186
2020,4782025100,경상북도,청도군,화양읍남성현출장소,1119
2020,4782025300,경상북도,청도군,청도읍,10320
2020,4782025400,경상북도,청도군,청도읍유호출장소,1620
2020,4782031000,경상북도,청도군,각남면,2127
2020,4782032000,경상북도,청도군,풍각면,3935
2020,4782033000,경상북도,청도군,각북면,2227
2020,4782034000,경상북도,청도군,이서면,4507
2020,4782035000,경상북도,청도군,운문면,2110
2020,4782036000,경상북도,청도군,금천면,3327
2020,4782037000,경상북도,청도군,매전면,3785
2020,4783025300,경상북도,고령군,대가야읍,10077
2020,4783031000,경상북도,고령군,덕곡면,1433
2020,4783032000,경상북도,고령군,운수면,1883
2020,4783033000,경상북도,고령군,성산면,2594
2020,4783034000,경상북도,고령군,다산면,8445
2020,4783035000,경상북도,고령군,개진면,1941
2020,4783036000,경상북도,고령군,우곡면,1591
2020,4783037000,경상북도,고령군,쌍림면,3397
2020,4784025000,경상북도,성주군,성주읍,13737
2020,4784031000,경상북도,성주군,선남면,6154
2020,4784032000,경상북도,성주군,용암면,3734
2020,4784033000,경상북도,성주군,수륜면,3111
2020,4784034000,경상북도,성주군,가천면,2035
2020,4784035000,경상북도,성주군,금수면,1212
2020,4784036000,경상북도,성주군,대가면,2452
2020,4784037000,경상북도,성주군,벽진면,3071
2020,4784038000,경상북도,성주군,초전면,4511
2020,4784039000,경상북도,성주군,월항면,3397
2020,4785025000,경상북도,칠곡군,왜관읍,33444
2020,4785025300,경상북도,칠곡군,북삼읍,24305
2020,4785025600,경상북도,칠곡군,석적읍,30889
2020,4785031000,경상북도,칠곡군,지천면,4234
2020,4785032000,경상북도,칠곡군,동명면,5312
2020,4785033000,경상북도,칠곡군,가산면,3520
2020,4785036000,경상북도,칠곡군,약목면,9824
2020,4785037000,경상북도,칠곡군,기산면,3230
2020,4790025000,경상북도,예천군,예천읍,14801
2020,4790031000,경상북도,예천군,용문면,2309
2020,4790034000,경상북도,예천군,감천면,2657
2020,4790035000,경상북도,예천군,보문면,1697
2020,4790036000,경상북도,예천군,호명면,19193
2020,4790037000,경상북도,예천군,유천면,2531
2020,4790038000,경상북도,예천군,용궁면,2456
2020,4790039000,경상북도,예천군,개포면,1523
2020,4790040000,경상북도,예천군,지보면,2721
2020,4790041000,경상북도,예천군,풍양면,3165
2020,4790042000,경상북도,예천군,효자면,1194
2020,4790043000,경상북도,예천군,은풍면,1366
2020,4792025000,경상북도,봉화군,봉화읍,10008
2020,4792031000,경상북도,봉화군,물야면,3140
2020,4792032000,경상북도,봉화군,봉성면,2116
2020,4792033000,경상북도,봉화군,법전면,2014
2020,4792034000,경상북도,봉화군,춘양면,4433
2020,4792035000,경상북도,봉화군,소천면,2224
2020,4792036000,경상북도,봉화군,재산면,1522
2020,4792037000,경상북도,봉화군,명호면,2254
2020,4792038000,경상북도,봉화군,상운면,1754
2020,4792039000,경상북도,봉화군,석포면,2029
2020,4793025000,경상북도,울진군,울진읍,14051
2020,4793025300,경상북도,울진군,평해읍,2869
2020,4793031000,경상북도,울진군,북면,6691
2020,4793031500,경상북도,울진군,북면하당출장소,708
2020,4793033000,경상북도,울진군,근남면,2768
2020,4793035000,경상북도,울진군,기성면,2548
2020,4793036000,경상북도,울진군,온정면,1753
2020,4793037000,경상북도,울진군,죽변면,6490
2020,4793038000,경상북도,울진군,후포면,7546
2020,4793039000,경상북도,울진군,금강송면,1270
2020,4793040000,경상북도,울진군,매화면,2022
2020,4794025000,경상북도,울릉군,울릉읍,6434
2020,4794031000,경상북도,울릉군,서면,878
2020,4794031500,경상북도,울릉군,서면태하출장소,444
2020,4794032000,경상북도,울릉군,북면,1321
2020,4812125000,경상남도,창원시 의창구,동읍,20051
2020,4812131000,경상남도,창원시 의창구,북면,43411
2020,4812132000,경상남도,창원시 의창구,대산면,7225
2020,4812151000,경상남도,창원시 의창구,의창동,50992
2020,4812152000,경상남도,창원시 의창구,팔룡동,37958
2020,4812153000,경상남도,창원시 의창구,명곡동,42402
2020,4812154000,경상남도,창원시 의창구,봉림동,30336
2020,4812351000,경상남도,창원시 성산구,반송동,41935
2020,4812352000,경상남도,창원시 성산구,중앙동,22953
2020,4812353000,경상남도,창원시 성산구,상남동,28257
2020,4812354000,경상남도,창원시 성산구,사파동,45636
2020,4812355000,경상남도,창원시 성산구,가음정동,41241
2020,4812356000,경상남도,창원시 성산구,성주동,26615
2020,4812357000,경상남도,창원시 성산구,웅남동,7933
2020,4812531000,경상남도,창원시 마산합포구,구산면,4318
2020,4812532000,경상남도,창원시 마산합포구,진동면,12349
2020,4812533000,경상남도,창원시 마산합포구,진북면,3544
2020,4812534000,경상남도,창원시 마산합포구,진전면,4004
2020,4812551000,경상남도,창원시 마산합포구,현동,14293
2020,4812552000,경상남도,창원시 마산합포구,가포동,941
2020,4812553000,경상남도,창원시 마산합포구,월영동,35173
2020,4812554000,경상남도,창원시 마산합포구,문화동,11277
2020,4812556500,경상남도,창원시 마산합포구,반월중앙동,14882
2020,4812557000,경상남도,창원시 마산합포구,완월동,9274
2020,4812558000,경상남도,창원시 마산합포구,자산동,10874
2020,4812561000,경상남도,창원시 마산합포구,교방동,15508
2020,4812563000,경상남도,창원시 마산합포구,오동동,19688
2020,4812564000,경상남도,창원시 마산합포구,합포동,6921
2020,4812565000,경상남도,창원시 마산합포구,산호동,12670
2020,4812725000,경상남도,창원시 마산회원구,내서읍,64835
2020,4812751000,경상남도,창원시 마산회원구,회원1동,10504
2020,4812752000,경상남도,창원시 마산회원구,회원2동,9994
2020,4812754500,경상남도,창원시 마산회원구,석전동,17142
2020,4812755000,경상남도,창원시 마산회원구,회성동,6298
2020,4812756000,경상남도,창원시 마산회원구,양덕1동,11289
2020,4812757000,경상남도,창원시 마산회원구,양덕2동,31851
2020,4812758000,경상남도,창원시 마산회원구,합성1동,9479
2020,4812759000,경상남도,창원시 마산회원구,합성2동,7772
2020,4812760000,경상남도,창원시 마산회원구,구암1동,9082
2020,4812761000,경상남도,창원시 마산회원구,구암2동,9674
2020,4812762000,경상남도,창원시 마산회원구,봉암동,3369
2020,4812953000,경상남도,창원시 진해구,충무동,17355
2020,4812954000,경상남도,창원시 진해구,여좌동,8754
2020,4812955000,경상남도,창원시 진해구,태백동,5040
2020,4812956000,경상남도,창원시 진해구,경화동,11402
2020,4812957000,경상남도,창원시 진해구,병암동,7545
2020,4812958000,경상남도,창원시 진해구,석동,17463
2020,4812959000,경상남도,창원시 진해구,이동,8576
2020,4812960000,경상남도,창원시 진해구,자은동,21460
2020,4812961000,경상남도,창원시 진해구,덕산동,10224
2020,4812962000,경상남도,창원시 진해구,풍호동,26083
2020,4812963000,경상남도,창원시 진해구,웅천동,12733
2020,4812964000,경상남도,창원시 진해구,웅동1동,6465
2020,4812965000,경상남도,창원시 진해구,웅동2동,39655
2020,4817025000,경상남도,진주시,문산읍,8188
2020,4817031000,경상남도,진주시,내동면,4132
2020,4817032000,경상남도,진주시,정촌면,8046
2020,4817033000,경상남도,진주시,금곡면,2238
2020,4817035000,경상남도,진주시,진성면,1915
2020,4817036000,경상남도,진주시,일반성면,2635
2020,4817037000,경상남도,진주시,이반성면,1607
2020,4817038000,경상남도,진주시,사봉면,1523
2020,4817039000,경상남도,진주시,지수면,1481
2020,4817040000,경상남도,진주시,대곡면,3254
2020,4817041000,경상남도,진주시,금산면,21074
2020,4817042000,경상남도,진주시,집현면,4727
2020,4817043000,경상남도,진주시,미천면,1631
2020,4817044000,경상남도,진주시,명석면,4025
2020,4817045000,경상남도,진주시,대평면,1059
2020,4817046000,경상남도,진주시,수곡면,2243
2020,4817051500,경상남도,진주시,천전동,27523
2020,4817055500,경상남도,진주시,성북동,10786
2020,4817056500,경상남도,진주시,중앙동,11284
2020,4817059500,경상남도,진주시,상봉동,14279
2020,4817067300,경상남도,진주시,상대동,19807
2020,4817067800,경상남도,진주시,하대동,24834
2020,4817068000,경상남도,진주시,상평동,11786
2020,4817069500,경상남도,진주시,초장동,26935
2020,4817071000,경상남도,진주시,평거동,27768
2020,4817071500,경상남도,진주시,신안동,11803
2020,4817072000,경상남도,진주시,이현동,12189
2020,4817073000,경상남도,진주시,판문동,21272
2020,4817074000,경상남도,진주시,가호동,26916
2020,4817075000,경상남도,진주시,충무공동,31136
2020,4822025000,경상남도,통영시,산양읍,4677
2020,4822031000,경상남도,통영시,용남면,12668
2020,4822033000,경상남도,통영시,도산면,2933
2020,4822034000,경상남도,통영시,광도면,31088
2020,4822035000,경상남도,통영시,욕지면,2018
2020,4822036000,경상남도,통영시,한산면,2025
2020,4822037000,경상남도,통영시,사량면,1506
2020,4822051000,경상남도,통영시,도천동,8932
2020,4822053000,경상남도,통영시,명정동,2993
2020,4822055000,경상남도,통영시,중앙동,4044
2020,4822059000,경상남도,통영시,정량동,9043
2020,4822060000,경상남도,통영시,북신동,10658
2020,4822066500,경상남도,통영시,미수동,11347
2020,4822067000,경상남도,통영시,봉평동,10441
2020,4822070000,경상남도,통영시,무전동,13920
2020,4824025000,경상남도,사천시,사천읍,18003
2020,4824031000,경상남도,사천시,정동면,12968
2020,4824032000,경상남도,사천시,사남면,15549
2020,4824033000,경상남도,사천시,용현면,7584
2020,4824034000,경상남도,사천시,축동면,1615
2020,4824035000,경상남도,사천시,곤양면,3443
2020,4824036000,경상남도,사천시,곤명면,2839
2020,4824037000,경상남도,사천시,서포면,3545
2020,4824051000,경상남도,사천시,동서동,6167
2020,4824052000,경상남도,사천시,선구동,5155
2020,4824053000,경상남도,사천시,동서금동,6434
2020,4824055000,경상남도,사천시,벌용동,15438
2020,4824057000,경상남도,사천시,향촌동,6775
2020,4824059500,경상남도,사천시,남양동,5322
2020,4824089000,경상남도,사천시,신수출장소,268
2020,4825025000,경상남도,김해시,진영읍,55932
2020,4825032000,경상남도,김해시,주촌면,18209
2020,4825033000,경상남도,김해시,진례면,6587
2020,4825034000,경상남도,김해시,한림면,7656
2020,4825035000,경상남도,김해시,생림면,3841
2020,4825036000,경상남도,김해시,상동면,3223
2020,4825037000,경상남도,김해시,대동면,6122
2020,4825051000,경상남도,김해시,동상동,9912
2020,4825052000,경상남도,김해시,회현동,9372
2020,4825053000,경상남도,김해시,부원동,10029
2020,4825054000,경상남도,김해시,내외동,73919
2020,4825055000,경상남도,김해시,북부동,80742
2020,4825056500,경상남도,김해시,칠산서부동,9601
2020,4825058000,경상남도,김해시,활천동,40744
2020,4825059000,경상남도,김해시,삼안동,33588
2020,4825060000,경상남도,김해시,불암동,7782
2020,4825061000,경상남도,김해시,장유1동,56598
2020,4825062000,경상남도,김해시,장유2동,36500
2020,4825063000,경상남도,김해시,장유3동,71981
2020,4827025000,경상남도,밀양시,삼랑진읍,5383
2020,4827025100,경상남도,밀양시,삼랑진임천출장소,1299
2020,4827025300,경상남도,밀양시,하남읍,7165
2020,4827031000,경상남도,밀양시,부북면,5240
2020,4827032000,경상남도,밀양시,상동면,3066
2020,4827033000,경상남도,밀양시,산외면,2821
2020,4827034000,경상남도,밀양시,산내면,3962
2020,4827035000,경상남도,밀양시,단장면,4315
2020,4827036000,경상남도,밀양시,상남면,8496
2020,4827037000,경상남도,밀양시,초동면,3424
2020,4827038000,경상남도,밀양시,무안면,5024
2020,4827039000,경상남도,밀양시,청도면,1760
2020,4827051000,경상남도,밀양시,내일동,2765
2020,4827052000,경상남도,밀양시,내이동,15836
2020,4827053000,경상남도,밀양시,삼문동,20399
2020,4827054000,경상남도,밀양시,가곡동,7974
2020,4827055000,경상남도,밀양시,교동,5902
2020,4831031000,경상남도,거제시,일운면,7961
2020,4831032000,경상남도,거제시,동부면,3131
2020,4831033000,경상남도,거제시,남부면,1605
2020,4831034000,경상남도,거제시,거제면,7293
2020,4831035000,경상남도,거제시,둔덕면,2972
2020,4831036000,경상남도,거제시,사등면,12172
2020,4831036600,경상남도,거제시,사등면가조출장소,1130
2020,4831037000,경상남도,거제시,연초면,8298
2020,4831038000,경상남도,거제시,하청면,3632
2020,4831038500,경상남도,거제시,하청면칠천출장소,1096
2020,4831039000,경상남도,거제시,장목면,3173
2020,4831039500,경상남도,거제시,장목면외포출장소,1398
2020,4831051000,경상남도,거제시,장승포동,6294
2020,4831053000,경상남도,거제시,능포동,9474
2020,4831054000,경상남도,거제시,아주동,27363
2020,4831055000,경상남도,거제시,옥포1동,7370
2020,4831056000,경상남도,거제시,옥포2동,26565
2020,4831057000,경상남도,거제시,장평동,20558
2020,4831058000,경상남도,거제시,고현동,35739
2020,4831059000,경상남도,거제시,상문동,34743
2020,4831060000,경상남도,거제시,수양동,23787
2020,4833025300,경상남도,양산시,물금읍,120421
2020,4833031000,경상남도,양산시,동면,35265
2020,4833032000,경상남도,양산시,원동면,3366
2020,4833033000,경상남도,양산시,상북면,12918
2020,4833034000,경상남도,양산시,하북면,8371
2020,4833051000,경상남도,양산시,중앙동,11506
2020,4833051500,경상남도,양산시,양주동,33637
2020,4833052000,경상남도,양산시,삼성동,22309
2020,4833053000,경상남도,양산시,강서동,9144
2020,4833054000,경상남도,양산시,서창동,28714
2020,4833055000,경상남도,양산시,소주동,20264
2020,4833056000,경상남도,양산시,평산동,31027
2020,4833057000,경상남도,양산시,덕계동,15287
2020,4872025000,경상남도,의령군,의령읍,9543
2020,4872031000,경상남도,의령군,가례면,1701
2020,4872032000,경상남도,의령군,칠곡면,1199
2020,4872033000,경상남도,의령군,대의면,1041
2020,4872034000,경상남도,의령군,화정면,1532
2020,4872035000,경상남도,의령군,용덕면,1563
2020,4872036000,경상남도,의령군,정곡면,1431
2020,4872037000,경상남도,의령군,지정면,1854
2020,4872038000,경상남도,의령군,낙서면,756
2020,4872039000,경상남도,의령군,부림면,2844
2020,4872040000,경상남도,의령군,봉수면,1006
2020,4872041500,경상남도,의령군,궁류면,1156
2020,4872042000,경상남도,의령군,유곡면,1174
2020,4873025000,경상남도,함안군,가야읍,18666
2020,4873025300,경상남도,함안군,칠원읍,19486
2020,4873031000,경상남도,함안군,함안면,2401
2020,4873032000,경상남도,함안군,군북면,6228
2020,4873033000,경상남도,함안군,법수면,2888
2020,4873034000,경상남도,함안군,대산면,3478
2020,4873035000,경상남도,함안군,칠서면,5404
2020,4873036000,경상남도,함안군,칠북면,1948
2020,4873038000,경상남도,함안군,산인면,2771
2020,4873039000,경상남도,함안군,여항면,912
2020,4874025000,경상남도,창녕군,창녕읍,16994
2020,4874025300,경상남도,창녕군,남지읍,12263
2020,4874031000,경상남도,창녕군,고암면,2034
2020,4874032000,경상남도,창녕군,성산면,1588
2020,4874033000,경상남도,창녕군,대합면,3878
2020,4874034000,경상남도,창녕군,이방면,2540
2020,4874035000,경상남도,창녕군,유어면,1781
2020,4874036000,경상남도,창녕군,대지면,2569
2020,4874037000,경상남도,창녕군,계성면,2363
2020,4874038000,경상남도,창녕군,영산면,5546
2020,4874039000,경상남도,창녕군,장마면,1863
2020,4874040000,경상남도,창녕군,도천면,2768
2020,4874041000,경상남도,창녕군,길곡면,1535
2020,4874042000,경상남도,창녕군,부곡면,3579
2020,4882025000,경상남도,고성군,고성읍,24493
2020,4882031000,경상남도,고성군,삼산면,1759
2020,4882032000,경상남도,고성군,하일면,1848
2020,4882033000,경상남도,고성군,하이면,2760
2020,4882034000,경상남도,고성군,상리면,1591
2020,4882035000,경상남도,고성군,대가면,1689
2020,4882036000,경상남도,고성군,영현면,858
2020,4882037000,경상남도,고성군,영오면,1439
2020,4882038000,경상남도,고성군,개천면,1129
2020,4882039000,경상남도,고성군,구만면,1010
2020,4882040000,경상남도,고성군,회화면,3605
2020,4882041000,경상남도,고성군,마암면,1764
2020,4882042000,경상남도,고성군,동해면,3088
2020,4882043000,경상남도,고성군,거류면,4328
2020,4884025000,경상남도,남해군,남해읍,13222
2020,4884031000,경상남도,남해군,이동면,3733
2020,4884032000,경상남도,남해군,상주면,1609
2020,4884033000,경상남도,남해군,삼동면,3902
2020,4884034000,경상남도,남해군,미조면,2348
2020,4884035000,경상남도,남해군,남면,3534
2020,4884036000,경상남도,남해군,서면,2624
2020,4884037000,경상남도,남해군,고현면,3543
2020,4884038000,경상남도,남해군,설천면,2876
2020,4884039000,경상남도,남해군,창선면,5567
2020,4885025000,경상남도,하동군,하동읍,10021
2020,4885031000,경상남도,하동군,화개면,3058
2020,4885032000,경상남도,하동군,악양면,3527
2020,4885033000,경상남도,하동군,적량면,1945
2020,4885034000,경상남도,하동군,횡천면,1904
2020,4885035000,경상남도,하동군,고전면,2293
2020,4885036000,경상남도,하동군,금남면,3494
2020,4885037000,경상남도,하동군,진교면,6041
2020,4885038000,경상남도,하동군,양보면,1764
2020,4885039000,경상남도,하동군,북천면,1747
2020,4885040000,경상남도,하동군,청암면,1527
2020,4885041000,경상남도,하동군,옥종면,4344
2020,4885042000,경상남도,하동군,금성면,3120
2020,4886025000,경상남도,산청군,산청읍,6840
2020,4886031000,경상남도,산청군,차황면,1413
2020,4886032000,경상남도,산청군,오부면,1065
2020,4886033000,경상남도,산청군,생초면,2035
2020,4886034000,경상남도,산청군,금서면,2884
2020,4886035000,경상남도,산청군,삼장면,1836
2020,4886036000,경상남도,산청군,시천면,4156
2020,4886037000,경상남도,산청군,단성면,5603
2020,4886038000,경상남도,산청군,신안면,5732
2020,4886039000,경상남도,산청군,생비량면,1187
2020,4886040000,경상남도,산청군,신등면,2106
2020,4887025000,경상남도,함양군,함양읍,18418
2020,4887031000,경상남도,함양군,마천면,2172
2020,4887032000,경상남도,함양군,휴천면,1620
2020,4887033000,경상남도,함양군,유림면,1656
2020,4887034000,경상남도,함양군,수동면,2403
2020,4887035000,경상남도,함양군,지곡면,2044
2020,4887036000,경상남도,함양군,안의면,4574
2020,4887037000,경상남도,함양군,서하면,1445
2020,4887038000,경상남도,함양군,서상면,1836
2020,4887039000,경상남도,함양군,백전면,1553
2020,4887040000,경상남도,함양군,병곡면,1359
2020,4888025000,경상남도,거창군,거창읍,40899
2020,4888031000,경상남도,거창군,주상면,1527
2020,4888032000,경상남도,거창군,웅양면,1875
2020,4888033000,경상남도,거창군,고제면,1416
2020,4888034000,경상남도,거창군,북상면,1521
2020,4888035000,경상남도,거창군,위천면,1965
2020,4888036000,경상남도,거창군,마리면,1987
2020,4888037000,경상남도,거창군,남상면,2341
2020,4888038000,경상남도,거창군,남하면,1424
2020,4888039000,경상남도,거창군,신원면,1467
2020,4888040000,경상남도,거창군,가조면,3732
2020,4888041000,경상남도,거창군,가북면,1348
2020,4889025000,경상남도,합천군,합천읍,11339
2020,4889031000,경상남도,합천군,봉산면,1444
2020,4889032000,경상남도,합천군,묘산면,1597
2020,4889033000,경상남도,합천군,가야면,4272
2020,4889034000,경상남도,합천군,야로면,2428
2020,4889035000,경상남도,합천군,율곡면,2250
2020,4889036000,경상남도,합천군,초계면,2478
2020,4889037000,경상남도,합천군,쌍책면,1282
2020,4889038000,경상남도,합천군,덕곡면,866
2020,4889039000,경상남도,합천군,청덕면,1655
2020,4889040000,경상남도,합천군,적중면,1429
2020,4889041000,경상남도,합천군,대양면,1844
2020,4889042000,경상남도,합천군,쌍백면,1771
2020,4889043000,경상남도,합천군,삼가면,3280
2020,4889044000,경상남도,합천군,가회면,1787
2020,4889045000,경상남도,합천군,대병면,2064
2020,4889046000,경상남도,합천군,용주면,2220
2020,5011025000,제주특별자치도,제주시,한림읍,21249
2020,5011025300,제주특별자치도,제주시,애월읍,36913
2020,5011025600,제주특별자치도,제주시,구좌읍,15546
2020,5011025900,제주특별자치도,제주시,조천읍,25339
2020,5011031000,제주특별자치도,제주시,한경면,9029
2020,5011032000,제주특별자치도,제주시,추자면,1677
2020,5011033000,제주특별자치도,제주시,우도면,1740
2020,5011051000,제주특별자치도,제주시,일도1동,2584
2020,5011052000,제주특별자치도,제주시,일도2동,33062
2020,5011053000,제주특별자치도,제주시,이도1동,7683
2020,5011054000,제주특별자치도,제주시,이도2동,49834
2020,5011055000,제주특별자치도,제주시,삼도1동,13586
2020,5011056000,제주특별자치도,제주시,삼도2동,8005
2020,5011057000,제주특별자치도,제주시,용담1동,7050
2020,5011058000,제주특별자치도,제주시,용담2동,14798
2020,5011059000,제주특별자치도,제주시,건입동,9091
2020,5011060000,제주특별자치도,제주시,화북동,24456
2020,5011061000,제주특별자치도,제주시,삼양동,25837
2020,5011062000,제주특별자치도,제주시,봉개동,5285
2020,5011063000,제주특별자치도,제주시,아라동,37070
2020,5011064000,제주특별자치도,제주시,오라동,15746
2020,5011065000,제주특별자치도,제주시,연동,41910
2020,5011066000,제주특별자치도,제주시,노형동,55087
2020,5011067000,제주특별자치도,제주시,외도동,22055
2020,5011068000,제주특별자치도,제주시,이호동,4572
2020,5011069000,제주특별자치도,제주시,도두동,3262
2020,5013025000,제주특별자치도,서귀포시,대정읍,21761
2020,5013025300,제주특별자치도,서귀포시,남원읍,18766
2020,5013025900,제주특별자치도,서귀포시,성산읍,15412
2020,5013031000,제주특별자치도,서귀포시,안덕면,11982
2020,5013032000,제주특별자치도,서귀포시,표선면,12325
2020,5013051000,제주특별자치도,서귀포시,송산동,4171
2020,5013052000,제주특별자치도,서귀포시,정방동,2196
2020,5013053000,제주특별자치도,서귀포시,중앙동,3519
2020,5013054000,제주특별자치도,서귀포시,천지동,3524
2020,5013055000,제주특별자치도,서귀포시,효돈동,5253
2020,5013056000,제주특별자치도,서귀포시,영천동,5199
2020,5013057000,제주특별자치도,서귀포시,동홍동,23233
2020,5013058000,제주특별자치도,서귀포시,서홍동,10618
2020,5013059000,제주특별자치도,서귀포시,대륜동,14765
2020,5013060000,제주특별자치도,서귀포시,대천동,13921
2020,5013061000,제주특별자치도,서귀포시,중문동,11586
2020,5013062000,제주특별자치도,서귀포시,예래동,3938
2021,1111051500,서울특별시,종로구,청운효자동,11978
2021,1111053000,서울특별시,종로구,사직동,9372
2021,1111054000,서울특별시,종로구,삼청동,2456
2021,1111055000,서울특별시,종로구,부암동,9579
2021,1111056000,서울특별시,종로구,평창동,18152
2021,1111057000,서울특별시,종로구,무악동,8259
2021,1111058000,서울특별시,종로구,교남동,10046
2021,1111060000,서울특별시,종로구,가회동,4088
2021,1111061500,서울특별시,종로구,종로1.2.3.4가동,7197
2021,1111063000,서울특별시,종로구,종로5.6가동,5089
2021,1111064000,서울특별시,종로구,이화동,7231
2021,1111065000,서울특별시,종로구,혜화동,16383
2021,1111067000,서울특별시,종로구,창신제1동,4891
2021,1111068000,서울특별시,종로구,창신제2동,7911
2021,1111069000,서울특별시,종로구,창신제3동,6575
2021,1111070000,서울특별시,종로구,숭인제1동,5837
2021,1111071000,서울특별시,종로구,숭인제2동,9639
2021,1114052000,서울특별시,중구,소공동,2250
2021,1114054000,서울특별시,중구,회현동,4784
2021,1114055000,서울특별시,중구,명동,2884
2021,1114057000,서울특별시,중구,필동,4023
2021,1114058000,서울특별시,중구,장충동,4590
2021,1114059000,서울특별시,중구,광희동,5255
2021,1114060500,서울특별시,중구,을지로동,1738
2021,1114061500,서울특별시,중구,신당동,7673
2021,1114062500,서울특별시,중구,다산동,13798
2021,1114063500,서울특별시,중구,약수동,16676
2021,1114064500,서울특별시,중구,청구동,13588
2021,1114065000,서울특별시,중구,신당제5동,10363
2021,1114066500,서울특별시,중구,동화동,10266
2021,1114067000,서울특별시,중구,황학동,12576
2021,1114068000,서울특별시,중구,중림동,12035
2021,1117051000,서울특별시,용산구,후암동,16833
2021,1117052000,서울특별시,용산구,용산2가동,9456
2021,1117053000,서울특별시,용산구,남영동,7351
2021,1117055500,서울특별시,용산구,청파동,19471
2021,1117056000,서울특별시,용산구,원효로제1동,15950
2021,1117057000,서울특별시,용산구,원효로제2동,13751
2021,1117058000,서울특별시,용산구,효창동,10037
2021,1117059000,서울특별시,용산구,용문동,11863
2021,1117062500,서울특별시,용산구,한강로동,21763
2021,1117063000,서울특별시,용산구,이촌제1동,25893
2021,1117064000,서울특별시,용산구,이촌제2동,8303
2021,1117065000,서울특별시,용산구,이태원제1동,6392
2021,1117066000,서울특별시,용산구,이태원제2동,8997
2021,1117068500,서울특별시,용산구,한남동,20389
2021,1117069000,서울특별시,용산구,서빙고동,13051
2021,1117070000,서울특별시,용산구,보광동,13453
2021,1120052000,서울특별시,성동구,왕십리제2동,16475
2021,1120053500,서울특별시,성동구,왕십리도선동,26430
2021,1120054000,서울특별시,성동구,마장동,22362
2021,1120055000,서울특별시,성동구,사근동,11915
2021,1120056000,서울특별시,성동구,행당제1동,13904
2021,1120057000,서울특별시,성동구,행당제2동,23280
2021,1120058000,서울특별시,성동구,응봉동,15408
2021,1120059000,서울특별시,성동구,금호1가동,15240
2021,1120061500,서울특별시,성동구,금호2.3가동,22735
2021,1120062000,서울특별시,성동구,금호4가동,14325
2021,1120064500,서울특별시,성동구,옥수동,26033
2021,1120065000,서울특별시,성동구,성수1가제1동,16514
2021,1120066000,서울특별시,성동구,성수1가제2동,12643
2021,1120067000,서울특별시,성동구,성수2가제1동,15806
2021,1120069000,서울특별시,성동구,성수2가제3동,10757
2021,1120072000,서울특별시,성동구,송정동,10516
2021,1120079000,서울특별시,성동구,용답동,11647
2021,1121571000,서울특별시,광진구,화양동,23138
2021,1121573000,서울특별시,광진구,군자동,19591
2021,1121574000,서울특별시,광진구,중곡제1동,15496
2021,1121575000,서울특별시,광진구,중곡제2동,21428
2021,1121576000,서울특별시,광진구,중곡제3동,16135
2021,1121577000,서울특별시,광진구,중곡제4동,28577
2021,1121578000,서울특별시,광진구,능동,11301
2021,1121581000,서울특별시,광진구,광장동,34665
2021,1121582000,서울특별시,광진구,자양제1동,22285
2021,1121583000,서울특별시,광진구,자양제2동,24632
2021,1121584000,서울특별시,광진구,자양제3동,28073
2021,1121584700,서울특별시,광진구,자양제4동,17957
2021,1121585000,서울특별시,광진구,구의제1동,21542
2021,1121586000,서울특별시,광진구,구의제2동,26522
2021,1121587000,서울특별시,광진구,구의제3동,28654
2021,1123053600,서울특별시,동대문구,용신동,31619
2021,1123054500,서울특별시,동대문구,제기동,24617
2021,1123056000,서울특별시,동대문구,전농제1동,29198
2021,1123057000,서울특별시,동대문구,전농제2동,18557
2021,1123060000,서울특별시,동대문구,답십리제1동,28991
2021,1123061000,서울특별시,동대문구,답십리제2동,28334
2021,1123065000,서울특별시,동대문구,장안제1동,38241
2021,1123066000,서울특별시,동대문구,장안제2동,32484
2021,1123070500,서울특별시,동대문구,청량리동,18813
2021,1123071000,서울특별시,동대문구,회기동,10498
2021,1123072000,서울특별시,동대문구,휘경제1동,13927
2021,1123073000,서울특별시,동대문구,휘경제2동,24115
2021,1123074000,서울특별시,동대문구,이문제1동,18019
2021,1123075000,서울특별시,동대문구,이문제2동,19987
2021,1126052000,서울특별시,중랑구,면목제2동,24049
2021,1126054000,서울특별시,중랑구,면목제4동,19029
2021,1126055000,서울특별시,중랑구,면목제5동,14784
2021,1126056500,서울특별시,중랑구,면목본동,33478
2021,1126057000,서울특별시,중랑구,면목제7동,21756
2021,1126057500,서울특별시,중랑구,면목제3.8동,24759
2021,1126058000,서울특별시,중랑구,상봉제1동,24046
2021,1126059000,서울특별시,중랑구,상봉제2동,20341
2021,1126060000,서울특별시,중랑구,중화제1동,19611
2021,1126061000,서울특별시,중랑구,중화제2동,24875
2021,1126062000,서울특별시,중랑구,묵제1동,34443
2021,1126063000,서울특별시,중랑구,묵제2동,18718
2021,1126065500,서울특별시,중랑구,망우본동,32155
2021,1126066000,서울특별시,중랑구,망우제3동,16359
2021,1126068000,서울특별시,중랑구,신내1동,38512
2021,1126069000,서울특별시,중랑구,신내2동,20435
2021,1129052500,서울특별시,성북구,성북동,16522
2021,1129055500,서울특별시,성북구,삼선동,22871
2021,1129057500,서울특별시,성북구,동선동,15480
2021,1129058000,서울특별시,성북구,돈암제1동,14687
2021,1129059000,서울특별시,성북구,돈암제2동,23825
2021,1129060000,서울특별시,성북구,안암동,14936
2021,1129061000,서울특별시,성북구,보문동,15416
2021,1129062000,서울특별시,성북구,정릉제1동,18178
2021,1129063000,서울특별시,성북구,정릉제2동,23048
2021,1129064000,서울특별시,성북구,정릉제3동,15046
2021,1129065000,서울특별시,성북구,정릉제4동,24873
2021,1129066000,서울특별시,성북구,길음제1동,35462
2021,1129068500,서울특별시,성북구,길음제2동,16653
2021,1129070500,서울특별시,성북구,종암동,38809
2021,1129071500,서울특별시,성북구,월곡제1동,26335
2021,1129072500,서울특별시,성북구,월곡제2동,19442
2021,1129076000,서울특별시,성북구,장위제1동,24315
2021,1129077000,서울특별시,성북구,장위제2동,13740
2021,1129078000,서울특별시,성북구,장위제3동,15855
2021,1129081000,서울특별시,성북구,석관동,35035
2021,1130553400,서울특별시,강북구,삼양동,23629
2021,1130553500,서울특별시,강북구,미아동,21504
2021,1130554500,서울특별시,강북구,송중동,29478
2021,1130555500,서울특별시,강북구,송천동,26380
2021,1130557500,서울특별시,강북구,삼각산동,31361
2021,1130559500,서울특별시,강북구,번1동,18353
2021,1130560300,서울특별시,강북구,번2동,15847
2021,1130560800,서울특별시,강북구,번3동,16846
2021,1130561500,서울특별시,강북구,수유1동,20639
2021,1130562500,서울특별시,강북구,수유2동,21278
2021,1130563500,서울특별시,강북구,수유3동,22983
2021,1130564500,서울특별시,강북구,우이동,20542
2021,1130566000,서울특별시,강북구,인수동,30342
2021,1132051100,서울특별시,도봉구,창제1동,24706
2021,1132051200,서울특별시,도봉구,창제2동,29099
2021,1132051300,서울특별시,도봉구,창제3동,13836
2021,1132051400,서울특별시,도봉구,창제4동,26496
2021,1132051500,서울특별시,도봉구,창제5동,24607
2021,1132052100,서울특별시,도봉구,도봉제1동,21072
2021,1132052200,서울특별시,도봉구,도봉제2동,26837
2021,1132066000,서울특별시,도봉구,쌍문제1동,21380
2021,1132067000,서울특별시,도봉구,쌍문제2동,18728
2021,1132068000,서울특별시,도봉구,쌍문제3동,16614
2021,1132068100,서울특별시,도봉구,쌍문제4동,18606
2021,1132069000,서울특별시,도봉구,방학제1동,28673
2021,1132070000,서울특별시,도봉구,방학제2동,19669
2021,1132071000,서울특별시,도봉구,방학제3동,27043
2021,1135056000,서울특별시,노원구,월계1동,21602
2021,1135057000,서울특별시,노원구,월계2동,26568
2021,1135058000,서울특별시,노원구,월계3동,29885
2021,1135059500,서울특별시,노원구,공릉1동,36610
2021,1135060000,서울특별시,노원구,공릉2동,40374
2021,1135061100,서울특별시,노원구,하계1동,26562
2021,1135061200,서울특별시,노원구,하계2동,21977
2021,1135061900,서울특별시,노원구,중계본동,23955
2021,1135062100,서울특별시,노원구,중계1동,26778
2021,1135062400,서울특별시,노원구,중계4동,19928
2021,1135062500,서울특별시,노원구,중계2.3동,34196
2021,1135063000,서울특별시,노원구,상계1동,38126
2021,1135064000,서울특별시,노원구,상계2동,19980
2021,1135066500,서울특별시,노원구,상계3.4동,26166
2021,1135067000,서울특별시,노원구,상계5동,23940
2021,1135069500,서울특별시,노원구,상계6.7동,32641
2021,1135070000,서울특별시,노원구,상계8동,22547
2021,1135071000,서울특별시,노원구,상계9동,20444
2021,1135072000,서울특별시,노원구,상계10동,18677
2021,1138051000,서울특별시,은평구,녹번동,36807
2021,1138052000,서울특별시,은평구,불광제1동,38518
2021,1138053000,서울특별시,은평구,불광제2동,27545
2021,1138055100,서울특별시,은평구,갈현제1동,21876
2021,1138055200,서울특별시,은평구,갈현제2동,28240
2021,1138056000,서울특별시,은평구,구산동,32207
2021,1138057000,서울특별시,은평구,대조동,26881
2021,1138058000,서울특별시,은평구,응암제1동,32960
2021,1138059000,서울특별시,은평구,응암제2동,27912
2021,1138060000,서울특별시,은평구,응암제3동,24336
2021,1138062500,서울특별시,은평구,역촌동,45384
2021,1138063100,서울특별시,은평구,신사제1동,27031
2021,1138063200,서울특별시,은평구,신사제2동,20211
2021,1138064000,서울특별시,은평구,증산동,14909
2021,1138065000,서울특별시,은평구,수색동,12692
2021,1138069000,서울특별시,은평구,진관동,55798
2021,1141052000,서울특별시,서대문구,천연동,17121
2021,1141055500,서울특별시,서대문구,북아현동,15930
2021,1141056500,서울특별시,서대문구,충현동,20355
2021,1141058500,서울특별시,서대문구,신촌동,19752
2021,1141061500,서울특별시,서대문구,연희동,34976
2021,1141062000,서울특별시,서대문구,홍제제1동,23676
2021,1141064000,서울특별시,서대문구,홍제제3동,15336
2021,1141065500,서울특별시,서대문구,홍제제2동,13703
2021,1141066000,서울특별시,서대문구,홍은제1동,22697
2021,1141068500,서울특별시,서대문구,홍은제2동,26496
2021,1141069000,서울특별시,서대문구,남가좌제1동,15409
2021,1141070000,서울특별시,서대문구,남가좌제2동,29780
2021,1141071000,서울특별시,서대문구,북가좌제1동,18009
2021,1141072000,서울특별시,서대문구,북가좌제2동,31579
2021,1144055500,서울특별시,마포구,아현동,25233
2021,1144056500,서울특별시,마포구,공덕동,37164
2021,1144058500,서울특별시,마포구,도화동,21151
2021,1144059000,서울특별시,마포구,용강동,21619
2021,1144060000,서울특별시,마포구,대흥동,14517
2021,1144061000,서울특별시,마포구,염리동,16817
2021,1144063000,서울특별시,마포구,신수동,22489
2021,1144065500,서울특별시,마포구,서강동,24938
2021,1144066000,서울특별시,마포구,서교동,24826
2021,1144068000,서울특별시,마포구,합정동,17311
2021,1144069000,서울특별시,마포구,망원제1동,20041
2021,1144070000,서울특별시,마포구,망원제2동,18567
2021,1144071000,서울특별시,마포구,연남동,14914
2021,1144072000,서울특별시,마포구,성산제1동,18930
2021,1144073000,서울특별시,마포구,성산제2동,39608
2021,1144074000,서울특별시,마포구,상암동,30780
2021,1147051000,서울특별시,양천구,목1동,30750
2021,1147052000,서울특별시,양천구,목2동,29903
2021,1147053000,서울특별시,양천구,목3동,21815
2021,1147054000,서울특별시,양천구,목4동,25372
2021,1147055000,서울특별시,양천구,목5동,41239
2021,1147056000,서울특별시,양천구,신월1동,20422
2021,1147057000,서울특별시,양천구,신월2동,20665
2021,1147058000,서울특별시,양천구,신월3동,15191
2021,1147059000,서울특별시,양천구,신월4동,17926
2021,1147060000,서울특별시,양천구,신월5동,14615
2021,1147061000,서울특별시,양천구,신월6동,13893
2021,1147061100,서울특별시,양천구,신월7동,19783
2021,1147062000,서울특별시,양천구,신정1동,20374
2021,1147063000,서울특별시,양천구,신정2동,19491
2021,1147064000,서울특별시,양천구,신정3동,49627
2021,1147065000,서울특별시,양천구,신정4동,32698
2021,1147067000,서울특별시,양천구,신정6동,24528
2021,1147068000,서울특별시,양천구,신정7동,29010
2021,1150051000,서울특별시,강서구,염창동,41637
2021,1150052000,서울특별시,강서구,등촌제1동,24239
2021,1150053000,서울특별시,강서구,등촌제2동,20303
2021,1150053500,서울특별시,강서구,등촌제3동,30544
2021,1150054000,서울특별시,강서구,화곡제1동,51801
2021,1150055000,서울특별시,강서구,화곡제2동,17840
2021,1150056000,서울특별시,강서구,화곡제3동,21525
2021,1150057000,서울특별시,강서구,화곡제4동,20532
2021,1150059000,서울특별시,강서구,화곡본동,34202
2021,1150059100,서울특별시,강서구,화곡제6동,24869
2021,1150059300,서울특별시,강서구,화곡제8동,24383
2021,1150060300,서울특별시,강서구,가양제1동,34115
2021,1150060400,서울특별시,강서구,가양제2동,14026
2021,1150060500,서울특별시,강서구,가양제3동,15040
2021,1150061100,서울특별시,강서구,발산제1동,36416
2021,1150061500,서울특별시,강서구,우장산동,42923
2021,1150062000,서울특별시,강서구,공항동,30842
2021,1150063000,서울특별시,강서구,방화제1동,42932
2021,1150064000,서울특별시,강서구,방화제2동,23355
2021,1150064100,서울특별시,강서구,방화제3동,22791
2021,1153051000,서울특별시,구로구,신도림동,36049
2021,1153052000,서울특별시,구로구,구로제1동,20827
2021,1153053000,서울특별시,구로구,구로제2동,23802
2021,1153054000,서울특별시,구로구,구로제3동,23529
2021,1153055000,서울특별시,구로구,구로제4동,19667
2021,1153056000,서울특별시,구로구,구로제5동,29212
2021,1153059500,서울특별시,구로구,가리봉동,8958
2021,1153072000,서울특별시,구로구,고척제1동,22337
2021,1153073000,서울특별시,구로구,고척제2동,26631
2021,1153074000,서울특별시,구로구,개봉제1동,33775
2021,1153075000,서울특별시,구로구,개봉제2동,30894
2021,1153076000,서울특별시,구로구,개봉제3동,20222
2021,1153077000,서울특별시,구로구,오류제1동,22540
2021,1153078000,서울특별시,구로구,오류제2동,38456
2021,1153079000,서울특별시,구로구,수궁동,23506
2021,1153080000,서울특별시,구로구,항동,16349
2021,1154551000,서울특별시,금천구,가산동,23669
2021,1154561000,서울특별시,금천구,독산제1동,44873
2021,1154562000,서울특별시,금천구,독산제2동,18706
2021,1154563000,서울특별시,금천구,독산제3동,24152
2021,1154564000,서울특별시,금천구,독산제4동,15142
2021,1154567000,서울특별시,금천구,시흥제1동,32826
2021,1154568000,서울특별시,금천구,시흥제2동,21228
2021,1154569000,서울특별시,금천구,시흥제3동,10800
2021,1154570000,서울특별시,금천구,시흥제4동,20249
2021,1154571000,서울특별시,금천구,시흥제5동,19166
2021,1156051500,서울특별시,영등포구,영등포본동,21254
2021,1156053500,서울특별시,영등포구,영등포동,29233
2021,1156054000,서울특별시,영등포구,여의동,33071
2021,1156055000,서울특별시,영등포구,당산제1동,20300
2021,1156056000,서울특별시,영등포구,당산제2동,37520
2021,1156058500,서울특별시,영등포구,도림동,17730
2021,1156060500,서울특별시,영등포구,문래동,32627
2021,1156061000,서울특별시,영등포구,양평제1동,18197
2021,1156062000,서울특별시,영등포구,양평제2동,22301
2021,1156063000,서울특별시,영등포구,신길제1동,17342
2021,1156065000,서울특별시,영등포구,신길제3동,16561
2021,1156066000,서울특별시,영등포구,신길제4동,12324
2021,1156067000,서울특별시,영등포구,신길제5동,10611
2021,1156068000,서울특별시,영등포구,신길제6동,19076
2021,1156069000,서울특별시,영등포구,신길제7동,19968
2021,1156070000,서울특별시,영등포구,대림제1동,14525
2021,1156071000,서울특별시,영등포구,대림제2동,11912
2021,1156072000,서울특별시,영등포구,대림제3동,22285
2021,1159051000,서울특별시,동작구,노량진제1동,31962
2021,1159052000,서울특별시,동작구,노량진제2동,10844
2021,1159053000,서울특별시,동작구,상도제1동,44087
2021,1159054000,서울특별시,동작구,상도제2동,28107
2021,1159055000,서울특별시,동작구,상도제3동,24512
2021,1159056000,서울특별시,동작구,상도제4동,28577
2021,1159060500,서울특별시,동작구,흑석동,31485
2021,1159062000,서울특별시,동작구,사당제1동,22856
2021,1159063000,서울특별시,동작구,사당제2동,27780
2021,1159064000,서울특별시,동작구,사당제3동,24344
2021,1159065000,서울특별시,동작구,사당제4동,14141
2021,1159065100,서울특별시,동작구,사당제5동,14467
2021,1159066000,서울특별시,동작구,대방동,37990
2021,1159067000,서울특별시,동작구,신대방제1동,23142
2021,1159068000,서울특별시,동작구,신대방제2동,21189
2021,1162052500,서울특별시,관악구,보라매동,24412
2021,1162054500,서울특별시,관악구,청림동,15118
2021,1162056500,서울특별시,관악구,성현동,29209
2021,1162057500,서울특별시,관악구,행운동,28931
2021,1162058500,서울특별시,관악구,낙성대동,16847
2021,1162059500,서울특별시,관악구,청룡동,35422
2021,1162060500,서울특별시,관악구,은천동,33156
2021,1162061500,서울특별시,관악구,중앙동,15106
2021,1162062500,서울특별시,관악구,인헌동,25799
2021,1162063000,서울특별시,관악구,남현동,18085
2021,1162064500,서울특별시,관악구,서원동,22593
2021,1162065500,서울특별시,관악구,신원동,17840
2021,1162066500,서울특별시,관악구,서림동,23062
2021,1162068500,서울특별시,관악구,신사동,22560
2021,1162069500,서울특별시,관악구,신림동,22365
2021,1162071500,서울특별시,관악구,난향동,15298
2021,1162072500,서울특별시,관악구,조원동,17338
2021,1162073500,서울특별시,관악구,대학동,23385
2021,1162074500,서울특별시,관악구,삼성동,21902
2021,1162076500,서울특별시,관악구,미성동,30512
2021,1162077500,서울특별시,관악구,난곡동,26759
2021,1165051000,서울특별시,서초구,서초1동,20524
2021,1165052000,서울특별시,서초구,서초2동,26237
2021,1165053000,서울특별시,서초구,서초3동,32437
2021,1165053100,서울특별시,서초구,서초4동,30833
2021,1165054000,서울특별시,서초구,잠원동,26771
2021,1165055000,서울특별시,서초구,반포본동,1969
2021,1165056000,서울특별시,서초구,반포1동,34464
2021,1165057000,서울특별시,서초구,반포2동,15707
2021,1165058000,서울특별시,서초구,반포3동,22190
2021,1165058100,서울특별시,서초구,반포4동,19177
2021,1165059000,서울특별시,서초구,방배본동,20907
2021,1165060000,서울특별시,서초구,방배1동,16848
2021,1165061000,서울특별시,서초구,방배2동,19347
2021,1165062000,서울특별시,서초구,방배3동,18783
2021,1165062100,서울특별시,서초구,방배4동,23524
2021,1165065100,서울특별시,서초구,양재1동,43074
2021,1165065200,서울특별시,서초구,양재2동,21927
2021,1165066000,서울특별시,서초구,내곡동,17560
2021,1168051000,서울특별시,강남구,신사동,15993
2021,1168052100,서울특별시,강남구,논현1동,22073
2021,1168053100,서울특별시,강남구,논현2동,21018
2021,1168054500,서울특별시,강남구,압구정동,26305
2021,1168056500,서울특별시,강남구,청담동,25684
2021,1168058000,서울특별시,강남구,삼성1동,12878
2021,1168059000,서울특별시,강남구,삼성2동,30436
2021,1168060000,서울특별시,강남구,대치1동,24165
2021,1168061000,서울특별시,강남구,대치2동,36507
2021,1168063000,서울특별시,강남구,대치4동,19815
2021,1168064000,서울특별시,강남구,역삼1동,35587
2021,1168065000,서울특별시,강남구,역삼2동,36072
2021,1168065500,서울특별시,강남구,도곡1동,21405
2021,1168065600,서울특별시,강남구,도곡2동,33163
2021,1168066000,서울특별시,강남구,개포1동,6470
2021,1168067000,서울특별시,강남구,개포2동,27874
2021,1168069000,서울특별시,강남구,개포4동,23710
2021,1168070000,서울특별시,강남구,세곡동,43232
2021,1168072000,서울특별시,강남구,일원본동,23260
2021,1168073000,서울특별시,강남구,일원1동,15073
2021,1168075000,서울특별시,강남구,수서동,14804
2021,1171051000,서울특별시,송파구,풍납1동,12869
2021,1171052000,서울특별시,송파구,풍납2동,24785
2021,1171053100,서울특별시,송파구,거여1동,12539
2021,1171053200,서울특별시,송파구,거여2동,18726
2021,1171054000,서울특별시,송파구,마천1동,18916
2021,1171055000,서울특별시,송파구,마천2동,18713
2021,1171056100,서울특별시,송파구,방이1동,15682
2021,1171056200,서울특별시,송파구,방이2동,26489
2021,1171056600,서울특별시,송파구,오륜동,18061
2021,1171057000,서울특별시,송파구,오금동,38446
2021,1171058000,서울특별시,송파구,송파1동,23845
2021,1171059000,서울특별시,송파구,송파2동,19130
2021,1171060000,서울특별시,송파구,석촌동,31584
2021,1171061000,서울특별시,송파구,삼전동,30325
2021,1171062000,서울특별시,송파구,가락본동,26252
2021,1171063100,서울특별시,송파구,가락1동,27265
2021,1171063200,서울특별시,송파구,가락2동,32229
2021,1171064100,서울특별시,송파구,문정1동,20012
2021,1171064200,서울특별시,송파구,문정2동,28871
2021,1171064600,서울특별시,송파구,장지동,29534
2021,1171064700,서울특별시,송파구,위례동,39095
2021,1171065000,서울특별시,송파구,잠실본동,27953
2021,1171067000,서울특별시,송파구,잠실2동,35036
2021,1171068000,서울특별시,송파구,잠실3동,34338
2021,1171069000,서울특별시,송파구,잠실4동,21318
2021,1171071000,서울특별시,송파구,잠실6동,16775
2021,1171072000,서울특별시,송파구,잠실7동,9550
2021,1174051500,서울특별시,강동구,강일동,32794
2021,1174052500,서울특별시,강동구,상일제1동,38834
2021,1174052600,서울특별시,강동구,상일제2동,10166
2021,1174053000,서울특별시,강동구,명일제1동,25856
2021,1174054000,서울특별시,강동구,명일제2동,17524
2021,1174055000,서울특별시,강동구,고덕제1동,24301
2021,1174056000,서울특별시,강동구,고덕제2동,22177
2021,1174057000,서울특별시,강동구,암사제1동,34486
2021,1174058000,서울특별시,강동구,암사제2동,15197
2021,1174059000,서울특별시,강동구,암사제3동,17898
2021,1174060000,서울특별시,강동구,천호제1동,26738
2021,1174061000,서울특별시,강동구,천호제2동,33154
2021,1174062000,서울특별시,강동구,천호제3동,26564
2021,1174064000,서울특별시,강동구,성내제1동,19915
2021,1174065000,서울특별시,강동구,성내제2동,23534
2021,1174066000,서울특별시,강동구,성내제3동,23079
2021,1174068500,서울특별시,강동구,길동,45653
2021,1174069000,서울특별시,강동구,둔촌제1동,133
2021,1174070000,서울특별시,강동구,둔촌제2동,24661
2021,2611051000,부산광역시,중구,중앙동,2937
2021,2611052000,부산광역시,중구,동광동,2675
2021,2611053000,부산광역시,중구,대청동,6252
2021,2611054500,부산광역시,중구,보수동,10521
2021,2611056000,부산광역시,중구,부평동,4511
2021,2611057000,부산광역시,중구,광복동,974
2021,2611058000,부산광역시,중구,남포동,915
2021,2611059000,부산광역시,중구,영주제1동,4693
2021,2611060000,부산광역시,중구,영주제2동,7046
2021,2614051000,부산광역시,서구,동대신제1동,5614
2021,2614052000,부산광역시,서구,동대신제2동,7333
2021,2614053000,부산광역시,서구,동대신제3동,7702
2021,2614054000,부산광역시,서구,서대신제1동,13712
2021,2614056000,부산광역시,서구,서대신제3동,8120
2021,2614057000,부산광역시,서구,서대신제4동,7758
2021,2614059000,부산광역시,서구,부민동,7517
2021,2614061500,부산광역시,서구,아미동,6607
2021,2614063000,부산광역시,서구,초장동,4271
2021,2614064000,부산광역시,서구,충무동,9896
2021,2614065000,부산광역시,서구,남부민제1동,4870
2021,2614066000,부산광역시,서구,남부민제2동,8992
2021,2614068000,부산광역시,서구,암남동,12772
2021,2617051000,부산광역시,동구,초량제1동,5027
2021,2617052000,부산광역시,동구,초량제2동,5701
2021,2617053000,부산광역시,동구,초량제3동,13029
2021,2617055000,부산광역시,동구,초량제6동,5953
2021,2617056000,부산광역시,동구,수정제1동,4160
2021,2617057000,부산광역시,동구,수정제2동,9819
2021,2617059000,부산광역시,동구,수정제4동,3902
2021,2617060000,부산광역시,동구,수정제5동,5306
2021,2617064500,부산광역시,동구,좌천동,10783
2021,2617065000,부산광역시,동구,범일제1동,11789
2021,2617066000,부산광역시,동구,범일제2동,7862
2021,2617068000,부산광역시,동구,범일제5동,4348
2021,2620053000,부산광역시,영도구,남항동,10846
2021,2620054000,부산광역시,영도구,영선제1동,3995
2021,2620055000,부산광역시,영도구,영선제2동,8287
2021,2620058500,부산광역시,영도구,신선동,8321
2021,2620059000,부산광역시,영도구,봉래제1동,6741
2021,2620060500,부산광역시,영도구,봉래제2동,7911
2021,2620063000,부산광역시,영도구,청학제1동,6113
2021,2620064000,부산광역시,영도구,청학제2동,17625
2021,2620065000,부산광역시,영도구,동삼제1동,27532
2021,2620066000,부산광역시,영도구,동삼제2동,3354
2021,2620067000,부산광역시,영도구,동삼제3동,9913
2021,2623051000,부산광역시,부산진구,부전제1동,15902
2021,2623052000,부산광역시,부산진구,부전제2동,9930
2021,2623054000,부산광역시,부산진구,연지동,20607
2021,2623055000,부산광역시,부산진구,초읍동,22133
2021,2623056000,부산광역시,부산진구,양정제1동,20028
2021,2623057000,부산광역시,부산진구,양정제2동,11985
2021,2623060000,부산광역시,부산진구,전포제1동,21776
2021,2623061000,부산광역시,부산진구,전포제2동,20853
2021,2623064000,부산광역시,부산진구,부암제1동,22999
2021,2623066000,부산광역시,부산진구,부암제3동,17437
2021,2623067000,부산광역시,부산진구,당감제1동,23065
2021,2623068000,부산광역시,부산진구,당감제2동,10274
2021,2623070000,부산광역시,부산진구,당감제4동,11323
2021,2623071000,부산광역시,부산진구,가야제1동,19224
2021,2623072000,부산광역시,부산진구,가야제2동,16844
2021,2623074000,부산광역시,부산진구,개금제1동,16724
2021,2623075000,부산광역시,부산진구,개금제2동,10948
2021,2623076000,부산광역시,부산진구,개금제3동,28813
2021,2623077000,부산광역시,부산진구,범천제1동,11965
2021,2623078000,부산광역시,부산진구,범천제2동,20329
2021,2626051000,부산광역시,동래구,수민동,32558
2021,2626052000,부산광역시,동래구,복산동,9523
2021,2626054500,부산광역시,동래구,명륜동,24724
2021,2626055000,부산광역시,동래구,온천제1동,20551
2021,2626056000,부산광역시,동래구,온천제2동,14933
2021,2626057000,부산광역시,동래구,온천제3동,38542
2021,2626058000,부산광역시,동래구,사직제1동,10614
2021,2626059000,부산광역시,동래구,사직제2동,27315
2021,2626060000,부산광역시,동래구,사직제3동,17447
2021,2626074000,부산광역시,동래구,안락제1동,14560
2021,2626075000,부산광역시,동래구,안락제2동,27185
2021,2626076100,부산광역시,동래구,명장제1동,14048
2021,2626076200,부산광역시,동래구,명장제2동,14866
2021,2629051000,부산광역시,남구,대연제1동,15794
2021,2629053000,부산광역시,남구,대연제3동,32729
2021,2629054000,부산광역시,남구,대연제4동,12382
2021,2629055000,부산광역시,남구,대연제5동,17004
2021,2629056000,부산광역시,남구,대연제6동,15382
2021,2629057000,부산광역시,남구,용호제1동,44281
2021,2629058000,부산광역시,남구,용호제2동,16850
2021,2629059000,부산광역시,남구,용호제3동,12228
2021,2629060000,부산광역시,남구,용호제4동,8542
2021,2629061000,부산광역시,남구,용당동,8249
2021,2629062000,부산광역시,남구,감만제1동,12970
2021,2629063000,부산광역시,남구,감만제2동,6768
2021,2629064500,부산광역시,남구,우암동,12818
2021,2629068000,부산광역시,남구,문현제1동,13577
2021,2629069000,부산광역시,남구,문현제2동,8564
2021,2629070000,부산광역시,남구,문현제3동,15632
2021,2629071000,부산광역시,남구,문현제4동,8299
2021,2632051000,부산광역시,북구,구포제1동,16096
2021,2632052000,부산광역시,북구,구포제2동,25270
2021,2632052100,부산광역시,북구,구포제3동,19686
2021,2632053000,부산광역시,북구,금곡동,37959
2021,2632054100,부산광역시,북구,화명제1동,41610
2021,2632054200,부산광역시,북구,화명제2동,17112
2021,2632054300,부산광역시,북구,화명제3동,29748
2021,2632055000,부산광역시,북구,덕천제1동,11116
2021,2632056000,부산광역시,북구,덕천제2동,12011
2021,2632056100,부산광역시,북구,덕천제3동,10765
2021,2632057100,부산광역시,북구,만덕제1동,16664
2021,2632057200,부산광역시,북구,만덕제2동,26504
2021,2632057300,부산광역시,북구,만덕제3동,18670
2021,2635051000,부산광역시,해운대구,우제1동,22426
2021,2635052000,부산광역시,해운대구,우제2동,30613
2021,2635052500,부산광역시,해운대구,우제3동,28855
2021,2635053000,부산광역시,해운대구,중제1동,27743
2021,2635054000,부산광역시,해운대구,중제2동,15944
2021,2635055100,부산광역시,해운대구,좌제1동,18104
2021,2635055200,부산광역시,해운대구,좌제2동,32065
2021,2635055300,부산광역시,해운대구,좌제3동,16150
2021,2635055400,부산광역시,해운대구,좌제4동,23142
2021,2635056000,부산광역시,해운대구,송정동,9916
2021,2635057000,부산광역시,해운대구,반여제1동,34538
2021,2635058000,부산광역시,해운대구,반여제2동,12677
2021,2635059000,부산광역시,해운대구,반여제3동,8559
2021,2635059500,부산광역시,해운대구,반여제4동,16083
2021,2635061000,부산광역시,해운대구,반송제1동,13816
2021,2635062000,부산광역시,해운대구,반송제2동,23270
2021,2635065000,부산광역시,해운대구,재송제1동,37812
2021,2635066000,부산광역시,해운대구,재송제2동,24725
2021,2638051000,부산광역시,사하구,괴정제1동,19535
2021,2638052000,부산광역시,사하구,괴정제2동,14022
2021,2638053000,부산광역시,사하구,괴정제3동,12474
2021,2638054000,부산광역시,사하구,괴정제4동,12258
2021,2638055000,부산광역시,사하구,당리동,26557
2021,2638056100,부산광역시,사하구,하단제1동,21531
2021,2638056200,부산광역시,사하구,하단제2동,25356
2021,2638057100,부산광역시,사하구,신평제1동,16925
2021,2638057200,부산광역시,사하구,신평제2동,15747
2021,2638058000,부산광역시,사하구,장림제1동,10720
2021,2638059000,부산광역시,사하구,장림제2동,27335
2021,2638060100,부산광역시,사하구,다대제1동,38840
2021,2638060200,부산광역시,사하구,다대제2동,27296
2021,2638061000,부산광역시,사하구,구평동,12900
2021,2638062000,부산광역시,사하구,감천제1동,18576
2021,2638063000,부산광역시,사하구,감천제2동,5931
2021,2641051000,부산광역시,금정구,서제1동,5315
2021,2641052000,부산광역시,금정구,서제2동,9218
2021,2641053000,부산광역시,금정구,서제3동,11231
2021,2641055500,부산광역시,금정구,금사회동동,7885
2021,2641057000,부산광역시,금정구,부곡제1동,8244
2021,2641058000,부산광역시,금정구,부곡제2동,17983
2021,2641059000,부산광역시,금정구,부곡제3동,15789
2021,2641059100,부산광역시,금정구,부곡제4동,12839
2021,2641060000,부산광역시,금정구,장전제1동,18053
2021,2641061000,부산광역시,금정구,장전제2동,26706
2021,2641063500,부산광역시,금정구,선두구동,2331
2021,2641066500,부산광역시,금정구,청룡노포동,9733
2021,2641067000,부산광역시,금정구,남산동,28867
2021,2641068000,부산광역시,금정구,구서제1동,19695
2021,2641069000,부산광역시,금정구,구서제2동,33114
2021,2641070000,부산광역시,금정구,금성동,1046
2021,2644051000,부산광역시,강서구,대저1동,6556
2021,2644052000,부산광역시,강서구,대저2동,7090
2021,2644053000,부산광역시,강서구,강동동,4220
2021,2644053500,부산광역시,강서구,명지1동,53087
2021,2644054500,부산광역시,강서구,명지2동,30409
2021,2644055000,부산광역시,강서구,가락동,2345
2021,2644056000,부산광역시,강서구,녹산동,35270
2021,2644058000,부산광역시,강서구,가덕도동,3941
2021,2647061000,부산광역시,연제구,거제제1동,29232
2021,2647062000,부산광역시,연제구,거제제2동,12232
2021,2647063000,부산광역시,연제구,거제제3동,9988
2021,2647064000,부산광역시,연제구,거제제4동,10429
2021,2647065000,부산광역시,연제구,연산제1동,16775
2021,2647066000,부산광역시,연제구,연산제2동,20674
2021,2647067000,부산광역시,연제구,연산제3동,9160
2021,2647068000,부산광역시,연제구,연산제4동,16154
2021,2647069000,부산광역시,연제구,연산제5동,16588
2021,2647070000,부산광역시,연제구,연산제6동,16699
2021,2647072000,부산광역시,연제구,연산제8동,14138
2021,2647073000,부산광역시,연제구,연산제9동,35075
2021,2650066000,부산광역시,수영구,남천제1동,13853
2021,2650067000,부산광역시,수영구,남천제2동,12091
2021,2650073000,부산광역시,수영구,수영동,14651
2021,2650074000,부산광역시,수영구,망미제1동,27404
2021,2650075000,부산광역시,수영구,망미제2동,10703
2021,2650076000,부산광역시,수영구,광안제1동,25866
2021,2650077000,부산광역시,수영구,광안제2동,18688
2021,2650078000,부산광역시,수영구,광안제3동,9597
2021,2650079000,부산광역시,수영구,광안제4동,13715
2021,2650080000,부산광역시,수영구,민락동,28527
2021,2653058000,부산광역시,사상구,삼락동,5808
2021,2653059100,부산광역시,사상구,모라제1동,27998
2021,2653059300,부산광역시,사상구,모라제3동,10412
2021,2653060000,부산광역시,사상구,덕포제1동,8683
2021,2653061000,부산광역시,사상구,덕포제2동,12921
2021,2653062000,부산광역시,사상구,괘법동,22414
2021,2653064500,부산광역시,사상구,감전동,13318
2021,2653065000,부산광역시,사상구,주례제1동,15160
2021,2653066000,부산광역시,사상구,주례제2동,23075
2021,2653066100,부산광역시,사상구,주례제3동,13154
2021,2653067000,부산광역시,사상구,학장동,28294
2021,2653068000,부산광역시,사상구,엄궁동,27061
2021,2671025000,부산광역시,기장군,기장읍,52846
2021,2671025300,부산광역시,기장군,장안읍,8608
2021,2671025600,부산광역시,기장군,정관읍,81932
2021,2671033000,부산광역시,기장군,철마면,7922
2021,2711051700,대구광역시,중구,동인동,8053
2021,2711054500,대구광역시,중구,삼덕동,6587
2021,2711056500,대구광역시,중구,성내1동,4851
2021,2711057500,대구광역시,중구,성내2동,4368
2021,2711058500,대구광역시,중구,성내3동,4791
2021,2711059500,대구광역시,중구,대신동,7857
2021,2711064000,대구광역시,중구,남산1동,4792
2021,2711065000,대구광역시,중구,남산2동,6507
2021,2711066000,대구광역시,중구,남산3동,6678
2021,2711067000,대구광역시,중구,남산4동,11485
2021,2711068000,대구광역시,중구,대봉1동,6919
2021,2711069000,대구광역시,중구,대봉2동,1903
2021,2714051000,대구광역시,동구,신암1동,8574
2021,2714052000,대구광역시,동구,신암2동,10362
2021,2714053000,대구광역시,동구,신암3동,11626
2021,2714054000,대구광역시,동구,신암4동,11477
2021,2714054100,대구광역시,동구,신암5동,6327
2021,2714055500,대구광역시,동구,신천1.2동,12925
2021,2714057000,대구광역시,동구,신천3동,11702
2021,2714058000,대구광역시,동구,신천4동,7736
2021,2714059000,대구광역시,동구,효목1동,13742
2021,2714060000,대구광역시,동구,효목2동,13254
2021,2714061500,대구광역시,동구,도평동,4005
2021,2714062000,대구광역시,동구,불로.봉무동,21335
2021,2714064000,대구광역시,동구,지저동,14472
2021,2714065500,대구광역시,동구,동촌동,15616
2021,2714067000,대구광역시,동구,방촌동,18792
2021,2714068500,대구광역시,동구,해안동,15104
2021,2714072000,대구광역시,동구,안심1동,42284
2021,2714073000,대구광역시,동구,안심2동,11009
2021,2714074200,대구광역시,동구,안심3동,21493
2021,2714074700,대구광역시,동구,안심4동,29116
2021,2714075500,대구광역시,동구,혁신동,18752
2021,2714076000,대구광역시,동구,공산동,21733
2021,2717051000,대구광역시,서구,내당1동,8419
2021,2717052500,대구광역시,서구,내당2.3동,9788
2021,2717054000,대구광역시,서구,내당4동,16631
2021,2717055000,대구광역시,서구,비산1동,9721
2021,2717056500,대구광역시,서구,비산2.3동,9263
2021,2717058000,대구광역시,서구,비산4동,9798
2021,2717059000,대구광역시,서구,비산5동,6095
2021,2717060000,대구광역시,서구,비산6동,7647
2021,2717061000,대구광역시,서구,비산7동,10002
2021,2717062000,대구광역시,서구,평리1동,7823
2021,2717063000,대구광역시,서구,평리2동,8028
2021,2717064000,대구광역시,서구,평리3동,9905
2021,2717065000,대구광역시,서구,평리4동,18034
2021,2717066000,대구광역시,서구,평리5동,1739
2021,2717066100,대구광역시,서구,평리6동,3939
2021,2717067500,대구광역시,서구,상중이동,20072
2021,2717069500,대구광역시,서구,원대동,7624
2021,2720051500,대구광역시,남구,이천동,12062
2021,2720053000,대구광역시,남구,봉덕1동,9158
2021,2720054000,대구광역시,남구,봉덕2동,12582
2021,2720055000,대구광역시,남구,봉덕3동,16654
2021,2720056000,대구광역시,남구,대명1동,11333
2021,2720057100,대구광역시,남구,대명2동,10227
2021,2720058600,대구광역시,남구,대명3동,10794
2021,2720059000,대구광역시,남구,대명4동,11062
2021,2720060000,대구광역시,남구,대명5동,6303
2021,2720061000,대구광역시,남구,대명6동,9581
2021,2720064000,대구광역시,남구,대명9동,15672
2021,2720065000,대구광역시,남구,대명10동,9124
2021,2720066000,대구광역시,남구,대명11동,8623
2021,2723051000,대구광역시,북구,고성동,4882
2021,2723052600,대구광역시,북구,칠성동,23463
2021,2723055000,대구광역시,북구,침산1동,4103
2021,2723056000,대구광역시,북구,침산2동,18811
2021,2723057000,대구광역시,북구,침산3동,19909
2021,2723061000,대구광역시,북구,산격1동,9205
2021,2723062000,대구광역시,북구,산격2동,10848
2021,2723063000,대구광역시,북구,산격3동,8998
2021,2723063100,대구광역시,북구,산격4동,8408
2021,2723064500,대구광역시,북구,대현동,17759
2021,2723067100,대구광역시,북구,복현1동,7552
2021,2723067200,대구광역시,북구,복현2동,30640
2021,2723068000,대구광역시,북구,검단동,6472
2021,2723069500,대구광역시,북구,무태조야동,36441
2021,2723071500,대구광역시,북구,관문동,36550
2021,2723072500,대구광역시,북구,태전1동,22089
2021,2723073500,대구광역시,북구,태전2동,24451
2021,2723074500,대구광역시,북구,구암동,35072
2021,2723075000,대구광역시,북구,관음동,16469
2021,2723077000,대구광역시,북구,읍내동,26862
2021,2723078000,대구광역시,북구,동천동,27904
2021,2723079000,대구광역시,북구,노원동,11583
2021,2723080000,대구광역시,북구,국우동,28537
2021,2726051000,대구광역시,수성구,범어1동,16731
2021,2726052000,대구광역시,수성구,범어2동,15579
2021,2726053000,대구광역시,수성구,범어3동,16171
2021,2726054000,대구광역시,수성구,범어4동,19961
2021,2726055000,대구광역시,수성구,만촌1동,22788
2021,2726056000,대구광역시,수성구,만촌2동,10944
2021,2726056100,대구광역시,수성구,만촌3동,19735
2021,2726057000,대구광역시,수성구,수성1가동,18024
2021,2726058000,대구광역시,수성구,수성2.3가동,11899
2021,2726059000,대구광역시,수성구,수성4가동,14625
2021,2726060100,대구광역시,수성구,황금1동,23873
2021,2726060200,대구광역시,수성구,황금2동,10815
2021,2726061000,대구광역시,수성구,중동,11020
2021,2726062000,대구광역시,수성구,상동,16318
2021,2726063000,대구광역시,수성구,파동,12574
2021,2726064000,대구광역시,수성구,두산동,14144
2021,2726065100,대구광역시,수성구,지산1동,21893
2021,2726065200,대구광역시,수성구,지산2동,18714
2021,2726066100,대구광역시,수성구,범물1동,11318
2021,2726066200,대구광역시,수성구,범물2동,17173
2021,2726067000,대구광역시,수성구,고산1동,30751
2021,2726068000,대구광역시,수성구,고산2동,28776
2021,2726069000,대구광역시,수성구,고산3동,33271
2021,2729051500,대구광역시,달서구,성당동,23255
2021,2729053500,대구광역시,달서구,두류1.2동,14439
2021,2729055000,대구광역시,달서구,두류3동,8266
2021,2729055500,대구광역시,달서구,감삼동,26706
2021,2729056300,대구광역시,달서구,죽전동,13595
2021,2729056800,대구광역시,달서구,장기동,17148
2021,2729057100,대구광역시,달서구,용산1동,30945
2021,2729057200,대구광역시,달서구,용산2동,28819
2021,2729057600,대구광역시,달서구,이곡1동,23115
2021,2729057700,대구광역시,달서구,이곡2동,16490
2021,2729058500,대구광역시,달서구,신당동,31686
2021,2729059000,대구광역시,달서구,본리동,20954
2021,2729060100,대구광역시,달서구,월성1동,37401
2021,2729060200,대구광역시,달서구,월성2동,15954
2021,2729061500,대구광역시,달서구,진천동,51646
2021,2729061700,대구광역시,달서구,유천동,31789
2021,2729062400,대구광역시,달서구,상인1동,36263
2021,2729062500,대구광역시,달서구,상인2동,19826
2021,2729062600,대구광역시,달서구,상인3동,11167
2021,2729062800,대구광역시,달서구,도원동,35557
2021,2729063000,대구광역시,달서구,송현1동,19383
2021,2729064000,대구광역시,달서구,송현2동,18132
2021,2729065000,대구광역시,달서구,본동,12390
2021,2771025000,대구광역시,달성군,화원읍,47025
2021,2771025300,대구광역시,달성군,논공읍,4779
2021,2771025400,대구광역시,달성군,논공읍공단출장소,13167
2021,2771025600,대구광역시,달성군,다사읍,51020
2021,2771025700,대구광역시,달성군,다사읍서재출장소,38307
2021,2771025900,대구광역시,달성군,유가읍,29542
2021,2771026200,대구광역시,달성군,옥포읍,25232
2021,2771026500,대구광역시,달성군,현풍읍,23050
2021,2771031000,대구광역시,달성군,가창면,7783
2021,2771033000,대구광역시,달성군,하빈면,3596
2021,2771038000,대구광역시,달성군,구지면,18950
2021,2811052000,인천광역시,중구,연안동,6145
2021,2811053000,인천광역시,중구,신포동,5086
2021,2811054000,인천광역시,중구,신흥동,13241
2021,2811056000,인천광역시,중구,도원동,3925
2021,2811057000,인천광역시,중구,율목동,3192
2021,2811058500,인천광역시,중구,동인천동,5818
2021,2811061500,인천광역시,중구,개항동,7022
2021,2811062000,인천광역시,중구,영종동,19131
2021,2811062200,인천광역시,중구,영종1동,44046
2021,2811062800,인천광역시,중구,운서동,32080
2021,2811063000,인천광역시,중구,용유동,3947
2021,2814051000,인천광역시,동구,만석동,6940
2021,2814052500,인천광역시,동구,화수1.화평동,5929
2021,2814053000,인천광역시,동구,화수2동,7597
2021,2814055500,인천광역시,동구,송현1.2동,10394
2021,2814057000,인천광역시,동구,송현3동,3561
2021,2814058000,인천광역시,동구,송림1동,1571
2021,2814059000,인천광역시,동구,송림2동,2722
2021,2814060500,인천광역시,동구,송림3.5동,7529
2021,2814061000,인천광역시,동구,송림4동,6132
2021,2814063000,인천광역시,동구,송림6동,6203
2021,2814064000,인천광역시,동구,금창동,2908
2021,2817751000,인천광역시,미추홀구,숭의2동,14726
2021,2817752000,인천광역시,미추홀구,숭의1.3동,13855
2021,2817753000,인천광역시,미추홀구,숭의4동,16409
2021,2817754000,인천광역시,미추홀구,용현1.4동,17411
2021,2817755000,인천광역시,미추홀구,용현2동,17948
2021,2817756000,인천광역시,미추홀구,용현3동,7642
2021,2817757000,인천광역시,미추홀구,용현5동,47690
2021,2817758000,인천광역시,미추홀구,학익1동,32105
2021,2817759000,인천광역시,미추홀구,학익2동,18265
2021,2817760000,인천광역시,미추홀구,도화1동,23296
2021,2817761000,인천광역시,미추홀구,도화2.3동,33023
2021,2817762000,인천광역시,미추홀구,주안1동,20533
2021,2817763000,인천광역시,미추홀구,주안2동,16785
2021,2817764000,인천광역시,미추홀구,주안3동,8762
2021,2817765000,인천광역시,미추홀구,주안4동,13460
2021,2817766000,인천광역시,미추홀구,주안5동,20674
2021,2817767000,인천광역시,미추홀구,주안6동,21988
2021,2817768000,인천광역시,미추홀구,주안7동,12524
2021,2817769000,인천광역시,미추홀구,주안8동,20995
2021,2817770000,인천광역시,미추홀구,관교동,15123
2021,2817771000,인천광역시,미추홀구,문학동,14250
2021,2818563000,인천광역시,연수구,옥련1동,19332
2021,2818564000,인천광역시,연수구,옥련2동,20365
2021,2818575000,인천광역시,연수구,선학동,17176
2021,2818576100,인천광역시,연수구,연수1동,19404
2021,2818576200,인천광역시,연수구,연수2동,21168
2021,2818576300,인천광역시,연수구,연수3동,16112
2021,2818576600,인천광역시,연수구,청학동,24815
2021,2818578000,인천광역시,연수구,동춘1동,25462
2021,2818579000,인천광역시,연수구,동춘2동,18328
2021,2818579500,인천광역시,연수구,동춘3동,18558
2021,2818582000,인천광역시,연수구,송도1동,37659
2021,2818583000,인천광역시,연수구,송도2동,36729
2021,2818584000,인천광역시,연수구,송도3동,49052
2021,2818585000,인천광역시,연수구,송도4동,25468
2021,2818586000,인천광역시,연수구,송도5동,40016
2021,2820051000,인천광역시,남동구,구월1동,31445
2021,2820052000,인천광역시,남동구,구월2동,35508
2021,2820052100,인천광역시,남동구,구월3동,30158
2021,2820052200,인천광역시,남동구,구월4동,14630
2021,2820053000,인천광역시,남동구,간석1동,21199
2021,2820054000,인천광역시,남동구,간석2동,21965
2021,2820055000,인천광역시,남동구,간석3동,27576
2021,2820055100,인천광역시,남동구,간석4동,29093
2021,2820056000,인천광역시,남동구,만수1동,17128
2021,2820057000,인천광역시,남동구,만수2동,24289
2021,2820058000,인천광역시,남동구,만수3동,17709
2021,2820058100,인천광역시,남동구,만수4동,21056
2021,2820058200,인천광역시,남동구,만수5동,15307
2021,2820058300,인천광역시,남동구,만수6동,24342
2021,2820065000,인천광역시,남동구,장수서창동,19919
2021,2820065500,인천광역시,남동구,서창2동,39527
2021,2820066000,인천광역시,남동구,남촌도림동,21097
2021,2820069000,인천광역시,남동구,논현1동,32014
2021,2820070000,인천광역시,남동구,논현2동,32974
2021,2820071000,인천광역시,남동구,논현고잔동,41336
2021,2823751000,인천광역시,부평구,부평1동,36682
2021,2823752000,인천광역시,부평구,부평2동,14921
2021,2823753000,인천광역시,부평구,부평3동,12746
2021,2823754000,인천광역시,부평구,부평4동,36983
2021,2823755000,인천광역시,부평구,부평5동,31745
2021,2823756000,인천광역시,부평구,부평6동,14975
2021,2823757000,인천광역시,부평구,산곡1동,11697
2021,2823758000,인천광역시,부평구,산곡2동,31200
2021,2823758100,인천광역시,부평구,산곡3동,22079
2021,2823758200,인천광역시,부평구,산곡4동,17762
2021,2823759100,인천광역시,부평구,청천1동,6913
2021,2823759200,인천광역시,부평구,청천2동,35302
2021,2823764100,인천광역시,부평구,갈산1동,16570
2021,2823764200,인천광역시,부평구,갈산2동,18724
2021,2823764600,인천광역시,부평구,삼산1동,33290
2021,2823764800,인천광역시,부평구,삼산2동,28818
2021,2823765000,인천광역시,부평구,부개1동,16165
2021,2823766000,인천광역시,부평구,부개2동,20059
2021,2823766100,인천광역시,부평구,부개3동,30754
2021,2823767000,인천광역시,부평구,일신동,12565
2021,2823768000,인천광역시,부평구,십정1동,13933
2021,2823769000,인천광역시,부평구,십정2동,22882
2021,2824560100,인천광역시,계양구,효성1동,27361
2021,2824560200,인천광역시,계양구,효성2동,28995
2021,2824561100,인천광역시,계양구,계산1동,19230
2021,2824561200,인천광역시,계양구,계산2동,15790
2021,2824561300,인천광역시,계양구,계산3동,19091
2021,2824561400,인천광역시,계양구,계산4동,23166
2021,2824562100,인천광역시,계양구,작전1동,27815
2021,2824562200,인천광역시,계양구,작전2동,19816
2021,2824564000,인천광역시,계양구,작전서운동,34996
2021,2824571000,인천광역시,계양구,계양1동,20887
2021,2824572000,인천광역시,계양구,계양2동,33090
2021,2824573000,인천광역시,계양구,계양3동,25459
2021,2826051500,인천광역시,서구,검암경서동,45483
2021,2826053000,인천광역시,서구,연희동,40677
2021,2826053600,인천광역시,서구,청라1동,31513
2021,2826053700,인천광역시,서구,청라2동,48916
2021,2826053900,인천광역시,서구,청라3동,31609
2021,2826054200,인천광역시,서구,가정1동,28007
2021,2826054300,인천광역시,서구,가정2동,6505
2021,2826054400,인천광역시,서구,가정3동,9616
2021,2826055000,인천광역시,서구,석남1동,22322
2021,2826056000,인천광역시,서구,석남2동,13044
2021,2826056100,인천광역시,서구,석남3동,13825
2021,2826057500,인천광역시,서구,신현원창동,31643
2021,2826058000,인천광역시,서구,가좌1동,12442
2021,2826059000,인천광역시,서구,가좌2동,19994
2021,2826060000,인천광역시,서구,가좌3동,16604
2021,2826061000,인천광역시,서구,가좌4동,10502
2021,2826068000,인천광역시,서구,검단동,32853
2021,2826069000,인천광역시,서구,불로대곡동,22596
2021,2826070000,인천광역시,서구,원당동,23987
2021,2826071000,인천광역시,서구,당하동,27799
2021,2826072000,인천광역시,서구,오류왕길동,25551
2021,2826073000,인천광역시,서구,마전동,22801
2021,2826074000,인천광역시,서구,아라동,17091
2021,2871025000,인천광역시,강화군,강화읍,22780
2021,2871031000,인천광역시,강화군,선원면,7959
2021,2871032000,인천광역시,강화군,불은면,4929
2021,2871033000,인천광역시,강화군,길상면,7197
2021,2871034000,인천광역시,강화군,화도면,4563
2021,2871035000,인천광역시,강화군,양도면,4301
2021,2871036000,인천광역시,강화군,내가면,3060
2021,2871037000,인천광역시,강화군,하점면,4034
2021,2871038000,인천광역시,강화군,양사면,1885
2021,2871039000,인천광역시,강화군,송해면,3289
2021,2871040000,인천광역시,강화군,교동면,2853
2021,2871041000,인천광역시,강화군,삼산면,2192
2021,2871042000,인천광역시,강화군,서도면,387
2021,2871042500,인천광역시,강화군,서도면볼음출장소,264
2021,2872031000,인천광역시,옹진군,북도면,1166
2021,2872031500,인천광역시,옹진군,북도면장봉출장소,985
2021,2872033000,인천광역시,옹진군,백령면,4969
2021,2872034000,인천광역시,옹진군,대청면,1179
2021,2872034500,인천광역시,옹진군,대청면소청출장소,220
2021,2872035000,인천광역시,옹진군,덕적면,1894
2021,2872036000,인천광역시,옹진군,영흥면,6561
2021,2872037000,인천광역시,옹진군,자월면,947
2021,2872037500,인천광역시,옹진군,자월면이작출장소,373
2021,2872038000,인천광역시,옹진군,연평면,2048
2021,2911052500,광주광역시,동구,충장동,4642
2021,2911054500,광주광역시,동구,동명동,3890
2021,2911056000,광주광역시,동구,계림1동,11009
2021,2911057000,광주광역시,동구,계림2동,9818
2021,2911059000,광주광역시,동구,산수1동,8579
2021,2911060000,광주광역시,동구,산수2동,10501
2021,2911062000,광주광역시,동구,지산1동,4249
2021,2911063000,광주광역시,동구,지산2동,4567
2021,2911065500,광주광역시,동구,서남동,3056
2021,2911068500,광주광역시,동구,학동,7724
2021,2911071000,광주광역시,동구,학운동,11445
2021,2911073000,광주광역시,동구,지원1동,7833
2021,2911074000,광주광역시,동구,지원2동,16157
2021,2914057500,광주광역시,서구,양동,3686
2021,2914059000,광주광역시,서구,양3동,4578
2021,2914065000,광주광역시,서구,농성1동,11008
2021,2914066000,광주광역시,서구,농성2동,4900
2021,2914073000,광주광역시,서구,광천동,8084
2021,2914074000,광주광역시,서구,유덕동,10975
2021,2914074500,광주광역시,서구,치평동,30293
2021,2914075100,광주광역시,서구,상무1동,24802
2021,2914075200,광주광역시,서구,상무2동,23861
2021,2914076000,광주광역시,서구,화정1동,15542
2021,2914077000,광주광역시,서구,화정2동,20604
2021,2914078000,광주광역시,서구,화정3동,10068
2021,2914079000,광주광역시,서구,화정4동,15428
2021,2914080000,광주광역시,서구,서창동,5792
2021,2914082100,광주광역시,서구,금호1동,20012
2021,2914082400,광주광역시,서구,금호2동,28572
2021,2914083000,광주광역시,서구,풍암동,36781
2021,2914084000,광주광역시,서구,동천동,16245
2021,2915551000,광주광역시,남구,양림동,7018
2021,2915552000,광주광역시,남구,방림1동,6641
2021,2915553000,광주광역시,남구,방림2동,8912
2021,2915553700,광주광역시,남구,봉선1동,13466
2021,2915553800,광주광역시,남구,봉선2동,28800
2021,2915554500,광주광역시,남구,사직동,5215
2021,2915560500,광주광역시,남구,월산동,8836
2021,2915563000,광주광역시,남구,월산4동,8478
2021,2915564000,광주광역시,남구,월산5동,6414
2021,2915567000,광주광역시,남구,백운1동,12208
2021,2915568000,광주광역시,남구,백운2동,6373
2021,2915569000,광주광역시,남구,주월1동,21920
2021,2915570000,광주광역시,남구,주월2동,8023
2021,2915570500,광주광역시,남구,진월동,29383
2021,2915571000,광주광역시,남구,효덕동,16133
2021,2915572000,광주광역시,남구,송암동,21450
2021,2915573000,광주광역시,남구,대촌동,6305
2021,2917051000,광주광역시,북구,중흥1동,4784
2021,2917052000,광주광역시,북구,중흥2동,6867
2021,2917053000,광주광역시,북구,중흥3동,4809
2021,2917055500,광주광역시,북구,중앙동,3085
2021,2917057000,광주광역시,북구,임동,9157
2021,2917058000,광주광역시,북구,신안동,12379
2021,2917059000,광주광역시,북구,용봉동,38542
2021,2917060100,광주광역시,북구,운암1동,19356
2021,2917060200,광주광역시,북구,운암2동,12033
2021,2917060300,광주광역시,북구,운암3동,12663
2021,2917061500,광주광역시,북구,동림동,23375
2021,2917062000,광주광역시,북구,우산동,10290
2021,2917063500,광주광역시,북구,풍향동,5738
2021,2917065000,광주광역시,북구,문화동,20918
2021,2917065600,광주광역시,북구,문흥1동,15983
2021,2917065700,광주광역시,북구,문흥2동,15707
2021,2917066100,광주광역시,북구,두암1동,7773
2021,2917066200,광주광역시,북구,두암2동,16037
2021,2917066300,광주광역시,북구,두암3동,13400
2021,2917066600,광주광역시,북구,삼각동,14116
2021,2917066900,광주광역시,북구,일곡동,29944
2021,2917067300,광주광역시,북구,매곡동,13842
2021,2917067600,광주광역시,북구,오치1동,10940
2021,2917067700,광주광역시,북구,오치2동,12523
2021,2917068500,광주광역시,북구,석곡동,2519
2021,2917069500,광주광역시,북구,건국동,22423
2021,2917069600,광주광역시,북구,양산동,37958
2021,2917069700,광주광역시,북구,신용동,29953
2021,2920051500,광주광역시,광산구,송정1동,10863
2021,2920052500,광주광역시,광산구,송정2동,6558
2021,2920054000,광주광역시,광산구,도산동,15279
2021,2920055000,광주광역시,광산구,신흥동,4594
2021,2920056500,광주광역시,광산구,어룡동,33035
2021,2920058000,광주광역시,광산구,우산동,28905
2021,2920060000,광주광역시,광산구,월곡1동,10884
2021,2920061000,광주광역시,광산구,월곡2동,15594
2021,2920062000,광주광역시,광산구,비아동,7481
2021,2920062400,광주광역시,광산구,첨단1동,27459
2021,2920062600,광주광역시,광산구,첨단2동,43297
2021,2920063000,광주광역시,광산구,신가동,18457
2021,2920063500,광주광역시,광산구,운남동,30856
2021,2920063700,광주광역시,광산구,수완동,77438
2021,2920064000,광주광역시,광산구,하남동,26266
2021,2920065000,광주광역시,광산구,임곡동,2139
2021,2920066000,광주광역시,광산구,동곡동,1856
2021,2920067000,광주광역시,광산구,평동,4064
2021,2920068000,광주광역시,광산구,삼도동,2199
2021,2920069000,광주광역시,광산구,본량동,2009
2021,2920070000,광주광역시,광산구,신창동,34988
2021,3011051500,대전광역시,동구,중앙동,4545
2021,3011053000,대전광역시,동구,효동,24722
2021,3011054500,대전광역시,동구,신인동,11997
2021,3011055100,대전광역시,동구,판암1동,12393
2021,3011055200,대전광역시,동구,판암2동,8517
2021,3011056000,대전광역시,동구,용운동,21942
2021,3011058500,대전광역시,동구,대동,14919
2021,3011059000,대전광역시,동구,자양동,10652
2021,3011062000,대전광역시,동구,가양1동,13687
2021,3011063000,대전광역시,동구,가양2동,18244
2021,3011064000,대전광역시,동구,용전동,20496
2021,3011066500,대전광역시,동구,성남동,11954
2021,3011067000,대전광역시,동구,홍도동,11065
2021,3011069500,대전광역시,동구,삼성동,14088
2021,3011072500,대전광역시,동구,대청동,2415
2021,3011074000,대전광역시,동구,산내동,20586
2021,3014053500,대전광역시,중구,은행선화동,15644
2021,3014055000,대전광역시,중구,목동,14379
2021,3014056000,대전광역시,중구,중촌동,12527
2021,3014057500,대전광역시,중구,대흥동,13752
2021,3014060500,대전광역시,중구,문창동,4699
2021,3014062000,대전광역시,중구,석교동,15622
2021,3014063000,대전광역시,중구,대사동,5474
2021,3014064000,대전광역시,중구,부사동,6748
2021,3014065500,대전광역시,중구,용두동,9465
2021,3014067000,대전광역시,중구,오류동,10577
2021,3014068000,대전광역시,중구,태평1동,13291
2021,3014069000,대전광역시,중구,태평2동,25613
2021,3014070000,대전광역시,중구,유천1동,6555
2021,3014071000,대전광역시,중구,유천2동,13711
2021,3014072000,대전광역시,중구,문화1동,22378
2021,3014073000,대전광역시,중구,문화2동,12631
2021,3014074000,대전광역시,중구,산성동,27275
2021,3017051000,대전광역시,서구,복수동,22354
2021,3017052000,대전광역시,서구,도마1동,15318
2021,3017053000,대전광역시,서구,도마2동,17328
2021,3017053500,대전광역시,서구,정림동,16123
2021,3017054000,대전광역시,서구,변동,16015
2021,3017055000,대전광역시,서구,용문동,12267
2021,3017055500,대전광역시,서구,탄방동,27284
2021,3017056000,대전광역시,서구,괴정동,19227
2021,3017057000,대전광역시,서구,가장동,11775
2021,3017057500,대전광역시,서구,내동,23750
2021,3017058100,대전광역시,서구,갈마1동,21613
2021,3017058200,대전광역시,서구,갈마2동,24860
2021,3017058600,대전광역시,서구,월평1동,11234
2021,3017058700,대전광역시,서구,월평2동,14706
2021,3017058800,대전광역시,서구,월평3동,21196
2021,3017059000,대전광역시,서구,가수원동,44248
2021,3017059600,대전광역시,서구,관저1동,15563
2021,3017059700,대전광역시,서구,관저2동,49843
2021,3017060000,대전광역시,서구,기성동,3689
2021,3017063000,대전광역시,서구,둔산1동,16784
2021,3017064000,대전광역시,서구,둔산2동,35669
2021,3017065000,대전광역시,서구,만년동,12758
2021,3017066000,대전광역시,서구,둔산3동,19761
2021,3020052000,대전광역시,유성구,진잠동,25118
2021,3020052600,대전광역시,유성구,학하동,17045
2021,3020052700,대전광역시,유성구,상대동,22014
2021,3020053000,대전광역시,유성구,온천1동,26734
2021,3020054000,대전광역시,유성구,온천2동,40014
2021,3020054600,대전광역시,유성구,노은1동,21827
2021,3020054700,대전광역시,유성구,노은2동,24367
2021,3020054800,대전광역시,유성구,노은3동,37318
2021,3020055000,대전광역시,유성구,신성동,26086
2021,3020057000,대전광역시,유성구,전민동,27016
2021,3020058000,대전광역시,유성구,구즉동,27291
2021,3020060000,대전광역시,유성구,관평동,28750
2021,3020061000,대전광역시,유성구,원신흥동,27697
2021,3023051000,대전광역시,대덕구,오정동,14506
2021,3023052000,대전광역시,대덕구,대화동,6944
2021,3023052500,대전광역시,대덕구,회덕동,12271
2021,3023053300,대전광역시,대덕구,비래동,16215
2021,3023054300,대전광역시,대덕구,송촌동,27150
2021,3023054600,대전광역시,대덕구,중리동,19567
2021,3023055000,대전광역시,대덕구,신탄진동,12825
2021,3023056000,대전광역시,대덕구,석봉동,16303
2021,3023057000,대전광역시,대덕구,덕암동,13725
2021,3023058000,대전광역시,대덕구,목상동,6474
2021,3023060000,대전광역시,대덕구,법1동,13100
2021,3023061000,대전광역시,대덕구,법2동,15966
2021,3111051000,울산광역시,중구,학성동,11223
2021,3111052000,울산광역시,중구,반구1동,16804
2021,3111053000,울산광역시,중구,반구2동,8658
2021,3111054000,울산광역시,중구,복산1동,4377
2021,3111055000,울산광역시,중구,복산2동,11227
2021,3111058500,울산광역시,중구,중앙동,12644
2021,3111059000,울산광역시,중구,우정동,18222
2021,3111060000,울산광역시,중구,태화동,33110
2021,3111061000,울산광역시,중구,다운동,22693
2021,3111062000,울산광역시,중구,병영1동,22032
2021,3111063000,울산광역시,중구,병영2동,20241
2021,3111064000,울산광역시,중구,약사동,10811
2021,3111065000,울산광역시,중구,성안동,20841
2021,3114051000,울산광역시,남구,신정1동,18204
2021,3114052000,울산광역시,남구,신정2동,24176
2021,3114053000,울산광역시,남구,신정3동,16386
2021,3114054000,울산광역시,남구,신정4동,20901
2021,3114055000,울산광역시,남구,신정5동,8867
2021,3114056000,울산광역시,남구,달동,27174
2021,3114057000,울산광역시,남구,삼산동,49028
2021,3114058500,울산광역시,남구,삼호동,20360
2021,3114059500,울산광역시,남구,무거동,31814
2021,3114060000,울산광역시,남구,옥동,26351
2021,3114062500,울산광역시,남구,대현동,29794
2021,3114063500,울산광역시,남구,수암동,16673
2021,3114064000,울산광역시,남구,선암동,14310
2021,3114067000,울산광역시,남구,야음장생포동,9781
2021,3117051000,울산광역시,동구,방어동,40170
2021,3117052000,울산광역시,동구,일산동,5772
2021,3117053000,울산광역시,동구,화정동,19473
2021,3117054000,울산광역시,동구,대송동,11562
2021,3117055000,울산광역시,동구,전하1동,14720
2021,3117056000,울산광역시,동구,전하2동,20581
2021,3117058000,울산광역시,동구,남목1동,8744
2021,3117059000,울산광역시,동구,남목2동,21063
2021,3117060000,울산광역시,동구,남목3동,12011
2021,3120051000,울산광역시,북구,농소1동,36757
2021,3120052000,울산광역시,북구,농소2동,41750
2021,3120053000,울산광역시,북구,농소3동,38117
2021,3120054000,울산광역시,북구,강동동,16403
2021,3120056000,울산광역시,북구,효문동,29520
2021,3120057000,울산광역시,북구,송정동,36399
2021,3120058000,울산광역시,북구,양정동,9883
2021,3120059000,울산광역시,북구,염포동,9906
2021,3171025000,울산광역시,울주군,온산읍,20345
2021,3171025300,울산광역시,울주군,언양읍,28316
2021,3171025600,울산광역시,울주군,온양읍,28726
2021,3171025900,울산광역시,울주군,범서읍,69755
2021,3171026200,울산광역시,울주군,청량읍,19113
2021,3171026500,울산광역시,울주군,삼남읍,22588
2021,3171031000,울산광역시,울주군,서생면,8382
2021,3171034000,울산광역시,울주군,웅촌면,7714
2021,3171036000,울산광역시,울주군,두동면,4277
2021,3171037000,울산광역시,울주군,두서면,3111
2021,3171038000,울산광역시,울주군,상북면,7968
2021,3171040000,울산광역시,울주군,삼동면,1764
2021,3611025000,세종특별자치시, ,조치원읍,43262
2021,3611031000,세종특별자치시, ,연기면,2812
2021,3611032000,세종특별자치시, ,연동면,3112
2021,3611033000,세종특별자치시, ,부강면,6152
2021,3611034000,세종특별자치시, ,금남면,8975
2021,3611035000,세종특별자치시, ,장군면,6994
2021,3611036000,세종특별자치시, ,연서면,7380
2021,3611037000,세종특별자치시, ,전의면,5523
2021,3611038000,세종특별자치시, ,전동면,3368
2021,3611039000,세종특별자치시, ,소정면,2270
2021,3611051000,세종특별자치시, ,한솔동,18615
2021,3611051500,세종특별자치시,,새롬동,38186
2021,3611052000,세종특별자치시, ,도담동,33331
2021,3611052500,세종특별자치시, ,해밀동,8569
2021,3611053000,세종특별자치시, ,아름동,23349
2021,3611054000,세종특별자치시, ,종촌동,29139
2021,3611055000,세종특별자치시, ,고운동,34171
2021,3611055500,세종특별자치시,,소담동,20406
2021,3611055600,세종특별자치시,,반곡동,17586
2021,3611056000,세종특별자치시, ,보람동,19022
2021,3611057000,세종특별자치시,,대평동,11315
2021,3611058000,세종특별자치시,,다정동,28358
2021,4111156000,경기도,수원시 장안구,파장동,23285
2021,4111156600,경기도,수원시 장안구,율천동,42174
2021,4111157100,경기도,수원시 장안구,정자1동,28902
2021,4111157200,경기도,수원시 장안구,정자2동,36046
2021,4111157300,경기도,수원시 장안구,정자3동,41447
2021,4111158000,경기도,수원시 장안구,영화동,19910
2021,4111159100,경기도,수원시 장안구,송죽동,19459
2021,4111159700,경기도,수원시 장안구,조원1동,28186
2021,4111159800,경기도,수원시 장안구,조원2동,18535
2021,4111160000,경기도,수원시 장안구,연무동,15891
2021,4111352000,경기도,수원시 권선구,세류1동,10097
2021,4111353000,경기도,수원시 권선구,세류2동,23648
2021,4111354000,경기도,수원시 권선구,세류3동,18731
2021,4111355000,경기도,수원시 권선구,평동,40351
2021,4111356000,경기도,수원시 권선구,서둔동,37982
2021,4111365000,경기도,수원시 권선구,구운동,24235
2021,4111366200,경기도,수원시 권선구,금곡동,45466
2021,4111366400,경기도,수원시 권선구,호매실동,46236
2021,4111367000,경기도,수원시 권선구,권선1동,24679
2021,4111368000,경기도,수원시 권선구,권선2동,48445
2021,4111369000,경기도,수원시 권선구,곡선동,27737
2021,4111370000,경기도,수원시 권선구,입북동,16529
2021,4111565000,경기도,수원시 팔달구,매교동,5876
2021,4111566000,경기도,수원시 팔달구,매산동,10308
2021,4111567000,경기도,수원시 팔달구,고등동,20018
2021,4111568000,경기도,수원시 팔달구,화서1동,22497
2021,4111569000,경기도,수원시 팔달구,화서2동,25696
2021,4111570000,경기도,수원시 팔달구,지동,10633
2021,4111571000,경기도,수원시 팔달구,우만1동,20058
2021,4111572000,경기도,수원시 팔달구,우만2동,16900
2021,4111573000,경기도,수원시 팔달구,인계동,39870
2021,4111574000,경기도,수원시 팔달구,행궁동,10465
2021,4111751000,경기도,수원시 영통구,매탄1동,17612
2021,4111752000,경기도,수원시 영통구,매탄2동,14781
2021,4111753000,경기도,수원시 영통구,매탄3동,35982
2021,4111754000,경기도,수원시 영통구,매탄4동,21431
2021,4111755000,경기도,수원시 영통구,원천동,38806
2021,4111757000,경기도,수원시 영통구,영통1동,34785
2021,4111758000,경기도,수원시 영통구,영통2동,26188
2021,4111758500,경기도,수원시 영통구,영통3동,32527
2021,4111759300,경기도,수원시 영통구,망포1동,31076
2021,4111759600,경기도,수원시 영통구,망포2동,27872
2021,4111760000,경기도,수원시 영통구,광교1동,53025
2021,4111761000,경기도,수원시 영통구,광교2동,29337
2021,4113151000,경기도,성남시 수정구,신흥1동,13436
2021,4113152000,경기도,성남시 수정구,신흥2동,20263
2021,4113153000,경기도,성남시 수정구,신흥3동,11325
2021,4113154000,경기도,성남시 수정구,태평1동,15395
2021,4113155000,경기도,성남시 수정구,태평2동,15402
2021,4113156000,경기도,성남시 수정구,태평3동,13336
2021,4113156100,경기도,성남시 수정구,태평4동,13224
2021,4113157000,경기도,성남시 수정구,수진1동,12388
2021,4113158000,경기도,성남시 수정구,수진2동,15851
2021,4113159000,경기도,성남시 수정구,단대동,15614
2021,4113160000,경기도,성남시 수정구,산성동,5372
2021,4113161000,경기도,성남시 수정구,양지동,9896
2021,4113162000,경기도,성남시 수정구,복정동,10955
2021,4113162500,경기도,성남시 수정구,위례동,45333
2021,4113163000,경기도,성남시 수정구,신촌동,4661
2021,4113164000,경기도,성남시 수정구,고등동,10478
2021,4113165000,경기도,성남시 수정구,시흥동,3059
2021,4113351000,경기도,성남시 중원구,성남동,33802
2021,4113352500,경기도,성남시 중원구,중앙동,12093
2021,4113353000,경기도,성남시 중원구,금광1동,6713
2021,4113354000,경기도,성남시 중원구,금광2동,25814
2021,4113355000,경기도,성남시 중원구,은행1동,10335
2021,4113356000,경기도,성남시 중원구,은행2동,23824
2021,4113357000,경기도,성남시 중원구,상대원1동,25256
2021,4113358000,경기도,성남시 중원구,상대원2동,12901
2021,4113359000,경기도,성남시 중원구,상대원3동,12223
2021,4113366000,경기도,성남시 중원구,하대원동,20520
2021,4113367000,경기도,성남시 중원구,도촌동,27296
2021,4113551000,경기도,성남시 분당구,분당동,25713
2021,4113552000,경기도,성남시 분당구,수내1동,17620
2021,4113553000,경기도,성남시 분당구,수내2동,10478
2021,4113554000,경기도,성남시 분당구,수내3동,13729
2021,4113554500,경기도,성남시 분당구,정자동,19296
2021,4113555000,경기도,성남시 분당구,정자1동,30475
2021,4113556000,경기도,성남시 분당구,정자2동,15413
2021,4113557000,경기도,성남시 분당구,정자3동,16592
2021,4113558000,경기도,성남시 분당구,서현1동,31856
2021,4113559000,경기도,성남시 분당구,서현2동,18309
2021,4113560000,경기도,성남시 분당구,이매1동,25273
2021,4113561000,경기도,성남시 분당구,이매2동,13280
2021,4113562000,경기도,성남시 분당구,야탑1동,17231
2021,4113563000,경기도,성남시 분당구,야탑2동,16423
2021,4113564000,경기도,성남시 분당구,야탑3동,28163
2021,4113565000,경기도,성남시 분당구,판교동,26442
2021,4113565500,경기도,성남시 분당구,삼평동,24442
2021,4113565700,경기도,성남시 분당구,백현동,26907
2021,4113566200,경기도,성남시 분당구,금곡동,27934
2021,4113566500,경기도,성남시 분당구,구미1동,17173
2021,4113567000,경기도,성남시 분당구,구미동,30543
2021,4113568000,경기도,성남시 분당구,운중동,30891
2021,4115051000,경기도,의정부시,의정부1동,32558
2021,4115052000,경기도,의정부시,의정부2동,31445
2021,4115054500,경기도,의정부시,호원1동,36130
2021,4115055500,경기도,의정부시,호원2동,34803
2021,4115056100,경기도,의정부시,장암동,20259
2021,4115056700,경기도,의정부시,신곡1동,42560
2021,4115056800,경기도,의정부시,신곡2동,47622
2021,4115057300,경기도,의정부시,송산1동,43420
2021,4115057600,경기도,의정부시,송산2동,33524
2021,4115057800,경기도,의정부시,송산3동,47014
2021,4115058000,경기도,의정부시,자금동,27215
2021,4115059500,경기도,의정부시,가능동,25939
2021,4115061500,경기도,의정부시,흥선동,19569
2021,4115062000,경기도,의정부시,녹양동,21603
2021,4117151000,경기도,안양시 만안구,안양1동,12485
2021,4117152000,경기도,안양시 만안구,안양2동,21277
2021,4117153000,경기도,안양시 만안구,안양3동,16484
2021,4117154000,경기도,안양시 만안구,안양4동,6949
2021,4117155000,경기도,안양시 만안구,안양5동,10254
2021,4117156000,경기도,안양시 만안구,안양6동,26355
2021,4117157000,경기도,안양시 만안구,안양7동,15654
2021,4117158000,경기도,안양시 만안구,안양8동,10604
2021,4117158100,경기도,안양시 만안구,안양9동,17247
2021,4117159000,경기도,안양시 만안구,석수1동,19397
2021,4117160000,경기도,안양시 만안구,석수2동,31304
2021,4117161000,경기도,안양시 만안구,석수3동,13162
2021,4117162100,경기도,안양시 만안구,박달1동,14903
2021,4117163000,경기도,안양시 만안구,박달2동,22236
2021,4117351000,경기도,안양시 동안구,비산1동,21113
2021,4117352000,경기도,안양시 동안구,비산2동,13029
2021,4117353000,경기도,안양시 동안구,비산3동,12292
2021,4117354000,경기도,안양시 동안구,부흥동,16995
2021,4117354600,경기도,안양시 동안구,달안동,10684
2021,4117355000,경기도,안양시 동안구,관양1동,35843
2021,4117356000,경기도,안양시 동안구,관양2동,18854
2021,4117356600,경기도,안양시 동안구,부림동,26575
2021,4117357000,경기도,안양시 동안구,평촌동,14496
2021,4117357600,경기도,안양시 동안구,평안동,23325
2021,4117357800,경기도,안양시 동안구,귀인동,16607
2021,4117358000,경기도,안양시 동안구,호계1동,18050
2021,4117359000,경기도,안양시 동안구,호계2동,19722
2021,4117360000,경기도,안양시 동안구,호계3동,21982
2021,4117361000,경기도,안양시 동안구,범계동,15593
2021,4117362000,경기도,안양시 동안구,신촌동,12786
2021,4117363000,경기도,안양시 동안구,갈산동,10921
2021,4119060300,경기도,부천시,심곡동,63258
2021,4119060600,경기도,부천시,부천동,89175
2021,4119061000,경기도,부천시,중동,41054
2021,4119074200,경기도,부천시,신중동,128805
2021,4119074400,경기도,부천시,상동,85371
2021,4119074600,경기도,부천시,대산동,81778
2021,4119075000,경기도,부천시,소사본동,56200
2021,4119079500,경기도,부천시,범안동,94722
2021,4119080000,경기도,부천시,성곡동,82550
2021,4119083000,경기도,부천시,오정동,83154
2021,4121051000,경기도,광명시,광명1동,149
2021,4121052000,경기도,광명시,광명2동,3188
2021,4121054000,경기도,광명시,광명3동,9884
2021,4121055000,경기도,광명시,광명4동,13363
2021,4121056000,경기도,광명시,광명5동,13496
2021,4121057000,경기도,광명시,광명6동,10477
2021,4121058000,경기도,광명시,광명7동,21359
2021,4121059000,경기도,광명시,철산1동,10917
2021,4121060000,경기도,광명시,철산2동,5766
2021,4121061000,경기도,광명시,철산3동,34822
2021,4121062000,경기도,광명시,철산4동,13074
2021,4121063100,경기도,광명시,하안1동,25943
2021,4121063200,경기도,광명시,하안2동,13831
2021,4121063300,경기도,광명시,하안3동,19994
2021,4121063400,경기도,광명시,하안4동,12335
2021,4121064000,경기도,광명시,소하1동,31670
2021,4121065000,경기도,광명시,소하2동,28666
2021,4121065500,경기도,광명시,일직동,21861
2021,4121066000,경기도,광명시,학온동,2098
2021,4122025000,경기도,평택시,팽성읍,28744
2021,4122025300,경기도,평택시,안중읍,43711
2021,4122025600,경기도,평택시,포승읍,24568
2021,4122025900,경기도,평택시,청북읍,27127
2021,4122031000,경기도,평택시,진위면,11418
2021,4122032000,경기도,평택시,서탄면,3681
2021,4122033000,경기도,평택시,고덕면,13311
2021,4122034000,경기도,평택시,오성면,6616
2021,4122037000,경기도,평택시,현덕면,5105
2021,4122051000,경기도,평택시,중앙동,44195
2021,4122052000,경기도,평택시,서정동,25371
2021,4122053500,경기도,평택시,송탄동,21963
2021,4122055000,경기도,평택시,지산동,12924
2021,4122056000,경기도,평택시,송북동,22099
2021,4122057000,경기도,평택시,신장1동,7079
2021,4122058000,경기도,평택시,신장2동,5723
2021,4122059000,경기도,평택시,신평동,22810
2021,4122060000,경기도,평택시,원평동,12764
2021,4122061000,경기도,평택시,통복동,4088
2021,4122062000,경기도,평택시,비전1동,51458
2021,4122063000,경기도,평택시,비전2동,55603
2021,4122063500,경기도,평택시,용이동,26025
2021,4122064000,경기도,평택시,세교동,29302
2021,4122065000,경기도,평택시,동삭동,37373
2021,4122066000,경기도,평택시,고덕동,21230
2021,4125051000,경기도,동두천시,생연1동,6940
2021,4125052000,경기도,동두천시,생연2동,11901
2021,4125053500,경기도,동두천시,중앙동,4932
2021,4125055000,경기도,동두천시,보산동,2946
2021,4125056500,경기도,동두천시,불현동,26866
2021,4125056600,경기도,동두천시,송내동,25829
2021,4125058000,경기도,동두천시,소요동,8899
2021,4125060000,경기도,동두천시,상패동,5279
2021,4127151000,경기도,안산시 상록구,일동,24691
2021,4127151500,경기도,안산시 상록구,이동,23874
2021,4127152500,경기도,안산시 상록구,사동,32603
2021,4127153200,경기도,안산시 상록구,사이동,32581
2021,4127153700,경기도,안산시 상록구,해양동,41279
2021,4127154000,경기도,안산시 상록구,본오1동,37238
2021,4127155000,경기도,안산시 상록구,본오2동,26186
2021,4127156000,경기도,안산시 상록구,본오3동,19572
2021,4127157000,경기도,안산시 상록구,부곡동,21624
2021,4127158000,경기도,안산시 상록구,월피동,38102
2021,4127159000,경기도,안산시 상록구,성포동,26272
2021,4127160000,경기도,안산시 상록구,반월동,17516
2021,4127161000,경기도,안산시 상록구,안산동,9130
2021,4127351000,경기도,안산시 단원구,와동,38243
2021,4127352500,경기도,안산시 단원구,고잔동,21554
2021,4127353200,경기도,안산시 단원구,중앙동,24506
2021,4127353500,경기도,안산시 단원구,호수동,43745
2021,4127354500,경기도,안산시 단원구,원곡동,6045
2021,4127355500,경기도,안산시 단원구,백운동,21344
2021,4127356500,경기도,안산시 단원구,신길동,22471
2021,4127357000,경기도,안산시 단원구,초지동,46921
2021,4127358000,경기도,안산시 단원구,선부1동,17672
2021,4127359000,경기도,안산시 단원구,선부2동,15948
2021,4127360000,경기도,안산시 단원구,선부3동,34549
2021,4127361000,경기도,안산시 단원구,대부동,9060
2021,4128151000,경기도,고양시 덕양구,주교동,14463
2021,4128152000,경기도,고양시 덕양구,원신동,23609
2021,4128153000,경기도,고양시 덕양구,흥도동,48468
2021,4128154000,경기도,고양시 덕양구,성사1동,21801
2021,4128155000,경기도,고양시 덕양구,성사2동,11343
2021,4128156000,경기도,고양시 덕양구,효자동,15329
2021,4128158000,경기도,고양시 덕양구,창릉동,23536
2021,4128159000,경기도,고양시 덕양구,고양동,29761
2021,4128160000,경기도,고양시 덕양구,관산동,36505
2021,4128161000,경기도,고양시 덕양구,능곡동,15346
2021,4128162100,경기도,고양시 덕양구,화정1동,37403
2021,4128162200,경기도,고양시 덕양구,화정2동,32732
2021,4128163000,경기도,고양시 덕양구,행주동,18690
2021,4128164000,경기도,고양시 덕양구,행신1동,21496
2021,4128165000,경기도,고양시 덕양구,행신2동,31715
2021,4128165500,경기도,고양시 덕양구,행신3동,45093
2021,4128166000,경기도,고양시 덕양구,화전동,27801
2021,4128167000,경기도,고양시 덕양구,대덕동,2420
2021,4128551000,경기도,고양시 일산동구,식사동,37221
2021,4128553000,경기도,고양시 일산동구,정발산동,23357
2021,4128554000,경기도,고양시 일산동구,풍산동,38677
2021,4128555100,경기도,고양시 일산동구,백석1동,30310
2021,4128555200,경기도,고양시 일산동구,백석2동,20806
2021,4128556000,경기도,고양시 일산동구,마두1동,24015
2021,4128557000,경기도,고양시 일산동구,마두2동,16245
2021,4128558000,경기도,고양시 일산동구,장항1동,11399
2021,4128559000,경기도,고양시 일산동구,장항2동,27085
2021,4128560000,경기도,고양시 일산동구,고봉동,23155
2021,4128751000,경기도,고양시 일산서구,일산1동,26987
2021,4128752000,경기도,고양시 일산서구,일산2동,18318
2021,4128753000,경기도,고양시 일산서구,일산3동,35240
2021,4128755000,경기도,고양시 일산서구,주엽1동,27856
2021,4128756000,경기도,고양시 일산서구,주엽2동,28826
2021,4128757000,경기도,고양시 일산서구,대화동,36112
2021,4128758000,경기도,고양시 일산서구,송포동,21509
2021,4129051000,경기도,과천시,중앙동,10925
2021,4129052000,경기도,과천시,갈현동,16891
2021,4129053000,경기도,과천시,별양동,13842
2021,4129054000,경기도,과천시,부림동,15002
2021,4129055000,경기도,과천시,과천동,9212
2021,4129056000,경기도,과천시,문원동,7473
2021,4131051000,경기도,구리시,갈매동,30653
2021,4131052000,경기도,구리시,동구동,37266
2021,4131053000,경기도,구리시,인창동,23258
2021,4131054100,경기도,구리시,교문1동,16260
2021,4131054200,경기도,구리시,교문2동,21817
2021,4131057000,경기도,구리시,수택1동,15617
2021,4131058000,경기도,구리시,수택2동,25158
2021,4131059000,경기도,구리시,수택3동,21919
2021,4136025000,경기도,남양주시,와부읍,60226
2021,4136025300,경기도,남양주시,진접읍,93408
2021,4136025600,경기도,남양주시,화도읍,104016
2021,4136025700,경기도,남양주시,화도읍동부출장소,14794
2021,4136025900,경기도,남양주시,진건읍,23505
2021,4136026200,경기도,남양주시,오남읍,53494
2021,4136026500,경기도,남양주시,퇴계원읍,28863
2021,4136031000,경기도,남양주시,별내면,19511
2021,4136034000,경기도,남양주시,수동면,8957
2021,4136036000,경기도,남양주시,조안면,4086
2021,4136051000,경기도,남양주시,호평동,57475
2021,4136052000,경기도,남양주시,평내동,36620
2021,4136053000,경기도,남양주시,금곡동,18448
2021,4136054000,경기도,남양주시,양정동,4220
2021,4136054500,경기도,남양주시,다산1동,91650
2021,4136056500,경기도,남양주시,다산2동,35495
2021,4136057000,경기도,남양주시,별내동,79030
2021,4137051000,경기도,오산시,중앙동,35537
2021,4137053000,경기도,오산시,남촌동,20644
2021,4137054000,경기도,오산시,신장동,61008
2021,4137055000,경기도,오산시,세마동,31971
2021,4137056000,경기도,오산시,초평동,16188
2021,4137057000,경기도,오산시,대원동,64635
2021,4139051000,경기도,시흥시,대야동,44791
2021,4139052000,경기도,시흥시,신천동,36126
2021,4139053100,경기도,시흥시,신현동,9908
2021,4139054000,경기도,시흥시,은행동,56481
2021,4139055000,경기도,시흥시,매화동,12096
2021,4139057000,경기도,시흥시,목감동,42209
2021,4139058100,경기도,시흥시,군자동,21779
2021,4139058200,경기도,시흥시,월곶동,16477
2021,4139058900,경기도,시흥시,정왕본동,20280
2021,4139059100,경기도,시흥시,정왕1동,22300
2021,4139059200,경기도,시흥시,정왕2동,32095
2021,4139059300,경기도,시흥시,정왕3동,23025
2021,4139059400,경기도,시흥시,정왕4동,20947
2021,4139059600,경기도,시흥시,배곧1동,35587
2021,4139059700,경기도,시흥시,배곧2동,35307
2021,4139062100,경기도,시흥시,과림동,1918
2021,4139063000,경기도,시흥시,연성동,23732
2021,4139063100,경기도,시흥시,장곡동,32584
2021,4139064000,경기도,시흥시,능곡동,24388
2021,4141051000,경기도,군포시,군포1동,33573
2021,4141052000,경기도,군포시,군포2동,43789
2021,4141054000,경기도,군포시,산본1동,15734
2021,4141055000,경기도,군포시,산본2동,26686
2021,4141056000,경기도,군포시,금정동,17228
2021,4141057000,경기도,군포시,재궁동,18513
2021,4141058000,경기도,군포시,오금동,21395
2021,4141059000,경기도,군포시,수리동,16263
2021,4141060000,경기도,군포시,궁내동,20554
2021,4141061000,경기도,군포시,대야동,9518
2021,4141062000,경기도,군포시,광정동,24718
2021,4141063000,경기도,군포시,송부동,20564
2021,4143051000,경기도,의왕시,고천동,14183
2021,4143052000,경기도,의왕시,부곡동,29446
2021,4143053000,경기도,의왕시,오전동,39309
2021,4143054000,경기도,의왕시,내손1동,20756
2021,4143055000,경기도,의왕시,내손2동,22378
2021,4143056000,경기도,의왕시,청계동,37284
2021,4145051000,경기도,하남시,천현동,7436
2021,4145052000,경기도,하남시,신장1동,6654
2021,4145053000,경기도,하남시,신장2동,46832
2021,4145054000,경기도,하남시,덕풍1동,15557
2021,4145055000,경기도,하남시,덕풍2동,18941
2021,4145056000,경기도,하남시,덕풍3동,25378
2021,4145057000,경기도,하남시,풍산동,29828
2021,4145058000,경기도,하남시,감북동,2745
2021,4145058200,경기도,하남시,감일동,31219
2021,4145058500,경기도,하남시,위례동,27379
2021,4145059000,경기도,하남시,춘궁동,3846
2021,4145060000,경기도,하남시,초이동,3485
2021,4145061000,경기도,하남시,미사1동,53423
2021,4145062000,경기도,하남시,미사2동,47364
2021,4146125000,경기도,용인시 처인구,포곡읍,33495
2021,4146125300,경기도,용인시 처인구,모현읍,27119
2021,4146125600,경기도,용인시 처인구,이동읍,20446
2021,4146125900,경기도,용인시 처인구,남사읍,23904
2021,4146134000,경기도,용인시 처인구,원삼면,8278
2021,4146135000,경기도,용인시 처인구,백암면,8394
2021,4146136000,경기도,용인시 처인구,양지면,19493
2021,4146151000,경기도,용인시 처인구,중앙동,25010
2021,4146152500,경기도,용인시 처인구,역북동,31872
2021,4146152600,경기도,용인시 처인구,삼가동,12637
2021,4146153000,경기도,용인시 처인구,유림동,36320
2021,4146154000,경기도,용인시 처인구,동부동,13230
2021,4146351000,경기도,용인시 기흥구,신갈동,38287
2021,4146351600,경기도,용인시 기흥구,영덕1동,30389
2021,4146351700,경기도,용인시 기흥구,영덕2동,17504
2021,4146352000,경기도,용인시 기흥구,구갈동,41715
2021,4146353000,경기도,용인시 기흥구,상갈동,13188
2021,4146353500,경기도,용인시 기흥구,보라동,33285
2021,4146354000,경기도,용인시 기흥구,기흥동,21625
2021,4146355000,경기도,용인시 기흥구,서농동,26296
2021,4146356000,경기도,용인시 기흥구,구성동,40258
2021,4146357000,경기도,용인시 기흥구,마북동,32008
2021,4146357200,경기도,용인시 기흥구,동백1동,32702
2021,4146357500,경기도,용인시 기흥구,동백2동,27264
2021,4146357700,경기도,용인시 기흥구,동백3동,26473
2021,4146358600,경기도,용인시 기흥구,상하동,24535
2021,4146359000,경기도,용인시 기흥구,보정동,36213
2021,4146551000,경기도,용인시 수지구,풍덕천1동,36189
2021,4146552000,경기도,용인시 수지구,풍덕천2동,41003
2021,4146553000,경기도,용인시 수지구,신봉동,37827
2021,4146554000,경기도,용인시 수지구,죽전1동,29168
2021,4146555000,경기도,용인시 수지구,죽전2동,18387
2021,4146555500,경기도,용인시 수지구,죽전3동,27063
2021,4146556000,경기도,용인시 수지구,동천동,49723
2021,4146557000,경기도,용인시 수지구,상현1동,20422
2021,4146558000,경기도,용인시 수지구,상현2동,33287
2021,4146558500,경기도,용인시 수지구,상현3동,27895
2021,4146559000,경기도,용인시 수지구,성복동,54604
2021,4148025000,경기도,파주시,문산읍,48437
2021,4148025300,경기도,파주시,파주읍,13718
2021,4148025600,경기도,파주시,법원읍,10443
2021,4148026200,경기도,파주시,조리읍,29746
2021,4148031000,경기도,파주시,월롱면,9438
2021,4148032000,경기도,파주시,탄현면,13450
2021,4148035000,경기도,파주시,광탄면,11230
2021,4148036000,경기도,파주시,파평면,3872
2021,4148037000,경기도,파주시,적성면,7425
2021,4148039000,경기도,파주시,장단면,733
2021,4148051000,경기도,파주시,금촌1동,22193
2021,4148052000,경기도,파주시,금촌2동,32786
2021,4148053000,경기도,파주시,금촌3동,27632
2021,4148054000,경기도,파주시,교하동,51269
2021,4148055000,경기도,파주시,운정1동,51756
2021,4148056000,경기도,파주시,운정2동,62676
2021,4148057000,경기도,파주시,운정3동,86441
2021,4150025000,경기도,이천시,장호원읍,14559
2021,4150025300,경기도,이천시,부발읍,36103
2021,4150031000,경기도,이천시,신둔면,13923
2021,4150032000,경기도,이천시,백사면,11408
2021,4150033000,경기도,이천시,호법면,5944
2021,4150034000,경기도,이천시,마장면,15331
2021,4150035000,경기도,이천시,대월면,14602
2021,4150036000,경기도,이천시,모가면,4379
2021,4150037000,경기도,이천시,설성면,4713
2021,4150038000,경기도,이천시,율면,2657
2021,4150051000,경기도,이천시,창전동,16939
2021,4150051500,경기도,이천시,증포동,57336
2021,4150052000,경기도,이천시,중리동,15066
2021,4150053000,경기도,이천시,관고동,10217
2021,4155025000,경기도,안성시,공도읍,60103
2021,4155031000,경기도,안성시,보개면,5327
2021,4155032000,경기도,안성시,금광면,7301
2021,4155033000,경기도,안성시,서운면,3299
2021,4155034000,경기도,안성시,미양면,5854
2021,4155035000,경기도,안성시,대덕면,15403
2021,4155036000,경기도,안성시,양성면,5245
2021,4155038000,경기도,안성시,원곡면,6531
2021,4155039000,경기도,안성시,일죽면,7479
2021,4155040000,경기도,안성시,죽산면,6915
2021,4155041000,경기도,안성시,삼죽면,3591
2021,4155042000,경기도,안성시,고삼면,1932
2021,4155051000,경기도,안성시,안성1동,12311
2021,4155052000,경기도,안성시,안성2동,25832
2021,4155053000,경기도,안성시,안성3동,22411
2021,4157025000,경기도,김포시,통진읍,29059
2021,4157025300,경기도,김포시,고촌읍,48142
2021,4157025600,경기도,김포시,양촌읍,29141
2021,4157034000,경기도,김포시,대곶면,9880
2021,4157035000,경기도,김포시,월곶면,5440
2021,4157036000,경기도,김포시,하성면,8200
2021,4157051500,경기도,김포시,김포본동,60981
2021,4157052500,경기도,김포시,장기본동,38875
2021,4157054000,경기도,김포시,사우동,22651
2021,4157055000,경기도,김포시,풍무동,61768
2021,4157056000,경기도,김포시,장기동,41316
2021,4157057000,경기도,김포시,구래동,45249
2021,4157057500,경기도,김포시,마산동,35971
2021,4157058000,경기도,김포시,운양동,49835
2021,4159025300,경기도,화성시,봉담읍,84747
2021,4159025600,경기도,화성시,우정읍,17530
2021,4159025900,경기도,화성시,향남읍,88036
2021,4159026200,경기도,화성시,남양읍,43217
2021,4159031000,경기도,화성시,매송면,6956
2021,4159032000,경기도,화성시,비봉면,6493
2021,4159033000,경기도,화성시,마도면,7016
2021,4159034000,경기도,화성시,송산면,11061
2021,4159035000,경기도,화성시,서신면,7262
2021,4159036000,경기도,화성시,팔탄면,10083
2021,4159037000,경기도,화성시,장안면,10325
2021,4159040000,경기도,화성시,양감면,4027
2021,4159041000,경기도,화성시,정남면,11425
2021,4159051500,경기도,화성시,새솔동,24737
2021,4159052000,경기도,화성시,진안동,43696
2021,4159053000,경기도,화성시,병점1동,36133
2021,4159054000,경기도,화성시,병점2동,23914
2021,4159055000,경기도,화성시,반월동,31874
2021,4159056000,경기도,화성시,기배동,13561
2021,4159057000,경기도,화성시,화산동,22929
2021,4159058500,경기도,화성시,동탄1동,50932
2021,4159058600,경기도,화성시,동탄2동,35207
2021,4159058700,경기도,화성시,동탄3동,41806
2021,4159058800,경기도,화성시,동탄4동,52628
2021,4159059000,경기도,화성시,동탄5동,45102
2021,4159060000,경기도,화성시,동탄6동,38257
2021,4159061000,경기도,화성시,동탄7동,86063
2021,4159062000,경기도,화성시,동탄8동,31998
2021,4161025300,경기도,광주시,초월읍,46550
2021,4161025900,경기도,광주시,곤지암읍,23189
2021,4161033000,경기도,광주시,도척면,9558
2021,4161034000,경기도,광주시,퇴촌면,15844
2021,4161035000,경기도,광주시,남종면,1490
2021,4161037000,경기도,광주시,남한산성면,2493
2021,4161051000,경기도,광주시,경안동,28610
2021,4161052000,경기도,광주시,송정동,22041
2021,4161054000,경기도,광주시,쌍령동,18308
2021,4161055000,경기도,광주시,탄벌동,39051
2021,4161056000,경기도,광주시,광남1동,33369
2021,4161057000,경기도,광주시,광남2동,33802
2021,4163025000,경기도,양주시,백석읍,26330
2021,4163031000,경기도,양주시,은현면,5820
2021,4163032000,경기도,양주시,남면,6963
2021,4163033000,경기도,양주시,광적면,11869
2021,4163034000,경기도,양주시,장흥면,10883
2021,4163051000,경기도,양주시,양주1동,5231
2021,4163052000,경기도,양주시,양주2동,50053
2021,4163053000,경기도,양주시,회천1동,9755
2021,4163054000,경기도,양주시,회천2동,27285
2021,4163055000,경기도,양주시,회천3동,27352
2021,4163056000,경기도,양주시,회천4동,54827
2021,4165025000,경기도,포천시,소흘읍,45510
2021,4165031000,경기도,포천시,군내면,8664
2021,4165032000,경기도,포천시,내촌면,4565
2021,4165033000,경기도,포천시,가산면,7586
2021,4165034000,경기도,포천시,신북면,12469
2021,4165035000,경기도,포천시,창수면,2115
2021,4165036000,경기도,포천시,영중면,4773
2021,4165037000,경기도,포천시,일동면,9464
2021,4165038000,경기도,포천시,이동면,6260
2021,4165039000,경기도,포천시,영북면,8222
2021,4165040000,경기도,포천시,관인면,2738
2021,4165041000,경기도,포천시,화현면,2736
2021,4165051000,경기도,포천시,포천동,18952
2021,4165052000,경기도,포천시,선단동,14885
2021,4167025000,경기도,여주시,가남읍,15272
2021,4167031000,경기도,여주시,점동면,4773
2021,4167032000,경기도,여주시,흥천면,5080
2021,4167033000,경기도,여주시,금사면,2954
2021,4167034500,경기도,여주시,세종대왕면,6274
2021,4167035000,경기도,여주시,대신면,6964
2021,4167036000,경기도,여주시,북내면,4907
2021,4167037000,경기도,여주시,강천면,4289
2021,4167038000,경기도,여주시,산북면,2536
2021,4167051000,경기도,여주시,여흥동,21775
2021,4167052000,경기도,여주시,중앙동,18626
2021,4167053000,경기도,여주시,오학동,18700
2021,4180025000,경기도,연천군,연천읍,7670
2021,4180025300,경기도,연천군,전곡읍,19124
2021,4180031000,경기도,연천군,군남면,3116
2021,4180032000,경기도,연천군,청산면,3895
2021,4180033000,경기도,연천군,백학면,2567
2021,4180034000,경기도,연천군,미산면,1741
2021,4180035000,경기도,연천군,왕징면,1003
2021,4180036000,경기도,연천군,신서면,2696
2021,4180037000,경기도,연천군,중면,191
2021,4180038000,경기도,연천군,장남면,718
2021,4182025000,경기도,가평군,가평읍,19478
2021,4182031000,경기도,가평군,설악면,9663
2021,4182032500,경기도,가평군,청평면,13956
2021,4182033000,경기도,가평군,상면,5626
2021,4182034500,경기도,가평군,조종면,9672
2021,4182035000,경기도,가평군,북면,3869
2021,4183025000,경기도,양평군,양평읍,30966
2021,4183031000,경기도,양평군,강상면,10510
2021,4183032000,경기도,양평군,강하면,4865
2021,4183033000,경기도,양평군,양서면,13935
2021,4183034000,경기도,양평군,옥천면,8301
2021,4183035000,경기도,양평군,서종면,9982
2021,4183036000,경기도,양평군,단월면,3895
2021,4183037000,경기도,양평군,청운면,3802
2021,4183038000,경기도,양평군,양동면,4675
2021,4183039500,경기도,양평군,지평면,7038
2021,4183040000,경기도,양평군,용문면,18021
2021,4183041000,경기도,양평군,개군면,5240
2021,4211025000,강원도,춘천시,신북읍,7562
2021,4211031000,강원도,춘천시,동면,19655
2021,4211032000,강원도,춘천시,동산면,1449
2021,4211033000,강원도,춘천시,신동면,2602
2021,4211034000,강원도,춘천시,남면,1073
2021,4211035000,강원도,춘천시,서면,3782
2021,4211036000,강원도,춘천시,사북면,2496
2021,4211038000,강원도,춘천시,북산면,967
2021,4211039000,강원도,춘천시,동내면,17202
2021,4211040000,강원도,춘천시,남산면,3428
2021,4211052000,강원도,춘천시,교동,3543
2021,4211053000,강원도,춘천시,조운동,2700
2021,4211054500,강원도,춘천시,약사명동,3339
2021,4211057000,강원도,춘천시,근화동,8516
2021,4211058000,강원도,춘천시,소양동,9308
2021,4211060000,강원도,춘천시,후평1동,11550
2021,4211061000,강원도,춘천시,후평2동,14595
2021,4211061100,강원도,춘천시,후평3동,20829
2021,4211062000,강원도,춘천시,효자1동,4413
2021,4211063000,강원도,춘천시,효자2동,12008
2021,4211064000,강원도,춘천시,효자3동,4362
2021,4211065000,강원도,춘천시,석사동,34593
2021,4211066000,강원도,춘천시,퇴계동,48812
2021,4211067500,강원도,춘천시,강남동,22607
2021,4211070500,강원도,춘천시,신사우동,23203
2021,4213025000,강원도,원주시,문막읍,17887
2021,4213031000,강원도,원주시,소초면,8439
2021,4213032000,강원도,원주시,호저면,3643
2021,4213033000,강원도,원주시,지정면,29029
2021,4213035000,강원도,원주시,부론면,2226
2021,4213036000,강원도,원주시,귀래면,2163
2021,4213037000,강원도,원주시,흥업면,9256
2021,4213038000,강원도,원주시,판부면,7385
2021,4213039000,강원도,원주시,신림면,3574
2021,4213051500,강원도,원주시,중앙동,2577
2021,4213052000,강원도,원주시,원인동,4562
2021,4213053000,강원도,원주시,개운동,12740
2021,4213054100,강원도,원주시,명륜1동,8398
2021,4213054200,강원도,원주시,명륜2동,15519
2021,4213055000,강원도,원주시,단구동,44736
2021,4213056000,강원도,원주시,일산동,8576
2021,4213057500,강원도,원주시,학성동,4693
2021,4213059000,강원도,원주시,단계동,28820
2021,4213060000,강원도,원주시,우산동,13573
2021,4213061000,강원도,원주시,태장1동,10306
2021,4213062000,강원도,원주시,태장2동,24745
2021,4213063500,강원도,원주시,봉산동,7941
2021,4213065000,강원도,원주시,행구동,7835
2021,4213066000,강원도,원주시,무실동,34415
2021,4213067500,강원도,원주시,반곡관설동,44719
2021,4215025000,강원도,강릉시,주문진읍,16627
2021,4215031000,강원도,강릉시,성산면,3449
2021,4215032000,강원도,강릉시,왕산면,1574
2021,4215033000,강원도,강릉시,구정면,4225
2021,4215034000,강원도,강릉시,강동면,4223
2021,4215035000,강원도,강릉시,옥계면,3495
2021,4215036000,강원도,강릉시,사천면,4652
2021,4215037000,강원도,강릉시,연곡면,6355
2021,4215051000,강원도,강릉시,홍제동,15169
2021,4215052000,강원도,강릉시,중앙동,4792
2021,4215054000,강원도,강릉시,옥천동,3366
2021,4215055000,강원도,강릉시,교1동,25882
2021,4215056000,강원도,강릉시,교2동,7746
2021,4215057100,강원도,강릉시,포남1동,10448
2021,4215057200,강원도,강릉시,포남2동,12792
2021,4215058000,강원도,강릉시,초당동,4743
2021,4215059000,강원도,강릉시,송정동,10075
2021,4215060000,강원도,강릉시,내곡동,16364
2021,4215061500,강원도,강릉시,강남동,17718
2021,4215064500,강원도,강릉시,성덕동,28067
2021,4215066500,강원도,강릉시,경포동,11203
2021,4217051000,강원도,동해시,천곡동,30710
2021,4217052000,강원도,동해시,송정동,3754
2021,4217053000,강원도,동해시,북삼동,20007
2021,4217054000,강원도,동해시,부곡동,4951
2021,4217055000,강원도,동해시,동호동,5118
2021,4217057000,강원도,동해시,발한동,3344
2021,4217059000,강원도,동해시,묵호동,3086
2021,4217060000,강원도,동해시,북평동,12817
2021,4217063000,강원도,동해시,망상동,3491
2021,4217065000,강원도,동해시,삼화동,2803
2021,4219051500,강원도,태백시,황지동,6128
2021,4219052500,강원도,태백시,황연동,4262
2021,4219053500,강원도,태백시,삼수동,5725
2021,4219054000,강원도,태백시,상장동,13106
2021,4219058500,강원도,태백시,문곡소도동,3810
2021,4219059500,강원도,태백시,장성동,3334
2021,4219060500,강원도,태백시,구문소동,2497
2021,4219061500,강원도,태백시,철암동,1982
2021,4221051000,강원도,속초시,영랑동,4427
2021,4221052000,강원도,속초시,동명동,3592
2021,4221054000,강원도,속초시,금호동,6024
2021,4221056000,강원도,속초시,교동,9564
2021,4221057000,강원도,속초시,노학동,21873
2021,4221058000,강원도,속초시,조양동,29264
2021,4221059000,강원도,속초시,청호동,4932
2021,4221060000,강원도,속초시,대포동,3115
2021,4223025000,강원도,삼척시,도계읍,9538
2021,4223025300,강원도,삼척시,원덕읍,3217
2021,4223025400,강원도,삼척시,원덕읍임원출장소,1687
2021,4223031000,강원도,삼척시,근덕면,5063
2021,4223032000,강원도,삼척시,하장면,1296
2021,4223033000,강원도,삼척시,노곡면,714
2021,4223034000,강원도,삼척시,미로면,1807
2021,4223035000,강원도,삼척시,가곡면,669
2021,4223036000,강원도,삼척시,신기면,665
2021,4223051000,강원도,삼척시,남양동,7478
2021,4223053000,강원도,삼척시,교동,14387
2021,4223054000,강원도,삼척시,정라동,8924
2021,4223057000,강원도,삼척시,성내동,7984
2021,4272025000,강원도,홍천군,홍천읍,34186
2021,4272031000,강원도,홍천군,화촌면,4528
2021,4272032000,강원도,홍천군,두촌면,2434
2021,4272033000,강원도,홍천군,내촌면,2384
2021,4272034000,강원도,홍천군,서석면,3719
2021,4272035200,강원도,홍천군,영귀미면,4075
2021,4272036000,강원도,홍천군,남면,6197
2021,4272037000,강원도,홍천군,서면,3776
2021,4272038000,강원도,홍천군,북방면,3922
2021,4272039000,강원도,홍천군,내면,3144
2021,4273025000,강원도,횡성군,횡성읍,20967
2021,4273031000,강원도,횡성군,우천면,4456
2021,4273032000,강원도,횡성군,안흥면,3101
2021,4273033000,강원도,횡성군,둔내면,5838
2021,4273034000,강원도,횡성군,갑천면,2426
2021,4273035000,강원도,횡성군,청일면,2379
2021,4273036000,강원도,횡성군,공근면,3473
2021,4273037000,강원도,횡성군,서원면,2092
2021,4273038000,강원도,횡성군,강림면,1749
2021,4275025000,강원도,영월군,영월읍,20799
2021,4275025300,강원도,영월군,상동읍,1025
2021,4275031200,강원도,영월군,산솔면,1426
2021,4275032500,강원도,영월군,김삿갓면,1698
2021,4275033000,강원도,영월군,북면,2074
2021,4275034000,강원도,영월군,남면,2225
2021,4275035500,강원도,영월군,한반도면,1212
2021,4275035900,강원도,영월군,한반도면쌍용출장소,1658
2021,4275036000,강원도,영월군,주천면,3740
2021,4275038000,강원도,영월군,무릉도원면,2047
2021,4276025000,강원도,평창군,평창읍,8444
2021,4276031000,강원도,평창군,미탄면,1650
2021,4276032000,강원도,평창군,방림면,852
2021,4276032500,강원도,평창군,방림면계촌출장소,1684
2021,4276033000,강원도,평창군,대화면,5177
2021,4276034000,강원도,평창군,봉평면,5712
2021,4276035000,강원도,평창군,용평면,3050
2021,4276036000,강원도,평창군,진부면,8546
2021,4276038000,강원도,평창군,대관령면,5881
2021,4277025000,강원도,정선군,정선읍,10460
2021,4277025300,강원도,정선군,고한읍,4363
2021,4277025600,강원도,정선군,사북읍,4694
2021,4277025900,강원도,정선군,신동읍,1822
2021,4277026000,강원도,정선군,신동읍함백출장소,1592
2021,4277032000,강원도,정선군,남면,3172
2021,4277034000,강원도,정선군,북평면,2476
2021,4277035000,강원도,정선군,임계면,3475
2021,4277036000,강원도,정선군,화암면,1630
2021,4277037000,강원도,정선군,여량면,1991
2021,4278025000,강원도,철원군,철원읍,5262
2021,4278025300,강원도,철원군,김화읍,3476
2021,4278025600,강원도,철원군,갈말읍,11855
2021,4278025900,강원도,철원군,동송읍,14941
2021,4278031000,강원도,철원군,서면,1841
2021,4278031500,강원도,철원군,서면와수출장소,3671
2021,4278032000,강원도,철원군,근남면,2190
2021,4278033000,강원도,철원군,근북면,104
2021,4279025000,강원도,화천군,화천읍,8335
2021,4279031000,강원도,화천군,간동면,2688
2021,4279032000,강원도,화천군,하남면,2803
2021,4279033000,강원도,화천군,상서면,4077
2021,4279034000,강원도,화천군,사내면,6292
2021,4280025000,강원도,양구군,양구읍,13802
2021,4280031500,강원도,양구군,국토정중앙면,3359
2021,4280032000,강원도,양구군,동면,2039
2021,4280033000,강원도,양구군,방산면,1290
2021,4280034000,강원도,양구군,해안면,1258
2021,4281025000,강원도,인제군,인제읍,10303
2021,4281025100,강원도,인제군,인제읍귀둔출장소,525
2021,4281031000,강원도,인제군,남면,3761
2021,4281032000,강원도,인제군,북면,8035
2021,4281033000,강원도,인제군,기린면,4977
2021,4281034000,강원도,인제군,서화면,2567
2021,4281035000,강원도,인제군,상남면,1997
2021,4282025000,강원도,고성군,간성읍,7110
2021,4282025300,강원도,고성군,거진읍,5989
2021,4282031000,강원도,고성군,현내면,2292
2021,4282032000,강원도,고성군,죽왕면,3468
2021,4282033000,강원도,고성군,토성면,8390
2021,4283025000,강원도,양양군,양양읍,12687
2021,4283031000,강원도,양양군,서면,2786
2021,4283032000,강원도,양양군,손양면,2306
2021,4283033000,강원도,양양군,현북면,2596
2021,4283034000,강원도,양양군,현남면,2967
2021,4283035000,강원도,양양군,강현면,4571
2021,4311131000,충청북도,청주시 상당구,낭성면,2236
2021,4311132000,충청북도,청주시 상당구,미원면,4898
2021,4311133000,충청북도,청주시 상당구,가덕면,3859
2021,4311134000,충청북도,청주시 상당구,남일면,6852
2021,4311135000,충청북도,청주시 상당구,문의면,3891
2021,4311152500,충청북도,청주시 상당구,중앙동,6925
2021,4311154500,충청북도,청주시 상당구,성안동,6834
2021,4311162000,충청북도,청주시 상당구,탑대성동,8591
2021,4311167000,충청북도,청주시 상당구,영운동,10548
2021,4311168000,충청북도,청주시 상당구,금천동,31021
2021,4311169000,충청북도,청주시 상당구,용담명암산성동,13402
2021,4311172000,충청북도,청주시 상당구,용암1동,54832
2021,4311173000,충청북도,청주시 상당구,용암2동,39938
2021,4311231000,충청북도,청주시 서원구,남이면,10073
2021,4311232000,충청북도,청주시 서원구,현도면,3230
2021,4311251000,충청북도,청주시 서원구,사직1동,6515
2021,4311252000,충청북도,청주시 서원구,사직2동,13728
2021,4311253000,충청북도,청주시 서원구,사창동,14622
2021,4311254000,충청북도,청주시 서원구,모충동,15644
2021,4311255000,충청북도,청주시 서원구,산남동,26382
2021,4311256000,충청북도,청주시 서원구,분평동,30172
2021,4311257000,충청북도,청주시 서원구,수곡1동,13247
2021,4311258000,충청북도,청주시 서원구,수곡2동,15920
2021,4311259000,충청북도,청주시 서원구,성화개신죽림동,43366
2021,4311325000,충청북도,청주시 흥덕구,오송읍,24178
2021,4311331000,충청북도,청주시 흥덕구,강내면,10742
2021,4311332000,충청북도,청주시 흥덕구,옥산면,17932
2021,4311370000,충청북도,청주시 흥덕구,운천신봉동,16746
2021,4311374100,충청북도,청주시 흥덕구,복대1동,50588
2021,4311374200,충청북도,청주시 흥덕구,복대2동,15840
2021,4311374700,충청북도,청주시 흥덕구,가경동,55569
2021,4311375100,충청북도,청주시 흥덕구,봉명1동,9666
2021,4311375600,충청북도,청주시 흥덕구,봉명2송정동,24028
2021,4311376000,충청북도,청주시 흥덕구,강서1동,28535
2021,4311377000,충청북도,청주시 흥덕구,강서2동,13605
2021,4311425000,충청북도,청주시 청원구,내수읍,19127
2021,4311425300,충청북도,청주시 청원구,오창읍,70536
2021,4311431000,충청북도,청주시 청원구,북이면,4534
2021,4311451000,충청북도,청주시 청원구,우암동,12332
2021,4311452000,충청북도,청주시 청원구,내덕1동,8474
2021,4311453000,충청북도,청주시 청원구,내덕2동,13379
2021,4311454000,충청북도,청주시 청원구,율량사천동,47655
2021,4311455000,충청북도,청주시 청원구,오근장동,18290
2021,4313025000,충청북도,충주시,주덕읍,4801
2021,4313031000,충청북도,충주시,살미면,2009
2021,4313032500,충청북도,충주시,수안보면,2921
2021,4313033500,충청북도,충주시,대소원면,9029
2021,4313035000,충청북도,충주시,신니면,2928
2021,4313036000,충청북도,충주시,노은면,2246
2021,4313037000,충청북도,충주시,앙성면,3952
2021,4313038500,충청북도,충주시,중앙탑면,13567
2021,4313039000,충청북도,충주시,금가면,3778
2021,4313040000,충청북도,충주시,동량면,3608
2021,4313041000,충청북도,충주시,산척면,2247
2021,4313042000,충청북도,충주시,엄정면,3089
2021,4313043000,충청북도,충주시,소태면,1948
2021,4313051500,충청북도,충주시,성내.충인동,2657
2021,4313053500,충청북도,충주시,교현.안림동,23334
2021,4313054000,충청북도,충주시,교현2동,6807
2021,4313055000,충청북도,충주시,용산동,15150
2021,4313056000,충청북도,충주시,지현동,5137
2021,4313057100,충청북도,충주시,문화동,9388
2021,4313058000,충청북도,충주시,호암.직동,19987
2021,4313060500,충청북도,충주시,달천동,3711
2021,4313061000,충청북도,충주시,봉방동,9237
2021,4313062500,충청북도,충주시,칠금.금릉동,14463
2021,4313063000,충청북도,충주시,연수동,36807
2021,4313064000,충청북도,충주시,목행.용탄동,6557
2021,4315025000,충청북도,제천시,봉양읍,6712
2021,4315031000,충청북도,제천시,금성면,1895
2021,4315032000,충청북도,제천시,청풍면,1268
2021,4315033000,충청북도,제천시,수산면,2016
2021,4315034000,충청북도,제천시,덕산면,2141
2021,4315035000,충청북도,제천시,한수면,700
2021,4315036000,충청북도,제천시,백운면,3325
2021,4315038000,충청북도,제천시,송학면,4627
2021,4315051000,충청북도,제천시,교동,18544
2021,4315051800,충청북도,제천시,의림지동,9927
2021,4315052800,충청북도,제천시,중앙동,5739
2021,4315053700,충청북도,제천시,남현동,4917
2021,4315054700,충청북도,제천시,영서동,10146
2021,4315056000,충청북도,제천시,용두동,17816
2021,4315057700,충청북도,제천시,신백동,11143
2021,4315059000,충청북도,제천시,청전동,15441
2021,4315060500,충청북도,제천시,화산동,15234
2021,4372025000,충청북도,보은군,보은읍,14757
2021,4372031500,충청북도,보은군,속리산면,1865
2021,4372032500,충청북도,보은군,장안면,1455
2021,4372033000,충청북도,보은군,마로면,2148
2021,4372034000,충청북도,보은군,탄부면,1625
2021,4372035000,충청북도,보은군,삼승면,2305
2021,4372036000,충청북도,보은군,수한면,1887
2021,4372037000,충청북도,보은군,회남면,734
2021,4372038500,충청북도,보은군,회인면,1726
2021,4372039000,충청북도,보은군,내북면,1640
2021,4372040000,충청북도,보은군,산외면,1736
2021,4373025000,충청북도,옥천군,옥천읍,29064
2021,4373031000,충청북도,옥천군,동이면,3213
2021,4373032000,충청북도,옥천군,안남면,1397
2021,4373033000,충청북도,옥천군,안내면,1906
2021,4373034000,충청북도,옥천군,청성면,2353
2021,4373035000,충청북도,옥천군,청산면,2968
2021,4373036000,충청북도,옥천군,이원면,4048
2021,4373037000,충청북도,옥천군,군서면,2183
2021,4373038000,충청북도,옥천군,군북면,2961
2021,4374025000,충청북도,영동군,영동읍,20163
2021,4374031000,충청북도,영동군,용산면,3228
2021,4374032000,충청북도,영동군,황간면,4208
2021,4374033500,충청북도,영동군,추풍령면,2227
2021,4374034000,충청북도,영동군,매곡면,1893
2021,4374035000,충청북도,영동군,상촌면,2289
2021,4374036000,충청북도,영동군,양강면,3119
2021,4374037000,충청북도,영동군,용화면,973
2021,4374038000,충청북도,영동군,학산면,2739
2021,4374039000,충청북도,영동군,양산면,1799
2021,4374040000,충청북도,영동군,심천면,3135
2021,4374525000,충청북도,증평군,증평읍,34617
2021,4374531000,충청북도,증평군,도안면,1809
2021,4375025000,충청북도,진천군,진천읍,30157
2021,4375025300,충청북도,진천군,덕산읍,29625
2021,4375032000,충청북도,진천군,초평면,3118
2021,4375033000,충청북도,진천군,문백면,3469
2021,4375034000,충청북도,진천군,백곡면,2082
2021,4375035000,충청북도,진천군,이월면,6211
2021,4375037000,충청북도,진천군,광혜원면,10514
2021,4376025000,충청북도,괴산군,괴산읍,9753
2021,4376031000,충청북도,괴산군,감물면,2196
2021,4376032000,충청북도,괴산군,장연면,1955
2021,4376033000,충청북도,괴산군,연풍면,2428
2021,4376034000,충청북도,괴산군,칠성면,3177
2021,4376035000,충청북도,괴산군,문광면,2246
2021,4376036000,충청북도,괴산군,청천면,5211
2021,4376037000,충청북도,괴산군,청안면,3436
2021,4376039000,충청북도,괴산군,사리면,2805
2021,4376040000,충청북도,괴산군,소수면,2105
2021,4376041000,충청북도,괴산군,불정면,2810
2021,4377025000,충청북도,음성군,음성읍,16669
2021,4377025300,충청북도,음성군,금왕읍,19566
2021,4377031000,충청북도,음성군,소이면,2869
2021,4377032000,충청북도,음성군,원남면,3001
2021,4377033000,충청북도,음성군,맹동면,13082
2021,4377034000,충청북도,음성군,대소면,15770
2021,4377035000,충청북도,음성군,삼성면,6815
2021,4377036000,충청북도,음성군,생극면,4511
2021,4377037000,충청북도,음성군,감곡면,9914
2021,4380025000,충청북도,단양군,단양읍,10329
2021,4380025300,충청북도,단양군,매포읍,5223
2021,4380031000,충청북도,단양군,대강면,2449
2021,4380032000,충청북도,단양군,가곡면,2072
2021,4380033000,충청북도,단양군,영춘면,3193
2021,4380034000,충청북도,단양군,어상천면,1861
2021,4380035000,충청북도,단양군,적성면,1525
2021,4380036000,충청북도,단양군,단성면,1679
2021,4413125000,충청남도,천안시 동남구,목천읍,24376
2021,4413131000,충청남도,천안시 동남구,풍세면,4068
2021,4413132000,충청남도,천안시 동남구,광덕면,4301
2021,4413133000,충청남도,천안시 동남구,북면,4349
2021,4413134000,충청남도,천안시 동남구,성남면,3078
2021,4413135000,충청남도,천안시 동남구,수신면,2254
2021,4413136000,충청남도,천안시 동남구,병천면,6149
2021,4413137000,충청남도,천안시 동남구,동면,2071
2021,4413151000,충청남도,천안시 동남구,중앙동,5368
2021,4413152000,충청남도,천안시 동남구,문성동,4230
2021,4413153000,충청남도,천안시 동남구,원성1동,8608
2021,4413154000,충청남도,천안시 동남구,원성2동,9191
2021,4413155000,충청남도,천안시 동남구,봉명동,18018
2021,4413156000,충청남도,천안시 동남구,일봉동,23052
2021,4413157000,충청남도,천안시 동남구,신방동,44450
2021,4413158000,충청남도,천안시 동남구,청룡동,54874
2021,4413159000,충청남도,천안시 동남구,신안동,36855
2021,4413325000,충청남도,천안시 서북구,성환읍,23797
2021,4413325300,충청남도,천안시 서북구,성거읍,21502
2021,4413325600,충청남도,천안시 서북구,직산읍,20057
2021,4413331000,충청남도,천안시 서북구,입장면,8420
2021,4413351000,충청남도,천안시 서북구,성정1동,17780
2021,4413352000,충청남도,천안시 서북구,성정2동,25868
2021,4413353000,충청남도,천안시 서북구,쌍용1동,13796
2021,4413354000,충청남도,천안시 서북구,쌍용2동,37323
2021,4413355000,충청남도,천안시 서북구,쌍용3동,18708
2021,4413356000,충청남도,천안시 서북구,백석동,40497
2021,4413356600,충청남도,천안시 서북구,불당1동,33189
2021,4413356700,충청남도,천안시 서북구,불당2동,37270
2021,4413358000,충청남도,천안시 서북구,부성1동,47267
2021,4413359000,충청남도,천안시 서북구,부성2동,57720
2021,4415025000,충청남도,공주시,유구읍,7259
2021,4415031000,충청남도,공주시,이인면,3185
2021,4415032000,충청남도,공주시,탄천면,2916
2021,4415033000,충청남도,공주시,계룡면,5380
2021,4415034000,충청남도,공주시,반포면,4255
2021,4415036000,충청남도,공주시,의당면,4628
2021,4415037000,충청남도,공주시,정안면,4591
2021,4415038000,충청남도,공주시,우성면,5157
2021,4415039000,충청남도,공주시,사곡면,2850
2021,4415040000,충청남도,공주시,신풍면,3161
2021,4415051000,충청남도,공주시,중학동,4598
2021,4415054000,충청남도,공주시,웅진동,8250
2021,4415055000,충청남도,공주시,금학동,5353
2021,4415056000,충청남도,공주시,옥룡동,7847
2021,4415057000,충청남도,공주시,신관동,19425
2021,4415059000,충청남도,공주시,월송동,14290
2021,4418025000,충청남도,보령시,웅천읍,6018
2021,4418031000,충청남도,보령시,주포면,1632
2021,4418032000,충청남도,보령시,오천면,2149
2021,4418032500,충청남도,보령시,오천면어항출장소,1602
2021,4418032800,충청남도,보령시,원산도출장소,1113
2021,4418033000,충청남도,보령시,천북면,3423
2021,4418034000,충청남도,보령시,청소면,2593
2021,4418035000,충청남도,보령시,청라면,3851
2021,4418036000,충청남도,보령시,남포면,5101
2021,4418038000,충청남도,보령시,주산면,2398
2021,4418039000,충청남도,보령시,미산면,1702
2021,4418040000,충청남도,보령시,성주면,2148
2021,4418041000,충청남도,보령시,주교면,5160
2021,4418051500,충청남도,보령시,대천1동,14048
2021,4418052500,충청남도,보령시,대천2동,6721
2021,4418053500,충청남도,보령시,대천3동,16196
2021,4418054500,충청남도,보령시,대천4동,16276
2021,4418056500,충청남도,보령시,대천5동,6277
2021,4420025000,충청남도,아산시,염치읍,6459
2021,4420025300,충청남도,아산시,배방읍,81661
2021,4420031000,충청남도,아산시,송악면,4194
2021,4420033000,충청남도,아산시,탕정면,24910
2021,4420035000,충청남도,아산시,음봉면,20408
2021,4420036000,충청남도,아산시,둔포면,22608
2021,4420037000,충청남도,아산시,영인면,5525
2021,4420038000,충청남도,아산시,인주면,6243
2021,4420039000,충청남도,아산시,선장면,3040
2021,4420040000,충청남도,아산시,도고면,4439
2021,4420041000,충청남도,아산시,신창면,19644
2021,4420057000,충청남도,아산시,온양1동,9344
2021,4420058000,충청남도,아산시,온양2동,10746
2021,4420059000,충청남도,아산시,온양3동,36577
2021,4420060000,충청남도,아산시,온양4동,18557
2021,4420061000,충청남도,아산시,온양5동,21442
2021,4420062000,충청남도,아산시,온양6동,28783
2021,4421025000,충청남도,서산시,대산읍,13493
2021,4421031000,충청남도,서산시,인지면,7291
2021,4421032000,충청남도,서산시,부석면,5267
2021,4421033000,충청남도,서산시,팔봉면,3338
2021,4421034000,충청남도,서산시,지곡면,8172
2021,4421036000,충청남도,서산시,성연면,15447
2021,4421037000,충청남도,서산시,음암면,9281
2021,4421038000,충청남도,서산시,운산면,5012
2021,4421039000,충청남도,서산시,해미면,7285
2021,4421040000,충청남도,서산시,고북면,6044
2021,4421051000,충청남도,서산시,부춘동,19079
2021,4421052500,충청남도,서산시,동문1동,18586
2021,4421053500,충청남도,서산시,동문2동,8766
2021,4421054000,충청남도,서산시,수석동,15852
2021,4421055000,충청남도,서산시,석남동,33732
2021,4423025000,충청남도,논산시,강경읍,7961
2021,4423025300,충청남도,논산시,연무읍,13343
2021,4423031000,충청남도,논산시,성동면,4024
2021,4423032000,충청남도,논산시,광석면,4123
2021,4423033000,충청남도,논산시,노성면,2940
2021,4423034000,충청남도,논산시,상월면,3492
2021,4423035000,충청남도,논산시,부적면,3514
2021,4423036000,충청남도,논산시,연산면,6056
2021,4423038000,충청남도,논산시,벌곡면,2424
2021,4423039000,충청남도,논산시,양촌면,6132
2021,4423040000,충청남도,논산시,가야곡면,3380
2021,4423041000,충청남도,논산시,은진면,3981
2021,4423042000,충청남도,논산시,채운면,2177
2021,4423051000,충청남도,논산시,취암동,34943
2021,4423052000,충청남도,논산시,부창동,15993
2021,4425031000,충청남도,계룡시,두마면,7879
2021,4425031500,충청남도,계룡시,엄사면,18266
2021,4425033000,충청남도,계룡시,신도안면,8613
2021,4425051000,충청남도,계룡시,금암동,8573
2021,4427025000,충청남도,당진시,합덕읍,8700
2021,4427025300,충청남도,당진시,송악읍,30469
2021,4427031000,충청남도,당진시,고대면,5295
2021,4427032000,충청남도,당진시,석문면,9624
2021,4427033000,충청남도,당진시,대호지면,2386
2021,4427034000,충청남도,당진시,정미면,3593
2021,4427035000,충청남도,당진시,면천면,3514
2021,4427036000,충청남도,당진시,순성면,5040
2021,4427037000,충청남도,당진시,우강면,5298
2021,4427038000,충청남도,당진시,신평면,15391
2021,4427039000,충청남도,당진시,송산면,11787
2021,4427051000,충청남도,당진시,당진1동,24803
2021,4427052000,충청남도,당진시,당진2동,23277
2021,4427053000,충청남도,당진시,당진3동,17915
2021,4471025000,충청남도,금산군,금산읍,22381
2021,4471031000,충청남도,금산군,금성면,3252
2021,4471032000,충청남도,금산군,제원면,2768
2021,4471033000,충청남도,금산군,부리면,2468
2021,4471034000,충청남도,금산군,군북면,2505
2021,4471035000,충청남도,금산군,남일면,2766
2021,4471036000,충청남도,금산군,남이면,2116
2021,4471037000,충청남도,금산군,진산면,3244
2021,4471038000,충청남도,금산군,복수면,2998
2021,4471039000,충청남도,금산군,추부면,5979
2021,4476025000,충청남도,부여군,부여읍,19575
2021,4476031000,충청남도,부여군,규암면,11927
2021,4476032000,충청남도,부여군,은산면,3676
2021,4476033000,충청남도,부여군,외산면,2332
2021,4476034000,충청남도,부여군,내산면,1543
2021,4476035000,충청남도,부여군,구룡면,2347
2021,4476036000,충청남도,부여군,홍산면,2809
2021,4476037000,충청남도,부여군,옥산면,1415
2021,4476038000,충청남도,부여군,남면,1807
2021,4476039000,충청남도,부여군,충화면,1137
2021,4476040000,충청남도,부여군,양화면,1654
2021,4476041000,충청남도,부여군,임천면,2850
2021,4476042000,충청남도,부여군,장암면,2701
2021,4476043000,충청남도,부여군,세도면,3091
2021,4476044000,충청남도,부여군,석성면,2820
2021,4476045000,충청남도,부여군,초촌면,2090
2021,4477025000,충청남도,서천군,장항읍,11064
2021,4477025300,충청남도,서천군,서천읍,13356
2021,4477031000,충청남도,서천군,마서면,4808
2021,4477032000,충청남도,서천군,화양면,2246
2021,4477033000,충청남도,서천군,기산면,1610
2021,4477034000,충청남도,서천군,한산면,2458
2021,4477035000,충청남도,서천군,마산면,1462
2021,4477036000,충청남도,서천군,시초면,1243
2021,4477037000,충청남도,서천군,문산면,1232
2021,4477038000,충청남도,서천군,판교면,2080
2021,4477039000,충청남도,서천군,종천면,2025
2021,4477040000,충청남도,서천군,비인면,2865
2021,4477041000,충청남도,서천군,서면,4296
2021,4479025000,충청남도,청양군,청양읍,9914
2021,4479031000,충청남도,청양군,운곡면,2104
2021,4479032000,충청남도,청양군,대치면,2215
2021,4479033000,충청남도,청양군,정산면,3560
2021,4479034000,충청남도,청양군,목면,1504
2021,4479035000,충청남도,청양군,청남면,1895
2021,4479036000,충청남도,청양군,장평면,2277
2021,4479037000,충청남도,청양군,남양면,2713
2021,4479038000,충청남도,청양군,화성면,2178
2021,4479039000,충청남도,청양군,비봉면,2080
2021,4480025000,충청남도,홍성군,홍성읍,37645
2021,4480025300,충청남도,홍성군,광천읍,8292
2021,4480025600,충청남도,홍성군,홍북읍,29123
2021,4480032000,충청남도,홍성군,금마면,3502
2021,4480033000,충청남도,홍성군,홍동면,3411
2021,4480034000,충청남도,홍성군,장곡면,2837
2021,4480035000,충청남도,홍성군,은하면,2237
2021,4480036000,충청남도,홍성군,결성면,2056
2021,4480037000,충청남도,홍성군,서부면,3205
2021,4480038000,충청남도,홍성군,갈산면,3521
2021,4480039000,충청남도,홍성군,구항면,3495
2021,4481025000,충청남도,예산군,예산읍,32682
2021,4481025300,충청남도,예산군,삽교읍,10155
2021,4481031000,충청남도,예산군,대술면,2387
2021,4481032000,충청남도,예산군,신양면,2998
2021,4481033000,충청남도,예산군,광시면,3105
2021,4481034000,충청남도,예산군,대흥면,1756
2021,4481035000,충청남도,예산군,응봉면,2504
2021,4481036000,충청남도,예산군,덕산면,6675
2021,4481037000,충청남도,예산군,봉산면,2490
2021,4481038000,충청남도,예산군,고덕면,4407
2021,4481039000,충청남도,예산군,신암면,3404
2021,4481040000,충청남도,예산군,오가면,4238
2021,4482525000,충청남도,태안군,태안읍,29393
2021,4482525300,충청남도,태안군,안면읍,8417
2021,4482531000,충청남도,태안군,고남면,2330
2021,4482532000,충청남도,태안군,남면,4197
2021,4482533000,충청남도,태안군,근흥면,5347
2021,4482534000,충청남도,태안군,소원면,5300
2021,4482535000,충청남도,태안군,원북면,4348
2021,4482536000,충청남도,태안군,이원면,2194
2021,4511151000,전라북도,전주시 완산구,중앙동,7398
2021,4511153000,전라북도,전주시 완산구,풍남동,4023
2021,4511160500,전라북도,전주시 완산구,노송동,11917
2021,4511163500,전라북도,전주시 완산구,완산동,5414
2021,4511165000,전라북도,전주시 완산구,동서학동,6269
2021,4511166000,전라북도,전주시 완산구,서서학동,8619
2021,4511167100,전라북도,전주시 완산구,중화산1동,14335
2021,4511167200,전라북도,전주시 완산구,중화산2동,19688
2021,4511168000,전라북도,전주시 완산구,서신동,40880
2021,4511169100,전라북도,전주시 완산구,평화1동,12874
2021,4511169200,전라북도,전주시 완산구,평화2동,45827
2021,4511170100,전라북도,전주시 완산구,삼천1동,11502
2021,4511170200,전라북도,전주시 완산구,삼천2동,13436
2021,4511170300,전라북도,전주시 완산구,삼천3동,21952
2021,4511171100,전라북도,전주시 완산구,효자1동,10731
2021,4511171200,전라북도,전주시 완산구,효자2동,10040
2021,4511171300,전라북도,전주시 완산구,효자3동,14686
2021,4511171400,전라북도,전주시 완산구,효자4동,39426
2021,4511173000,전라북도,전주시 완산구,효자5동,36787
2021,4511352500,전라북도,전주시 덕진구,진북동,14084
2021,4511354000,전라북도,전주시 덕진구,인후1동,18232
2021,4511355000,전라북도,전주시 덕진구,인후2동,11097
2021,4511356000,전라북도,전주시 덕진구,인후3동,31930
2021,4511357000,전라북도,전주시 덕진구,덕진동,20831
2021,4511358000,전라북도,전주시 덕진구,금암1동,7809
2021,4511359000,전라북도,전주시 덕진구,금암2동,9782
2021,4511360000,전라북도,전주시 덕진구,팔복동,7519
2021,4511361100,전라북도,전주시 덕진구,우아1동,12462
2021,4511361200,전라북도,전주시 덕진구,우아2동,14481
2021,4511362000,전라북도,전주시 덕진구,호성동,19907
2021,4511364100,전라북도,전주시 덕진구,송천1동,63781
2021,4511364200,전라북도,전주시 덕진구,송천2동,26102
2021,4511365000,전라북도,전주시 덕진구,조촌동,12573
2021,4511366500,전라북도,전주시 덕진구,여의동,30638
2021,4511367000,전라북도,전주시 덕진구,혁신동,20237
2021,4513025000,전라북도,군산시,옥구읍,3103
2021,4513031000,전라북도,군산시,옥산면,4695
2021,4513032000,전라북도,군산시,회현면,3356
2021,4513033000,전라북도,군산시,임피면,2623
2021,4513034000,전라북도,군산시,서수면,2503
2021,4513035000,전라북도,군산시,대야면,4864
2021,4513036000,전라북도,군산시,개정면,2940
2021,4513037000,전라북도,군산시,성산면,2854
2021,4513038000,전라북도,군산시,나포면,2166
2021,4513039000,전라북도,군산시,옥도면,3285
2021,4513040000,전라북도,군산시,옥서면,2923
2021,4513051500,전라북도,군산시,해신동,2260
2021,4513053000,전라북도,군산시,월명동,5190
2021,4513055000,전라북도,군산시,신풍동,6965
2021,4513056000,전라북도,군산시,삼학동,5439
2021,4513060500,전라북도,군산시,중앙동,4358
2021,4513064000,전라북도,군산시,흥남동,12585
2021,4513065000,전라북도,군산시,조촌동,24159
2021,4513066000,전라북도,군산시,경암동,7344
2021,4513067000,전라북도,군산시,구암동,8119
2021,4513068000,전라북도,군산시,개정동,2802
2021,4513069000,전라북도,군산시,수송동,54888
2021,4513070100,전라북도,군산시,나운1동,12401
2021,4513070200,전라북도,군산시,나운2동,23117
2021,4513070300,전라북도,군산시,나운3동,31751
2021,4513071000,전라북도,군산시,소룡동,17222
2021,4513072000,전라북도,군산시,미성동,11392
2021,4514025000,전라북도,익산시,함열읍,6708
2021,4514031000,전라북도,익산시,오산면,7692
2021,4514032000,전라북도,익산시,황등면,6977
2021,4514033000,전라북도,익산시,함라면,2256
2021,4514034000,전라북도,익산시,웅포면,1520
2021,4514035000,전라북도,익산시,성당면,1900
2021,4514036000,전라북도,익산시,용안면,2627
2021,4514037000,전라북도,익산시,낭산면,3002
2021,4514038000,전라북도,익산시,망성면,2942
2021,4514039000,전라북도,익산시,여산면,3270
2021,4514040000,전라북도,익산시,금마면,5200
2021,4514041000,전라북도,익산시,왕궁면,4290
2021,4514042000,전라북도,익산시,춘포면,4386
2021,4514043000,전라북도,익산시,삼기면,2581
2021,4514044000,전라북도,익산시,용동면,1525
2021,4514052000,전라북도,익산시,중앙동,3278
2021,4514053000,전라북도,익산시,평화동,4685
2021,4514056000,전라북도,익산시,인화동,6866
2021,4514057000,전라북도,익산시,동산동,22273
2021,4514058000,전라북도,익산시,마동,9247
2021,4514059500,전라북도,익산시,남중동,11347
2021,4514061000,전라북도,익산시,모현동,38963
2021,4514062000,전라북도,익산시,송학동,8537
2021,4514064600,전라북도,익산시,영등1동,22816
2021,4514064700,전라북도,익산시,영등2동,14065
2021,4514065200,전라북도,익산시,어양동,24736
2021,4514065600,전라북도,익산시,신동,15377
2021,4514067000,전라북도,익산시,팔봉동,6550
2021,4514069000,전라북도,익산시,삼성동,32497
2021,4518025000,전라북도,정읍시,신태인읍,5365
2021,4518031000,전라북도,정읍시,북면,4182
2021,4518032000,전라북도,정읍시,입암면,2792
2021,4518033000,전라북도,정읍시,소성면,2081
2021,4518034000,전라북도,정읍시,고부면,2760
2021,4518035000,전라북도,정읍시,영원면,1737
2021,4518036000,전라북도,정읍시,덕천면,1771
2021,4518037000,전라북도,정읍시,이평면,2031
2021,4518038000,전라북도,정읍시,정우면,2507
2021,4518039000,전라북도,정읍시,태인면,3375
2021,4518040000,전라북도,정읍시,감곡면,2793
2021,4518041000,전라북도,정읍시,옹동면,1655
2021,4518042000,전라북도,정읍시,칠보면,2251
2021,4518043000,전라북도,정읍시,산내면,1200
2021,4518044000,전라북도,정읍시,산외면,2083
2021,4518051000,전라북도,정읍시,수성동,17083
2021,4518052000,전라북도,정읍시,장명동,2951
2021,4518053500,전라북도,정읍시,내장상동,20342
2021,4518054500,전라북도,정읍시,시기동,3217
2021,4518056500,전라북도,정읍시,초산동,10247
2021,4518057000,전라북도,정읍시,연지동,6049
2021,4518058000,전라북도,정읍시,농소동,4049
2021,4518059500,전라북도,정읍시,상교동,3966
2021,4519025000,전라북도,남원시,운봉읍,3848
2021,4519031000,전라북도,남원시,주천면,2609
2021,4519032000,전라북도,남원시,수지면,1082
2021,4519033000,전라북도,남원시,송동면,2000
2021,4519034000,전라북도,남원시,주생면,1802
2021,4519035000,전라북도,남원시,금지면,2273
2021,4519036000,전라북도,남원시,대강면,1570
2021,4519037000,전라북도,남원시,대산면,1647
2021,4519038000,전라북도,남원시,사매면,1491
2021,4519039000,전라북도,남원시,덕과면,928
2021,4519040000,전라북도,남원시,보절면,1446
2021,4519041000,전라북도,남원시,산동면,1811
2021,4519042000,전라북도,남원시,이백면,2261
2021,4519045000,전라북도,남원시,아영면,1885
2021,4519046000,전라북도,남원시,산내면,2108
2021,4519047000,전라북도,남원시,인월면,2706
2021,4519051000,전라북도,남원시,동충동,3373
2021,4519052000,전라북도,남원시,죽항동,3289
2021,4519054000,전라북도,남원시,노암동,6127
2021,4519055000,전라북도,남원시,금동,6598
2021,4519056000,전라북도,남원시,왕정동,4206
2021,4519057000,전라북도,남원시,향교동,6984
2021,4519059000,전라북도,남원시,도통동,17387
2021,4521025000,전라북도,김제시,만경읍,2611
2021,4521032000,전라북도,김제시,죽산면,2390
2021,4521033000,전라북도,김제시,백산면,2448
2021,4521034000,전라북도,김제시,용지면,3471
2021,4521035000,전라북도,김제시,백구면,3704
2021,4521036000,전라북도,김제시,부량면,1301
2021,4521038000,전라북도,김제시,공덕면,2457
2021,4521039000,전라북도,김제시,청하면,1720
2021,4521040000,전라북도,김제시,성덕면,1737
2021,4521041000,전라북도,김제시,진봉면,2543
2021,4521042000,전라북도,김제시,금구면,4934
2021,4521043000,전라북도,김제시,봉남면,2193
2021,4521044000,전라북도,김제시,황산면,1876
2021,4521045000,전라북도,김제시,금산면,4516
2021,4521046000,전라북도,김제시,광활면,1321
2021,4521051000,전라북도,김제시,요촌동,10921
2021,4521052000,전라북도,김제시,신풍동,12753
2021,4521054000,전라북도,김제시,검산동,11688
2021,4521058000,전라북도,김제시,교월동,6329
2021,4571025000,전라북도,완주군,삼례읍,14339
2021,4571025300,전라북도,완주군,봉동읍,26435
2021,4571025600,전라북도,완주군,용진읍,6998
2021,4571032000,전라북도,완주군,상관면,4321
2021,4571033000,전라북도,완주군,이서면,14218
2021,4571034000,전라북도,완주군,소양면,5996
2021,4571035000,전라북도,완주군,구이면,5743
2021,4571036000,전라북도,완주군,고산면,4568
2021,4571037000,전라북도,완주군,비봉면,1847
2021,4571038000,전라북도,완주군,운주면,1928
2021,4571039000,전라북도,완주군,화산면,2685
2021,4571040000,전라북도,완주군,동상면,1090
2021,4571041000,전라북도,완주군,경천면,974
2021,4572025000,전라북도,진안군,진안읍,9974
2021,4572031000,전라북도,진안군,용담면,840
2021,4572032000,전라북도,진안군,안천면,1068
2021,4572033000,전라북도,진안군,동향면,1356
2021,4572034000,전라북도,진안군,상전면,849
2021,4572035000,전라북도,진안군,백운면,1950
2021,4572036000,전라북도,진안군,성수면,1757
2021,4572037000,전라북도,진안군,마령면,1818
2021,4572038000,전라북도,진안군,부귀면,2834
2021,4572039000,전라북도,진안군,정천면,1049
2021,4572040000,전라북도,진안군,주천면,1492
2021,4573025000,전라북도,무주군,무주읍,9426
2021,4573031000,전라북도,무주군,무풍면,2186
2021,4573032000,전라북도,무주군,설천면,3970
2021,4573033000,전라북도,무주군,적상면,2576
2021,4573034000,전라북도,무주군,안성면,4194
2021,4573035000,전라북도,무주군,부남면,1396
2021,4574025000,전라북도,장수군,장수읍,7259
2021,4574031000,전라북도,장수군,산서면,2048
2021,4574032000,전라북도,장수군,번암면,2288
2021,4574033500,전라북도,장수군,장계면,4335
2021,4574034000,전라북도,장수군,천천면,2056
2021,4574035000,전라북도,장수군,계남면,2144
2021,4574036000,전라북도,장수군,계북면,1565
2021,4575025000,전라북도,임실군,임실읍,7334
2021,4575031000,전라북도,임실군,청웅면,1256
2021,4575032000,전라북도,임실군,운암면,1594
2021,4575033000,전라북도,임실군,신평면,1426
2021,4575034000,전라북도,임실군,성수면,1634
2021,4575035500,전라북도,임실군,오수면,3558
2021,4575036000,전라북도,임실군,신덕면,1313
2021,4575037000,전라북도,임실군,삼계면,1496
2021,4575038000,전라북도,임실군,관촌면,3237
2021,4575039000,전라북도,임실군,강진면,1504
2021,4575040000,전라북도,임실군,덕치면,1190
2021,4575041000,전라북도,임실군,지사면,1188
2021,4577025000,전라북도,순창군,순창읍,10086
2021,4577031000,전라북도,순창군,인계면,1494
2021,4577032000,전라북도,순창군,동계면,1963
2021,4577033000,전라북도,순창군,풍산면,1668
2021,4577034000,전라북도,순창군,금과면,1681
2021,4577035000,전라북도,순창군,팔덕면,1373
2021,4577036000,전라북도,순창군,쌍치면,1927
2021,4577037000,전라북도,순창군,복흥면,2119
2021,4577038000,전라북도,순창군,적성면,1236
2021,4577039000,전라북도,순창군,유등면,1036
2021,4577040000,전라북도,순창군,구림면,2272
2021,4579025000,전라북도,고창군,고창읍,21110
2021,4579031000,전라북도,고창군,고수면,2226
2021,4579032000,전라북도,고창군,아산면,2606
2021,4579033000,전라북도,고창군,무장면,2716
2021,4579034000,전라북도,고창군,공음면,2465
2021,4579035000,전라북도,고창군,상하면,2386
2021,4579036000,전라북도,고창군,해리면,2687
2021,4579037000,전라북도,고창군,성송면,1767
2021,4579038000,전라북도,고창군,대산면,3212
2021,4579039000,전라북도,고창군,심원면,2450
2021,4579040000,전라북도,고창군,흥덕면,3111
2021,4579041000,전라북도,고창군,성내면,1908
2021,4579042000,전라북도,고창군,신림면,2179
2021,4579043000,전라북도,고창군,부안면,2563
2021,4580025000,전라북도,부안군,부안읍,20837
2021,4580031000,전라북도,부안군,주산면,1881
2021,4580032000,전라북도,부안군,동진면,2767
2021,4580033000,전라북도,부안군,행안면,2148
2021,4580034000,전라북도,부안군,계화면,3303
2021,4580035000,전라북도,부안군,보안면,2397
2021,4580036000,전라북도,부안군,변산면,4357
2021,4580037000,전라북도,부안군,진서면,2238
2021,4580038000,전라북도,부안군,백산면,2460
2021,4580039000,전라북도,부안군,상서면,2159
2021,4580040000,전라북도,부안군,하서면,2601
2021,4580041000,전라북도,부안군,줄포면,2521
2021,4580042000,전라북도,부안군,위도면,1126
2021,4611051000,전라남도,목포시,용당1동,10218
2021,4611052000,전라남도,목포시,용당2동,5015
2021,4611053500,전라남도,목포시,연동,4578
2021,4611054500,전라남도,목포시,산정동,9402
2021,4611055400,전라남도,목포시,연산동,10472
2021,4611055800,전라남도,목포시,원산동,12592
2021,4611056500,전라남도,목포시,대성동,4938
2021,4611059500,전라남도,목포시,목원동,7399
2021,4611064000,전라남도,목포시,동명동,5208
2021,4611064500,전라남도,목포시,삼학동,5945
2021,4611065500,전라남도,목포시,만호동,2740
2021,4611066000,전라남도,목포시,유달동,3970
2021,4611069500,전라남도,목포시,죽교동,3023
2021,4611070500,전라남도,목포시,북항동,9067
2021,4611074500,전라남도,목포시,용해동,16799
2021,4611075000,전라남도,목포시,이로동,10683
2021,4611075600,전라남도,목포시,상동,21265
2021,4611075700,전라남도,목포시,하당동,11744
2021,4611075800,전라남도,목포시,신흥동,16363
2021,4611078000,전라남도,목포시,삼향동,4676
2021,4611079000,전라남도,목포시,옥암동,11313
2021,4611080000,전라남도,목포시,부흥동,8152
2021,4611081000,전라남도,목포시,부주동,23027
2021,4613025000,전라남도,여수시,돌산읍,2607
2021,4613025100,전라남도,여수시,돌산읍우두출장소,8573
2021,4613025200,전라남도,여수시,돌산읍죽포출장소,1918
2021,4613031000,전라남도,여수시,소라면,21526
2021,4613032000,전라남도,여수시,율촌면,6161
2021,4613033000,전라남도,여수시,화양면,6373
2021,4613034000,전라남도,여수시,남면,2738
2021,4613035000,전라남도,여수시,화정면,1331
2021,4613035600,전라남도,여수시,화정면개도출장소,788
2021,4613036000,전라남도,여수시,삼산면,2031
2021,4613051500,전라남도,여수시,동문동,4579
2021,4613053500,전라남도,여수시,한려동,3071
2021,4613057000,전라남도,여수시,중앙동,4243
2021,4613060000,전라남도,여수시,충무동,3890
2021,4613062500,전라남도,여수시,광림동,5927
2021,4613063500,전라남도,여수시,서강동,3634
2021,4613065500,전라남도,여수시,대교동,5237
2021,4613067000,전라남도,여수시,국동,11140
2021,4613068500,전라남도,여수시,월호동,6732
2021,4613070000,전라남도,여수시,여서동,18292
2021,4613071000,전라남도,여수시,문수동,20904
2021,4613073000,전라남도,여수시,미평동,11522
2021,4613074000,전라남도,여수시,둔덕동,10079
2021,4613076500,전라남도,여수시,만덕동,10497
2021,4613078000,전라남도,여수시,쌍봉동,31956
2021,4613079000,전라남도,여수시,시전동,38337
2021,4613080000,전라남도,여수시,여천동,21111
2021,4613081000,전라남도,여수시,주삼동,8125
2021,4613082000,전라남도,여수시,삼일동,2290
2021,4613083000,전라남도,여수시,묘도동,1150
2021,4615025000,전라남도,순천시,승주읍,2640
2021,4615031000,전라남도,순천시,해룡면,4464
2021,4615031500,전라남도,순천시,해룡면상삼출장소,17902
2021,4615031600,전라남도,순천시,해룡면신대출장소,33227
2021,4615032000,전라남도,순천시,서면,12836
2021,4615033000,전라남도,순천시,황전면,2919
2021,4615034000,전라남도,순천시,월등면,1791
2021,4615035000,전라남도,순천시,주암면,3107
2021,4615036000,전라남도,순천시,송광면,1481
2021,4615037000,전라남도,순천시,외서면,848
2021,4615038000,전라남도,순천시,낙안면,3190
2021,4615039000,전라남도,순천시,별량면,5484
2021,4615040000,전라남도,순천시,상사면,2861
2021,4615051500,전라남도,순천시,향동,3590
2021,4615054000,전라남도,순천시,매곡동,6791
2021,4615055000,전라남도,순천시,삼산동,25627
2021,4615056000,전라남도,순천시,조곡동,6188
2021,4615057000,전라남도,순천시,덕연동,43779
2021,4615058000,전라남도,순천시,풍덕동,7640
2021,4615059000,전라남도,순천시,남제동,8668
2021,4615060000,전라남도,순천시,저전동,2679
2021,4615061000,전라남도,순천시,장천동,2207
2021,4615062000,전라남도,순천시,중앙동,2895
2021,4615063500,전라남도,순천시,도사동,18260
2021,4615066100,전라남도,순천시,왕조1동,41011
2021,4615066500,전라남도,순천시,왕조2동,19351
2021,4617025000,전라남도,나주시,남평읍,12040
2021,4617031000,전라남도,나주시,세지면,2563
2021,4617032000,전라남도,나주시,왕곡면,2838
2021,4617033000,전라남도,나주시,반남면,1410
2021,4617034000,전라남도,나주시,공산면,2246
2021,4617035000,전라남도,나주시,동강면,2406
2021,4617036000,전라남도,나주시,다시면,3551
2021,4617037000,전라남도,나주시,문평면,1901
2021,4617038000,전라남도,나주시,노안면,4515
2021,4617039000,전라남도,나주시,금천면,4174
2021,4617040000,전라남도,나주시,산포면,3317
2021,4617042000,전라남도,나주시,다도면,1861
2021,4617043000,전라남도,나주시,봉황면,4138
2021,4617051000,전라남도,나주시,송월동,7811
2021,4617052000,전라남도,나주시,영강동,2652
2021,4617054000,전라남도,나주시,금남동,4859
2021,4617055000,전라남도,나주시,성북동,8709
2021,4617058000,전라남도,나주시,영산동,3155
2021,4617060000,전라남도,나주시,이창동,3334
2021,4617062000,전라남도,나주시,빛가람동,39246
2021,4623025000,전라남도,광양시,광양읍,48325
2021,4623031000,전라남도,광양시,봉강면,2147
2021,4623032000,전라남도,광양시,옥룡면,3034
2021,4623033000,전라남도,광양시,옥곡면,4979
2021,4623034000,전라남도,광양시,진상면,2736
2021,4623035000,전라남도,광양시,진월면,2747
2021,4623036000,전라남도,광양시,다압면,1755
2021,4623051500,전라남도,광양시,골약동,3732
2021,4623053000,전라남도,광양시,중마동,56257
2021,4623054000,전라남도,광양시,광영동,11717
2021,4623055000,전라남도,광양시,금호동,11398
2021,4623057000,전라남도,광양시,태인동,1704
2021,4671025000,전라남도,담양군,담양읍,15164
2021,4671031000,전라남도,담양군,봉산면,2750
2021,4671032000,전라남도,담양군,고서면,3108
2021,4671033500,전라남도,담양군,가사문학면,1202
2021,4671034000,전라남도,담양군,창평면,3590
2021,4671035000,전라남도,담양군,대덕면,1890
2021,4671036000,전라남도,담양군,무정면,2647
2021,4671037000,전라남도,담양군,금성면,2568
2021,4671038000,전라남도,담양군,용면,1816
2021,4671039000,전라남도,담양군,월산면,2414
2021,4671040000,전라남도,담양군,수북면,4677
2021,4671041000,전라남도,담양군,대전면,4354
2021,4672025000,전라남도,곡성군,곡성읍,7788
2021,4672031000,전라남도,곡성군,오곡면,1852
2021,4672032000,전라남도,곡성군,삼기면,1667
2021,4672033000,전라남도,곡성군,석곡면,2293
2021,4672034000,전라남도,곡성군,목사동면,1307
2021,4672035000,전라남도,곡성군,죽곡면,1882
2021,4672036000,전라남도,곡성군,고달면,1155
2021,4672037000,전라남도,곡성군,옥과면,4110
2021,4672038000,전라남도,곡성군,입면,2400
2021,4672039000,전라남도,곡성군,겸면,1670
2021,4672040000,전라남도,곡성군,오산면,1411
2021,4673025000,전라남도,구례군,구례읍,10730
2021,4673031000,전라남도,구례군,문척면,1268
2021,4673032000,전라남도,구례군,간전면,1491
2021,4673033000,전라남도,구례군,토지면,2513
2021,4673034000,전라남도,구례군,마산면,2614
2021,4673035000,전라남도,구례군,광의면,2243
2021,4673036000,전라남도,구례군,용방면,1432
2021,4673037000,전라남도,구례군,산동면,2944
2021,4677025000,전라남도,고흥군,고흥읍,12432
2021,4677025300,전라남도,고흥군,도양읍,9629
2021,4677025400,전라남도,고흥군,도양읍소록출장소,609
2021,4677025500,전라남도,고흥군,도양읍시산출장소,223
2021,4677031000,전라남도,고흥군,풍양면,3085
2021,4677032000,전라남도,고흥군,도덕면,2904
2021,4677033000,전라남도,고흥군,금산면,4252
2021,4677034000,전라남도,고흥군,도화면,3798
2021,4677035000,전라남도,고흥군,포두면,4827
2021,4677036000,전라남도,고흥군,봉래면,1857
2021,4677037000,전라남도,고흥군,점암면,2638
2021,4677038000,전라남도,고흥군,과역면,3276
2021,4677039000,전라남도,고흥군,남양면,2260
2021,4677040000,전라남도,고흥군,동강면,3076
2021,4677041000,전라남도,고흥군,대서면,2221
2021,4677042000,전라남도,고흥군,두원면,2976
2021,4677044000,전라남도,고흥군,영남면,1251
2021,4677045000,전라남도,고흥군,동일면,1448
2021,4678025000,전라남도,보성군,보성읍,8866
2021,4678025300,전라남도,보성군,벌교읍,11474
2021,4678031000,전라남도,보성군,노동면,1089
2021,4678032000,전라남도,보성군,미력면,1417
2021,4678033000,전라남도,보성군,겸백면,1143
2021,4678034000,전라남도,보성군,율어면,1177
2021,4678035000,전라남도,보성군,복내면,1641
2021,4678036000,전라남도,보성군,문덕면,893
2021,4678037000,전라남도,보성군,조성면,3633
2021,4678038000,전라남도,보성군,득량면,2731
2021,4678038500,전라남도,보성군,득량면예당출장소,1226
2021,4678039000,전라남도,보성군,회천면,3016
2021,4678040000,전라남도,보성군,웅치면,1069
2021,4679025000,전라남도,화순군,화순읍,39707
2021,4679031000,전라남도,화순군,한천면,924
2021,4679031500,전라남도,화순군,한천면영외출장소,424
2021,4679032000,전라남도,화순군,춘양면,1755
2021,4679033000,전라남도,화순군,청풍면,1040
2021,4679034000,전라남도,화순군,이양면,1778
2021,4679035000,전라남도,화순군,능주면,3186
2021,4679036000,전라남도,화순군,도곡면,2850
2021,4679037000,전라남도,화순군,도암면,1426
2021,4679038000,전라남도,화순군,이서면,949
2021,4679039500,전라남도,화순군,백아면,1577
2021,4679040000,전라남도,화순군,동복면,1595
2021,4679041500,전라남도,화순군,사평면,2120
2021,4679042000,전라남도,화순군,동면,3293
2021,4680025000,전라남도,장흥군,장흥읍,14916
2021,4680025300,전라남도,장흥군,관산읍,4851
2021,4680025600,전라남도,장흥군,대덕읍,3272
2021,4680031000,전라남도,장흥군,용산면,2303
2021,4680032000,전라남도,장흥군,안양면,2795
2021,4680033000,전라남도,장흥군,장동면,1217
2021,4680034000,전라남도,장흥군,장평면,2073
2021,4680035000,전라남도,장흥군,유치면,1028
2021,4680036000,전라남도,장흥군,부산면,1386
2021,4680037000,전라남도,장흥군,회진면,2706
2021,4681025000,전라남도,강진군,강진읍,13256
2021,4681031000,전라남도,강진군,군동면,4407
2021,4681032000,전라남도,강진군,칠량면,2232
2021,4681033000,전라남도,강진군,대구면,1120
2021,4681034000,전라남도,강진군,도암면,2435
2021,4681035000,전라남도,강진군,신전면,1765
2021,4681036000,전라남도,강진군,성전면,2748
2021,4681037000,전라남도,강진군,작천면,1811
2021,4681038000,전라남도,강진군,병영면,1595
2021,4681039000,전라남도,강진군,옴천면,620
2021,4681040000,전라남도,강진군,마량면,1764
2021,4682025000,전라남도,해남군,해남읍,24523
2021,4682031000,전라남도,해남군,삼산면,2882
2021,4682032000,전라남도,해남군,화산면,3130
2021,4682033000,전라남도,해남군,현산면,2759
2021,4682034000,전라남도,해남군,송지면,6004
2021,4682035000,전라남도,해남군,북평면,2767
2021,4682036000,전라남도,해남군,북일면,1949
2021,4682037000,전라남도,해남군,옥천면,2925
2021,4682038000,전라남도,해남군,계곡면,2096
2021,4682039000,전라남도,해남군,마산면,2339
2021,4682040000,전라남도,해남군,황산면,4645
2021,4682041000,전라남도,해남군,산이면,3674
2021,4682042000,전라남도,해남군,문내면,3939
2021,4682043000,전라남도,해남군,화원면,3534
2021,4683025000,전라남도,영암군,영암읍,8021
2021,4683025300,전라남도,영암군,삼호읍,15134
2021,4683025400,전라남도,영암군,삼호읍서부출장소,6357
2021,4683031000,전라남도,영암군,덕진면,1823
2021,4683032000,전라남도,영암군,금정면,2034
2021,4683033000,전라남도,영암군,신북면,3658
2021,4683034000,전라남도,영암군,시종면,3441
2021,4683035000,전라남도,영암군,도포면,2241
2021,4683036000,전라남도,영암군,군서면,3161
2021,4683037000,전라남도,영암군,서호면,1878
2021,4683038000,전라남도,영암군,학산면,2984
2021,4683039000,전라남도,영암군,미암면,2205
2021,4684025000,전라남도,무안군,무안읍,10946
2021,4684025300,전라남도,무안군,일로읍,16432
2021,4684025600,전라남도,무안군,삼향읍,5442
2021,4684025800,전라남도,무안군,삼향읍남악출장소,34777
2021,4684032000,전라남도,무안군,몽탄면,3088
2021,4684033000,전라남도,무안군,청계면,6291
2021,4684034000,전라남도,무안군,현경면,4512
2021,4684035000,전라남도,무안군,망운면,1920
2021,4684036000,전라남도,무안군,해제면,4826
2021,4684037000,전라남도,무안군,운남면,2873
2021,4686025000,전라남도,함평군,함평읍,8274
2021,4686031000,전라남도,함평군,손불면,3338
2021,4686032000,전라남도,함평군,신광면,1785
2021,4686033000,전라남도,함평군,학교면,3685
2021,4686034000,전라남도,함평군,엄다면,1856
2021,4686035000,전라남도,함평군,대동면,3076
2021,4686036000,전라남도,함평군,나산면,2785
2021,4686037000,전라남도,함평군,해보면,2783
2021,4686038000,전라남도,함평군,월야면,3692
2021,4687025000,전라남도,영광군,영광읍,21737
2021,4687025300,전라남도,영광군,백수읍,4543
2021,4687025600,전라남도,영광군,홍농읍,6597
2021,4687031000,전라남도,영광군,대마면,1731
2021,4687032000,전라남도,영광군,묘량면,1733
2021,4687033000,전라남도,영광군,불갑면,1341
2021,4687034000,전라남도,영광군,군서면,2290
2021,4687035000,전라남도,영광군,군남면,2349
2021,4687036000,전라남도,영광군,염산면,3946
2021,4687037000,전라남도,영광군,법성면,5146
2021,4687038000,전라남도,영광군,낙월면,381
2021,4687038500,전라남도,영광군,낙월면안마출장소,191
2021,4688025000,전라남도,장성군,장성읍,13334
2021,4688031000,전라남도,장성군,진원면,3639
2021,4688032000,전라남도,장성군,남면,3699
2021,4688033000,전라남도,장성군,동화면,1785
2021,4688034000,전라남도,장성군,삼서면,3112
2021,4688035000,전라남도,장성군,삼계면,5902
2021,4688036000,전라남도,장성군,황룡면,3990
2021,4688037000,전라남도,장성군,서삼면,1531
2021,4688038000,전라남도,장성군,북일면,1384
2021,4688039000,전라남도,장성군,북이면,2814
2021,4688040000,전라남도,장성군,북하면,2175
2021,4689025000,전라남도,완도군,완도읍,17987
2021,4689025300,전라남도,완도군,금일읍,3629
2021,4689025600,전라남도,완도군,노화읍,4277
2021,4689029000,전라남도,완도군,노화읍넙도출장소,761
2021,4689031000,전라남도,완도군,군외면,3137
2021,4689032000,전라남도,완도군,신지면,3312
2021,4689033000,전라남도,완도군,고금면,4151
2021,4689034000,전라남도,완도군,약산면,2279
2021,4689035000,전라남도,완도군,청산면,2059
2021,4689035500,전라남도,완도군,청산면모도출장소,221
2021,4689036000,전라남도,완도군,소안면,2436
2021,4689037000,전라남도,완도군,금당면,969
2021,4689038000,전라남도,완도군,보길면,2603
2021,4689039000,전라남도,완도군,생일면,810
2021,4690025000,전라남도,진도군,진도읍,10749
2021,4690031000,전라남도,진도군,군내면,2955
2021,4690032000,전라남도,진도군,고군면,3572
2021,4690033000,전라남도,진도군,의신면,3432
2021,4690034000,전라남도,진도군,임회면,3388
2021,4690035000,전라남도,진도군,지산면,3065
2021,4690036000,전라남도,진도군,조도면,2262
2021,4690036500,전라남도,진도군,조도면가사출장소,261
2021,4690036600,전라남도,진도군,조도면거차출장소,382
2021,4691025000,전라남도,신안군,지도읍,4198
2021,4691025100,전라남도,신안군,지도읍선도출장소,234
2021,4691025300,전라남도,신안군,압해읍,5672
2021,4691025400,전라남도,신안군,압해읍매화출장소,226
2021,4691025500,전라남도,신안군,압해읍고이도출장소,217
2021,4691031000,전라남도,신안군,증도면,1455
2021,4691031500,전라남도,신안군,증도면병풍출장소,312
2021,4691032000,전라남도,신안군,임자면,3190
2021,4691033000,전라남도,신안군,자은면,2285
2021,4691034000,전라남도,신안군,비금면,3459
2021,4691035000,전라남도,신안군,도초면,2467
2021,4691035500,전라남도,신안군,도초면우이도출장소,219
2021,4691036000,전라남도,신안군,흑산면,2173
2021,4691036500,전라남도,신안군,흑산면가거도출장소,426
2021,4691036600,전라남도,신안군,흑산면태도출장소,193
2021,4691036700,전라남도,신안군,흑산면홍도출장소,448
2021,4691036800,전라남도,신안군,흑산면대둔도출장소,300
2021,4691037000,전라남도,신안군,하의면,1699
2021,4691038000,전라남도,신안군,신의면,1529
2021,4691039000,전라남도,신안군,장산면,1520
2021,4691040000,전라남도,신안군,안좌면,2752
2021,4691040500,전라남도,신안군,안좌면자라출장소,285
2021,4691041000,전라남도,신안군,팔금면,969
2021,4691042000,전라남도,신안군,암태면,1989
2021,4711125000,경상북도,포항시 남구,구룡포읍,7335
2021,4711125300,경상북도,포항시 남구,연일읍,30278
2021,4711125600,경상북도,포항시 남구,오천읍,56185
2021,4711131000,경상북도,포항시 남구,대송면,3396
2021,4711132000,경상북도,포항시 남구,동해면,9763
2021,4711133000,경상북도,포항시 남구,장기면,4038
2021,4711135000,경상북도,포항시 남구,호미곶면,1871
2021,4711152500,경상북도,포항시 남구,상대동,24717
2021,4711154500,경상북도,포항시 남구,해도동,17140
2021,4711155000,경상북도,포항시 남구,송도동,12172
2021,4711156000,경상북도,포항시 남구,청림동,4736
2021,4711157000,경상북도,포항시 남구,제철동,3007
2021,4711158000,경상북도,포항시 남구,효곡동,30598
2021,4711159000,경상북도,포항시 남구,대이동,25565
2021,4711325000,경상북도,포항시 북구,흥해읍,40958
2021,4711331000,경상북도,포항시 북구,신광면,2928
2021,4711332000,경상북도,포항시 북구,청하면,4760
2021,4711333000,경상북도,포항시 북구,송라면,2499
2021,4711334000,경상북도,포항시 북구,기계면,4968
2021,4711335000,경상북도,포항시 북구,죽장면,2140
2021,4711335500,경상북도,포항시 북구,죽장면상옥출장소,609
2021,4711336000,경상북도,포항시 북구,기북면,1310
2021,4711352000,경상북도,포항시 북구,중앙동,15484
2021,4711363000,경상북도,포항시 북구,양학동,16808
2021,4711365500,경상북도,포항시 북구,죽도동,19951
2021,4711366500,경상북도,포항시 북구,용흥동,21936
2021,4711368000,경상북도,포항시 북구,우창동,33437
2021,4711369000,경상북도,포항시 북구,두호동,23048
2021,4711370000,경상북도,포항시 북구,장량동,72666
2021,4711371000,경상북도,포항시 북구,환여동,9549
2021,4713025000,경상북도,경주시,감포읍,5391
2021,4713025300,경상북도,경주시,안강읍,24083
2021,4713025600,경상북도,경주시,건천읍,9233
2021,4713025900,경상북도,경주시,외동읍,22159
2021,4713031500,경상북도,경주시,문무대왕면,4214
2021,4713032000,경상북도,경주시,양남면,6277
2021,4713033000,경상북도,경주시,내남면,4684
2021,4713034000,경상북도,경주시,산내면,3230
2021,4713035000,경상북도,경주시,서면,3116
2021,4713036000,경상북도,경주시,현곡면,21699
2021,4713037000,경상북도,경주시,강동면,6078
2021,4713038000,경상북도,경주시,천북면,5677
2021,4713051500,경상북도,경주시,중부동,5096
2021,4713053000,경상북도,경주시,황오동,6307
2021,4713055000,경상북도,경주시,성건동,13647
2021,4713057000,경상북도,경주시,황남동,4485
2021,4713059000,경상북도,경주시,선도동,14685
2021,4713060500,경상북도,경주시,월성동,5836
2021,4713061500,경상북도,경주시,용강동,24072
2021,4713062100,경상북도,경주시,황성동,28310
2021,4713063000,경상북도,경주시,동천동,22161
2021,4713065000,경상북도,경주시,불국동,9725
2021,4713066000,경상북도,경주시,보덕동,1724
2021,4715025000,경상북도,김천시,아포읍,7800
2021,4715031000,경상북도,김천시,농소면,3076
2021,4715032000,경상북도,김천시,남면,3078
2021,4715034000,경상북도,김천시,개령면,2407
2021,4715035000,경상북도,김천시,감문면,3258
2021,4715036000,경상북도,김천시,어모면,4013
2021,4715037000,경상북도,김천시,봉산면,3065
2021,4715038000,경상북도,김천시,대항면,3407
2021,4715039000,경상북도,김천시,감천면,1936
2021,4715040000,경상북도,김천시,조마면,2178
2021,4715041000,경상북도,김천시,구성면,2755
2021,4715042000,경상북도,김천시,지례면,1531
2021,4715043000,경상북도,김천시,부항면,1236
2021,4715044000,경상북도,김천시,대덕면,2263
2021,4715045000,경상북도,김천시,증산면,1033
2021,4715051600,경상북도,김천시,자산동,6551
2021,4715053600,경상북도,김천시,평화남산동,7466
2021,4715056500,경상북도,김천시,양금동,3816
2021,4715057500,경상북도,김천시,대신동,25354
2021,4715059500,경상북도,김천시,대곡동,20150
2021,4715061000,경상북도,김천시,지좌동,10972
2021,4715064000,경상북도,김천시,율곡동,22894
2021,4717025000,경상북도,안동시,풍산읍,6378
2021,4717031000,경상북도,안동시,와룡면,3981
2021,4717032000,경상북도,안동시,북후면,2936
2021,4717033000,경상북도,안동시,서후면,3473
2021,4717034000,경상북도,안동시,풍천면,7012
2021,4717035000,경상북도,안동시,일직면,2672
2021,4717036000,경상북도,안동시,남후면,1717
2021,4717037000,경상북도,안동시,남선면,2080
2021,4717038000,경상북도,안동시,임하면,2797
2021,4717039000,경상북도,안동시,길안면,2691
2021,4717040000,경상북도,안동시,임동면,1710
2021,4717041000,경상북도,안동시,예안면,1823
2021,4717042000,경상북도,안동시,도산면,1580
2021,4717043000,경상북도,안동시,녹전면,1724
2021,4717051000,경상북도,안동시,중구동,5085
2021,4717052000,경상북도,안동시,명륜동,4917
2021,4717055500,경상북도,안동시,용상동,22003
2021,4717058500,경상북도,안동시,서구동,8956
2021,4717060000,경상북도,안동시,태화동,13026
2021,4717062000,경상북도,안동시,평화동,6280
2021,4717063000,경상북도,안동시,안기동,6168
2021,4717065000,경상북도,안동시,옥동,21296
2021,4717066000,경상북도,안동시,송하동,16142
2021,4717069000,경상북도,안동시,강남동,10525
2021,4719025000,경상북도,구미시,선산읍,14623
2021,4719025300,경상북도,구미시,고아읍,38162
2021,4719025600,경상북도,구미시,산동읍,26902
2021,4719031000,경상북도,구미시,무을면,1829
2021,4719032000,경상북도,구미시,옥성면,1687
2021,4719033000,경상북도,구미시,도개면,2167
2021,4719034000,경상북도,구미시,해평면,3997
2021,4719036000,경상북도,구미시,장천면,3037
2021,4719051000,경상북도,구미시,송정동,24087
2021,4719053500,경상북도,구미시,원평동,6276
2021,4719055100,경상북도,구미시,도량동,29123
2021,4719055500,경상북도,구미시,지산동,2151
2021,4719056500,경상북도,구미시,선주원남동,38893
2021,4719058200,경상북도,구미시,형곡1동,14174
2021,4719058300,경상북도,구미시,형곡2동,16583
2021,4719059000,경상북도,구미시,신평1동,3254
2021,4719060000,경상북도,구미시,신평2동,3104
2021,4719061000,경상북도,구미시,비산동,13141
2021,4719063000,경상북도,구미시,광평동,4279
2021,4719064500,경상북도,구미시,상모사곡동,30997
2021,4719066000,경상북도,구미시,임오동,18772
2021,4719067000,경상북도,구미시,인동동,48057
2021,4719068000,경상북도,구미시,진미동,16609
2021,4719069000,경상북도,구미시,양포동,46262
2021,4719070000,경상북도,구미시,공단동,4415
2021,4721025000,경상북도,영주시,풍기읍,10485
2021,4721031000,경상북도,영주시,이산면,2295
2021,4721032000,경상북도,영주시,평은면,1422
2021,4721033000,경상북도,영주시,문수면,1938
2021,4721034000,경상북도,영주시,장수면,2143
2021,4721035000,경상북도,영주시,안정면,2962
2021,4721036000,경상북도,영주시,봉현면,2700
2021,4721037000,경상북도,영주시,순흥면,1983
2021,4721038000,경상북도,영주시,단산면,1831
2021,4721039000,경상북도,영주시,부석면,2995
2021,4721051000,경상북도,영주시,상망동,7430
2021,4721052500,경상북도,영주시,하망동,6007
2021,4721055000,경상북도,영주시,영주1동,3912
2021,4721056000,경상북도,영주시,영주2동,4915
2021,4721059000,경상북도,영주시,휴천1동,6511
2021,4721060000,경상북도,영주시,휴천2동,9837
2021,4721061000,경상북도,영주시,휴천3동,7599
2021,4721062000,경상북도,영주시,가흥1동,15303
2021,4721063000,경상북도,영주시,가흥2동,9674
2021,4723025000,경상북도,영천시,금호읍,10664
2021,4723031000,경상북도,영천시,청통면,4045
2021,4723032000,경상북도,영천시,신녕면,3753
2021,4723033000,경상북도,영천시,화산면,3209
2021,4723034000,경상북도,영천시,화북면,2179
2021,4723035000,경상북도,영천시,화남면,3239
2021,4723036000,경상북도,영천시,자양면,1203
2021,4723037000,경상북도,영천시,임고면,4190
2021,4723038000,경상북도,영천시,고경면,5596
2021,4723039000,경상북도,영천시,북안면,4419
2021,4723040000,경상북도,영천시,대창면,3131
2021,4723051000,경상북도,영천시,동부동,28259
2021,4723052000,경상북도,영천시,중앙동,9688
2021,4723053500,경상북도,영천시,서부동,4669
2021,4723054000,경상북도,영천시,완산동,9530
2021,4723055500,경상북도,영천시,남부동,4114
2021,4725025000,경상북도,상주시,함창읍,6354
2021,4725031000,경상북도,상주시,중동면,1381
2021,4725032500,경상북도,상주시,사벌국면,3798
2021,4725033000,경상북도,상주시,낙동면,2968
2021,4725033500,경상북도,상주시,낙동면동부출장소,965
2021,4725034000,경상북도,상주시,청리면,2563
2021,4725035000,경상북도,상주시,공성면,3905
2021,4725036000,경상북도,상주시,외남면,1620
2021,4725037000,경상북도,상주시,내서면,1895
2021,4725038000,경상북도,상주시,모동면,2542
2021,4725039000,경상북도,상주시,모서면,1712
2021,4725039500,경상북도,상주시,모서면서부출장소,749
2021,4725040000,경상북도,상주시,화동면,1940
2021,4725041000,경상북도,상주시,화서면,2799
2021,4725042000,경상북도,상주시,화북면,1204
2021,4725042600,경상북도,상주시,화북면서부출장소,316
2021,4725043000,경상북도,상주시,외서면,2651
2021,4725044000,경상북도,상주시,은척면,1136
2021,4725044500,경상북도,상주시,은척면북부출장소,378
2021,4725045000,경상북도,상주시,공검면,2111
2021,4725046000,경상북도,상주시,이안면,1987
2021,4725047000,경상북도,상주시,화남면,793
2021,4725052000,경상북도,상주시,남원동,11684
2021,4725053000,경상북도,상주시,북문동,9342
2021,4725054000,경상북도,상주시,계림동,8771
2021,4725055000,경상북도,상주시,동문동,7865
2021,4725056000,경상북도,상주시,동성동,3483
2021,4725057000,경상북도,상주시,신흥동,8654
2021,4728025000,경상북도,문경시,문경읍,5775
2021,4728025100,경상북도,문경시,문경읍갈평출장소,1109
2021,4728025300,경상북도,문경시,가은읍,3206
2021,4728025400,경상북도,문경시,가은읍북부출장소,883
2021,4728031000,경상북도,문경시,영순면,2452
2021,4728032000,경상북도,문경시,산양면,3072
2021,4728033000,경상북도,문경시,호계면,2434
2021,4728034000,경상북도,문경시,산북면,2787
2021,4728035000,경상북도,문경시,동로면,2008
2021,4728036000,경상북도,문경시,마성면,3558
2021,4728037000,경상북도,문경시,농암면,2612
2021,4728057000,경상북도,문경시,점촌1동,5742
2021,4728058000,경상북도,문경시,점촌2동,7030
2021,4728059000,경상북도,문경시,점촌3동,9060
2021,4728060000,경상북도,문경시,점촌4동,3164
2021,4728061000,경상북도,문경시,점촌5동,16262
2021,4729025000,경상북도,경산시,하양읍,28053
2021,4729025300,경상북도,경산시,진량읍,35568
2021,4729025600,경상북도,경산시,압량읍,20797
2021,4729031000,경상북도,경산시,와촌면,5732
2021,4729033000,경상북도,경산시,자인면,5453
2021,4729034000,경상북도,경산시,용성면,3270
2021,4729035000,경상북도,경산시,남산면,3711
2021,4729037000,경상북도,경산시,남천면,2919
2021,4729051000,경상북도,경산시,중방동,9643
2021,4729052000,경상북도,경산시,중앙동,6359
2021,4729053000,경상북도,경산시,남부동,19968
2021,4729054100,경상북도,경산시,서부1동,35561
2021,4729054200,경상북도,경산시,서부2동,36165
2021,4729055000,경상북도,경산시,북부동,16296
2021,4729056000,경상북도,경산시,동부동,38874
2021,4772025000,경상북도,군위군,군위읍,8161
2021,4772031000,경상북도,군위군,소보면,2253
2021,4772032000,경상북도,군위군,효령면,3753
2021,4772033000,경상북도,군위군,부계면,2011
2021,4772034000,경상북도,군위군,우보면,1933
2021,4772035000,경상북도,군위군,의흥면,2356
2021,4772036000,경상북도,군위군,산성면,1182
2021,4772038000,경상북도,군위군,삼국유사면,1296
2021,4773025000,경상북도,의성군,의성읍,12971
2021,4773031000,경상북도,의성군,단촌면,1924
2021,4773032000,경상북도,의성군,점곡면,1614
2021,4773033000,경상북도,의성군,옥산면,1745
2021,4773034000,경상북도,의성군,사곡면,1551
2021,4773035000,경상북도,의성군,춘산면,1450
2021,4773036000,경상북도,의성군,가음면,1456
2021,4773037000,경상북도,의성군,금성면,4201
2021,4773038000,경상북도,의성군,봉양면,3842
2021,4773039000,경상북도,의성군,비안면,2573
2021,4773040000,경상북도,의성군,구천면,1756
2021,4773041000,경상북도,의성군,단밀면,1698
2021,4773042000,경상북도,의성군,단북면,1783
2021,4773043000,경상북도,의성군,안계면,4543
2021,4773044000,경상북도,의성군,다인면,3765
2021,4773045000,경상북도,의성군,신평면,822
2021,4773046000,경상북도,의성군,안평면,2126
2021,4773047000,경상북도,의성군,안사면,812
2021,4775025000,경상북도,청송군,청송읍,5108
2021,4775031500,경상북도,청송군,주왕산면,1808
2021,4775032000,경상북도,청송군,부남면,2461
2021,4775033000,경상북도,청송군,현동면,2091
2021,4775034000,경상북도,청송군,현서면,2494
2021,4775035000,경상북도,청송군,안덕면,2574
2021,4775036000,경상북도,청송군,파천면,1741
2021,4775037000,경상북도,청송군,진보면,6262
2021,4776025000,경상북도,영양군,영양읍,7125
2021,4776031000,경상북도,영양군,입암면,2085
2021,4776032000,경상북도,영양군,청기면,1692
2021,4776033000,경상북도,영양군,일월면,1764
2021,4776034000,경상북도,영양군,수비면,1663
2021,4776035000,경상북도,영양군,석보면,1991
2021,4777025000,경상북도,영덕군,영덕읍,10740
2021,4777031000,경상북도,영덕군,강구면,6000
2021,4777032000,경상북도,영덕군,남정면,2327
2021,4777033000,경상북도,영덕군,달산면,1113
2021,4777034000,경상북도,영덕군,지품면,1477
2021,4777034500,경상북도,영덕군,지품면원전출장소,522
2021,4777035000,경상북도,영덕군,축산면,904
2021,4777035500,경상북도,영덕군,축산면축산출장소,1651
2021,4777036000,경상북도,영덕군,영해면,6212
2021,4777037000,경상북도,영덕군,병곡면,2734
2021,4777038000,경상북도,영덕군,창수면,1634
2021,4782025000,경상북도,청도군,화양읍,7213
2021,4782025100,경상북도,청도군,화양읍남성현출장소,1120
2021,4782025300,경상북도,청도군,청도읍,10145
2021,4782025400,경상북도,청도군,청도읍유호출장소,1575
2021,4782031000,경상북도,청도군,각남면,2159
2021,4782032000,경상북도,청도군,풍각면,3858
2021,4782033000,경상북도,청도군,각북면,2238
2021,4782034000,경상북도,청도군,이서면,4513
2021,4782035000,경상북도,청도군,운문면,2061
2021,4782036000,경상북도,청도군,금천면,3273
2021,4782037000,경상북도,청도군,매전면,3736
2021,4783025300,경상북도,고령군,대가야읍,9886
2021,4783031000,경상북도,고령군,덕곡면,1414
2021,4783032000,경상북도,고령군,운수면,1812
2021,4783033000,경상북도,고령군,성산면,2515
2021,4783034000,경상북도,고령군,다산면,8295
2021,4783035000,경상북도,고령군,개진면,1902
2021,4783036000,경상북도,고령군,우곡면,1548
2021,4783037000,경상북도,고령군,쌍림면,3254
2021,4784025000,경상북도,성주군,성주읍,13518
2021,4784031000,경상북도,성주군,선남면,6110
2021,4784032000,경상북도,성주군,용암면,3638
2021,4784033000,경상북도,성주군,수륜면,3143
2021,4784034000,경상북도,성주군,가천면,2003
2021,4784035000,경상북도,성주군,금수면,1196
2021,4784036000,경상북도,성주군,대가면,2427
2021,4784037000,경상북도,성주군,벽진면,3041
2021,4784038000,경상북도,성주군,초전면,4439
2021,4784039000,경상북도,성주군,월항면,3327
2021,4785025000,경상북도,칠곡군,왜관읍,32755
2021,4785025300,경상북도,칠곡군,북삼읍,24383
2021,4785025600,경상북도,칠곡군,석적읍,31178
2021,4785031000,경상북도,칠곡군,지천면,4096
2021,4785032000,경상북도,칠곡군,동명면,5335
2021,4785033000,경상북도,칠곡군,가산면,3428
2021,4785036000,경상북도,칠곡군,약목면,9523
2021,4785037000,경상북도,칠곡군,기산면,3124
2021,4790025000,경상북도,예천군,예천읍,14548
2021,4790031000,경상북도,예천군,용문면,2268
2021,4790034000,경상북도,예천군,감천면,2604
2021,4790035000,경상북도,예천군,보문면,1672
2021,4790036000,경상북도,예천군,호명면,19948
2021,4790037000,경상북도,예천군,유천면,2535
2021,4790038000,경상북도,예천군,용궁면,2379
2021,4790039000,경상북도,예천군,개포면,1494
2021,4790040000,경상북도,예천군,지보면,2683
2021,4790041000,경상북도,예천군,풍양면,3078
2021,4790042000,경상북도,예천군,효자면,1160
2021,4790043000,경상북도,예천군,은풍면,1370
2021,4792025000,경상북도,봉화군,봉화읍,9701
2021,4792031000,경상북도,봉화군,물야면,3059
2021,4792032000,경상북도,봉화군,봉성면,2077
2021,4792033000,경상북도,봉화군,법전면,2001
2021,4792034000,경상북도,봉화군,춘양면,4350
2021,4792035000,경상북도,봉화군,소천면,2179
2021,4792036000,경상북도,봉화군,재산면,1496
2021,4792037000,경상북도,봉화군,명호면,2213
2021,4792038000,경상북도,봉화군,상운면,1691
2021,4792039000,경상북도,봉화군,석포면,1995
2021,4793025000,경상북도,울진군,울진읍,13878
2021,4793025300,경상북도,울진군,평해읍,2721
2021,4793031000,경상북도,울진군,북면,6681
2021,4793031500,경상북도,울진군,북면하당출장소,679
2021,4793033000,경상북도,울진군,근남면,2740
2021,4793035000,경상북도,울진군,기성면,2482
2021,4793036000,경상북도,울진군,온정면,1693
2021,4793037000,경상북도,울진군,죽변면,6287
2021,4793038000,경상북도,울진군,후포면,7410
2021,4793039000,경상북도,울진군,금강송면,1280
2021,4793040000,경상북도,울진군,매화면,2007
2021,4794025000,경상북도,울릉군,울릉읍,6278
2021,4794031000,경상북도,울릉군,서면,881
2021,4794031500,경상북도,울릉군,서면태하출장소,443
2021,4794032000,경상북도,울릉군,북면,1265
2021,4812125000,경상남도,창원시 의창구,동읍,19769
2021,4812131000,경상남도,창원시 의창구,북면,43422
2021,4812132000,경상남도,창원시 의창구,대산면,7118
2021,4812151000,경상남도,창원시 의창구,의창동,50348
2021,4812152000,경상남도,창원시 의창구,팔룡동,25927
2021,4812153000,경상남도,창원시 의창구,명곡동,41362
2021,4812154000,경상남도,창원시 의창구,봉림동,30081
2021,4812351000,경상남도,창원시 성산구,반송동,41027
2021,4812351500,경상남도,창원시 성산구,용지동,29453
2021,4812352000,경상남도,창원시 성산구,중앙동,34507
2021,4812353000,경상남도,창원시 성산구,상남동,27699
2021,4812354000,경상남도,창원시 성산구,사파동,44616
2021,4812355000,경상남도,창원시 성산구,가음정동,40288
2021,4812356000,경상남도,창원시 성산구,성주동,26219
2021,4812357000,경상남도,창원시 성산구,웅남동,7753
2021,4812531000,경상남도,창원시 마산합포구,구산면,4202
2021,4812532000,경상남도,창원시 마산합포구,진동면,12129
2021,4812533000,경상남도,창원시 마산합포구,진북면,3378
2021,4812534000,경상남도,창원시 마산합포구,진전면,3848
2021,4812551000,경상남도,창원시 마산합포구,현동,14124
2021,4812552000,경상남도,창원시 마산합포구,가포동,1543
2021,4812553000,경상남도,창원시 마산합포구,월영동,42370
2021,4812554000,경상남도,창원시 마산합포구,문화동,10983
2021,4812556500,경상남도,창원시 마산합포구,반월중앙동,14460
2021,4812557000,경상남도,창원시 마산합포구,완월동,9001
2021,4812558000,경상남도,창원시 마산합포구,자산동,10286
2021,4812561000,경상남도,창원시 마산합포구,교방동,16106
2021,4812563000,경상남도,창원시 마산합포구,오동동,19334
2021,4812564000,경상남도,창원시 마산합포구,합포동,7328
2021,4812565000,경상남도,창원시 마산합포구,산호동,12230
2021,4812725000,경상남도,창원시 마산회원구,내서읍,63446
2021,4812751000,경상남도,창원시 마산회원구,회원1동,10164
2021,4812752000,경상남도,창원시 마산회원구,회원2동,10064
2021,4812754500,경상남도,창원시 마산회원구,석전동,16791
2021,4812755000,경상남도,창원시 마산회원구,회성동,6037
2021,4812756000,경상남도,창원시 마산회원구,양덕1동,10970
2021,4812757000,경상남도,창원시 마산회원구,양덕2동,31215
2021,4812758000,경상남도,창원시 마산회원구,합성1동,9297
2021,4812759000,경상남도,창원시 마산회원구,합성2동,7489
2021,4812760000,경상남도,창원시 마산회원구,구암1동,8860
2021,4812761000,경상남도,창원시 마산회원구,구암2동,9329
2021,4812762000,경상남도,창원시 마산회원구,봉암동,3219
2021,4812953000,경상남도,창원시 진해구,충무동,16962
2021,4812954000,경상남도,창원시 진해구,여좌동,8469
2021,4812955000,경상남도,창원시 진해구,태백동,4130
2021,4812956000,경상남도,창원시 진해구,경화동,11097
2021,4812957000,경상남도,창원시 진해구,병암동,7431
2021,4812958000,경상남도,창원시 진해구,석동,17555
2021,4812959000,경상남도,창원시 진해구,이동,8583
2021,4812960000,경상남도,창원시 진해구,자은동,21235
2021,4812961000,경상남도,창원시 진해구,덕산동,10154
2021,4812962000,경상남도,창원시 진해구,풍호동,25699
2021,4812963000,경상남도,창원시 진해구,웅천동,12985
2021,4812964000,경상남도,창원시 진해구,웅동1동,6975
2021,4812965000,경상남도,창원시 진해구,웅동2동,43674
2021,4817025000,경상남도,진주시,문산읍,8059
2021,4817031000,경상남도,진주시,내동면,4020
2021,4817032000,경상남도,진주시,정촌면,8772
2021,4817033000,경상남도,진주시,금곡면,2184
2021,4817035000,경상남도,진주시,진성면,1872
2021,4817036000,경상남도,진주시,일반성면,2557
2021,4817037000,경상남도,진주시,이반성면,1581
2021,4817038000,경상남도,진주시,사봉면,1478
2021,4817039000,경상남도,진주시,지수면,1430
2021,4817040000,경상남도,진주시,대곡면,3188
2021,4817041000,경상남도,진주시,금산면,20903
2021,4817042000,경상남도,진주시,집현면,4638
2021,4817043000,경상남도,진주시,미천면,1579
2021,4817044000,경상남도,진주시,명석면,3982
2021,4817045000,경상남도,진주시,대평면,1036
2021,4817046000,경상남도,진주시,수곡면,2185
2021,4817051500,경상남도,진주시,천전동,27872
2021,4817055500,경상남도,진주시,성북동,10300
2021,4817056500,경상남도,진주시,중앙동,11014
2021,4817059500,경상남도,진주시,상봉동,13823
2021,4817067300,경상남도,진주시,상대동,19311
2021,4817067800,경상남도,진주시,하대동,24152
2021,4817068000,경상남도,진주시,상평동,11492
2021,4817069500,경상남도,진주시,초장동,26841
2021,4817071000,경상남도,진주시,평거동,27373
2021,4817071500,경상남도,진주시,신안동,11602
2021,4817072000,경상남도,진주시,이현동,11875
2021,4817073000,경상남도,진주시,판문동,21005
2021,4817074000,경상남도,진주시,가호동,27983
2021,4817075000,경상남도,진주시,충무공동,32990
2021,4822025000,경상남도,통영시,산양읍,4558
2021,4822031000,경상남도,통영시,용남면,12382
2021,4822033000,경상남도,통영시,도산면,2839
2021,4822034000,경상남도,통영시,광도면,30965
2021,4822035000,경상남도,통영시,욕지면,1974
2021,4822036000,경상남도,통영시,한산면,1951
2021,4822037000,경상남도,통영시,사량면,1443
2021,4822051000,경상남도,통영시,도천동,8670
2021,4822053000,경상남도,통영시,명정동,2840
2021,4822055000,경상남도,통영시,중앙동,3854
2021,4822059000,경상남도,통영시,정량동,8743
2021,4822060000,경상남도,통영시,북신동,10364
2021,4822066500,경상남도,통영시,미수동,11048
2021,4822067000,경상남도,통영시,봉평동,10093
2021,4822070000,경상남도,통영시,무전동,13659
2021,4824025000,경상남도,사천시,사천읍,17716
2021,4824031000,경상남도,사천시,정동면,13724
2021,4824032000,경상남도,사천시,사남면,15306
2021,4824033000,경상남도,사천시,용현면,7376
2021,4824034000,경상남도,사천시,축동면,1552
2021,4824035000,경상남도,사천시,곤양면,3348
2021,4824036000,경상남도,사천시,곤명면,2768
2021,4824037000,경상남도,사천시,서포면,3451
2021,4824051000,경상남도,사천시,동서동,5864
2021,4824052000,경상남도,사천시,선구동,4875
2021,4824053000,경상남도,사천시,동서금동,6283
2021,4824055000,경상남도,사천시,벌용동,15619
2021,4824057000,경상남도,사천시,향촌동,6713
2021,4824059500,경상남도,사천시,남양동,5107
2021,4824089000,경상남도,사천시,신수출장소,251
2021,4825025000,경상남도,김해시,진영읍,55638
2021,4825032000,경상남도,김해시,주촌면,18709
2021,4825033000,경상남도,김해시,진례면,6383
2021,4825034000,경상남도,김해시,한림면,7291
2021,4825035000,경상남도,김해시,생림면,3825
2021,4825036000,경상남도,김해시,상동면,3138
2021,4825037000,경상남도,김해시,대동면,5614
2021,4825051000,경상남도,김해시,동상동,9650
2021,4825052000,경상남도,김해시,회현동,8977
2021,4825053000,경상남도,김해시,부원동,9829
2021,4825054000,경상남도,김해시,내외동,73113
2021,4825055000,경상남도,김해시,북부동,79915
2021,4825056500,경상남도,김해시,칠산서부동,9519
2021,4825058000,경상남도,김해시,활천동,39955
2021,4825059000,경상남도,김해시,삼안동,32548
2021,4825060000,경상남도,김해시,불암동,7521
2021,4825061000,경상남도,김해시,장유1동,56720
2021,4825062000,경상남도,김해시,장유2동,36269
2021,4825063000,경상남도,김해시,장유3동,73059
2021,4827025000,경상남도,밀양시,삼랑진읍,5238
2021,4827025100,경상남도,밀양시,삼랑진임천출장소,1261
2021,4827025300,경상남도,밀양시,하남읍,7042
2021,4827031000,경상남도,밀양시,부북면,5076
2021,4827032000,경상남도,밀양시,상동면,3039
2021,4827033000,경상남도,밀양시,산외면,2799
2021,4827034000,경상남도,밀양시,산내면,3807
2021,4827035000,경상남도,밀양시,단장면,4272
2021,4827036000,경상남도,밀양시,상남면,8262
2021,4827037000,경상남도,밀양시,초동면,3365
2021,4827038000,경상남도,밀양시,무안면,4897
2021,4827039000,경상남도,밀양시,청도면,1768
2021,4827051000,경상남도,밀양시,내일동,2612
2021,4827052000,경상남도,밀양시,내이동,16341
2021,4827053000,경상남도,밀양시,삼문동,20120
2021,4827054000,경상남도,밀양시,가곡동,7809
2021,4827055000,경상남도,밀양시,교동,5817
2021,4831031000,경상남도,거제시,일운면,8132
2021,4831032000,경상남도,거제시,동부면,3076
2021,4831033000,경상남도,거제시,남부면,1562
2021,4831034000,경상남도,거제시,거제면,7272
2021,4831035000,경상남도,거제시,둔덕면,2845
2021,4831036000,경상남도,거제시,사등면,11828
2021,4831036600,경상남도,거제시,사등면가조출장소,1086
2021,4831037000,경상남도,거제시,연초면,8046
2021,4831038000,경상남도,거제시,하청면,3490
2021,4831038500,경상남도,거제시,하청면칠천출장소,1056
2021,4831039000,경상남도,거제시,장목면,3098
2021,4831039500,경상남도,거제시,장목면외포출장소,1374
2021,4831051000,경상남도,거제시,장승포동,5865
2021,4831053000,경상남도,거제시,능포동,9172
2021,4831054000,경상남도,거제시,아주동,26932
2021,4831055000,경상남도,거제시,옥포1동,7259
2021,4831056000,경상남도,거제시,옥포2동,25842
2021,4831057000,경상남도,거제시,장평동,20753
2021,4831058000,경상남도,거제시,고현동,34323
2021,4831059000,경상남도,거제시,상문동,34418
2021,4831060000,경상남도,거제시,수양동,23787
2021,4833025300,경상남도,양산시,물금읍,120539
2021,4833031000,경상남도,양산시,동면,37480
2021,4833032000,경상남도,양산시,원동면,3362
2021,4833033000,경상남도,양산시,상북면,12647
2021,4833034000,경상남도,양산시,하북면,8018
2021,4833051000,경상남도,양산시,중앙동,11414
2021,4833051500,경상남도,양산시,양주동,32841
2021,4833052000,경상남도,양산시,삼성동,21856
2021,4833053000,경상남도,양산시,강서동,8927
2021,4833054000,경상남도,양산시,서창동,28406
2021,4833055000,경상남도,양산시,소주동,20375
2021,4833056000,경상남도,양산시,평산동,30670
2021,4833057000,경상남도,양산시,덕계동,18191
2021,4872025000,경상남도,의령군,의령읍,9458
2021,4872031000,경상남도,의령군,가례면,1676
2021,4872032000,경상남도,의령군,칠곡면,1158
2021,4872033000,경상남도,의령군,대의면,1025
2021,4872034000,경상남도,의령군,화정면,1509
2021,4872035000,경상남도,의령군,용덕면,1515
2021,4872036000,경상남도,의령군,정곡면,1424
2021,4872037000,경상남도,의령군,지정면,1804
2021,4872038000,경상남도,의령군,낙서면,740
2021,4872039000,경상남도,의령군,부림면,2767
2021,4872040000,경상남도,의령군,봉수면,985
2021,4872041500,경상남도,의령군,궁류면,1119
2021,4872042000,경상남도,의령군,유곡면,1142
2021,4873025000,경상남도,함안군,가야읍,18163
2021,4873025300,경상남도,함안군,칠원읍,19042
2021,4873031000,경상남도,함안군,함안면,2389
2021,4873032000,경상남도,함안군,군북면,6064
2021,4873033000,경상남도,함안군,법수면,2806
2021,4873034000,경상남도,함안군,대산면,3345
2021,4873035000,경상남도,함안군,칠서면,5260
2021,4873036000,경상남도,함안군,칠북면,1896
2021,4873038000,경상남도,함안군,산인면,2681
2021,4873039000,경상남도,함안군,여항면,901
2021,4874025000,경상남도,창녕군,창녕읍,16694
2021,4874025300,경상남도,창녕군,남지읍,11965
2021,4874031000,경상남도,창녕군,고암면,1923
2021,4874032000,경상남도,창녕군,성산면,1603
2021,4874033000,경상남도,창녕군,대합면,3857
2021,4874034000,경상남도,창녕군,이방면,2480
2021,4874035000,경상남도,창녕군,유어면,1754
2021,4874036000,경상남도,창녕군,대지면,2528
2021,4874037000,경상남도,창녕군,계성면,2342
2021,4874038000,경상남도,창녕군,영산면,5383
2021,4874039000,경상남도,창녕군,장마면,1843
2021,4874040000,경상남도,창녕군,도천면,2725
2021,4874041000,경상남도,창녕군,길곡면,1501
2021,4874042000,경상남도,창녕군,부곡면,3531
2021,4882025000,경상남도,고성군,고성읍,23986
2021,4882031000,경상남도,고성군,삼산면,1769
2021,4882032000,경상남도,고성군,하일면,1821
2021,4882033000,경상남도,고성군,하이면,2671
2021,4882034000,경상남도,고성군,상리면,1590
2021,4882035000,경상남도,고성군,대가면,1638
2021,4882036000,경상남도,고성군,영현면,861
2021,4882037000,경상남도,고성군,영오면,1411
2021,4882038000,경상남도,고성군,개천면,1094
2021,4882039000,경상남도,고성군,구만면,1022
2021,4882040000,경상남도,고성군,회화면,3534
2021,4882041000,경상남도,고성군,마암면,1723
2021,4882042000,경상남도,고성군,동해면,3052
2021,4882043000,경상남도,고성군,거류면,4306
2021,4884025000,경상남도,남해군,남해읍,13087
2021,4884031000,경상남도,남해군,이동면,3643
2021,4884032000,경상남도,남해군,상주면,1627
2021,4884033000,경상남도,남해군,삼동면,3873
2021,4884034000,경상남도,남해군,미조면,2261
2021,4884035000,경상남도,남해군,남면,3440
2021,4884036000,경상남도,남해군,서면,2572
2021,4884037000,경상남도,남해군,고현면,3496
2021,4884038000,경상남도,남해군,설천면,2792
2021,4884039000,경상남도,남해군,창선면,5475
2021,4885025000,경상남도,하동군,하동읍,9724
2021,4885031000,경상남도,하동군,화개면,3039
2021,4885032000,경상남도,하동군,악양면,3493
2021,4885033000,경상남도,하동군,적량면,1914
2021,4885034000,경상남도,하동군,횡천면,1820
2021,4885035000,경상남도,하동군,고전면,2186
2021,4885036000,경상남도,하동군,금남면,3384
2021,4885037000,경상남도,하동군,진교면,5911
2021,4885038000,경상남도,하동군,양보면,1710
2021,4885039000,경상남도,하동군,북천면,1681
2021,4885040000,경상남도,하동군,청암면,1425
2021,4885041000,경상남도,하동군,옥종면,4206
2021,4885042000,경상남도,하동군,금성면,2956
2021,4886025000,경상남도,산청군,산청읍,6736
2021,4886031000,경상남도,산청군,차황면,1412
2021,4886032000,경상남도,산청군,오부면,1054
2021,4886033000,경상남도,산청군,생초면,1986
2021,4886034000,경상남도,산청군,금서면,2870
2021,4886035000,경상남도,산청군,삼장면,1812
2021,4886036000,경상남도,산청군,시천면,4093
2021,4886037000,경상남도,산청군,단성면,5628
2021,4886038000,경상남도,산청군,신안면,5557
2021,4886039000,경상남도,산청군,생비량면,1155
2021,4886040000,경상남도,산청군,신등면,2057
2021,4887025000,경상남도,함양군,함양읍,18109
2021,4887031000,경상남도,함양군,마천면,2140
2021,4887032000,경상남도,함양군,휴천면,1557
2021,4887033000,경상남도,함양군,유림면,1590
2021,4887034000,경상남도,함양군,수동면,2380
2021,4887035000,경상남도,함양군,지곡면,2050
2021,4887036000,경상남도,함양군,안의면,4434
2021,4887037000,경상남도,함양군,서하면,1383
2021,4887038000,경상남도,함양군,서상면,1812
2021,4887039000,경상남도,함양군,백전면,1557
2021,4887040000,경상남도,함양군,병곡면,1298
2021,4888025000,경상남도,거창군,거창읍,40541
2021,4888031000,경상남도,거창군,주상면,1540
2021,4888032000,경상남도,거창군,웅양면,1862
2021,4888033000,경상남도,거창군,고제면,1389
2021,4888034000,경상남도,거창군,북상면,1523
2021,4888035000,경상남도,거창군,위천면,1973
2021,4888036000,경상남도,거창군,마리면,1980
2021,4888037000,경상남도,거창군,남상면,2331
2021,4888038000,경상남도,거창군,남하면,1396
2021,4888039000,경상남도,거창군,신원면,1492
2021,4888040000,경상남도,거창군,가조면,3686
2021,4888041000,경상남도,거창군,가북면,1360
2021,4889025000,경상남도,합천군,합천읍,11108
2021,4889031000,경상남도,합천군,봉산면,1402
2021,4889032000,경상남도,합천군,묘산면,1564
2021,4889033000,경상남도,합천군,가야면,4150
2021,4889034000,경상남도,합천군,야로면,2359
2021,4889035000,경상남도,합천군,율곡면,2236
2021,4889036000,경상남도,합천군,초계면,2379
2021,4889037000,경상남도,합천군,쌍책면,1225
2021,4889038000,경상남도,합천군,덕곡면,845
2021,4889039000,경상남도,합천군,청덕면,1607
2021,4889040000,경상남도,합천군,적중면,1383
2021,4889041000,경상남도,합천군,대양면,1828
2021,4889042000,경상남도,합천군,쌍백면,1743
2021,4889043000,경상남도,합천군,삼가면,3168
2021,4889044000,경상남도,합천군,가회면,1717
2021,4889045000,경상남도,합천군,대병면,1990
2021,4889046000,경상남도,합천군,용주면,2231
2021,5011025000,제주특별자치도,제주시,한림읍,21248
2021,5011025300,제주특별자치도,제주시,애월읍,37532
2021,5011025600,제주특별자치도,제주시,구좌읍,15397
2021,5011025900,제주특별자치도,제주시,조천읍,25538
2021,5011031000,제주특별자치도,제주시,한경면,9295
2021,5011032000,제주특별자치도,제주시,추자면,1586
2021,5011033000,제주특별자치도,제주시,우도면,1692
2021,5011051000,제주특별자치도,제주시,일도1동,2406
2021,5011052000,제주특별자치도,제주시,일도2동,32441
2021,5011053000,제주특별자치도,제주시,이도1동,7523
2021,5011054000,제주특별자치도,제주시,이도2동,49496
2021,5011055000,제주특별자치도,제주시,삼도1동,13454
2021,5011056000,제주특별자치도,제주시,삼도2동,7955
2021,5011057000,제주특별자치도,제주시,용담1동,6839
2021,5011058000,제주특별자치도,제주시,용담2동,14430
2021,5011059000,제주특별자치도,제주시,건입동,8854
2021,5011060000,제주특별자치도,제주시,화북동,24006
2021,5011061000,제주특별자치도,제주시,삼양동,25876
2021,5011062000,제주특별자치도,제주시,봉개동,5263
2021,5011063000,제주특별자치도,제주시,아라동,38622
2021,5011064000,제주특별자치도,제주시,오라동,15896
2021,5011065000,제주특별자치도,제주시,연동,42265
2021,5011066000,제주특별자치도,제주시,노형동,55420
2021,5011067000,제주특별자치도,제주시,외도동,22278
2021,5011068000,제주특별자치도,제주시,이호동,4458
2021,5011069000,제주특별자치도,제주시,도두동,3326
2021,5013025000,제주특별자치도,서귀포시,대정읍,22197
2021,5013025300,제주특별자치도,서귀포시,남원읍,18664
2021,5013025900,제주특별자치도,서귀포시,성산읍,15500
2021,5013031000,제주특별자치도,서귀포시,안덕면,12228
2021,5013032000,제주특별자치도,서귀포시,표선면,12393
2021,5013051000,제주특별자치도,서귀포시,송산동,3980
2021,5013052000,제주특별자치도,서귀포시,정방동,2136
2021,5013053000,제주특별자치도,서귀포시,중앙동,3301
2021,5013054000,제주특별자치도,서귀포시,천지동,3439
2021,5013055000,제주특별자치도,서귀포시,효돈동,5328
2021,5013056000,제주특별자치도,서귀포시,영천동,5203
2021,5013057000,제주특별자치도,서귀포시,동홍동,23201
2021,5013058000,제주특별자치도,서귀포시,서홍동,11072
2021,5013059000,제주특별자치도,서귀포시,대륜동,15325
2021,5013060000,제주특별자치도,서귀포시,대천동,13824
2021,5013061000,제주특별자치도,서귀포시,중문동,11943
2021,5013062000,제주특별자치도,서귀포시,예래동,3929
2022,1111051500,서울특별시,종로구,청운효자동,11628
2022,1111053000,서울특별시,종로구,사직동,9087
2022,1111054000,서울특별시,종로구,삼청동,2331
2022,1111055000,서울특별시,종로구,부암동,9241
2022,1111056000,서울특별시,종로구,평창동,17663
2022,1111057000,서울특별시,종로구,무악동,8023
2022,1111058000,서울특별시,종로구,교남동,9816
2022,1111060000,서울특별시,종로구,가회동,3941
2022,1111061500,서울특별시,종로구,종로1.2.3.4가동,6728
2022,1111063000,서울특별시,종로구,종로5.6가동,5300
2022,1111064000,서울특별시,종로구,이화동,7101
2022,1111065000,서울특별시,종로구,혜화동,16143
2022,1111067000,서울특별시,종로구,창신제1동,4646
2022,1111068000,서울특별시,종로구,창신제2동,7706
2022,1111069000,서울특별시,종로구,창신제3동,6449
2022,1111070000,서울특별시,종로구,숭인제1동,5769
2022,1111071000,서울특별시,종로구,숭인제2동,9807
2022,1114052000,서울특별시,중구,소공동,2244
2022,1114054000,서울특별시,중구,회현동,4544
2022,1114055000,서울특별시,중구,명동,2739
2022,1114057000,서울특별시,중구,필동,3973
2022,1114058000,서울특별시,중구,장충동,4571
2022,1114059000,서울특별시,중구,광희동,5202
2022,1114060500,서울특별시,중구,을지로동,1661
2022,1114061500,서울특별시,중구,신당동,7618
2022,1114062500,서울특별시,중구,다산동,13474
2022,1114063500,서울특별시,중구,약수동,16395
2022,1114064500,서울특별시,중구,청구동,13199
2022,1114065000,서울특별시,중구,신당제5동,10180
2022,1114066500,서울특별시,중구,동화동,10024
2022,1114067000,서울특별시,중구,황학동,12604
2022,1114068000,서울특별시,중구,중림동,12009
2022,1117051000,서울특별시,용산구,후암동,16321
2022,1117052000,서울특별시,용산구,용산2가동,9016
2022,1117053000,서울특별시,용산구,남영동,7100
2022,1117055500,서울특별시,용산구,청파동,19094
2022,1117056000,서울특별시,용산구,원효로제1동,17144
2022,1117057000,서울특별시,용산구,원효로제2동,13678
2022,1117058000,서울특별시,용산구,효창동,10743
2022,1117059000,서울특별시,용산구,용문동,11553
2022,1117062500,서울특별시,용산구,한강로동,21243
2022,1117063000,서울특별시,용산구,이촌제1동,25070
2022,1117064000,서울특별시,용산구,이촌제2동,8027
2022,1117065000,서울특별시,용산구,이태원제1동,6117
2022,1117066000,서울특별시,용산구,이태원제2동,8731
2022,1117068500,서울특별시,용산구,한남동,19508
2022,1117069000,서울특별시,용산구,서빙고동,12590
2022,1117070000,서울특별시,용산구,보광동,12715
2022,1120052000,서울특별시,성동구,왕십리제2동,16304
2022,1120053500,서울특별시,성동구,왕십리도선동,26420
2022,1120054000,서울특별시,성동구,마장동,22034
2022,1120055000,서울특별시,성동구,사근동,11981
2022,1120056000,서울특별시,성동구,행당제1동,13676
2022,1120057000,서울특별시,성동구,행당제2동,23056
2022,1120058000,서울특별시,성동구,응봉동,15047
2022,1120059000,서울특별시,성동구,금호1가동,15056
2022,1120061500,서울특별시,성동구,금호2.3가동,22253
2022,1120062000,서울특별시,성동구,금호4가동,14098
2022,1120064500,서울특별시,성동구,옥수동,25585
2022,1120065000,서울특별시,성동구,성수1가제1동,16089
2022,1120066000,서울특별시,성동구,성수1가제2동,12123
2022,1120067000,서울특별시,성동구,성수2가제1동,15256
2022,1120069000,서울특별시,성동구,성수2가제3동,10291
2022,1120072000,서울특별시,성동구,송정동,10081
2022,1120079000,서울특별시,성동구,용답동,11650
2022,1121571000,서울특별시,광진구,화양동,23437
2022,1121573000,서울특별시,광진구,군자동,19425
2022,1121574000,서울특별시,광진구,중곡제1동,15299
2022,1121575000,서울특별시,광진구,중곡제2동,20999
2022,1121576000,서울특별시,광진구,중곡제3동,15945
2022,1121577000,서울특별시,광진구,중곡제4동,28035
2022,1121578000,서울특별시,광진구,능동,11180
2022,1121581000,서울특별시,광진구,광장동,34168
2022,1121582000,서울특별시,광진구,자양제1동,21862
2022,1121583000,서울특별시,광진구,자양제2동,23946
2022,1121584000,서울특별시,광진구,자양제3동,27553
2022,1121584700,서울특별시,광진구,자양제4동,17926
2022,1121585000,서울특별시,광진구,구의제1동,23387
2022,1121586000,서울특별시,광진구,구의제2동,26043
2022,1121587000,서울특별시,광진구,구의제3동,28211
2022,1123053600,서울특별시,동대문구,용신동,34559
2022,1123054500,서울특별시,동대문구,제기동,24207
2022,1123056000,서울특별시,동대문구,전농제1동,28660
2022,1123057000,서울특별시,동대문구,전농제2동,18185
2022,1123060000,서울특별시,동대문구,답십리제1동,28137
2022,1123061000,서울특별시,동대문구,답십리제2동,27793
2022,1123065000,서울특별시,동대문구,장안제1동,38068
2022,1123066000,서울특별시,동대문구,장안제2동,32387
2022,1123070500,서울특별시,동대문구,청량리동,18610
2022,1123071000,서울특별시,동대문구,회기동,10546
2022,1123072000,서울특별시,동대문구,휘경제1동,13931
2022,1123073000,서울특별시,동대문구,휘경제2동,23829
2022,1123074000,서울특별시,동대문구,이문제1동,18055
2022,1123075000,서울특별시,동대문구,이문제2동,19677
2022,1126052000,서울특별시,중랑구,면목제2동,23849
2022,1126054000,서울특별시,중랑구,면목제4동,18463
2022,1126055000,서울특별시,중랑구,면목제5동,14714
2022,1126056500,서울특별시,중랑구,면목본동,33144
2022,1126057000,서울특별시,중랑구,면목제7동,21473
2022,1126057500,서울특별시,중랑구,면목제3.8동,24188
2022,1126058000,서울특별시,중랑구,상봉제1동,23551
2022,1126059000,서울특별시,중랑구,상봉제2동,20252
2022,1126060000,서울특별시,중랑구,중화제1동,19117
2022,1126061000,서울특별시,중랑구,중화제2동,24492
2022,1126062000,서울특별시,중랑구,묵제1동,34130
2022,1126063000,서울특별시,중랑구,묵제2동,18375
2022,1126065500,서울특별시,중랑구,망우본동,35511
2022,1126066000,서울특별시,중랑구,망우제3동,15938
2022,1126068000,서울특별시,중랑구,신내1동,38054
2022,1126069000,서울특별시,중랑구,신내2동,20067
2022,1129052500,서울특별시,성북구,성북동,16272
2022,1129055500,서울특별시,성북구,삼선동,22456
2022,1129057500,서울특별시,성북구,동선동,15075
2022,1129058000,서울특별시,성북구,돈암제1동,14369
2022,1129059000,서울특별시,성북구,돈암제2동,23558
2022,1129060000,서울특별시,성북구,안암동,14997
2022,1129061000,서울특별시,성북구,보문동,16322
2022,1129062000,서울특별시,성북구,정릉제1동,17977
2022,1129063000,서울특별시,성북구,정릉제2동,22687
2022,1129064000,서울특별시,성북구,정릉제3동,15093
2022,1129065000,서울특별시,성북구,정릉제4동,24431
2022,1129066000,서울특별시,성북구,길음제1동,34845
2022,1129068500,서울특별시,성북구,길음제2동,21582
2022,1129070500,서울특별시,성북구,종암동,38172
2022,1129071500,서울특별시,성북구,월곡제1동,25950
2022,1129072500,서울특별시,성북구,월곡제2동,19144
2022,1129076000,서울특별시,성북구,장위제1동,23889
2022,1129077000,서울특별시,성북구,장위제2동,13389
2022,1129078000,서울특별시,성북구,장위제3동,15728
2022,1129081000,서울특별시,성북구,석관동,34461
2022,1130553400,서울특별시,강북구,삼양동,22910
2022,1130553500,서울특별시,강북구,미아동,21136
2022,1130554500,서울특별시,강북구,송중동,29304
2022,1130555500,서울특별시,강북구,송천동,25584
2022,1130557500,서울특별시,강북구,삼각산동,30830
2022,1130559500,서울특별시,강북구,번1동,18117
2022,1130560300,서울특별시,강북구,번2동,15308
2022,1130560800,서울특별시,강북구,번3동,16383
2022,1130561500,서울특별시,강북구,수유1동,20265
2022,1130562500,서울특별시,강북구,수유2동,20908
2022,1130563500,서울특별시,강북구,수유3동,22970
2022,1130564500,서울특별시,강북구,우이동,20244
2022,1130566000,서울특별시,강북구,인수동,29701
2022,1132051100,서울특별시,도봉구,창제1동,24359
2022,1132051200,서울특별시,도봉구,창제2동,28674
2022,1132051300,서울특별시,도봉구,창제3동,13546
2022,1132051400,서울특별시,도봉구,창제4동,26016
2022,1132051500,서울특별시,도봉구,창제5동,24226
2022,1132052100,서울특별시,도봉구,도봉제1동,20470
2022,1132052200,서울특별시,도봉구,도봉제2동,26231
2022,1132066000,서울특별시,도봉구,쌍문제1동,21015
2022,1132067000,서울특별시,도봉구,쌍문제2동,18324
2022,1132068000,서울특별시,도봉구,쌍문제3동,16774
2022,1132068100,서울특별시,도봉구,쌍문제4동,18307
2022,1132069000,서울특별시,도봉구,방학제1동,28172
2022,1132070000,서울특별시,도봉구,방학제2동,19152
2022,1132071000,서울특별시,도봉구,방학제3동,26428
2022,1135056000,서울특별시,노원구,월계1동,20916
2022,1135057000,서울특별시,노원구,월계2동,25925
2022,1135058000,서울특별시,노원구,월계3동,29205
2022,1135059500,서울특별시,노원구,공릉1동,36462
2022,1135060000,서울특별시,노원구,공릉2동,41828
2022,1135061100,서울특별시,노원구,하계1동,26441
2022,1135061200,서울특별시,노원구,하계2동,21593
2022,1135061900,서울특별시,노원구,중계본동,23423
2022,1135062100,서울특별시,노원구,중계1동,26480
2022,1135062400,서울특별시,노원구,중계4동,19497
2022,1135062500,서울특별시,노원구,중계2.3동,33366
2022,1135063000,서울특별시,노원구,상계1동,37707
2022,1135064000,서울특별시,노원구,상계2동,19466
2022,1135066500,서울특별시,노원구,상계3.4동,25211
2022,1135067000,서울특별시,노원구,상계5동,23605
2022,1135069500,서울특별시,노원구,상계6.7동,31914
2022,1135070000,서울특별시,노원구,상계8동,22292
2022,1135071000,서울특별시,노원구,상계9동,19979
2022,1135072000,서울특별시,노원구,상계10동,18424
2022,1138051000,서울특별시,은평구,녹번동,36515
2022,1138052000,서울특별시,은평구,불광제1동,38002
2022,1138053000,서울특별시,은평구,불광제2동,27036
2022,1138055100,서울특별시,은평구,갈현제1동,16988
2022,1138055200,서울특별시,은평구,갈현제2동,27907
2022,1138056000,서울특별시,은평구,구산동,31815
2022,1138057000,서울특별시,은평구,대조동,26542
2022,1138058000,서울특별시,은평구,응암제1동,32957
2022,1138059000,서울특별시,은평구,응암제2동,27828
2022,1138060000,서울특별시,은평구,응암제3동,23960
2022,1138062500,서울특별시,은평구,역촌동,44589
2022,1138063100,서울특별시,은평구,신사제1동,26779
2022,1138063200,서울특별시,은평구,신사제2동,19370
2022,1138064000,서울특별시,은평구,증산동,18500
2022,1138065000,서울특별시,은평구,수색동,13137
2022,1138069000,서울특별시,은평구,진관동,54821
2022,1141052000,서울특별시,서대문구,천연동,16813
2022,1141055500,서울특별시,서대문구,북아현동,15571
2022,1141056500,서울특별시,서대문구,충현동,19863
2022,1141058500,서울특별시,서대문구,신촌동,20297
2022,1141061500,서울특별시,서대문구,연희동,34413
2022,1141062000,서울특별시,서대문구,홍제제1동,24428
2022,1141064000,서울특별시,서대문구,홍제제3동,17719
2022,1141065500,서울특별시,서대문구,홍제제2동,13326
2022,1141066000,서울특별시,서대문구,홍은제1동,22584
2022,1141068500,서울특별시,서대문구,홍은제2동,26733
2022,1141069000,서울특별시,서대문구,남가좌제1동,16655
2022,1141070000,서울특별시,서대문구,남가좌제2동,29301
2022,1141071000,서울특별시,서대문구,북가좌제1동,17703
2022,1141072000,서울특별시,서대문구,북가좌제2동,30931
2022,1144055500,서울특별시,마포구,아현동,25694
2022,1144056500,서울특별시,마포구,공덕동,36835
2022,1144058500,서울특별시,마포구,도화동,20871
2022,1144059000,서울특별시,마포구,용강동,21340
2022,1144060000,서울특별시,마포구,대흥동,14495
2022,1144061000,서울특별시,마포구,염리동,16758
2022,1144063000,서울특별시,마포구,신수동,22286
2022,1144065500,서울특별시,마포구,서강동,24749
2022,1144066000,서울특별시,마포구,서교동,24528
2022,1144068000,서울특별시,마포구,합정동,16702
2022,1144069000,서울특별시,마포구,망원제1동,19452
2022,1144070000,서울특별시,마포구,망원제2동,18250
2022,1144071000,서울특별시,마포구,연남동,14614
2022,1144072000,서울특별시,마포구,성산제1동,18726
2022,1144073000,서울특별시,마포구,성산제2동,39192
2022,1144074000,서울특별시,마포구,상암동,30146
2022,1147051000,서울특별시,양천구,목1동,30407
2022,1147052000,서울특별시,양천구,목2동,29428
2022,1147053000,서울특별시,양천구,목3동,21587
2022,1147054000,서울특별시,양천구,목4동,24849
2022,1147055000,서울특별시,양천구,목5동,40637
2022,1147056000,서울특별시,양천구,신월1동,20078
2022,1147057000,서울특별시,양천구,신월2동,20413
2022,1147058000,서울특별시,양천구,신월3동,14748
2022,1147059000,서울특별시,양천구,신월4동,17604
2022,1147060000,서울특별시,양천구,신월5동,14334
2022,1147061000,서울특별시,양천구,신월6동,13759
2022,1147061100,서울특별시,양천구,신월7동,19068
2022,1147062000,서울특별시,양천구,신정1동,19856
2022,1147063000,서울특별시,양천구,신정2동,18906
2022,1147064000,서울특별시,양천구,신정3동,50235
2022,1147065000,서울특별시,양천구,신정4동,32416
2022,1147067000,서울특별시,양천구,신정6동,24131
2022,1147068000,서울특별시,양천구,신정7동,28425
2022,1150051000,서울특별시,강서구,염창동,41506
2022,1150052000,서울특별시,강서구,등촌제1동,24762
2022,1150053000,서울특별시,강서구,등촌제2동,19738
2022,1150053500,서울특별시,강서구,등촌제3동,29854
2022,1150054000,서울특별시,강서구,화곡제1동,51705
2022,1150055000,서울특별시,강서구,화곡제2동,17514
2022,1150056000,서울특별시,강서구,화곡제3동,21459
2022,1150057000,서울특별시,강서구,화곡제4동,20237
2022,1150059000,서울특별시,강서구,화곡본동,33732
2022,1150059100,서울특별시,강서구,화곡제6동,25027
2022,1150059300,서울특별시,강서구,화곡제8동,24010
2022,1150060300,서울특별시,강서구,가양제1동,34085
2022,1150060400,서울특별시,강서구,가양제2동,13812
2022,1150060500,서울특별시,강서구,가양제3동,14579
2022,1150061100,서울특별시,강서구,발산제1동,35944
2022,1150061500,서울특별시,강서구,우장산동,42679
2022,1150062000,서울특별시,강서구,공항동,30372
2022,1150063000,서울특별시,강서구,방화제1동,42616
2022,1150064000,서울특별시,강서구,방화제2동,23123
2022,1150064100,서울특별시,강서구,방화제3동,22412
2022,1153051000,서울특별시,구로구,신도림동,35821
2022,1153052000,서울특별시,구로구,구로제1동,20633
2022,1153053000,서울특별시,구로구,구로제2동,23131
2022,1153054000,서울특별시,구로구,구로제3동,23419
2022,1153055000,서울특별시,구로구,구로제4동,19192
2022,1153056000,서울특별시,구로구,구로제5동,29271
2022,1153059500,서울특별시,구로구,가리봉동,8936
2022,1153072000,서울특별시,구로구,고척제1동,25318
2022,1153073000,서울특별시,구로구,고척제2동,26129
2022,1153074000,서울특별시,구로구,개봉제1동,33360
2022,1153075000,서울특별시,구로구,개봉제2동,30273
2022,1153076000,서울특별시,구로구,개봉제3동,19887
2022,1153077000,서울특별시,구로구,오류제1동,22541
2022,1153078000,서울특별시,구로구,오류제2동,37958
2022,1153079000,서울특별시,구로구,수궁동,23039
2022,1153080000,서울특별시,구로구,항동,16407
2022,1154551000,서울특별시,금천구,가산동,24211
2022,1154561000,서울특별시,금천구,독산제1동,45881
2022,1154562000,서울특별시,금천구,독산제2동,18223
2022,1154563000,서울특별시,금천구,독산제3동,24034
2022,1154564000,서울특별시,금천구,독산제4동,14885
2022,1154567000,서울특별시,금천구,시흥제1동,32460
2022,1154568000,서울특별시,금천구,시흥제2동,20717
2022,1154569000,서울특별시,금천구,시흥제3동,10545
2022,1154570000,서울특별시,금천구,시흥제4동,19977
2022,1154571000,서울특별시,금천구,시흥제5동,18709
2022,1156051500,서울특별시,영등포구,영등포본동,21008
2022,1156053500,서울특별시,영등포구,영등포동,29728
2022,1156054000,서울특별시,영등포구,여의동,32555
2022,1156055000,서울특별시,영등포구,당산제1동,20373
2022,1156056000,서울특별시,영등포구,당산제2동,36716
2022,1156058500,서울특별시,영등포구,도림동,17671
2022,1156060500,서울특별시,영등포구,문래동,32331
2022,1156061000,서울특별시,영등포구,양평제1동,18394
2022,1156062000,서울특별시,영등포구,양평제2동,22379
2022,1156063000,서울특별시,영등포구,신길제1동,19152
2022,1156065000,서울특별시,영등포구,신길제3동,16351
2022,1156066000,서울특별시,영등포구,신길제4동,12304
2022,1156067000,서울특별시,영등포구,신길제5동,10230
2022,1156068000,서울특별시,영등포구,신길제6동,18874
2022,1156069000,서울특별시,영등포구,신길제7동,19718
2022,1156070000,서울특별시,영등포구,대림제1동,14158
2022,1156071000,서울특별시,영등포구,대림제2동,11855
2022,1156072000,서울특별시,영등포구,대림제3동,21878
2022,1159051000,서울특별시,동작구,노량진제1동,31670
2022,1159052000,서울특별시,동작구,노량진제2동,10520
2022,1159053000,서울특별시,동작구,상도제1동,44206
2022,1159054000,서울특별시,동작구,상도제2동,27695
2022,1159055000,서울특별시,동작구,상도제3동,24094
2022,1159056000,서울특별시,동작구,상도제4동,28227
2022,1159060500,서울특별시,동작구,흑석동,28517
2022,1159062000,서울특별시,동작구,사당제1동,22561
2022,1159063000,서울특별시,동작구,사당제2동,28440
2022,1159064000,서울특별시,동작구,사당제3동,24001
2022,1159065000,서울특별시,동작구,사당제4동,14016
2022,1159065100,서울특별시,동작구,사당제5동,14334
2022,1159066000,서울특별시,동작구,대방동,36733
2022,1159067000,서울특별시,동작구,신대방제1동,23364
2022,1159068000,서울특별시,동작구,신대방제2동,22218
2022,1162052500,서울특별시,관악구,보라매동,24221
2022,1162054500,서울특별시,관악구,청림동,14901
2022,1162056500,서울특별시,관악구,성현동,28640
2022,1162057500,서울특별시,관악구,행운동,29132
2022,1162058500,서울특별시,관악구,낙성대동,17334
2022,1162059500,서울특별시,관악구,청룡동,36075
2022,1162060500,서울특별시,관악구,은천동,32710
2022,1162061500,서울특별시,관악구,중앙동,15317
2022,1162062500,서울특별시,관악구,인헌동,25725
2022,1162063000,서울특별시,관악구,남현동,17962
2022,1162064500,서울특별시,관악구,서원동,22786
2022,1162065500,서울특별시,관악구,신원동,17847
2022,1162066500,서울특별시,관악구,서림동,23436
2022,1162068500,서울특별시,관악구,신사동,22646
2022,1162069500,서울특별시,관악구,신림동,23081
2022,1162071500,서울특별시,관악구,난향동,14926
2022,1162072500,서울특별시,관악구,조원동,19141
2022,1162073500,서울특별시,관악구,대학동,24015
2022,1162074500,서울특별시,관악구,삼성동,20501
2022,1162076500,서울특별시,관악구,미성동,30116
2022,1162077500,서울특별시,관악구,난곡동,26240
2022,1165051000,서울특별시,서초구,서초1동,20429
2022,1165052000,서울특별시,서초구,서초2동,26473
2022,1165053000,서울특별시,서초구,서초3동,32045
2022,1165053100,서울특별시,서초구,서초4동,30270
2022,1165054000,서울특별시,서초구,잠원동,26204
2022,1165055000,서울특별시,서초구,반포본동,275
2022,1165056000,서울특별시,서초구,반포1동,34077
2022,1165057000,서울특별시,서초구,반포2동,15642
2022,1165058000,서울특별시,서초구,반포3동,22716
2022,1165058100,서울특별시,서초구,반포4동,18790
2022,1165059000,서울특별시,서초구,방배본동,20614
2022,1165060000,서울특별시,서초구,방배1동,16726
2022,1165061000,서울특별시,서초구,방배2동,18444
2022,1165062000,서울특별시,서초구,방배3동,17221
2022,1165062100,서울특별시,서초구,방배4동,23115
2022,1165065100,서울특별시,서초구,양재1동,42338
2022,1165065200,서울특별시,서초구,양재2동,21547
2022,1165066000,서울특별시,서초구,내곡동,17399
2022,1168051000,서울특별시,강남구,신사동,15622
2022,1168052100,서울특별시,강남구,논현1동,21395
2022,1168053100,서울특별시,강남구,논현2동,20502
2022,1168054500,서울특별시,강남구,압구정동,25749
2022,1168056500,서울특별시,강남구,청담동,25255
2022,1168058000,서울특별시,강남구,삼성1동,12483
2022,1168059000,서울특별시,강남구,삼성2동,30810
2022,1168060000,서울특별시,강남구,대치1동,23810
2022,1168061000,서울특별시,강남구,대치2동,36946
2022,1168063000,서울특별시,강남구,대치4동,19206
2022,1168064000,서울특별시,강남구,역삼1동,34485
2022,1168065000,서울특별시,강남구,역삼2동,36930
2022,1168065500,서울특별시,강남구,도곡1동,21126
2022,1168065600,서울특별시,강남구,도곡2동,32753
2022,1168066000,서울특별시,강남구,개포1동,6901
2022,1168067000,서울특별시,강남구,개포2동,28947
2022,1168067500,서울특별시,강남구,개포3동,17318
2022,1168069000,서울특별시,강남구,개포4동,23472
2022,1168070000,서울특별시,강남구,세곡동,43208
2022,1168072000,서울특별시,강남구,일원본동,22988
2022,1168073000,서울특별시,강남구,일원1동,14850
2022,1168075000,서울특별시,강남구,수서동,14346
2022,1171051000,서울특별시,송파구,풍납1동,12386
2022,1171052000,서울특별시,송파구,풍납2동,24241
2022,1171053100,서울특별시,송파구,거여1동,12181
2022,1171053200,서울특별시,송파구,거여2동,23653
2022,1171054000,서울특별시,송파구,마천1동,18479
2022,1171055000,서울특별시,송파구,마천2동,17995
2022,1171056100,서울특별시,송파구,방이1동,15361
2022,1171056200,서울특별시,송파구,방이2동,25795
2022,1171056600,서울특별시,송파구,오륜동,17784
2022,1171057000,서울특별시,송파구,오금동,37800
2022,1171058000,서울특별시,송파구,송파1동,23693
2022,1171059000,서울특별시,송파구,송파2동,18806
2022,1171060000,서울특별시,송파구,석촌동,31054
2022,1171061000,서울특별시,송파구,삼전동,29526
2022,1171062000,서울특별시,송파구,가락본동,25616
2022,1171063100,서울특별시,송파구,가락1동,27387
2022,1171063200,서울특별시,송파구,가락2동,31501
2022,1171064100,서울특별시,송파구,문정1동,19743
2022,1171064200,서울특별시,송파구,문정2동,28645
2022,1171064600,서울특별시,송파구,장지동,28949
2022,1171064700,서울특별시,송파구,위례동,44477
2022,1171065000,서울특별시,송파구,잠실본동,27842
2022,1171067000,서울특별시,송파구,잠실2동,34758
2022,1171068000,서울특별시,송파구,잠실3동,34009
2022,1171069000,서울특별시,송파구,잠실4동,21157
2022,1171071000,서울특별시,송파구,잠실6동,16555
2022,1171072000,서울특별시,송파구,잠실7동,9408
2022,1174051500,서울특별시,강동구,강일동,32866
2022,1174052500,서울특별시,강동구,상일제1동,39036
2022,1174052600,서울특별시,강동구,상일제2동,11882
2022,1174053000,서울특별시,강동구,명일제1동,25558
2022,1174054000,서울특별시,강동구,명일제2동,17270
2022,1174055000,서울특별시,강동구,고덕제1동,23812
2022,1174056000,서울특별시,강동구,고덕제2동,22596
2022,1174057000,서울특별시,강동구,암사제1동,33989
2022,1174058000,서울특별시,강동구,암사제2동,15005
2022,1174059000,서울특별시,강동구,암사제3동,17433
2022,1174060000,서울특별시,강동구,천호제1동,26435
2022,1174061000,서울특별시,강동구,천호제2동,33202
2022,1174062000,서울특별시,강동구,천호제3동,26210
2022,1174064000,서울특별시,강동구,성내제1동,19761
2022,1174065000,서울특별시,강동구,성내제2동,22980
2022,1174066000,서울특별시,강동구,성내제3동,22765
2022,1174068500,서울특별시,강동구,길동,45032
2022,1174069000,서울특별시,강동구,둔촌제1동,64
2022,1174070000,서울특별시,강동구,둔촌제2동,24171
2022,2611051000,부산광역시,중구,중앙동,3137
2022,2611052000,부산광역시,중구,동광동,2549
2022,2611053000,부산광역시,중구,대청동,6082
2022,2611054500,부산광역시,중구,보수동,10345
2022,2611056000,부산광역시,중구,부평동,4374
2022,2611057000,부산광역시,중구,광복동,941
2022,2611058000,부산광역시,중구,남포동,853
2022,2611059000,부산광역시,중구,영주제1동,4567
2022,2611060000,부산광역시,중구,영주제2동,6841
2022,2614051000,부산광역시,서구,동대신제1동,5513
2022,2614052000,부산광역시,서구,동대신제2동,6979
2022,2614053000,부산광역시,서구,동대신제3동,7491
2022,2614054000,부산광역시,서구,서대신제1동,14808
2022,2614056000,부산광역시,서구,서대신제3동,7658
2022,2614057000,부산광역시,서구,서대신제4동,7403
2022,2614059000,부산광역시,서구,부민동,7447
2022,2614061500,부산광역시,서구,아미동,6181
2022,2614063000,부산광역시,서구,초장동,4072
2022,2614064000,부산광역시,서구,충무동,9718
2022,2614065000,부산광역시,서구,남부민제1동,4700
2022,2614066000,부산광역시,서구,남부민제2동,8573
2022,2614068000,부산광역시,서구,암남동,14649
2022,2617051000,부산광역시,동구,초량제1동,4934
2022,2617052000,부산광역시,동구,초량제2동,5511
2022,2617053000,부산광역시,동구,초량제3동,12983
2022,2617055000,부산광역시,동구,초량제6동,5609
2022,2617056000,부산광역시,동구,수정제1동,4033
2022,2617057000,부산광역시,동구,수정제2동,9505
2022,2617059000,부산광역시,동구,수정제4동,3703
2022,2617060000,부산광역시,동구,수정제5동,5056
2022,2617064500,부산광역시,동구,좌천동,11659
2022,2617065000,부산광역시,동구,범일제1동,11408
2022,2617066000,부산광역시,동구,범일제2동,7837
2022,2617068000,부산광역시,동구,범일제5동,4224
2022,2620053000,부산광역시,영도구,남항동,10621
2022,2620054000,부산광역시,영도구,영선제1동,3869
2022,2620055000,부산광역시,영도구,영선제2동,7855
2022,2620058500,부산광역시,영도구,신선동,7810
2022,2620059000,부산광역시,영도구,봉래제1동,6532
2022,2620060500,부산광역시,영도구,봉래제2동,7624
2022,2620063000,부산광역시,영도구,청학제1동,5790
2022,2620064000,부산광역시,영도구,청학제2동,17317
2022,2620065000,부산광역시,영도구,동삼제1동,26706
2022,2620066000,부산광역시,영도구,동삼제2동,4697
2022,2620067000,부산광역시,영도구,동삼제3동,9335
2022,2623051000,부산광역시,부산진구,부전제1동,15768
2022,2623052000,부산광역시,부산진구,부전제2동,10699
2022,2623054000,부산광역시,부산진구,연지동,24402
2022,2623055000,부산광역시,부산진구,초읍동,21177
2022,2623056000,부산광역시,부산진구,양정제1동,19311
2022,2623057000,부산광역시,부산진구,양정제2동,11751
2022,2623060000,부산광역시,부산진구,전포제1동,21221
2022,2623061000,부산광역시,부산진구,전포제2동,22765
2022,2623064000,부산광역시,부산진구,부암제1동,22918
2022,2623066000,부산광역시,부산진구,부암제3동,16970
2022,2623067000,부산광역시,부산진구,당감제1동,22231
2022,2623068000,부산광역시,부산진구,당감제2동,10029
2022,2623070000,부산광역시,부산진구,당감제4동,10985
2022,2623071000,부산광역시,부산진구,가야제1동,18525
2022,2623072000,부산광역시,부산진구,가야제2동,17988
2022,2623074000,부산광역시,부산진구,개금제1동,16486
2022,2623075000,부산광역시,부산진구,개금제2동,10556
2022,2623076000,부산광역시,부산진구,개금제3동,27885
2022,2623077000,부산광역시,부산진구,범천제1동,12439
2022,2623078000,부산광역시,부산진구,범천제2동,21811
2022,2626051000,부산광역시,동래구,수민동,31658
2022,2626052000,부산광역시,동래구,복산동,8959
2022,2626054500,부산광역시,동래구,명륜동,26401
2022,2626055000,부산광역시,동래구,온천제1동,22339
2022,2626056000,부산광역시,동래구,온천제2동,24366
2022,2626057000,부산광역시,동래구,온천제3동,37727
2022,2626058000,부산광역시,동래구,사직제1동,10309
2022,2626059000,부산광역시,동래구,사직제2동,25526
2022,2626060000,부산광역시,동래구,사직제3동,17181
2022,2626074000,부산광역시,동래구,안락제1동,14095
2022,2626075000,부산광역시,동래구,안락제2동,26457
2022,2626076100,부산광역시,동래구,명장제1동,13818
2022,2626076200,부산광역시,동래구,명장제2동,14390
2022,2629051000,부산광역시,남구,대연제1동,15817
2022,2629053000,부산광역시,남구,대연제3동,33110
2022,2629054000,부산광역시,남구,대연제4동,12017
2022,2629055000,부산광역시,남구,대연제5동,16828
2022,2629056000,부산광역시,남구,대연제6동,14955
2022,2629057000,부산광역시,남구,용호제1동,43228
2022,2629058000,부산광역시,남구,용호제2동,16594
2022,2629059000,부산광역시,남구,용호제3동,11838
2022,2629060000,부산광역시,남구,용호제4동,8284
2022,2629061000,부산광역시,남구,용당동,8061
2022,2629062000,부산광역시,남구,감만제1동,10590
2022,2629063000,부산광역시,남구,감만제2동,6716
2022,2629064500,부산광역시,남구,우암동,12682
2022,2629068000,부산광역시,남구,문현제1동,12180
2022,2629069000,부산광역시,남구,문현제2동,8214
2022,2629070000,부산광역시,남구,문현제3동,16706
2022,2629071000,부산광역시,남구,문현제4동,8513
2022,2632051000,부산광역시,북구,구포제1동,15947
2022,2632052000,부산광역시,북구,구포제2동,24551
2022,2632052100,부산광역시,북구,구포제3동,19051
2022,2632053000,부산광역시,북구,금곡동,36742
2022,2632054100,부산광역시,북구,화명제1동,40555
2022,2632054200,부산광역시,북구,화명제2동,17512
2022,2632054300,부산광역시,북구,화명제3동,28938
2022,2632055000,부산광역시,북구,덕천제1동,11759
2022,2632056000,부산광역시,북구,덕천제2동,11577
2022,2632056100,부산광역시,북구,덕천제3동,10424
2022,2632057100,부산광역시,북구,만덕제1동,16601
2022,2632057200,부산광역시,북구,만덕제2동,26996
2022,2632057300,부산광역시,북구,만덕제3동,18204
2022,2635051000,부산광역시,해운대구,우제1동,21949
2022,2635052000,부산광역시,해운대구,우제2동,30274
2022,2635052500,부산광역시,해운대구,우제3동,28384
2022,2635053000,부산광역시,해운대구,중제1동,27477
2022,2635054000,부산광역시,해운대구,중제2동,15516
2022,2635055100,부산광역시,해운대구,좌제1동,17620
2022,2635055200,부산광역시,해운대구,좌제2동,31270
2022,2635055300,부산광역시,해운대구,좌제3동,15631
2022,2635055400,부산광역시,해운대구,좌제4동,22661
2022,2635056000,부산광역시,해운대구,송정동,9621
2022,2635057000,부산광역시,해운대구,반여제1동,34629
2022,2635058000,부산광역시,해운대구,반여제2동,12192
2022,2635059000,부산광역시,해운대구,반여제3동,8209
2022,2635059500,부산광역시,해운대구,반여제4동,15270
2022,2635061000,부산광역시,해운대구,반송제1동,13196
2022,2635062000,부산광역시,해운대구,반송제2동,22331
2022,2635065000,부산광역시,해운대구,재송제1동,37136
2022,2635066000,부산광역시,해운대구,재송제2동,23419
2022,2638051000,부산광역시,사하구,괴정제1동,18840
2022,2638052000,부산광역시,사하구,괴정제2동,15476
2022,2638053000,부산광역시,사하구,괴정제3동,12042
2022,2638054000,부산광역시,사하구,괴정제4동,11900
2022,2638055000,부산광역시,사하구,당리동,25613
2022,2638056100,부산광역시,사하구,하단제1동,21541
2022,2638056200,부산광역시,사하구,하단제2동,25252
2022,2638057100,부산광역시,사하구,신평제1동,16289
2022,2638057200,부산광역시,사하구,신평제2동,17588
2022,2638058000,부산광역시,사하구,장림제1동,10458
2022,2638059000,부산광역시,사하구,장림제2동,26665
2022,2638060100,부산광역시,사하구,다대제1동,37674
2022,2638060200,부산광역시,사하구,다대제2동,26378
2022,2638061000,부산광역시,사하구,구평동,12786
2022,2638062000,부산광역시,사하구,감천제1동,17846
2022,2638063000,부산광역시,사하구,감천제2동,5639
2022,2641051000,부산광역시,금정구,서제1동,4979
2022,2641052000,부산광역시,금정구,서제2동,8814
2022,2641053000,부산광역시,금정구,서제3동,10782
2022,2641055500,부산광역시,금정구,금사회동동,7554
2022,2641057000,부산광역시,금정구,부곡제1동,8027
2022,2641058000,부산광역시,금정구,부곡제2동,17613
2022,2641059000,부산광역시,금정구,부곡제3동,15350
2022,2641059100,부산광역시,금정구,부곡제4동,12359
2022,2641060000,부산광역시,금정구,장전제1동,17993
2022,2641061000,부산광역시,금정구,장전제2동,26049
2022,2641063500,부산광역시,금정구,선두구동,2218
2022,2641066500,부산광역시,금정구,청룡노포동,9689
2022,2641067000,부산광역시,금정구,남산동,27568
2022,2641068000,부산광역시,금정구,구서제1동,19234
2022,2641069000,부산광역시,금정구,구서제2동,32027
2022,2641070000,부산광역시,금정구,금성동,1000
2022,2644051000,부산광역시,강서구,대저1동,6196
2022,2644052000,부산광역시,강서구,대저2동,6960
2022,2644053000,부산광역시,강서구,강동동,4081
2022,2644053500,부산광역시,강서구,명지1동,53652
2022,2644054500,부산광역시,강서구,명지2동,30201
2022,2644055000,부산광역시,강서구,가락동,2240
2022,2644056000,부산광역시,강서구,녹산동,35747
2022,2644058000,부산광역시,강서구,가덕도동,4130
2022,2647061000,부산광역시,연제구,거제제1동,28471
2022,2647062000,부산광역시,연제구,거제제2동,11756
2022,2647063000,부산광역시,연제구,거제제3동,9684
2022,2647064000,부산광역시,연제구,거제제4동,10001
2022,2647065000,부산광역시,연제구,연산제1동,16478
2022,2647066000,부산광역시,연제구,연산제2동,19941
2022,2647067000,부산광역시,연제구,연산제3동,10914
2022,2647068000,부산광역시,연제구,연산제4동,15844
2022,2647069000,부산광역시,연제구,연산제5동,16331
2022,2647070000,부산광역시,연제구,연산제6동,16304
2022,2647072000,부산광역시,연제구,연산제8동,13714
2022,2647073000,부산광역시,연제구,연산제9동,34098
2022,2650066000,부산광역시,수영구,남천제1동,15564
2022,2650067000,부산광역시,수영구,남천제2동,11731
2022,2650073000,부산광역시,수영구,수영동,14287
2022,2650074000,부산광역시,수영구,망미제1동,27034
2022,2650075000,부산광역시,수영구,망미제2동,10363
2022,2650076000,부산광역시,수영구,광안제1동,25724
2022,2650077000,부산광역시,수영구,광안제2동,18789
2022,2650078000,부산광역시,수영구,광안제3동,9581
2022,2650079000,부산광역시,수영구,광안제4동,13584
2022,2650080000,부산광역시,수영구,민락동,28149
2022,2653058000,부산광역시,사상구,삼락동,5569
2022,2653059100,부산광역시,사상구,모라제1동,27327
2022,2653059300,부산광역시,사상구,모라제3동,9774
2022,2653060000,부산광역시,사상구,덕포제1동,8392
2022,2653061000,부산광역시,사상구,덕포제2동,12583
2022,2653062000,부산광역시,사상구,괘법동,23504
2022,2653064500,부산광역시,사상구,감전동,12787
2022,2653065000,부산광역시,사상구,주례제1동,16182
2022,2653066000,부산광역시,사상구,주례제2동,22192
2022,2653066100,부산광역시,사상구,주례제3동,12643
2022,2653067000,부산광역시,사상구,학장동,27425
2022,2653068000,부산광역시,사상구,엄궁동,25411
2022,2671025000,부산광역시,기장군,기장읍,53029
2022,2671025300,부산광역시,기장군,장안읍,8721
2022,2671025600,부산광역시,기장군,정관읍,80992
2022,2671025900,부산광역시,기장군,일광읍,28137
2022,2671033000,부산광역시,기장군,철마면,7735
2022,2711051700,대구광역시,중구,동인동,7579
2022,2711054500,대구광역시,중구,삼덕동,6405
2022,2711056500,대구광역시,중구,성내1동,4805
2022,2711057500,대구광역시,중구,성내2동,4654
2022,2711058500,대구광역시,중구,성내3동,4847
2022,2711059500,대구광역시,중구,대신동,7494
2022,2711064000,대구광역시,중구,남산1동,4455
2022,2711065000,대구광역시,중구,남산2동,6827
2022,2711066000,대구광역시,중구,남산3동,6460
2022,2711067000,대구광역시,중구,남산4동,14278
2022,2711068000,대구광역시,중구,대봉1동,7701
2022,2711069000,대구광역시,중구,대봉2동,4694
2022,2714051000,대구광역시,동구,신암1동,8885
2022,2714052000,대구광역시,동구,신암2동,10160
2022,2714053000,대구광역시,동구,신암3동,11398
2022,2714054000,대구광역시,동구,신암4동,11071
2022,2714054100,대구광역시,동구,신암5동,6158
2022,2714055500,대구광역시,동구,신천1.2동,12487
2022,2714057000,대구광역시,동구,신천3동,14557
2022,2714058000,대구광역시,동구,신천4동,8318
2022,2714059000,대구광역시,동구,효목1동,13200
2022,2714060000,대구광역시,동구,효목2동,12763
2022,2714061500,대구광역시,동구,도평동,3899
2022,2714062000,대구광역시,동구,불로.봉무동,20990
2022,2714064000,대구광역시,동구,지저동,14072
2022,2714065500,대구광역시,동구,동촌동,15273
2022,2714067000,대구광역시,동구,방촌동,18472
2022,2714068500,대구광역시,동구,해안동,14851
2022,2714072000,대구광역시,동구,안심1동,41269
2022,2714073000,대구광역시,동구,안심2동,11488
2022,2714074200,대구광역시,동구,안심3동,21803
2022,2714074700,대구광역시,동구,안심4동,28390
2022,2714075500,대구광역시,동구,혁신동,18590
2022,2714076000,대구광역시,동구,공산동,21436
2022,2717051000,대구광역시,서구,내당1동,10104
2022,2717052500,대구광역시,서구,내당2.3동,9261
2022,2717054000,대구광역시,서구,내당4동,15974
2022,2717055000,대구광역시,서구,비산1동,9320
2022,2717056500,대구광역시,서구,비산2.3동,8873
2022,2717058000,대구광역시,서구,비산4동,9464
2022,2717059000,대구광역시,서구,비산5동,5865
2022,2717060000,대구광역시,서구,비산6동,7351
2022,2717061000,대구광역시,서구,비산7동,9565
2022,2717062000,대구광역시,서구,평리1동,7541
2022,2717063000,대구광역시,서구,평리2동,7690
2022,2717064000,대구광역시,서구,평리3동,9588
2022,2717065000,대구광역시,서구,평리4동,17442
2022,2717066000,대구광역시,서구,평리5동,1641
2022,2717066100,대구광역시,서구,평리6동,3352
2022,2717067500,대구광역시,서구,상중이동,19469
2022,2717069500,대구광역시,서구,원대동,7327
2022,2720051500,대구광역시,남구,이천동,11548
2022,2720053000,대구광역시,남구,봉덕1동,8832
2022,2720054000,대구광역시,남구,봉덕2동,12070
2022,2720055000,대구광역시,남구,봉덕3동,15944
2022,2720056000,대구광역시,남구,대명1동,10803
2022,2720057100,대구광역시,남구,대명2동,11983
2022,2720058600,대구광역시,남구,대명3동,10474
2022,2720059000,대구광역시,남구,대명4동,10560
2022,2720060000,대구광역시,남구,대명5동,5962
2022,2720061000,대구광역시,남구,대명6동,11235
2022,2720064000,대구광역시,남구,대명9동,15044
2022,2720065000,대구광역시,남구,대명10동,8799
2022,2720066000,대구광역시,남구,대명11동,8265
2022,2723051000,대구광역시,북구,고성동,4699
2022,2723052600,대구광역시,북구,칠성동,23005
2022,2723055000,대구광역시,북구,침산1동,3960
2022,2723056000,대구광역시,북구,침산2동,18364
2022,2723057000,대구광역시,북구,침산3동,19342
2022,2723061000,대구광역시,북구,산격1동,8784
2022,2723062000,대구광역시,북구,산격2동,10527
2022,2723063000,대구광역시,북구,산격3동,9375
2022,2723063100,대구광역시,북구,산격4동,8214
2022,2723064500,대구광역시,북구,대현동,17052
2022,2723067100,대구광역시,북구,복현1동,7469
2022,2723067200,대구광역시,북구,복현2동,31038
2022,2723068000,대구광역시,북구,검단동,6261
2022,2723069500,대구광역시,북구,무태조야동,35818
2022,2723071500,대구광역시,북구,관문동,35862
2022,2723072500,대구광역시,북구,태전1동,21984
2022,2723073500,대구광역시,북구,태전2동,24007
2022,2723074500,대구광역시,북구,구암동,34216
2022,2723075000,대구광역시,북구,관음동,15957
2022,2723077000,대구광역시,북구,읍내동,26156
2022,2723078000,대구광역시,북구,동천동,27294
2022,2723079000,대구광역시,북구,노원동,11098
2022,2723080000,대구광역시,북구,국우동,30430
2022,2726051000,대구광역시,수성구,범어1동,16227
2022,2726052000,대구광역시,수성구,범어2동,15010
2022,2726053000,대구광역시,수성구,범어3동,17016
2022,2726054000,대구광역시,수성구,범어4동,19836
2022,2726055000,대구광역시,수성구,만촌1동,22167
2022,2726056000,대구광역시,수성구,만촌2동,10754
2022,2726056100,대구광역시,수성구,만촌3동,19174
2022,2726057000,대구광역시,수성구,수성1가동,17372
2022,2726058000,대구광역시,수성구,수성2.3가동,11383
2022,2726059000,대구광역시,수성구,수성4가동,13945
2022,2726060100,대구광역시,수성구,황금1동,23011
2022,2726060200,대구광역시,수성구,황금2동,12079
2022,2726061000,대구광역시,수성구,중동,12567
2022,2726062000,대구광역시,수성구,상동,15767
2022,2726063000,대구광역시,수성구,파동,12089
2022,2726064000,대구광역시,수성구,두산동,14685
2022,2726065100,대구광역시,수성구,지산1동,21139
2022,2726065200,대구광역시,수성구,지산2동,17970
2022,2726066100,대구광역시,수성구,범물1동,10980
2022,2726066200,대구광역시,수성구,범물2동,16675
2022,2726067000,대구광역시,수성구,고산1동,31356
2022,2726068000,대구광역시,수성구,고산2동,28014
2022,2726069000,대구광역시,수성구,고산3동,32337
2022,2729051500,대구광역시,달서구,성당동,22636
2022,2729053500,대구광역시,달서구,두류1.2동,14401
2022,2729055000,대구광역시,달서구,두류3동,7900
2022,2729055500,대구광역시,달서구,감삼동,28272
2022,2729056300,대구광역시,달서구,죽전동,12981
2022,2729056800,대구광역시,달서구,장기동,16674
2022,2729057100,대구광역시,달서구,용산1동,29988
2022,2729057200,대구광역시,달서구,용산2동,27702
2022,2729057600,대구광역시,달서구,이곡1동,22278
2022,2729057700,대구광역시,달서구,이곡2동,15872
2022,2729058500,대구광역시,달서구,신당동,30916
2022,2729059000,대구광역시,달서구,본리동,19804
2022,2729060100,대구광역시,달서구,월성1동,40251
2022,2729060200,대구광역시,달서구,월성2동,15221
2022,2729061500,대구광역시,달서구,진천동,51567
2022,2729061700,대구광역시,달서구,유천동,33605
2022,2729062400,대구광역시,달서구,상인1동,34889
2022,2729062500,대구광역시,달서구,상인2동,18970
2022,2729062600,대구광역시,달서구,상인3동,10781
2022,2729062800,대구광역시,달서구,도원동,34323
2022,2729063000,대구광역시,달서구,송현1동,18645
2022,2729064000,대구광역시,달서구,송현2동,17433
2022,2729065000,대구광역시,달서구,본동,11880
2022,2771025000,대구광역시,달성군,화원읍,46795
2022,2771025300,대구광역시,달성군,논공읍,4602
2022,2771025400,대구광역시,달성군,논공읍공단출장소,12710
2022,2771025600,대구광역시,달성군,다사읍,51572
2022,2771025700,대구광역시,달성군,다사읍서재출장소,39912
2022,2771025900,대구광역시,달성군,유가읍,29358
2022,2771026200,대구광역시,달성군,옥포읍,24576
2022,2771026500,대구광역시,달성군,현풍읍,22901
2022,2771031000,대구광역시,달성군,가창면,7662
2022,2771033000,대구광역시,달성군,하빈면,3465
2022,2771038000,대구광역시,달성군,구지면,19609
2022,2811052000,인천광역시,중구,연안동,5775
2022,2811053000,인천광역시,중구,신포동,4779
2022,2811054000,인천광역시,중구,신흥동,13430
2022,2811056000,인천광역시,중구,도원동,3959
2022,2811057000,인천광역시,중구,율목동,3082
2022,2811058500,인천광역시,중구,동인천동,5626
2022,2811061500,인천광역시,중구,개항동,7172
2022,2811062000,인천광역시,중구,영종동,22378
2022,2811062200,인천광역시,중구,영종1동,46893
2022,2811062800,인천광역시,중구,운서동,36098
2022,2811063000,인천광역시,중구,용유동,3739
2022,2814051000,인천광역시,동구,만석동,6701
2022,2814052500,인천광역시,동구,화수1.화평동,5794
2022,2814053000,인천광역시,동구,화수2동,7421
2022,2814055500,인천광역시,동구,송현1.2동,10096
2022,2814057000,인천광역시,동구,송현3동,3287
2022,2814058000,인천광역시,동구,송림1동,3350
2022,2814059000,인천광역시,동구,송림2동,2175
2022,2814060500,인천광역시,동구,송림3.5동,5801
2022,2814061000,인천광역시,동구,송림4동,6091
2022,2814063000,인천광역시,동구,송림6동,5902
2022,2814064000,인천광역시,동구,금창동,2381
2022,2817751000,인천광역시,미추홀구,숭의2동,14533
2022,2817752000,인천광역시,미추홀구,숭의1.3동,15959
2022,2817753000,인천광역시,미추홀구,숭의4동,15656
2022,2817754000,인천광역시,미추홀구,용현1.4동,17602
2022,2817755000,인천광역시,미추홀구,용현2동,17528
2022,2817756000,인천광역시,미추홀구,용현3동,7456
2022,2817757000,인천광역시,미추홀구,용현5동,46748
2022,2817758000,인천광역시,미추홀구,학익1동,30382
2022,2817759000,인천광역시,미추홀구,학익2동,18464
2022,2817760000,인천광역시,미추홀구,도화1동,22221
2022,2817761000,인천광역시,미추홀구,도화2.3동,32445
2022,2817762000,인천광역시,미추홀구,주안1동,20848
2022,2817763000,인천광역시,미추홀구,주안2동,16451
2022,2817764000,인천광역시,미추홀구,주안3동,8569
2022,2817765000,인천광역시,미추홀구,주안4동,17254
2022,2817766000,인천광역시,미추홀구,주안5동,20522
2022,2817767000,인천광역시,미추홀구,주안6동,21679
2022,2817768000,인천광역시,미추홀구,주안7동,12239
2022,2817769000,인천광역시,미추홀구,주안8동,20340
2022,2817770000,인천광역시,미추홀구,관교동,14680
2022,2817771000,인천광역시,미추홀구,문학동,14428
2022,2818563000,인천광역시,연수구,옥련1동,18877
2022,2818564000,인천광역시,연수구,옥련2동,19813
2022,2818575000,인천광역시,연수구,선학동,16674
2022,2818576100,인천광역시,연수구,연수1동,18401
2022,2818576200,인천광역시,연수구,연수2동,20610
2022,2818576300,인천광역시,연수구,연수3동,15728
2022,2818576600,인천광역시,연수구,청학동,24246
2022,2818578000,인천광역시,연수구,동춘1동,25022
2022,2818579000,인천광역시,연수구,동춘2동,17969
2022,2818579500,인천광역시,연수구,동춘3동,18104
2022,2818582000,인천광역시,연수구,송도1동,37909
2022,2818583000,인천광역시,연수구,송도2동,36476
2022,2818584000,인천광역시,연수구,송도3동,48738
2022,2818585000,인천광역시,연수구,송도4동,27225
2022,2818586000,인천광역시,연수구,송도5동,40004
2022,2820051000,인천광역시,남동구,구월1동,30849
2022,2820052000,인천광역시,남동구,구월2동,35233
2022,2820052100,인천광역시,남동구,구월3동,30138
2022,2820052200,인천광역시,남동구,구월4동,14331
2022,2820053000,인천광역시,남동구,간석1동,17743
2022,2820054000,인천광역시,남동구,간석2동,21603
2022,2820055000,인천광역시,남동구,간석3동,26791
2022,2820055100,인천광역시,남동구,간석4동,28950
2022,2820056000,인천광역시,남동구,만수1동,16621
2022,2820057000,인천광역시,남동구,만수2동,23658
2022,2820058000,인천광역시,남동구,만수3동,17250
2022,2820058100,인천광역시,남동구,만수4동,20208
2022,2820058200,인천광역시,남동구,만수5동,15213
2022,2820058300,인천광역시,남동구,만수6동,23565
2022,2820065000,인천광역시,남동구,장수서창동,19510
2022,2820065500,인천광역시,남동구,서창2동,38985
2022,2820066000,인천광역시,남동구,남촌도림동,20747
2022,2820069000,인천광역시,남동구,논현1동,31463
2022,2820070000,인천광역시,남동구,논현2동,32511
2022,2820071000,인천광역시,남동구,논현고잔동,40812
2022,2823751000,인천광역시,부평구,부평1동,35887
2022,2823752000,인천광역시,부평구,부평2동,14578
2022,2823753000,인천광역시,부평구,부평3동,12390
2022,2823754000,인천광역시,부평구,부평4동,36328
2022,2823755000,인천광역시,부평구,부평5동,30785
2022,2823756000,인천광역시,부평구,부평6동,14465
2022,2823757000,인천광역시,부평구,산곡1동,14135
2022,2823758000,인천광역시,부평구,산곡2동,30348
2022,2823758100,인천광역시,부평구,산곡3동,21419
2022,2823758200,인천광역시,부평구,산곡4동,17196
2022,2823759100,인천광역시,부평구,청천1동,6699
2022,2823759200,인천광역시,부평구,청천2동,34958
2022,2823764100,인천광역시,부평구,갈산1동,16210
2022,2823764200,인천광역시,부평구,갈산2동,18179
2022,2823764600,인천광역시,부평구,삼산1동,32424
2022,2823764800,인천광역시,부평구,삼산2동,28262
2022,2823765000,인천광역시,부평구,부개1동,16562
2022,2823766000,인천광역시,부평구,부개2동,19729
2022,2823766100,인천광역시,부평구,부개3동,29844
2022,2823767000,인천광역시,부평구,일신동,12224
2022,2823768000,인천광역시,부평구,십정1동,24294
2022,2823769000,인천광역시,부평구,십정2동,22202
2022,2824560100,인천광역시,계양구,효성1동,27276
2022,2824560200,인천광역시,계양구,효성2동,28426
2022,2824561100,인천광역시,계양구,계산1동,18771
2022,2824561200,인천광역시,계양구,계산2동,15382
2022,2824561300,인천광역시,계양구,계산3동,18617
2022,2824561400,인천광역시,계양구,계산4동,22804
2022,2824562100,인천광역시,계양구,작전1동,27014
2022,2824562200,인천광역시,계양구,작전2동,19090
2022,2824564000,인천광역시,계양구,작전서운동,34263
2022,2824571000,인천광역시,계양구,계양1동,20173
2022,2824572000,인천광역시,계양구,계양2동,32164
2022,2824573000,인천광역시,계양구,계양3동,24876
2022,2826051500,인천광역시,서구,검암경서동,45339
2022,2826053000,인천광역시,서구,연희동,39515
2022,2826053600,인천광역시,서구,청라1동,30883
2022,2826053700,인천광역시,서구,청라2동,48163
2022,2826053900,인천광역시,서구,청라3동,34406
2022,2826054200,인천광역시,서구,가정1동,36195
2022,2826054300,인천광역시,서구,가정2동,6248
2022,2826054400,인천광역시,서구,가정3동,9289
2022,2826055000,인천광역시,서구,석남1동,21776
2022,2826056000,인천광역시,서구,석남2동,12560
2022,2826056100,인천광역시,서구,석남3동,13477
2022,2826057500,인천광역시,서구,신현원창동,30703
2022,2826058000,인천광역시,서구,가좌1동,12778
2022,2826059000,인천광역시,서구,가좌2동,19421
2022,2826060000,인천광역시,서구,가좌3동,16390
2022,2826061000,인천광역시,서구,가좌4동,10133
2022,2826068000,인천광역시,서구,검단동,33414
2022,2826069000,인천광역시,서구,불로대곡동,23499
2022,2826070000,인천광역시,서구,원당동,23428
2022,2826071000,인천광역시,서구,당하동,27053
2022,2826072000,인천광역시,서구,오류왕길동,25124
2022,2826073000,인천광역시,서구,마전동,22218
2022,2826074000,인천광역시,서구,아라동,47001
2022,2871025000,인천광역시,강화군,강화읍,22669
2022,2871031000,인천광역시,강화군,선원면,7926
2022,2871032000,인천광역시,강화군,불은면,5064
2022,2871033000,인천광역시,강화군,길상면,7332
2022,2871034000,인천광역시,강화군,화도면,4560
2022,2871035000,인천광역시,강화군,양도면,4294
2022,2871036000,인천광역시,강화군,내가면,3058
2022,2871037000,인천광역시,강화군,하점면,4074
2022,2871038000,인천광역시,강화군,양사면,1899
2022,2871039000,인천광역시,강화군,송해면,3287
2022,2871040000,인천광역시,강화군,교동면,2818
2022,2871041000,인천광역시,강화군,삼산면,2177
2022,2871042000,인천광역시,강화군,서도면,374
2022,2871042500,인천광역시,강화군,서도면볼음출장소,271
2022,2872031000,인천광역시,옹진군,북도면,1145
2022,2872031500,인천광역시,옹진군,북도면장봉출장소,986
2022,2872033000,인천광역시,옹진군,백령면,4986
2022,2872034000,인천광역시,옹진군,대청면,1224
2022,2872034500,인천광역시,옹진군,대청면소청출장소,216
2022,2872035000,인천광역시,옹진군,덕적면,1924
2022,2872036000,인천광역시,옹진군,영흥면,6653
2022,2872037000,인천광역시,옹진군,자월면,963
2022,2872037500,인천광역시,옹진군,자월면이작출장소,378
2022,2872038000,인천광역시,옹진군,연평면,2138
2022,2911052500,광주광역시,동구,충장동,5077
2022,2911054500,광주광역시,동구,동명동,3743
2022,2911056000,광주광역시,동구,계림1동,10507
2022,2911057000,광주광역시,동구,계림2동,12893
2022,2911059000,광주광역시,동구,산수1동,8236
2022,2911060000,광주광역시,동구,산수2동,10127
2022,2911062000,광주광역시,동구,지산1동,4156
2022,2911063000,광주광역시,동구,지산2동,4389
2022,2911065500,광주광역시,동구,서남동,2981
2022,2911068500,광주광역시,동구,학동,7493
2022,2911071000,광주광역시,동구,학운동,11226
2022,2911073000,광주광역시,동구,지원1동,9006
2022,2911074000,광주광역시,동구,지원2동,16075
2022,2914057500,광주광역시,서구,양동,3425
2022,2914059000,광주광역시,서구,양3동,4433
2022,2914065000,광주광역시,서구,농성1동,11243
2022,2914066000,광주광역시,서구,농성2동,4689
2022,2914073000,광주광역시,서구,광천동,7636
2022,2914074000,광주광역시,서구,유덕동,10684
2022,2914074500,광주광역시,서구,치평동,29433
2022,2914075100,광주광역시,서구,상무1동,24353
2022,2914075200,광주광역시,서구,상무2동,23028
2022,2914076000,광주광역시,서구,화정1동,15465
2022,2914077000,광주광역시,서구,화정2동,19933
2022,2914078000,광주광역시,서구,화정3동,9595
2022,2914079000,광주광역시,서구,화정4동,18858
2022,2914080000,광주광역시,서구,서창동,5692
2022,2914082100,광주광역시,서구,금호1동,19982
2022,2914082400,광주광역시,서구,금호2동,27531
2022,2914083000,광주광역시,서구,풍암동,35593
2022,2914084000,광주광역시,서구,동천동,15828
2022,2915551000,광주광역시,남구,양림동,6777
2022,2915552000,광주광역시,남구,방림1동,6564
2022,2915553000,광주광역시,남구,방림2동,8492
2022,2915553700,광주광역시,남구,봉선1동,12900
2022,2915553800,광주광역시,남구,봉선2동,28183
2022,2915554500,광주광역시,남구,사직동,4928
2022,2915560500,광주광역시,남구,월산동,8818
2022,2915563000,광주광역시,남구,월산4동,8362
2022,2915564000,광주광역시,남구,월산5동,6205
2022,2915567000,광주광역시,남구,백운1동,11919
2022,2915568000,광주광역시,남구,백운2동,6210
2022,2915569000,광주광역시,남구,주월1동,21462
2022,2915570000,광주광역시,남구,주월2동,7807
2022,2915570500,광주광역시,남구,진월동,28578
2022,2915571000,광주광역시,남구,효덕동,15834
2022,2915572000,광주광역시,남구,송암동,21170
2022,2915573000,광주광역시,남구,대촌동,8170
2022,2917051000,광주광역시,북구,중흥1동,4583
2022,2917052000,광주광역시,북구,중흥2동,8413
2022,2917053000,광주광역시,북구,중흥3동,6518
2022,2917055500,광주광역시,북구,중앙동,3937
2022,2917057000,광주광역시,북구,임동,9142
2022,2917058000,광주광역시,북구,신안동,12538
2022,2917059000,광주광역시,북구,용봉동,37633
2022,2917060100,광주광역시,북구,운암1동,18877
2022,2917060200,광주광역시,북구,운암2동,11534
2022,2917060300,광주광역시,북구,운암3동,13404
2022,2917061500,광주광역시,북구,동림동,22827
2022,2917062000,광주광역시,북구,우산동,14318
2022,2917063500,광주광역시,북구,풍향동,5409
2022,2917065000,광주광역시,북구,문화동,20203
2022,2917065600,광주광역시,북구,문흥1동,15324
2022,2917065700,광주광역시,북구,문흥2동,15218
2022,2917066100,광주광역시,북구,두암1동,7452
2022,2917066200,광주광역시,북구,두암2동,15501
2022,2917066300,광주광역시,북구,두암3동,12838
2022,2917066600,광주광역시,북구,삼각동,13639
2022,2917066900,광주광역시,북구,일곡동,28899
2022,2917067300,광주광역시,북구,매곡동,13544
2022,2917067600,광주광역시,북구,오치1동,10451
2022,2917067700,광주광역시,북구,오치2동,12045
2022,2917068500,광주광역시,북구,석곡동,2410
2022,2917069500,광주광역시,북구,건국동,21769
2022,2917069600,광주광역시,북구,양산동,37038
2022,2917069700,광주광역시,북구,신용동,29243
2022,2920051500,광주광역시,광산구,송정1동,10574
2022,2920052500,광주광역시,광산구,송정2동,6364
2022,2920054000,광주광역시,광산구,도산동,14860
2022,2920055000,광주광역시,광산구,신흥동,4441
2022,2920056500,광주광역시,광산구,어룡동,33280
2022,2920058000,광주광역시,광산구,우산동,29603
2022,2920060000,광주광역시,광산구,월곡1동,10324
2022,2920061000,광주광역시,광산구,월곡2동,14950
2022,2920062000,광주광역시,광산구,비아동,7516
2022,2920062400,광주광역시,광산구,첨단1동,27112
2022,2920062600,광주광역시,광산구,첨단2동,42555
2022,2920063000,광주광역시,광산구,신가동,19462
2022,2920063500,광주광역시,광산구,운남동,30128
2022,2920063700,광주광역시,광산구,수완동,75889
2022,2920064000,광주광역시,광산구,하남동,26624
2022,2920065000,광주광역시,광산구,임곡동,2048
2022,2920066000,광주광역시,광산구,동곡동,1757
2022,2920067000,광주광역시,광산구,평동,4889
2022,2920068000,광주광역시,광산구,삼도동,2168
2022,2920069000,광주광역시,광산구,본량동,1927
2022,2920070000,광주광역시,광산구,신창동,34183
2022,3011051500,대전광역시,동구,중앙동,4152
2022,3011053000,대전광역시,동구,효동,23994
2022,3011054500,대전광역시,동구,신인동,15130
2022,3011055100,대전광역시,동구,판암1동,12093
2022,3011055200,대전광역시,동구,판암2동,8165
2022,3011056000,대전광역시,동구,용운동,21533
2022,3011058500,대전광역시,동구,대동,14225
2022,3011059000,대전광역시,동구,자양동,10922
2022,3011062000,대전광역시,동구,가양1동,13118
2022,3011063000,대전광역시,동구,가양2동,18355
2022,3011064000,대전광역시,동구,용전동,20294
2022,3011066500,대전광역시,동구,성남동,11227
2022,3011067000,대전광역시,동구,홍도동,10604
2022,3011069500,대전광역시,동구,삼성동,13617
2022,3011072500,대전광역시,동구,대청동,2334
2022,3011074000,대전광역시,동구,산내동,19988
2022,3014053500,대전광역시,중구,은행선화동,14715
2022,3014055000,대전광역시,중구,목동,16523
2022,3014056000,대전광역시,중구,중촌동,13948
2022,3014057500,대전광역시,중구,대흥동,13376
2022,3014060500,대전광역시,중구,문창동,4446
2022,3014062000,대전광역시,중구,석교동,15131
2022,3014063000,대전광역시,중구,대사동,5413
2022,3014064000,대전광역시,중구,부사동,6584
2022,3014065500,대전광역시,중구,용두동,9215
2022,3014067000,대전광역시,중구,오류동,10519
2022,3014068000,대전광역시,중구,태평1동,12956
2022,3014069000,대전광역시,중구,태평2동,24933
2022,3014070000,대전광역시,중구,유천1동,6042
2022,3014071000,대전광역시,중구,유천2동,13399
2022,3014072000,대전광역시,중구,문화1동,21101
2022,3014073000,대전광역시,중구,문화2동,12118
2022,3014074000,대전광역시,중구,산성동,26689
2022,3017051000,대전광역시,서구,복수동,21960
2022,3017052000,대전광역시,서구,도마1동,18603
2022,3017053000,대전광역시,서구,도마2동,17005
2022,3017053500,대전광역시,서구,정림동,15696
2022,3017054000,대전광역시,서구,변동,15532
2022,3017055000,대전광역시,서구,용문동,12167
2022,3017055500,대전광역시,서구,탄방동,26646
2022,3017056000,대전광역시,서구,괴정동,18887
2022,3017057000,대전광역시,서구,가장동,11072
2022,3017057500,대전광역시,서구,내동,23189
2022,3017058100,대전광역시,서구,갈마1동,21446
2022,3017058200,대전광역시,서구,갈마2동,24339
2022,3017058600,대전광역시,서구,월평1동,11259
2022,3017058700,대전광역시,서구,월평2동,14050
2022,3017058800,대전광역시,서구,월평3동,20713
2022,3017059000,대전광역시,서구,가수원동,10734
2022,3017059300,대전광역시,서구,도안동,36115
2022,3017059600,대전광역시,서구,관저1동,15109
2022,3017059700,대전광역시,서구,관저2동,48996
2022,3017060000,대전광역시,서구,기성동,3548
2022,3017063000,대전광역시,서구,둔산1동,16579
2022,3017064000,대전광역시,서구,둔산2동,34950
2022,3017065000,대전광역시,서구,만년동,12498
2022,3017066000,대전광역시,서구,둔산3동,19281
2022,3020052000,대전광역시,유성구,진잠동,24774
2022,3020052600,대전광역시,유성구,학하동,18426
2022,3020052700,대전광역시,유성구,상대동,25281
2022,3020053000,대전광역시,유성구,온천1동,26370
2022,3020054000,대전광역시,유성구,온천2동,40015
2022,3020054600,대전광역시,유성구,노은1동,21431
2022,3020054700,대전광역시,유성구,노은2동,23943
2022,3020054800,대전광역시,유성구,노은3동,36888
2022,3020055000,대전광역시,유성구,신성동,25921
2022,3020057000,대전광역시,유성구,전민동,26749
2022,3020058000,대전광역시,유성구,구즉동,30818
2022,3020060000,대전광역시,유성구,관평동,28396
2022,3020061000,대전광역시,유성구,원신흥동,27081
2022,3023051000,대전광역시,대덕구,오정동,14130
2022,3023052000,대전광역시,대덕구,대화동,6694
2022,3023052500,대전광역시,대덕구,회덕동,11808
2022,3023053300,대전광역시,대덕구,비래동,15697
2022,3023054300,대전광역시,대덕구,송촌동,26667
2022,3023054600,대전광역시,대덕구,중리동,19114
2022,3023055000,대전광역시,대덕구,신탄진동,14635
2022,3023056000,대전광역시,대덕구,석봉동,16195
2022,3023057000,대전광역시,대덕구,덕암동,13344
2022,3023058000,대전광역시,대덕구,목상동,6336
2022,3023060000,대전광역시,대덕구,법1동,12673
2022,3023061000,대전광역시,대덕구,법2동,15453
2022,3111051000,울산광역시,중구,학성동,11056
2022,3111052000,울산광역시,중구,반구1동,16333
2022,3111053000,울산광역시,중구,반구2동,8505
2022,3111054000,울산광역시,중구,복산1동,3874
2022,3111055000,울산광역시,중구,복산2동,10901
2022,3111058500,울산광역시,중구,중앙동,12085
2022,3111059000,울산광역시,중구,우정동,17655
2022,3111060000,울산광역시,중구,태화동,32486
2022,3111061000,울산광역시,중구,다운동,22284
2022,3111062000,울산광역시,중구,병영1동,21493
2022,3111063000,울산광역시,중구,병영2동,20031
2022,3111064000,울산광역시,중구,약사동,10786
2022,3111065000,울산광역시,중구,성안동,20643
2022,3114051000,울산광역시,남구,신정1동,18393
2022,3114052000,울산광역시,남구,신정2동,24062
2022,3114053000,울산광역시,남구,신정3동,16104
2022,3114054000,울산광역시,남구,신정4동,20255
2022,3114055000,울산광역시,남구,신정5동,8709
2022,3114056000,울산광역시,남구,달동,26691
2022,3114057000,울산광역시,남구,삼산동,48687
2022,3114058500,울산광역시,남구,삼호동,19961
2022,3114059500,울산광역시,남구,무거동,31542
2022,3114060000,울산광역시,남구,옥동,25657
2022,3114062500,울산광역시,남구,대현동,31186
2022,3114063500,울산광역시,남구,수암동,16394
2022,3114064000,울산광역시,남구,선암동,13944
2022,3114067000,울산광역시,남구,야음장생포동,9053
2022,3117051000,울산광역시,동구,방어동,39704
2022,3117052000,울산광역시,동구,일산동,5449
2022,3117053000,울산광역시,동구,화정동,19089
2022,3117054000,울산광역시,동구,대송동,11385
2022,3117055000,울산광역시,동구,전하1동,15039
2022,3117056000,울산광역시,동구,전하2동,20134
2022,3117058000,울산광역시,동구,남목1동,8524
2022,3117059000,울산광역시,동구,남목2동,20639
2022,3117060000,울산광역시,동구,남목3동,11748
2022,3120051000,울산광역시,북구,농소1동,36522
2022,3120052000,울산광역시,북구,농소2동,42082
2022,3120053000,울산광역시,북구,농소3동,37555
2022,3120054000,울산광역시,북구,강동동,16339
2022,3120056000,울산광역시,북구,효문동,29342
2022,3120057000,울산광역시,북구,송정동,36939
2022,3120058000,울산광역시,북구,양정동,9608
2022,3120059000,울산광역시,북구,염포동,10283
2022,3171025000,울산광역시,울주군,온산읍,20395
2022,3171025300,울산광역시,울주군,언양읍,29541
2022,3171025600,울산광역시,울주군,온양읍,28358
2022,3171025900,울산광역시,울주군,범서읍,68677
2022,3171026200,울산광역시,울주군,청량읍,18844
2022,3171026500,울산광역시,울주군,삼남읍,22516
2022,3171031000,울산광역시,울주군,서생면,8499
2022,3171034000,울산광역시,울주군,웅촌면,7700
2022,3171036000,울산광역시,울주군,두동면,4287
2022,3171037000,울산광역시,울주군,두서면,3057
2022,3171038000,울산광역시,울주군,상북면,7898
2022,3171040000,울산광역시,울주군,삼동면,1740
2022,3611025000,세종특별자치시,,조치원읍,42309
2022,3611031000,세종특별자치시,,연기면,2650
2022,3611032000,세종특별자치시,,연동면,2966
2022,3611033000,세종특별자치시,,부강면,5878
2022,3611034000,세종특별자치시,,금남면,8682
2022,3611035000,세종특별자치시,,장군면,6890
2022,3611036000,세종특별자치시,,연서면,7215
2022,3611037000,세종특별자치시,,전의면,5483
2022,3611038000,세종특별자치시,,전동면,3270
2022,3611039000,세종특별자치시,,소정면,2216
2022,3611051000,세종특별자치시,,한솔동,18359
2022,3611051500,세종특별자치시,,새롬동,39704
2022,3611052000,세종특별자치시,,도담동,35910
2022,3611052500,세종특별자치시,,해밀동,8759
2022,3611053000,세종특별자치시,,아름동,23498
2022,3611054000,세종특별자치시,,종촌동,28593
2022,3611055000,세종특별자치시,,고운동,35108
2022,3611055500,세종특별자치시,,소담동,21446
2022,3611055600,세종특별자치시,,반곡동,25964
2022,3611056000,세종특별자치시,,보람동,18967
2022,3611057000,세종특별자치시,,대평동,11252
2022,3611058000,세종특별자치시,,다정동,28472
2022,4111156000,경기도,수원시 장안구,파장동,22685
2022,4111156600,경기도,수원시 장안구,율천동,41437
2022,4111157100,경기도,수원시 장안구,정자1동,28115
2022,4111157200,경기도,수원시 장안구,정자2동,36494
2022,4111157300,경기도,수원시 장안구,정자3동,40375
2022,4111158000,경기도,수원시 장안구,영화동,19484
2022,4111159100,경기도,수원시 장안구,송죽동,19144
2022,4111159700,경기도,수원시 장안구,조원1동,29196
2022,4111159800,경기도,수원시 장안구,조원2동,18038
2022,4111160000,경기도,수원시 장안구,연무동,15556
2022,4111352000,경기도,수원시 권선구,세류1동,9832
2022,4111353000,경기도,수원시 권선구,세류2동,23528
2022,4111354000,경기도,수원시 권선구,세류3동,18286
2022,4111355000,경기도,수원시 권선구,평동,40701
2022,4111356000,경기도,수원시 권선구,서둔동,37602
2022,4111365000,경기도,수원시 권선구,구운동,23924
2022,4111366200,경기도,수원시 권선구,금곡동,44865
2022,4111366400,경기도,수원시 권선구,호매실동,45433
2022,4111367000,경기도,수원시 권선구,권선1동,24370
2022,4111368000,경기도,수원시 권선구,권선2동,47384
2022,4111369000,경기도,수원시 권선구,곡선동,35399
2022,4111370000,경기도,수원시 권선구,입북동,16122
2022,4111565000,경기도,수원시 팔달구,매교동,19673
2022,4111566000,경기도,수원시 팔달구,매산동,9964
2022,4111567000,경기도,수원시 팔달구,고등동,20500
2022,4111568000,경기도,수원시 팔달구,화서1동,21873
2022,4111569000,경기도,수원시 팔달구,화서2동,25033
2022,4111570000,경기도,수원시 팔달구,지동,10092
2022,4111571000,경기도,수원시 팔달구,우만1동,19522
2022,4111572000,경기도,수원시 팔달구,우만2동,16978
2022,4111573000,경기도,수원시 팔달구,인계동,39067
2022,4111574000,경기도,수원시 팔달구,행궁동,9908
2022,4111751000,경기도,수원시 영통구,매탄1동,13482
2022,4111752000,경기도,수원시 영통구,매탄2동,14354
2022,4111753000,경기도,수원시 영통구,매탄3동,35329
2022,4111754000,경기도,수원시 영통구,매탄4동,20937
2022,4111755000,경기도,수원시 영통구,원천동,40422
2022,4111757000,경기도,수원시 영통구,영통1동,33894
2022,4111758000,경기도,수원시 영통구,영통2동,26046
2022,4111758500,경기도,수원시 영통구,영통3동,32174
2022,4111759300,경기도,수원시 영통구,망포1동,31920
2022,4111759600,경기도,수원시 영통구,망포2동,29872
2022,4111760000,경기도,수원시 영통구,광교1동,52841
2022,4111761000,경기도,수원시 영통구,광교2동,29113
2022,4113151000,경기도,성남시 수정구,신흥1동,13192
2022,4113152000,경기도,성남시 수정구,신흥2동,19883
2022,4113153000,경기도,성남시 수정구,신흥3동,11220
2022,4113154000,경기도,성남시 수정구,태평1동,15067
2022,4113155000,경기도,성남시 수정구,태평2동,14993
2022,4113156000,경기도,성남시 수정구,태평3동,13022
2022,4113156100,경기도,성남시 수정구,태평4동,12796
2022,4113157000,경기도,성남시 수정구,수진1동,11999
2022,4113158000,경기도,성남시 수정구,수진2동,15555
2022,4113159000,경기도,성남시 수정구,단대동,15173
2022,4113160000,경기도,성남시 수정구,산성동,4960
2022,4113161000,경기도,성남시 수정구,양지동,9686
2022,4113162000,경기도,성남시 수정구,복정동,10722
2022,4113162500,경기도,성남시 수정구,위례동,43465
2022,4113163000,경기도,성남시 수정구,신촌동,4639
2022,4113164000,경기도,성남시 수정구,고등동,10720
2022,4113165000,경기도,성남시 수정구,시흥동,3368
2022,4113351000,경기도,성남시 중원구,성남동,33317
2022,4113352500,경기도,성남시 중원구,중앙동,16205
2022,4113353000,경기도,성남시 중원구,금광1동,13063
2022,4113354000,경기도,성남시 중원구,금광2동,25399
2022,4113355000,경기도,성남시 중원구,은행1동,10066
2022,4113356000,경기도,성남시 중원구,은행2동,23184
2022,4113357000,경기도,성남시 중원구,상대원1동,24950
2022,4113358000,경기도,성남시 중원구,상대원2동,5043
2022,4113359000,경기도,성남시 중원구,상대원3동,12258
2022,4113366000,경기도,성남시 중원구,하대원동,20048
2022,4113367000,경기도,성남시 중원구,도촌동,26972
2022,4113551000,경기도,성남시 분당구,분당동,25292
2022,4113552000,경기도,성남시 분당구,수내1동,17889
2022,4113553000,경기도,성남시 분당구,수내2동,10424
2022,4113554000,경기도,성남시 분당구,수내3동,13557
2022,4113554500,경기도,성남시 분당구,정자동,19054
2022,4113555000,경기도,성남시 분당구,정자1동,30076
2022,4113556000,경기도,성남시 분당구,정자2동,14910
2022,4113557000,경기도,성남시 분당구,정자3동,17011
2022,4113558000,경기도,성남시 분당구,서현1동,31308
2022,4113559000,경기도,성남시 분당구,서현2동,17900
2022,4113560000,경기도,성남시 분당구,이매1동,24931
2022,4113561000,경기도,성남시 분당구,이매2동,13207
2022,4113562000,경기도,성남시 분당구,야탑1동,17024
2022,4113563000,경기도,성남시 분당구,야탑2동,16093
2022,4113564000,경기도,성남시 분당구,야탑3동,27438
2022,4113565000,경기도,성남시 분당구,판교동,26515
2022,4113565500,경기도,성남시 분당구,삼평동,24229
2022,4113565700,경기도,성남시 분당구,백현동,26988
2022,4113566200,경기도,성남시 분당구,금곡동,27409
2022,4113566500,경기도,성남시 분당구,구미1동,16823
2022,4113567000,경기도,성남시 분당구,구미동,30135
2022,4113568000,경기도,성남시 분당구,운중동,33340
2022,4115051000,경기도,의정부시,의정부1동,37444
2022,4115052000,경기도,의정부시,의정부2동,30210
2022,4115054500,경기도,의정부시,호원1동,35172
2022,4115055500,경기도,의정부시,호원2동,33802
2022,4115056100,경기도,의정부시,장암동,19454
2022,4115056700,경기도,의정부시,신곡1동,40638
2022,4115056800,경기도,의정부시,신곡2동,46399
2022,4115057300,경기도,의정부시,송산1동,50041
2022,4115057600,경기도,의정부시,송산2동,32662
2022,4115057800,경기도,의정부시,송산3동,46285
2022,4115058000,경기도,의정부시,자금동,26532
2022,4115059500,경기도,의정부시,가능동,25098
2022,4115061500,경기도,의정부시,흥선동,19149
2022,4115062000,경기도,의정부시,녹양동,20838
2022,4117151000,경기도,안양시 만안구,안양1동,12097
2022,4117152000,경기도,안양시 만안구,안양2동,23066
2022,4117153000,경기도,안양시 만안구,안양3동,16084
2022,4117154000,경기도,안양시 만안구,안양4동,6804
2022,4117155000,경기도,안양시 만안구,안양5동,10128
2022,4117156000,경기도,안양시 만안구,안양6동,26771
2022,4117157000,경기도,안양시 만안구,안양7동,15161
2022,4117158000,경기도,안양시 만안구,안양8동,8677
2022,4117158100,경기도,안양시 만안구,안양9동,16840
2022,4117159000,경기도,안양시 만안구,석수1동,18922
2022,4117160000,경기도,안양시 만안구,석수2동,30593
2022,4117161000,경기도,안양시 만안구,석수3동,12763
2022,4117162100,경기도,안양시 만안구,박달1동,14512
2022,4117163000,경기도,안양시 만안구,박달2동,21976
2022,4117351000,경기도,안양시 동안구,비산1동,27815
2022,4117352000,경기도,안양시 동안구,비산2동,14627
2022,4117353000,경기도,안양시 동안구,비산3동,11745
2022,4117354000,경기도,안양시 동안구,부흥동,16661
2022,4117354600,경기도,안양시 동안구,달안동,10200
2022,4117355000,경기도,안양시 동안구,관양1동,34653
2022,4117356000,경기도,안양시 동안구,관양2동,18579
2022,4117356600,경기도,안양시 동안구,부림동,26174
2022,4117357000,경기도,안양시 동안구,평촌동,14236
2022,4117357600,경기도,안양시 동안구,평안동,23170
2022,4117357800,경기도,안양시 동안구,귀인동,16397
2022,4117358000,경기도,안양시 동안구,호계1동,18221
2022,4117359000,경기도,안양시 동안구,호계2동,19227
2022,4117360000,경기도,안양시 동안구,호계3동,23300
2022,4117361000,경기도,안양시 동안구,범계동,15488
2022,4117362000,경기도,안양시 동안구,신촌동,12589
2022,4117363000,경기도,안양시 동안구,갈산동,10752
2022,4119060300,경기도,부천시,심곡동,61559
2022,4119060600,경기도,부천시,부천동,87662
2022,4119061000,경기도,부천시,중동,40178
2022,4119074200,경기도,부천시,신중동,129109
2022,4119074400,경기도,부천시,상동,83710
2022,4119074600,경기도,부천시,대산동,78810
2022,4119075000,경기도,부천시,소사본동,55011
2022,4119079500,경기도,부천시,범안동,93166
2022,4119080000,경기도,부천시,성곡동,80284
2022,4119083000,경기도,부천시,오정동,80639
2022,4121051000,경기도,광명시,광명1동,62
2022,4121052000,경기도,광명시,광명2동,2970
2022,4121054000,경기도,광명시,광명3동,9704
2022,4121055000,경기도,광명시,광명4동,11885
2022,4121056000,경기도,광명시,광명5동,12030
2022,4121057000,경기도,광명시,광명6동,12703
2022,4121058000,경기도,광명시,광명7동,20731
2022,4121059000,경기도,광명시,철산1동,10682
2022,4121060000,경기도,광명시,철산2동,5611
2022,4121061000,경기도,광명시,철산3동,37391
2022,4121062000,경기도,광명시,철산4동,11381
2022,4121063100,경기도,광명시,하안1동,25504
2022,4121063200,경기도,광명시,하안2동,13504
2022,4121063300,경기도,광명시,하안3동,19412
2022,4121063400,경기도,광명시,하안4동,12142
2022,4121064000,경기도,광명시,소하1동,30852
2022,4121065000,경기도,광명시,소하2동,27688
2022,4121065500,경기도,광명시,일직동,21690
2022,4121066000,경기도,광명시,학온동,2003
2022,4122025000,경기도,평택시,팽성읍,29077
2022,4122025300,경기도,평택시,안중읍,43685
2022,4122025600,경기도,평택시,포승읍,24549
2022,4122025900,경기도,평택시,청북읍,27161
2022,4122031000,경기도,평택시,진위면,11372
2022,4122032000,경기도,평택시,서탄면,3593
2022,4122033000,경기도,평택시,고덕면,13254
2022,4122034000,경기도,평택시,오성면,6649
2022,4122037000,경기도,평택시,현덕면,4972
2022,4122051000,경기도,평택시,중앙동,44181
2022,4122052000,경기도,평택시,서정동,24637
2022,4122053500,경기도,평택시,송탄동,22294
2022,4122055000,경기도,평택시,지산동,12942
2022,4122056000,경기도,평택시,송북동,22001
2022,4122057000,경기도,평택시,신장1동,7165
2022,4122058000,경기도,평택시,신장2동,5311
2022,4122059000,경기도,평택시,신평동,21253
2022,4122060000,경기도,평택시,원평동,13430
2022,4122061000,경기도,평택시,통복동,3973
2022,4122062000,경기도,평택시,비전1동,52015
2022,4122063000,경기도,평택시,비전2동,58221
2022,4122063500,경기도,평택시,용이동,25958
2022,4122064000,경기도,평택시,세교동,33675
2022,4122065000,경기도,평택시,동삭동,37956
2022,4122066000,경기도,평택시,고덕동,29205
2022,4125051000,경기도,동두천시,생연1동,6692
2022,4125052000,경기도,동두천시,생연2동,11529
2022,4125053500,경기도,동두천시,중앙동,4713
2022,4125055000,경기도,동두천시,보산동,2872
2022,4125056500,경기도,동두천시,불현동,26240
2022,4125056600,경기도,동두천시,송내동,25472
2022,4125058000,경기도,동두천시,소요동,8846
2022,4125060000,경기도,동두천시,상패동,5182
2022,4127151000,경기도,안산시 상록구,일동,24413
2022,4127151500,경기도,안산시 상록구,이동,23515
2022,4127152500,경기도,안산시 상록구,사동,31670
2022,4127153200,경기도,안산시 상록구,사이동,31838
2022,4127153700,경기도,안산시 상록구,해양동,41163
2022,4127154000,경기도,안산시 상록구,본오1동,36756
2022,4127155000,경기도,안산시 상록구,본오2동,25570
2022,4127156000,경기도,안산시 상록구,본오3동,19210
2022,4127157000,경기도,안산시 상록구,부곡동,21327
2022,4127158000,경기도,안산시 상록구,월피동,37580
2022,4127159000,경기도,안산시 상록구,성포동,25562
2022,4127160000,경기도,안산시 상록구,반월동,17162
2022,4127161000,경기도,안산시 상록구,안산동,8898
2022,4127351000,경기도,안산시 단원구,와동,37519
2022,4127352500,경기도,안산시 단원구,고잔동,21080
2022,4127353200,경기도,안산시 단원구,중앙동,23298
2022,4127353500,경기도,안산시 단원구,호수동,43090
2022,4127354500,경기도,안산시 단원구,원곡동,5908
2022,4127355500,경기도,안산시 단원구,백운동,21241
2022,4127356500,경기도,안산시 단원구,신길동,22080
2022,4127357000,경기도,안산시 단원구,초지동,46508
2022,4127358000,경기도,안산시 단원구,선부1동,17348
2022,4127359000,경기도,안산시 단원구,선부2동,15627
2022,4127360000,경기도,안산시 단원구,선부3동,34057
2022,4127361000,경기도,안산시 단원구,대부동,9240
2022,4128151000,경기도,고양시 덕양구,주교동,11402
2022,4128152000,경기도,고양시 덕양구,원신동,23287
2022,4128153000,경기도,고양시 덕양구,흥도동,29736
2022,4128154000,경기도,고양시 덕양구,성사1동,21662
2022,4128155000,경기도,고양시 덕양구,성사2동,10982
2022,4128156000,경기도,고양시 덕양구,효자동,21223
2022,4128157600,경기도,고양시 덕양구,삼송1동,19573
2022,4128157700,경기도,고양시 덕양구,삼송2동,28754
2022,4128158000,경기도,고양시 덕양구,창릉동,23899
2022,4128159000,경기도,고양시 덕양구,고양동,29168
2022,4128160000,경기도,고양시 덕양구,관산동,35891
2022,4128161000,경기도,고양시 덕양구,능곡동,15968
2022,4128162100,경기도,고양시 덕양구,화정1동,36666
2022,4128162200,경기도,고양시 덕양구,화정2동,31934
2022,4128163000,경기도,고양시 덕양구,행주동,18123
2022,4128164000,경기도,고양시 덕양구,행신1동,21236
2022,4128165000,경기도,고양시 덕양구,행신2동,30900
2022,4128165500,경기도,고양시 덕양구,행신3동,23434
2022,4128165600,경기도,고양시 덕양구,행신4동,20401
2022,4128166000,경기도,고양시 덕양구,화전동,27945
2022,4128167000,경기도,고양시 덕양구,대덕동,7904
2022,4128551000,경기도,고양시 일산동구,식사동,40629
2022,4128552500,경기도,고양시 일산동구,중산1동,21237
2022,4128552600,경기도,고양시 일산동구,중산2동,24219
2022,4128553000,경기도,고양시 일산동구,정발산동,22643
2022,4128554000,경기도,고양시 일산동구,풍산동,37772
2022,4128555100,경기도,고양시 일산동구,백석1동,29577
2022,4128555200,경기도,고양시 일산동구,백석2동,20337
2022,4128556000,경기도,고양시 일산동구,마두1동,23416
2022,4128557000,경기도,고양시 일산동구,마두2동,15751
2022,4128558000,경기도,고양시 일산동구,장항1동,11114
2022,4128559000,경기도,고양시 일산동구,장항2동,26756
2022,4128560000,경기도,고양시 일산동구,고봉동,22671
2022,4128751000,경기도,고양시 일산서구,일산1동,26212
2022,4128752000,경기도,고양시 일산서구,일산2동,17943
2022,4128753000,경기도,고양시 일산서구,일산3동,34216
2022,4128754500,경기도,고양시 일산서구,탄현1동,30616
2022,4128754600,경기도,고양시 일산서구,탄현2동,19487
2022,4128755000,경기도,고양시 일산서구,주엽1동,27238
2022,4128756000,경기도,고양시 일산서구,주엽2동,27853
2022,4128757000,경기도,고양시 일산서구,대화동,35310
2022,4128758000,경기도,고양시 일산서구,송포동,20960
2022,4128760000,경기도,고양시 일산서구,덕이동,31286
2022,4128761000,경기도,고양시 일산서구,가좌동,19204
2022,4129051000,경기도,과천시,중앙동,10947
2022,4129052000,경기도,과천시,갈현동,21452
2022,4129053000,경기도,과천시,별양동,14585
2022,4129054000,경기도,과천시,부림동,14892
2022,4129055000,경기도,과천시,과천동,8948
2022,4129056000,경기도,과천시,문원동,7313
2022,4131051000,경기도,구리시,갈매동,30098
2022,4131052000,경기도,구리시,동구동,36464
2022,4131053000,경기도,구리시,인창동,22913
2022,4131054100,경기도,구리시,교문1동,15724
2022,4131054200,경기도,구리시,교문2동,21323
2022,4131057000,경기도,구리시,수택1동,15453
2022,4131058000,경기도,구리시,수택2동,25090
2022,4131059000,경기도,구리시,수택3동,21636
2022,4136025000,경기도,남양주시,와부읍,58198
2022,4136025300,경기도,남양주시,진접읍,95986
2022,4136025600,경기도,남양주시,화도읍,65943
2022,4136025700,경기도,남양주시,화도읍동부출장소,14321
2022,4136025800,경기도,남양주시,화도읍남부출장소,36583
2022,4136025900,경기도,남양주시,진건읍,22286
2022,4136026200,경기도,남양주시,오남읍,52658
2022,4136026500,경기도,남양주시,퇴계원읍,28179
2022,4136031000,경기도,남양주시,별내면,18959
2022,4136034000,경기도,남양주시,수동면,8855
2022,4136036000,경기도,남양주시,조안면,3983
2022,4136051000,경기도,남양주시,호평동,56736
2022,4136052000,경기도,남양주시,평내동,37739
2022,4136053000,경기도,남양주시,금곡동,17867
2022,4136054000,경기도,남양주시,양정동,3737
2022,4136054500,경기도,남양주시,다산1동,100026
2022,4136056500,경기도,남양주시,다산2동,35489
2022,4136057000,경기도,남양주시,별내동,79808
2022,4137051000,경기도,오산시,중앙동,35233
2022,4137053000,경기도,오산시,남촌동,20540
2022,4137054000,경기도,오산시,신장동,60665
2022,4137055000,경기도,오산시,세마동,31868
2022,4137056000,경기도,오산시,초평동,16775
2022,4137057000,경기도,오산시,대원동,64768
2022,4139051000,경기도,시흥시,대야동,43239
2022,4139052000,경기도,시흥시,신천동,35213
2022,4139053100,경기도,시흥시,신현동,9633
2022,4139054000,경기도,시흥시,은행동,55672
2022,4139055000,경기도,시흥시,매화동,11931
2022,4139057000,경기도,시흥시,목감동,41852
2022,4139058100,경기도,시흥시,군자동,21032
2022,4139058200,경기도,시흥시,월곶동,17156
2022,4139058900,경기도,시흥시,정왕본동,19807
2022,4139059100,경기도,시흥시,정왕1동,22761
2022,4139059200,경기도,시흥시,정왕2동,31733
2022,4139059300,경기도,시흥시,정왕3동,22705
2022,4139059400,경기도,시흥시,정왕4동,20501
2022,4139059600,경기도,시흥시,배곧1동,35459
2022,4139059700,경기도,시흥시,배곧2동,35456
2022,4139062100,경기도,시흥시,과림동,1872
2022,4139063000,경기도,시흥시,연성동,24607
2022,4139063100,경기도,시흥시,장곡동,36893
2022,4139064000,경기도,시흥시,능곡동,25390
2022,4141051000,경기도,군포시,군포1동,32888
2022,4141052000,경기도,군포시,군포2동,42970
2022,4141054000,경기도,군포시,산본1동,15470
2022,4141055000,경기도,군포시,산본2동,25896
2022,4141056000,경기도,군포시,금정동,19644
2022,4141057000,경기도,군포시,재궁동,18068
2022,4141058000,경기도,군포시,오금동,20946
2022,4141059000,경기도,군포시,수리동,15893
2022,4141060000,경기도,군포시,궁내동,20135
2022,4141061000,경기도,군포시,대야동,9530
2022,4141062000,경기도,군포시,광정동,24106
2022,4141063000,경기도,군포시,송부동,20667
2022,4143051000,경기도,의왕시,고천동,13738
2022,4143052000,경기도,의왕시,부곡동,28014
2022,4143053000,경기도,의왕시,오전동,38715
2022,4143054000,경기도,의왕시,내손1동,20348
2022,4143055000,경기도,의왕시,내손2동,21925
2022,4143056000,경기도,의왕시,청계동,37481
2022,4145051000,경기도,하남시,천현동,6991
2022,4145052000,경기도,하남시,신장1동,6695
2022,4145053000,경기도,하남시,신장2동,46245
2022,4145054000,경기도,하남시,덕풍1동,14912
2022,4145055000,경기도,하남시,덕풍2동,18441
2022,4145056000,경기도,하남시,덕풍3동,25312
2022,4145057000,경기도,하남시,풍산동,29852
2022,4145058000,경기도,하남시,감북동,2728
2022,4145058200,경기도,하남시,감일동,35613
2022,4145058500,경기도,하남시,위례동,31760
2022,4145059000,경기도,하남시,춘궁동,3200
2022,4145060000,경기도,하남시,초이동,3383
2022,4145061000,경기도,하남시,미사1동,53680
2022,4145062000,경기도,하남시,미사2동,47247
2022,4146125000,경기도,용인시 처인구,포곡읍,33508
2022,4146125300,경기도,용인시 처인구,모현읍,26726
2022,4146125600,경기도,용인시 처인구,이동읍,20536
2022,4146125900,경기도,용인시 처인구,남사읍,23713
2022,4146134000,경기도,용인시 처인구,원삼면,8022
2022,4146135000,경기도,용인시 처인구,백암면,8296
2022,4146136000,경기도,용인시 처인구,양지면,19723
2022,4146151000,경기도,용인시 처인구,중앙동,25046
2022,4146152500,경기도,용인시 처인구,역북동,31899
2022,4146152600,경기도,용인시 처인구,삼가동,12527
2022,4146153000,경기도,용인시 처인구,유림동,36134
2022,4146154000,경기도,용인시 처인구,동부동,13158
2022,4146351000,경기도,용인시 기흥구,신갈동,37875
2022,4146351600,경기도,용인시 기흥구,영덕1동,30183
2022,4146351700,경기도,용인시 기흥구,영덕2동,17428
2022,4146352000,경기도,용인시 기흥구,구갈동,41361
2022,4146353000,경기도,용인시 기흥구,상갈동,13176
2022,4146353500,경기도,용인시 기흥구,보라동,33016
2022,4146354000,경기도,용인시 기흥구,기흥동,21477
2022,4146355000,경기도,용인시 기흥구,서농동,26056
2022,4146356000,경기도,용인시 기흥구,구성동,39913
2022,4146357000,경기도,용인시 기흥구,마북동,31675
2022,4146357200,경기도,용인시 기흥구,동백1동,32460
2022,4146357500,경기도,용인시 기흥구,동백2동,27077
2022,4146357700,경기도,용인시 기흥구,동백3동,26850
2022,4146358600,경기도,용인시 기흥구,상하동,23984
2022,4146359000,경기도,용인시 기흥구,보정동,35704
2022,4146551000,경기도,용인시 수지구,풍덕천1동,35668
2022,4146552000,경기도,용인시 수지구,풍덕천2동,41454
2022,4146553000,경기도,용인시 수지구,신봉동,40816
2022,4146554000,경기도,용인시 수지구,죽전1동,28673
2022,4146555000,경기도,용인시 수지구,죽전2동,18178
2022,4146555500,경기도,용인시 수지구,죽전3동,26717
2022,4146556000,경기도,용인시 수지구,동천동,50642
2022,4146557000,경기도,용인시 수지구,상현1동,20116
2022,4146558000,경기도,용인시 수지구,상현2동,32922
2022,4146558500,경기도,용인시 수지구,상현3동,27697
2022,4146559000,경기도,용인시 수지구,성복동,54565
2022,4148025000,경기도,파주시,문산읍,47819
2022,4148025300,경기도,파주시,파주읍,14120
2022,4148025600,경기도,파주시,법원읍,10213
2022,4148026200,경기도,파주시,조리읍,29112
2022,4148031000,경기도,파주시,월롱면,9428
2022,4148032000,경기도,파주시,탄현면,13259
2022,4148035000,경기도,파주시,광탄면,10895
2022,4148036000,경기도,파주시,파평면,3775
2022,4148037000,경기도,파주시,적성면,7207
2022,4148039000,경기도,파주시,장단면,717
2022,4148051000,경기도,파주시,금촌1동,22291
2022,4148052000,경기도,파주시,금촌2동,32058
2022,4148053000,경기도,파주시,금촌3동,26504
2022,4148054000,경기도,파주시,교하동,66167
2022,4148055000,경기도,파주시,운정1동,52905
2022,4148056000,경기도,파주시,운정2동,62357
2022,4148057000,경기도,파주시,운정3동,86488
2022,4150025000,경기도,이천시,장호원읍,14348
2022,4150025300,경기도,이천시,부발읍,36245
2022,4150031000,경기도,이천시,신둔면,14112
2022,4150032000,경기도,이천시,백사면,11492
2022,4150033000,경기도,이천시,호법면,6029
2022,4150034000,경기도,이천시,마장면,15631
2022,4150035000,경기도,이천시,대월면,14420
2022,4150036000,경기도,이천시,모가면,4306
2022,4150037000,경기도,이천시,설성면,4611
2022,4150038000,경기도,이천시,율면,2609
2022,4150051000,경기도,이천시,창전동,16673
2022,4150051500,경기도,이천시,증포동,57247
2022,4150052000,경기도,이천시,중리동,15128
2022,4150053000,경기도,이천시,관고동,9870
2022,4155025000,경기도,안성시,공도읍,59930
2022,4155031000,경기도,안성시,보개면,5237
2022,4155032000,경기도,안성시,금광면,7311
2022,4155033000,경기도,안성시,서운면,3193
2022,4155034000,경기도,안성시,미양면,5714
2022,4155035000,경기도,안성시,대덕면,15490
2022,4155036000,경기도,안성시,양성면,5145
2022,4155038000,경기도,안성시,원곡면,6608
2022,4155039000,경기도,안성시,일죽면,7351
2022,4155040000,경기도,안성시,죽산면,6848
2022,4155041000,경기도,안성시,삼죽면,3700
2022,4155042000,경기도,안성시,고삼면,1895
2022,4155051000,경기도,안성시,안성1동,12052
2022,4155052000,경기도,안성시,안성2동,26162
2022,4155053000,경기도,안성시,안성3동,22206
2022,4157025000,경기도,김포시,통진읍,30682
2022,4157025300,경기도,김포시,고촌읍,47855
2022,4157025600,경기도,김포시,양촌읍,29667
2022,4157034000,경기도,김포시,대곶면,9948
2022,4157035000,경기도,김포시,월곶면,5357
2022,4157036000,경기도,김포시,하성면,8086
2022,4157051500,경기도,김포시,김포본동,59453
2022,4157052500,경기도,김포시,장기본동,38938
2022,4157054000,경기도,김포시,사우동,21917
2022,4157055000,경기도,김포시,풍무동,60656
2022,4157056000,경기도,김포시,장기동,41191
2022,4157057000,경기도,김포시,구래동,45354
2022,4157057500,경기도,김포시,마산동,35950
2022,4157058000,경기도,김포시,운양동,49213
2022,4159025300,경기도,화성시,봉담읍,87988
2022,4159025600,경기도,화성시,우정읍,17608
2022,4159025900,경기도,화성시,향남읍,87149
2022,4159026200,경기도,화성시,남양읍,49592
2022,4159031000,경기도,화성시,매송면,6846
2022,4159032000,경기도,화성시,비봉면,6901
2022,4159033000,경기도,화성시,마도면,7009
2022,4159034000,경기도,화성시,송산면,10970
2022,4159035000,경기도,화성시,서신면,7223
2022,4159036000,경기도,화성시,팔탄면,10027
2022,4159037000,경기도,화성시,장안면,10235
2022,4159040000,경기도,화성시,양감면,4024
2022,4159041000,경기도,화성시,정남면,11298
2022,4159051500,경기도,화성시,새솔동,25312
2022,4159052000,경기도,화성시,진안동,43694
2022,4159053000,경기도,화성시,병점1동,36932
2022,4159054000,경기도,화성시,병점2동,23491
2022,4159055000,경기도,화성시,반월동,32089
2022,4159056000,경기도,화성시,기배동,16280
2022,4159057000,경기도,화성시,화산동,23822
2022,4159058500,경기도,화성시,동탄1동,50920
2022,4159058600,경기도,화성시,동탄2동,34740
2022,4159058700,경기도,화성시,동탄3동,41724
2022,4159058800,경기도,화성시,동탄4동,53085
2022,4159059000,경기도,화성시,동탄5동,46497
2022,4159060000,경기도,화성시,동탄6동,41534
2022,4159061000,경기도,화성시,동탄7동,90581
2022,4159062000,경기도,화성시,동탄8동,33243
2022,4161025300,경기도,광주시,초월읍,48213
2022,4161025900,경기도,광주시,곤지암읍,22786
2022,4161033000,경기도,광주시,도척면,9446
2022,4161034000,경기도,광주시,퇴촌면,15849
2022,4161035000,경기도,광주시,남종면,1470
2022,4161037000,경기도,광주시,남한산성면,2373
2022,4161051000,경기도,광주시,경안동,29445
2022,4161052000,경기도,광주시,송정동,21577
2022,4161054000,경기도,광주시,쌍령동,18154
2022,4161055000,경기도,광주시,탄벌동,38680
2022,4161056000,경기도,광주시,광남1동,34157
2022,4161057000,경기도,광주시,광남2동,33328
2022,4161058000,경기도,광주시,오포1동,21317
2022,4161059000,경기도,광주시,오포2동,34245
2022,4161060000,경기도,광주시,신현동,36941
2022,4161061000,경기도,광주시,능평동,23481
2022,4163025000,경기도,양주시,백석읍,25885
2022,4163031000,경기도,양주시,은현면,5642
2022,4163032000,경기도,양주시,남면,6839
2022,4163033000,경기도,양주시,광적면,11628
2022,4163034000,경기도,양주시,장흥면,11421
2022,4163051000,경기도,양주시,양주1동,5004
2022,4163052000,경기도,양주시,양주2동,51105
2022,4163053000,경기도,양주시,회천1동,9499
2022,4163054000,경기도,양주시,회천2동,27253
2022,4163055000,경기도,양주시,회천3동,26614
2022,4163056000,경기도,양주시,회천4동,62542
2022,4165025000,경기도,포천시,소흘읍,44448
2022,4165031000,경기도,포천시,군내면,8452
2022,4165032000,경기도,포천시,내촌면,4459
2022,4165033000,경기도,포천시,가산면,7452
2022,4165034000,경기도,포천시,신북면,12258
2022,4165035000,경기도,포천시,창수면,2065
2022,4165036000,경기도,포천시,영중면,4676
2022,4165037000,경기도,포천시,일동면,9353
2022,4165038000,경기도,포천시,이동면,6010
2022,4165039000,경기도,포천시,영북면,8100
2022,4165040000,경기도,포천시,관인면,2627
2022,4165041000,경기도,포천시,화현면,2694
2022,4165051000,경기도,포천시,포천동,19325
2022,4165052000,경기도,포천시,선단동,14782
2022,4167025000,경기도,여주시,가남읍,14839
2022,4167031000,경기도,여주시,점동면,4810
2022,4167032000,경기도,여주시,흥천면,5098
2022,4167033000,경기도,여주시,금사면,2968
2022,4167034500,경기도,여주시,세종대왕면,6084
2022,4167035000,경기도,여주시,대신면,6848
2022,4167036000,경기도,여주시,북내면,4792
2022,4167037000,경기도,여주시,강천면,4335
2022,4167038000,경기도,여주시,산북면,2522
2022,4167051000,경기도,여주시,여흥동,21405
2022,4167052000,경기도,여주시,중앙동,20981
2022,4167053000,경기도,여주시,오학동,18468
2022,4180025000,경기도,연천군,연천읍,7334
2022,4180025300,경기도,연천군,전곡읍,18690
2022,4180031000,경기도,연천군,군남면,3079
2022,4180032000,경기도,연천군,청산면,4217
2022,4180033000,경기도,연천군,백학면,2527
2022,4180034000,경기도,연천군,미산면,1706
2022,4180035000,경기도,연천군,왕징면,997
2022,4180036000,경기도,연천군,신서면,2610
2022,4180037000,경기도,연천군,중면,178
2022,4180038000,경기도,연천군,장남면,724
2022,4182025000,경기도,가평군,가평읍,19539
2022,4182031000,경기도,가평군,설악면,9691
2022,4182032500,경기도,가평군,청평면,13874
2022,4182033000,경기도,가평군,상면,5639
2022,4182034500,경기도,가평군,조종면,9595
2022,4182035000,경기도,가평군,북면,3812
2022,4183025000,경기도,양평군,양평읍,32200
2022,4183031000,경기도,양평군,강상면,10286
2022,4183032000,경기도,양평군,강하면,4893
2022,4183033000,경기도,양평군,양서면,13983
2022,4183034000,경기도,양평군,옥천면,8299
2022,4183035000,경기도,양평군,서종면,10076
2022,4183036000,경기도,양평군,단월면,3903
2022,4183037000,경기도,양평군,청운면,3813
2022,4183038000,경기도,양평군,양동면,4611
2022,4183039500,경기도,양평군,지평면,7019
2022,4183040000,경기도,양평군,용문면,18012
2022,4183041000,경기도,양평군,개군면,5228
2022,4211025000,강원도,춘천시,신북읍,7337
2022,4211031000,강원도,춘천시,동면,19352
2022,4211032000,강원도,춘천시,동산면,1455
2022,4211033000,강원도,춘천시,신동면,2600
2022,4211034000,강원도,춘천시,남면,1062
2022,4211035000,강원도,춘천시,서면,3700
2022,4211036000,강원도,춘천시,사북면,2449
2022,4211038000,강원도,춘천시,북산면,985
2022,4211039000,강원도,춘천시,동내면,16881
2022,4211040000,강원도,춘천시,남산면,3360
2022,4211052000,강원도,춘천시,교동,3545
2022,4211053000,강원도,춘천시,조운동,2599
2022,4211054500,강원도,춘천시,약사명동,5205
2022,4211057000,강원도,춘천시,근화동,8536
2022,4211058000,강원도,춘천시,소양동,9028
2022,4211060000,강원도,춘천시,후평1동,11089
2022,4211061000,강원도,춘천시,후평2동,14295
2022,4211061100,강원도,춘천시,후평3동,20227
2022,4211062000,강원도,춘천시,효자1동,4283
2022,4211063000,강원도,춘천시,효자2동,11922
2022,4211064000,강원도,춘천시,효자3동,4335
2022,4211065000,강원도,춘천시,석사동,33875
2022,4211066000,강원도,춘천시,퇴계동,48001
2022,4211067500,강원도,춘천시,강남동,25595
2022,4211070500,강원도,춘천시,신사우동,24948
2022,4213025000,강원도,원주시,문막읍,18023
2022,4213031000,강원도,원주시,소초면,8456
2022,4213032000,강원도,원주시,호저면,3603
2022,4213033000,강원도,원주시,지정면,29442
2022,4213035000,강원도,원주시,부론면,2200
2022,4213036000,강원도,원주시,귀래면,2172
2022,4213037000,강원도,원주시,흥업면,9466
2022,4213038000,강원도,원주시,판부면,7312
2022,4213039000,강원도,원주시,신림면,3576
2022,4213051500,강원도,원주시,중앙동,2452
2022,4213052000,강원도,원주시,원인동,4200
2022,4213053000,강원도,원주시,개운동,12581
2022,4213054100,강원도,원주시,명륜1동,8126
2022,4213054200,강원도,원주시,명륜2동,18600
2022,4213055000,강원도,원주시,단구동,43959
2022,4213056000,강원도,원주시,일산동,8480
2022,4213057500,강원도,원주시,학성동,4528
2022,4213059000,강원도,원주시,단계동,28702
2022,4213060000,강원도,원주시,우산동,13520
2022,4213061000,강원도,원주시,태장1동,10190
2022,4213062000,강원도,원주시,태장2동,24602
2022,4213063500,강원도,원주시,봉산동,7664
2022,4213065000,강원도,원주시,행구동,8872
2022,4213066000,강원도,원주시,무실동,35345
2022,4213067500,강원도,원주시,반곡관설동,44736
2022,4215025000,강원도,강릉시,주문진읍,16430
2022,4215031000,강원도,강릉시,성산면,3487
2022,4215032000,강원도,강릉시,왕산면,1548
2022,4215033000,강원도,강릉시,구정면,4263
2022,4215034000,강원도,강릉시,강동면,4056
2022,4215035000,강원도,강릉시,옥계면,3427
2022,4215036000,강원도,강릉시,사천면,4749
2022,4215037000,강원도,강릉시,연곡면,6305
2022,4215051000,강원도,강릉시,홍제동,14990
2022,4215052000,강원도,강릉시,중앙동,4663
2022,4215054000,강원도,강릉시,옥천동,3282
2022,4215055000,강원도,강릉시,교1동,25599
2022,4215056000,강원도,강릉시,교2동,7600
2022,4215057100,강원도,강릉시,포남1동,10536
2022,4215057200,강원도,강릉시,포남2동,12540
2022,4215058000,강원도,강릉시,초당동,4628
2022,4215059000,강원도,강릉시,송정동,9861
2022,4215060000,강원도,강릉시,내곡동,16615
2022,4215061500,강원도,강릉시,강남동,17392
2022,4215064500,강원도,강릉시,성덕동,28037
2022,4215066500,강원도,강릉시,경포동,11373
2022,4217051000,강원도,동해시,천곡동,30439
2022,4217052000,강원도,동해시,송정동,3605
2022,4217053000,강원도,동해시,북삼동,19804
2022,4217054000,강원도,동해시,부곡동,4862
2022,4217055000,강원도,동해시,동호동,5024
2022,4217057000,강원도,동해시,발한동,3214
2022,4217059000,강원도,동해시,묵호동,2888
2022,4217060000,강원도,동해시,북평동,13505
2022,4217063000,강원도,동해시,망상동,3403
2022,4217065000,강원도,동해시,삼화동,2682
2022,4219051500,강원도,태백시,황지동,5900
2022,4219052500,강원도,태백시,황연동,4120
2022,4219053500,강원도,태백시,삼수동,5409
2022,4219054000,강원도,태백시,상장동,12751
2022,4219058500,강원도,태백시,문곡소도동,3663
2022,4219059500,강원도,태백시,장성동,3234
2022,4219060500,강원도,태백시,구문소동,2386
2022,4219061500,강원도,태백시,철암동,1965
2022,4221051000,강원도,속초시,영랑동,4307
2022,4221052000,강원도,속초시,동명동,3396
2022,4221054000,강원도,속초시,금호동,5953
2022,4221056000,강원도,속초시,교동,9423
2022,4221057000,강원도,속초시,노학동,21661
2022,4221058000,강원도,속초시,조양동,30077
2022,4221059000,강원도,속초시,청호동,4947
2022,4221060000,강원도,속초시,대포동,3042
2022,4223025000,강원도,삼척시,도계읍,9397
2022,4223025300,강원도,삼척시,원덕읍,3187
2022,4223025400,강원도,삼척시,원덕읍임원출장소,1636
2022,4223031000,강원도,삼척시,근덕면,4960
2022,4223032000,강원도,삼척시,하장면,1264
2022,4223033000,강원도,삼척시,노곡면,704
2022,4223034000,강원도,삼척시,미로면,1798
2022,4223035000,강원도,삼척시,가곡면,670
2022,4223036000,강원도,삼척시,신기면,650
2022,4223051000,강원도,삼척시,남양동,7086
2022,4223053000,강원도,삼척시,교동,15803
2022,4223054000,강원도,삼척시,정라동,8576
2022,4223057000,강원도,삼척시,성내동,7724
2022,4272025000,강원도,홍천군,홍천읍,34152
2022,4272031000,강원도,홍천군,화촌면,4373
2022,4272032000,강원도,홍천군,두촌면,2435
2022,4272033000,강원도,홍천군,내촌면,2421
2022,4272034000,강원도,홍천군,서석면,3691
2022,4272035200,강원도,홍천군,영귀미면,4154
2022,4272036000,강원도,홍천군,남면,5784
2022,4272037000,강원도,홍천군,서면,3801
2022,4272038000,강원도,홍천군,북방면,4050
2022,4272039000,강원도,홍천군,내면,3116
2022,4273025000,강원도,횡성군,횡성읍,20964
2022,4273031000,강원도,횡성군,우천면,4417
2022,4273032000,강원도,횡성군,안흥면,3126
2022,4273033000,강원도,횡성군,둔내면,5897
2022,4273034000,강원도,횡성군,갑천면,2455
2022,4273035000,강원도,횡성군,청일면,2393
2022,4273036000,강원도,횡성군,공근면,3448
2022,4273037000,강원도,횡성군,서원면,2063
2022,4273038000,강원도,횡성군,강림면,1769
2022,4275025000,강원도,영월군,영월읍,20706
2022,4275025300,강원도,영월군,상동읍,1002
2022,4275031200,강원도,영월군,산솔면,1399
2022,4275032500,강원도,영월군,김삿갓면,1721
2022,4275033000,강원도,영월군,북면,2077
2022,4275034000,강원도,영월군,남면,2188
2022,4275035500,강원도,영월군,한반도면,1214
2022,4275035900,강원도,영월군,한반도면쌍용출장소,1623
2022,4275036000,강원도,영월군,주천면,3719
2022,4275038000,강원도,영월군,무릉도원면,2079
2022,4276025000,강원도,평창군,평창읍,8407
2022,4276031000,강원도,평창군,미탄면,1610
2022,4276032000,강원도,평창군,방림면,829
2022,4276032500,강원도,평창군,방림면계촌출장소,1722
2022,4276033000,강원도,평창군,대화면,5126
2022,4276034000,강원도,평창군,봉평면,5781
2022,4276035000,강원도,평창군,용평면,3101
2022,4276036000,강원도,평창군,진부면,8508
2022,4276038000,강원도,평창군,대관령면,5906
2022,4277025000,강원도,정선군,정선읍,10210
2022,4277025300,강원도,정선군,고한읍,4296
2022,4277025600,강원도,정선군,사북읍,4533
2022,4277025900,강원도,정선군,신동읍,1764
2022,4277026000,강원도,정선군,신동읍함백출장소,1590
2022,4277032000,강원도,정선군,남면,3127
2022,4277034000,강원도,정선군,북평면,2427
2022,4277035000,강원도,정선군,임계면,3422
2022,4277036000,강원도,정선군,화암면,1613
2022,4277037000,강원도,정선군,여량면,1949
2022,4278025000,강원도,철원군,철원읍,5115
2022,4278025300,강원도,철원군,김화읍,3320
2022,4278025600,강원도,철원군,갈말읍,11775
2022,4278025900,강원도,철원군,동송읍,14460
2022,4278031000,강원도,철원군,서면,1807
2022,4278031500,강원도,철원군,서면와수출장소,3532
2022,4278032000,강원도,철원군,근남면,2145
2022,4278033000,강원도,철원군,근북면,102
2022,4279025000,강원도,화천군,화천읍,8139
2022,4279031000,강원도,화천군,간동면,2640
2022,4279032000,강원도,화천군,하남면,2822
2022,4279033000,강원도,화천군,상서면,3844
2022,4279034000,강원도,화천군,사내면,5943
2022,4280025000,강원도,양구군,양구읍,13609
2022,4280031500,강원도,양구군,국토정중앙면,3328
2022,4280032000,강원도,양구군,동면,2009
2022,4280033000,강원도,양구군,방산면,1226
2022,4280034000,강원도,양구군,해안면,1211
2022,4281025000,강원도,인제군,인제읍,10283
2022,4281025100,강원도,인제군,인제읍귀둔출장소,502
2022,4281031000,강원도,인제군,남면,3822
2022,4281032000,강원도,인제군,북면,7932
2022,4281033000,강원도,인제군,기린면,4979
2022,4281034000,강원도,인제군,서화면,2666
2022,4281035000,강원도,인제군,상남면,2022
2022,4282025000,강원도,고성군,간성읍,7104
2022,4282025300,강원도,고성군,거진읍,5874
2022,4282031000,강원도,고성군,현내면,2263
2022,4282032000,강원도,고성군,죽왕면,3430
2022,4282033000,강원도,고성군,토성면,8603
2022,4283025000,강원도,양양군,양양읍,12605
2022,4283031000,강원도,양양군,서면,2764
2022,4283032000,강원도,양양군,손양면,2320
2022,4283033000,강원도,양양군,현북면,2644
2022,4283034000,강원도,양양군,현남면,2967
2022,4283035000,강원도,양양군,강현면,4566
2022,4311131000,충청북도,청주시 상당구,낭성면,2154
2022,4311132000,충청북도,청주시 상당구,미원면,4751
2022,4311133000,충청북도,청주시 상당구,가덕면,3807
2022,4311134000,충청북도,청주시 상당구,남일면,6721
2022,4311135000,충청북도,청주시 상당구,문의면,3768
2022,4311152500,충청북도,청주시 상당구,중앙동,6713
2022,4311154500,충청북도,청주시 상당구,성안동,6635
2022,4311162000,충청북도,청주시 상당구,탑대성동,9335
2022,4311167000,충청북도,청주시 상당구,영운동,10373
2022,4311168000,충청북도,청주시 상당구,금천동,30360
2022,4311169000,충청북도,청주시 상당구,용담.명암.산성동,13108
2022,4311172000,충청북도,청주시 상당구,용암1동,57738
2022,4311173000,충청북도,청주시 상당구,용암2동,40962
2022,4311231000,충청북도,청주시 서원구,남이면,9966
2022,4311232000,충청북도,청주시 서원구,현도면,3164
2022,4311251000,충청북도,청주시 서원구,사직1동,5597
2022,4311252000,충청북도,청주시 서원구,사직2동,13080
2022,4311253000,충청북도,청주시 서원구,사창동,14571
2022,4311254000,충청북도,청주시 서원구,모충동,17419
2022,4311255000,충청북도,청주시 서원구,산남동,26018
2022,4311256000,충청북도,청주시 서원구,분평동,29525
2022,4311257000,충청북도,청주시 서원구,수곡1동,13174
2022,4311258000,충청북도,청주시 서원구,수곡2동,15558
2022,4311259000,충청북도,청주시 서원구,성화.개신.죽림동,43201
2022,4311325000,충청북도,청주시 흥덕구,오송읍,24554
2022,4311331000,충청북도,청주시 흥덕구,강내면,10647
2022,4311332000,충청북도,청주시 흥덕구,옥산면,17810
2022,4311370000,충청북도,청주시 흥덕구,운천.신봉동,16242
2022,4311374100,충청북도,청주시 흥덕구,복대1동,49957
2022,4311374200,충청북도,청주시 흥덕구,복대2동,15991
2022,4311374700,충청북도,청주시 흥덕구,가경동,55545
2022,4311375100,충청북도,청주시 흥덕구,봉명1동,9412
2022,4311375600,충청북도,청주시 흥덕구,봉명2.송정동,23386
2022,4311376000,충청북도,청주시 흥덕구,강서제1동,28357
2022,4311377000,충청북도,청주시 흥덕구,강서제2동,16150
2022,4311425000,충청북도,청주시 청원구,내수읍,18957
2022,4311425300,충청북도,청주시 청원구,오창읍,69624
2022,4311431000,충청북도,청주시 청원구,북이면,4426
2022,4311451000,충청북도,청주시 청원구,우암동,12282
2022,4311452000,충청북도,청주시 청원구,내덕1동,8321
2022,4311453000,충청북도,청주시 청원구,내덕2동,13276
2022,4311454000,충청북도,청주시 청원구,율량.사천동,48806
2022,4311455000,충청북도,청주시 청원구,오근장동,18132
2022,4313025000,충청북도,충주시,주덕읍,4761
2022,4313031000,충청북도,충주시,살미면,2017
2022,4313032500,충청북도,충주시,수안보면,2856
2022,4313033500,충청북도,충주시,대소원면,9215
2022,4313035000,충청북도,충주시,신니면,2835
2022,4313036000,충청북도,충주시,노은면,2240
2022,4313037000,충청북도,충주시,앙성면,3965
2022,4313038500,충청북도,충주시,중앙탑면,13717
2022,4313039000,충청북도,충주시,금가면,3877
2022,4313040000,충청북도,충주시,동량면,3586
2022,4313041000,충청북도,충주시,산척면,2216
2022,4313042000,충청북도,충주시,엄정면,3034
2022,4313043000,충청북도,충주시,소태면,1918
2022,4313051500,충청북도,충주시,성내.충인동,2574
2022,4313053500,충청북도,충주시,교현.안림동,23175
2022,4313054000,충청북도,충주시,교현2동,6635
2022,4313055000,충청북도,충주시,용산동,14711
2022,4313056000,충청북도,충주시,지현동,5189
2022,4313057100,충청북도,충주시,문화동,9235
2022,4313058000,충청북도,충주시,호암.직동,20415
2022,4313060500,충청북도,충주시,달천동,3783
2022,4313061000,충청북도,충주시,봉방동,8989
2022,4313062500,충청북도,충주시,칠금.금릉동,14306
2022,4313063000,충청북도,충주시,연수동,36437
2022,4313064000,충청북도,충주시,목행.용탄동,6591
2022,4315025000,충청북도,제천시,봉양읍,6711
2022,4315031000,충청북도,제천시,금성면,1832
2022,4315032000,충청북도,제천시,청풍면,1254
2022,4315033000,충청북도,제천시,수산면,2011
2022,4315034000,충청북도,제천시,덕산면,2134
2022,4315035000,충청북도,제천시,한수면,679
2022,4315036000,충청북도,제천시,백운면,3304
2022,4315038000,충청북도,제천시,송학면,4658
2022,4315051000,충청북도,제천시,교동,18297
2022,4315051800,충청북도,제천시,의림지동,9979
2022,4315052800,충청북도,제천시,중앙동,5657
2022,4315053700,충청북도,제천시,남현동,4814
2022,4315054700,충청북도,제천시,영서동,10023
2022,4315056000,충청북도,제천시,용두동,18373
2022,4315057700,충청북도,제천시,신백동,10838
2022,4315059000,충청북도,제천시,청전동,15379
2022,4315060500,충청북도,제천시,화산동,15045
2022,4372025000,충청북도,보은군,보은읍,14543
2022,4372031500,충청북도,보은군,속리산면,1821
2022,4372032500,충청북도,보은군,장안면,1428
2022,4372033000,충청북도,보은군,마로면,2113
2022,4372034000,충청북도,보은군,탄부면,1577
2022,4372035000,충청북도,보은군,삼승면,2295
2022,4372036000,충청북도,보은군,수한면,1860
2022,4372037000,충청북도,보은군,회남면,727
2022,4372038500,충청북도,보은군,회인면,1710
2022,4372039000,충청북도,보은군,내북면,1637
2022,4372040000,충청북도,보은군,산외면,1744
2022,4373025000,충청북도,옥천군,옥천읍,28635
2022,4373031000,충청북도,옥천군,동이면,3194
2022,4373032000,충청북도,옥천군,안남면,1400
2022,4373033000,충청북도,옥천군,안내면,1920
2022,4373034000,충청북도,옥천군,청성면,2338
2022,4373035000,충청북도,옥천군,청산면,2916
2022,4373036000,충청북도,옥천군,이원면,4013
2022,4373037000,충청북도,옥천군,군서면,2156
2022,4373038000,충청북도,옥천군,군북면,2948
2022,4374025000,충청북도,영동군,영동읍,19729
2022,4374031000,충청북도,영동군,용산면,3286
2022,4374032000,충청북도,영동군,황간면,4053
2022,4374033500,충청북도,영동군,추풍령면,2230
2022,4374034000,충청북도,영동군,매곡면,1874
2022,4374035000,충청북도,영동군,상촌면,2232
2022,4374036000,충청북도,영동군,양강면,3077
2022,4374037000,충청북도,영동군,용화면,958
2022,4374038000,충청북도,영동군,학산면,2685
2022,4374039000,충청북도,영동군,양산면,1784
2022,4374040000,충청북도,영동군,심천면,3048
2022,4374525000,충청북도,증평군,증평읍,35491
2022,4374531000,충청북도,증평군,도안면,1771
2022,4375025000,충청북도,진천군,진천읍,29961
2022,4375025300,충청북도,진천군,덕산읍,30126
2022,4375032000,충청북도,진천군,초평면,3040
2022,4375033000,충청북도,진천군,문백면,3421
2022,4375034000,충청북도,진천군,백곡면,2059
2022,4375035000,충청북도,진천군,이월면,6295
2022,4375037000,충청북도,진천군,광혜원면,11245
2022,4376025000,충청북도,괴산군,괴산읍,9481
2022,4376031000,충청북도,괴산군,감물면,2095
2022,4376032000,충청북도,괴산군,장연면,1900
2022,4376033000,충청북도,괴산군,연풍면,2284
2022,4376034000,충청북도,괴산군,칠성면,3078
2022,4376035000,충청북도,괴산군,문광면,2192
2022,4376036000,충청북도,괴산군,청천면,5186
2022,4376037000,충청북도,괴산군,청안면,3425
2022,4376039000,충청북도,괴산군,사리면,2640
2022,4376040000,충청북도,괴산군,소수면,2086
2022,4376041000,충청북도,괴산군,불정면,2688
2022,4377025000,충청북도,음성군,음성읍,16842
2022,4377025300,충청북도,음성군,금왕읍,19405
2022,4377031000,충청북도,음성군,소이면,2869
2022,4377032000,충청북도,음성군,원남면,3005
2022,4377033000,충청북도,음성군,맹동면,13200
2022,4377034000,충청북도,음성군,대소면,15620
2022,4377035000,충청북도,음성군,삼성면,6642
2022,4377036000,충청북도,음성군,생극면,4534
2022,4377037000,충청북도,음성군,감곡면,9941
2022,4380025000,충청북도,단양군,단양읍,10120
2022,4380025300,충청북도,단양군,매포읍,5109
2022,4380031000,충청북도,단양군,대강면,2391
2022,4380032000,충청북도,단양군,가곡면,2044
2022,4380033000,충청북도,단양군,영춘면,3131
2022,4380034000,충청북도,단양군,어상천면,1843
2022,4380035000,충청북도,단양군,적성면,1514
2022,4380036000,충청북도,단양군,단성면,1615
2022,4413125000,충청남도,천안시 동남구,목천읍,24006
2022,4413131000,충청남도,천안시 동남구,풍세면,4018
2022,4413132000,충청남도,천안시 동남구,광덕면,4211
2022,4413133000,충청남도,천안시 동남구,북면,4339
2022,4413134000,충청남도,천안시 동남구,성남면,3055
2022,4413135000,충청남도,천안시 동남구,수신면,2232
2022,4413136000,충청남도,천안시 동남구,병천면,6366
2022,4413137000,충청남도,천안시 동남구,동면,2012
2022,4413151000,충청남도,천안시 동남구,중앙동,5282
2022,4413152000,충청남도,천안시 동남구,문성동,7533
2022,4413153000,충청남도,천안시 동남구,원성1동,8431
2022,4413154000,충청남도,천안시 동남구,원성2동,9046
2022,4413155000,충청남도,천안시 동남구,봉명동,17711
2022,4413156000,충청남도,천안시 동남구,일봉동,22555
2022,4413157000,충청남도,천안시 동남구,신방동,43722
2022,4413158000,충청남도,천안시 동남구,청룡동,54430
2022,4413159000,충청남도,천안시 동남구,신안동,36698
2022,4413325000,충청남도,천안시 서북구,성환읍,23472
2022,4413325300,충청남도,천안시 서북구,성거읍,20929
2022,4413325600,충청남도,천안시 서북구,직산읍,19994
2022,4413331000,충청남도,천안시 서북구,입장면,8330
2022,4413351000,충청남도,천안시 서북구,성정1동,17730
2022,4413352000,충청남도,천안시 서북구,성정2동,25900
2022,4413353000,충청남도,천안시 서북구,쌍용1동,13512
2022,4413354000,충청남도,천안시 서북구,쌍용2동,36618
2022,4413355000,충청남도,천안시 서북구,쌍용3동,18288
2022,4413356000,충청남도,천안시 서북구,백석동,39900
2022,4413356600,충청남도,천안시 서북구,불당1동,32707
2022,4413356700,충청남도,천안시 서북구,불당2동,36874
2022,4413358000,충청남도,천안시 서북구,부성1동,49936
2022,4413359000,충청남도,천안시 서북구,부성2동,57722
2022,4415025000,충청남도,공주시,유구읍,7122
2022,4415031000,충청남도,공주시,이인면,3096
2022,4415032000,충청남도,공주시,탄천면,2842
2022,4415033000,충청남도,공주시,계룡면,5278
2022,4415034000,충청남도,공주시,반포면,4189
2022,4415036000,충청남도,공주시,의당면,4493
2022,4415037000,충청남도,공주시,정안면,4694
2022,4415038000,충청남도,공주시,우성면,5080
2022,4415039000,충청남도,공주시,사곡면,2808
2022,4415040000,충청남도,공주시,신풍면,3109
2022,4415051000,충청남도,공주시,중학동,4487
2022,4415054000,충청남도,공주시,웅진동,7965
2022,4415055000,충청남도,공주시,금학동,5323
2022,4415056000,충청남도,공주시,옥룡동,7561
2022,4415057000,충청남도,공주시,신관동,19566
2022,4415059000,충청남도,공주시,월송동,14958
2022,4418025000,충청남도,보령시,웅천읍,5967
2022,4418031000,충청남도,보령시,주포면,1594
2022,4418032000,충청남도,보령시,오천면,2099
2022,4418032500,충청남도,보령시,오천면어항출장소,1575
2022,4418032800,충청남도,보령시,원산도출장소,1070
2022,4418033000,충청남도,보령시,천북면,3355
2022,4418034000,충청남도,보령시,청소면,2509
2022,4418035000,충청남도,보령시,청라면,3703
2022,4418036000,충청남도,보령시,남포면,4970
2022,4418038000,충청남도,보령시,주산면,2350
2022,4418039000,충청남도,보령시,미산면,1687
2022,4418040000,충청남도,보령시,성주면,2053
2022,4418041000,충청남도,보령시,주교면,5060
2022,4418051500,충청남도,보령시,대천1동,13671
2022,4418052500,충청남도,보령시,대천2동,6494
2022,4418053500,충청남도,보령시,대천3동,15980
2022,4418054500,충청남도,보령시,대천4동,16902
2022,4418056500,충청남도,보령시,대천5동,6118
2022,4420025000,충청남도,아산시,염치읍,6180
2022,4420025300,충청남도,아산시,배방읍,85708
2022,4420031000,충청남도,아산시,송악면,4150
2022,4420033000,충청남도,아산시,탕정면,33185
2022,4420035000,충청남도,아산시,음봉면,20207
2022,4420036000,충청남도,아산시,둔포면,22890
2022,4420037000,충청남도,아산시,영인면,5395
2022,4420038000,충청남도,아산시,인주면,5997
2022,4420039000,충청남도,아산시,선장면,2985
2022,4420040000,충청남도,아산시,도고면,4413
2022,4420041000,충청남도,아산시,신창면,18940
2022,4420057000,충청남도,아산시,온양1동,9137
2022,4420058000,충청남도,아산시,온양2동,10616
2022,4420059000,충청남도,아산시,온양3동,37875
2022,4420060000,충청남도,아산시,온양4동,17874
2022,4420061000,충청남도,아산시,온양5동,21013
2022,4420062000,충청남도,아산시,온양6동,27974
2022,4421025000,충청남도,서산시,대산읍,13311
2022,4421031000,충청남도,서산시,인지면,7229
2022,4421032000,충청남도,서산시,부석면,5217
2022,4421033000,충청남도,서산시,팔봉면,3293
2022,4421034000,충청남도,서산시,지곡면,8160
2022,4421036000,충청남도,서산시,성연면,16138
2022,4421037000,충청남도,서산시,음암면,9254
2022,4421038000,충청남도,서산시,운산면,4941
2022,4421039000,충청남도,서산시,해미면,7143
2022,4421040000,충청남도,서산시,고북면,6056
2022,4421051000,충청남도,서산시,부춘동,18865
2022,4421052500,충청남도,서산시,동문1동,18247
2022,4421053500,충청남도,서산시,동문2동,8550
2022,4421054000,충청남도,서산시,수석동,16182
2022,4421055000,충청남도,서산시,석남동,33827
2022,4423025000,충청남도,논산시,강경읍,7668
2022,4423025300,충청남도,논산시,연무읍,13073
2022,4423031000,충청남도,논산시,성동면,3915
2022,4423032000,충청남도,논산시,광석면,4060
2022,4423033000,충청남도,논산시,노성면,2824
2022,4423034000,충청남도,논산시,상월면,3422
2022,4423035000,충청남도,논산시,부적면,3423
2022,4423036000,충청남도,논산시,연산면,5926
2022,4423038000,충청남도,논산시,벌곡면,2381
2022,4423039000,충청남도,논산시,양촌면,6040
2022,4423040000,충청남도,논산시,가야곡면,3274
2022,4423041000,충청남도,논산시,은진면,3879
2022,4423042000,충청남도,논산시,채운면,2136
2022,4423051000,충청남도,논산시,취암동,35035
2022,4423052000,충청남도,논산시,부창동,15561
2022,4425031000,충청남도,계룡시,두마면,9987
2022,4425031500,충청남도,계룡시,엄사면,17862
2022,4425033000,충청남도,계룡시,신도안면,8286
2022,4425051000,충청남도,계룡시,금암동,8340
2022,4427025000,충청남도,당진시,합덕읍,8426
2022,4427025300,충청남도,당진시,송악읍,30558
2022,4427031000,충청남도,당진시,고대면,5325
2022,4427032000,충청남도,당진시,석문면,9094
2022,4427033000,충청남도,당진시,대호지면,2328
2022,4427034000,충청남도,당진시,정미면,3559
2022,4427035000,충청남도,당진시,면천면,3491
2022,4427036000,충청남도,당진시,순성면,4909
2022,4427037000,충청남도,당진시,우강면,5512
2022,4427038000,충청남도,당진시,신평면,15150
2022,4427039000,충청남도,당진시,송산면,11950
2022,4427051000,충청남도,당진시,당진1동,27452
2022,4427052000,충청남도,당진시,당진2동,23020
2022,4427053000,충청남도,당진시,당진3동,17479
2022,4471025000,충청남도,금산군,금산읍,22420
2022,4471031000,충청남도,금산군,금성면,3193
2022,4471032000,충청남도,금산군,제원면,2764
2022,4471033000,충청남도,금산군,부리면,2438
2022,4471034000,충청남도,금산군,군북면,2438
2022,4471035000,충청남도,금산군,남일면,2771
2022,4471036000,충청남도,금산군,남이면,2036
2022,4471037000,충청남도,금산군,진산면,3190
2022,4471038000,충청남도,금산군,복수면,2950
2022,4471039000,충청남도,금산군,추부면,5892
2022,4476025000,충청남도,부여군,부여읍,18977
2022,4476031000,충청남도,부여군,규암면,11796
2022,4476032000,충청남도,부여군,은산면,3628
2022,4476033000,충청남도,부여군,외산면,2264
2022,4476034000,충청남도,부여군,내산면,1511
2022,4476035000,충청남도,부여군,구룡면,2273
2022,4476036000,충청남도,부여군,홍산면,2759
2022,4476037000,충청남도,부여군,옥산면,1402
2022,4476038000,충청남도,부여군,남면,1772
2022,4476039000,충청남도,부여군,충화면,1109
2022,4476040000,충청남도,부여군,양화면,1631
2022,4476041000,충청남도,부여군,임천면,2755
2022,4476042000,충청남도,부여군,장암면,2634
2022,4476043000,충청남도,부여군,세도면,3016
2022,4476044000,충청남도,부여군,석성면,2745
2022,4476045000,충청남도,부여군,초촌면,2071
2022,4477025000,충청남도,서천군,장항읍,11103
2022,4477025300,충청남도,서천군,서천읍,13119
2022,4477031000,충청남도,서천군,마서면,4682
2022,4477032000,충청남도,서천군,화양면,2201
2022,4477033000,충청남도,서천군,기산면,1552
2022,4477034000,충청남도,서천군,한산면,2413
2022,4477035000,충청남도,서천군,마산면,1442
2022,4477036000,충청남도,서천군,시초면,1209
2022,4477037000,충청남도,서천군,문산면,1204
2022,4477038000,충청남도,서천군,판교면,2019
2022,4477039000,충청남도,서천군,종천면,2006
2022,4477040000,충청남도,서천군,비인면,2830
2022,4477041000,충청남도,서천군,서면,4184
2022,4479025000,충청남도,청양군,청양읍,9983
2022,4479031000,충청남도,청양군,운곡면,2117
2022,4479032000,충청남도,청양군,대치면,2218
2022,4479033000,충청남도,청양군,정산면,3481
2022,4479034000,충청남도,청양군,목면,1481
2022,4479035000,충청남도,청양군,청남면,1828
2022,4479036000,충청남도,청양군,장평면,2268
2022,4479037000,충청남도,청양군,남양면,2655
2022,4479038000,충청남도,청양군,화성면,2141
2022,4479039000,충청남도,청양군,비봉면,2094
2022,4480025000,충청남도,홍성군,홍성읍,36714
2022,4480025300,충청남도,홍성군,광천읍,8073
2022,4480025600,충청남도,홍성군,홍북읍,29274
2022,4480032000,충청남도,홍성군,금마면,3459
2022,4480033000,충청남도,홍성군,홍동면,3398
2022,4480034000,충청남도,홍성군,장곡면,2826
2022,4480035000,충청남도,홍성군,은하면,2197
2022,4480036000,충청남도,홍성군,결성면,2050
2022,4480037000,충청남도,홍성군,서부면,3142
2022,4480038000,충청남도,홍성군,갈산면,3475
2022,4480039000,충청남도,홍성군,구항면,3460
2022,4481025000,충청남도,예산군,예산읍,31762
2022,4481025300,충청남도,예산군,삽교읍,12310
2022,4481031000,충청남도,예산군,대술면,2339
2022,4481032000,충청남도,예산군,신양면,2963
2022,4481033000,충청남도,예산군,광시면,3016
2022,4481034000,충청남도,예산군,대흥면,1726
2022,4481035000,충청남도,예산군,응봉면,2440
2022,4481036000,충청남도,예산군,덕산면,6528
2022,4481037000,충청남도,예산군,봉산면,2465
2022,4481038000,충청남도,예산군,고덕면,4346
2022,4481039000,충청남도,예산군,신암면,3373
2022,4481040000,충청남도,예산군,오가면,4117
2022,4482525000,충청남도,태안군,태안읍,29241
2022,4482525300,충청남도,태안군,안면읍,8316
2022,4482531000,충청남도,태안군,고남면,2320
2022,4482532000,충청남도,태안군,남면,4233
2022,4482533000,충청남도,태안군,근흥면,5342
2022,4482534000,충청남도,태안군,소원면,5297
2022,4482535000,충청남도,태안군,원북면,4371
2022,4482536000,충청남도,태안군,이원면,2215
2022,4511151000,전라북도,전주시 완산구,중앙동,9690
2022,4511153000,전라북도,전주시 완산구,풍남동,3864
2022,4511160500,전라북도,전주시 완산구,노송동,11130
2022,4511163500,전라북도,전주시 완산구,완산동,5218
2022,4511165000,전라북도,전주시 완산구,동서학동,6134
2022,4511166000,전라북도,전주시 완산구,서서학동,8346
2022,4511167100,전라북도,전주시 완산구,중화산1동,13903
2022,4511167200,전라북도,전주시 완산구,중화산2동,19369
2022,4511168000,전라북도,전주시 완산구,서신동,39973
2022,4511169100,전라북도,전주시 완산구,평화1동,12413
2022,4511169200,전라북도,전주시 완산구,평화2동,44724
2022,4511170100,전라북도,전주시 완산구,삼천1동,10997
2022,4511170200,전라북도,전주시 완산구,삼천2동,13171
2022,4511170300,전라북도,전주시 완산구,삼천3동,21356
2022,4511171100,전라북도,전주시 완산구,효자1동,12943
2022,4511171200,전라북도,전주시 완산구,효자2동,9603
2022,4511171300,전라북도,전주시 완산구,효자3동,14325
2022,4511171400,전라북도,전주시 완산구,효자4동,38722
2022,4511173000,전라북도,전주시 완산구,효자5동,36692
2022,4511352500,전라북도,전주시 덕진구,진북동,13484
2022,4511354000,전라북도,전주시 덕진구,인후1동,17906
2022,4511355000,전라북도,전주시 덕진구,인후2동,10863
2022,4511356000,전라북도,전주시 덕진구,인후3동,31209
2022,4511357000,전라북도,전주시 덕진구,덕진동,20665
2022,4511358000,전라북도,전주시 덕진구,금암1동,7778
2022,4511359000,전라북도,전주시 덕진구,금암2동,9595
2022,4511360000,전라북도,전주시 덕진구,팔복동,7682
2022,4511361100,전라북도,전주시 덕진구,우아1동,12541
2022,4511361200,전라북도,전주시 덕진구,우아2동,14276
2022,4511362000,전라북도,전주시 덕진구,호성동,19466
2022,4511364100,전라북도,전주시 덕진구,송천1동,63716
2022,4511364200,전라북도,전주시 덕진구,송천2동,25654
2022,4511365000,전라북도,전주시 덕진구,조촌동,12297
2022,4511366500,전라북도,전주시 덕진구,여의동,31781
2022,4511367000,전라북도,전주시 덕진구,혁신동,20009
2022,4513025000,전라북도,군산시,옥구읍,2984
2022,4513031000,전라북도,군산시,옥산면,4616
2022,4513032000,전라북도,군산시,회현면,3312
2022,4513033000,전라북도,군산시,임피면,2503
2022,4513034000,전라북도,군산시,서수면,2429
2022,4513035000,전라북도,군산시,대야면,4790
2022,4513036000,전라북도,군산시,개정면,2889
2022,4513037000,전라북도,군산시,성산면,2769
2022,4513038000,전라북도,군산시,나포면,2126
2022,4513039000,전라북도,군산시,옥도면,3115
2022,4513040000,전라북도,군산시,옥서면,2852
2022,4513051500,전라북도,군산시,해신동,2199
2022,4513053000,전라북도,군산시,월명동,5007
2022,4513055000,전라북도,군산시,신풍동,6717
2022,4513056000,전라북도,군산시,삼학동,5360
2022,4513060500,전라북도,군산시,중앙동,4234
2022,4513064000,전라북도,군산시,흥남동,12341
2022,4513065000,전라북도,군산시,조촌동,24707
2022,4513066000,전라북도,군산시,경암동,7230
2022,4513067000,전라북도,군산시,구암동,8544
2022,4513068000,전라북도,군산시,개정동,2671
2022,4513069000,전라북도,군산시,수송동,54047
2022,4513070100,전라북도,군산시,나운1동,13121
2022,4513070200,전라북도,군산시,나운2동,22489
2022,4513070300,전라북도,군산시,나운3동,31038
2022,4513071000,전라북도,군산시,소룡동,17243
2022,4513072000,전라북도,군산시,미성동,11134
2022,4514025000,전라북도,익산시,함열읍,6570
2022,4514031000,전라북도,익산시,오산면,7470
2022,4514032000,전라북도,익산시,황등면,6782
2022,4514033000,전라북도,익산시,함라면,2201
2022,4514034000,전라북도,익산시,웅포면,1514
2022,4514035000,전라북도,익산시,성당면,1858
2022,4514036000,전라북도,익산시,용안면,2552
2022,4514037000,전라북도,익산시,낭산면,2910
2022,4514038000,전라북도,익산시,망성면,2859
2022,4514039000,전라북도,익산시,여산면,3196
2022,4514040000,전라북도,익산시,금마면,5153
2022,4514041000,전라북도,익산시,왕궁면,4148
2022,4514042000,전라북도,익산시,춘포면,4283
2022,4514043000,전라북도,익산시,삼기면,2526
2022,4514044000,전라북도,익산시,용동면,1474
2022,4514052000,전라북도,익산시,중앙동,3182
2022,4514053000,전라북도,익산시,평화동,4527
2022,4514056000,전라북도,익산시,인화동,6731
2022,4514057000,전라북도,익산시,동산동,21482
2022,4514058000,전라북도,익산시,마동,9528
2022,4514059500,전라북도,익산시,남중동,10931
2022,4514061000,전라북도,익산시,모현동,38356
2022,4514062000,전라북도,익산시,송학동,9043
2022,4514064600,전라북도,익산시,영등1동,22323
2022,4514064700,전라북도,익산시,영등2동,13716
2022,4514065200,전라북도,익산시,어양동,23934
2022,4514065600,전라북도,익산시,신동,15282
2022,4514067000,전라북도,익산시,팔봉동,6669
2022,4514069000,전라북도,익산시,삼성동,32497
2022,4518025000,전라북도,정읍시,신태인읍,5261
2022,4518031000,전라북도,정읍시,북면,4099
2022,4518032000,전라북도,정읍시,입암면,2710
2022,4518033000,전라북도,정읍시,소성면,2042
2022,4518034000,전라북도,정읍시,고부면,2710
2022,4518035000,전라북도,정읍시,영원면,1693
2022,4518036000,전라북도,정읍시,덕천면,1756
2022,4518037000,전라북도,정읍시,이평면,1983
2022,4518038000,전라북도,정읍시,정우면,2474
2022,4518039000,전라북도,정읍시,태인면,3317
2022,4518040000,전라북도,정읍시,감곡면,2683
2022,4518041000,전라북도,정읍시,옹동면,1623
2022,4518042000,전라북도,정읍시,칠보면,2203
2022,4518043000,전라북도,정읍시,산내면,1199
2022,4518044000,전라북도,정읍시,산외면,2013
2022,4518051000,전라북도,정읍시,수성동,16800
2022,4518052000,전라북도,정읍시,장명동,2840
2022,4518053500,전라북도,정읍시,내장상동,20257
2022,4518054500,전라북도,정읍시,시기동,3153
2022,4518056500,전라북도,정읍시,초산동,10191
2022,4518057000,전라북도,정읍시,연지동,5897
2022,4518058000,전라북도,정읍시,농소동,3908
2022,4518059500,전라북도,정읍시,상교동,4269
2022,4519025000,전라북도,남원시,운봉읍,3770
2022,4519031000,전라북도,남원시,주천면,2562
2022,4519032000,전라북도,남원시,수지면,1062
2022,4519033000,전라북도,남원시,송동면,1938
2022,4519034000,전라북도,남원시,주생면,1805
2022,4519035000,전라북도,남원시,금지면,2217
2022,4519036000,전라북도,남원시,대강면,1533
2022,4519037000,전라북도,남원시,대산면,1613
2022,4519038000,전라북도,남원시,사매면,1439
2022,4519039000,전라북도,남원시,덕과면,931
2022,4519040000,전라북도,남원시,보절면,1398
2022,4519041000,전라북도,남원시,산동면,1744
2022,4519042000,전라북도,남원시,이백면,2248
2022,4519045000,전라북도,남원시,아영면,1860
2022,4519046000,전라북도,남원시,산내면,2088
2022,4519047000,전라북도,남원시,인월면,2730
2022,4519051000,전라북도,남원시,동충동,3245
2022,4519052000,전라북도,남원시,죽항동,3180
2022,4519054000,전라북도,남원시,노암동,5998
2022,4519055000,전라북도,남원시,금동,6441
2022,4519056000,전라북도,남원시,왕정동,4082
2022,4519057000,전라북도,남원시,향교동,6868
2022,4519059000,전라북도,남원시,도통동,17196
2022,4521025000,전라북도,김제시,만경읍,2647
2022,4521032000,전라북도,김제시,죽산면,2417
2022,4521033000,전라북도,김제시,백산면,2468
2022,4521034000,전라북도,김제시,용지면,3429
2022,4521035000,전라북도,김제시,백구면,3705
2022,4521036000,전라북도,김제시,부량면,1298
2022,4521038000,전라북도,김제시,공덕면,2468
2022,4521039000,전라북도,김제시,청하면,1721
2022,4521040000,전라북도,김제시,성덕면,1720
2022,4521041000,전라북도,김제시,진봉면,2508
2022,4521042000,전라북도,김제시,금구면,4948
2022,4521043000,전라북도,김제시,봉남면,2187
2022,4521044000,전라북도,김제시,황산면,1903
2022,4521045000,전라북도,김제시,금산면,4541
2022,4521046000,전라북도,김제시,광활면,1290
2022,4521051000,전라북도,김제시,요촌동,10956
2022,4521052000,전라북도,김제시,신풍동,12940
2022,4521054000,전라북도,김제시,검산동,11962
2022,4521058000,전라북도,김제시,교월동,6347
2022,4571025000,전라북도,완주군,삼례읍,17139
2022,4571025300,전라북도,완주군,봉동읍,25672
2022,4571025600,전라북도,완주군,용진읍,6924
2022,4571032000,전라북도,완주군,상관면,4187
2022,4571033000,전라북도,완주군,이서면,14192
2022,4571034000,전라북도,완주군,소양면,5810
2022,4571035000,전라북도,완주군,구이면,5637
2022,4571036000,전라북도,완주군,고산면,4493
2022,4571037000,전라북도,완주군,비봉면,1819
2022,4571038000,전라북도,완주군,운주면,1915
2022,4571039000,전라북도,완주군,화산면,2584
2022,4571040000,전라북도,완주군,동상면,1066
2022,4571041000,전라북도,완주군,경천면,984
2022,4572025000,전라북도,진안군,진안읍,9773
2022,4572031000,전라북도,진안군,용담면,832
2022,4572032000,전라북도,진안군,안천면,1042
2022,4572033000,전라북도,진안군,동향면,1342
2022,4572034000,전라북도,진안군,상전면,811
2022,4572035000,전라북도,진안군,백운면,1928
2022,4572036000,전라북도,진안군,성수면,1724
2022,4572037000,전라북도,진안군,마령면,1747
2022,4572038000,전라북도,진안군,부귀면,2836
2022,4572039000,전라북도,진안군,정천면,1056
2022,4572040000,전라북도,진안군,주천면,1459
2022,4573025000,전라북도,무주군,무주읍,9344
2022,4573031000,전라북도,무주군,무풍면,2143
2022,4573032000,전라북도,무주군,설천면,3896
2022,4573033000,전라북도,무주군,적상면,2575
2022,4573034000,전라북도,무주군,안성면,4134
2022,4573035000,전라북도,무주군,부남면,1397
2022,4574025000,전라북도,장수군,장수읍,7129
2022,4574031000,전라북도,장수군,산서면,2023
2022,4574032000,전라북도,장수군,번암면,2233
2022,4574033500,전라북도,장수군,장계면,4259
2022,4574034000,전라북도,장수군,천천면,2044
2022,4574035000,전라북도,장수군,계남면,2096
2022,4574036000,전라북도,장수군,계북면,1552
2022,4575025000,전라북도,임실군,임실읍,7271
2022,4575031000,전라북도,임실군,청웅면,1245
2022,4575032000,전라북도,임실군,운암면,1599
2022,4575033000,전라북도,임실군,신평면,1421
2022,4575034000,전라북도,임실군,성수면,1603
2022,4575035500,전라북도,임실군,오수면,3540
2022,4575036000,전라북도,임실군,신덕면,1306
2022,4575037000,전라북도,임실군,삼계면,1461
2022,4575038000,전라북도,임실군,관촌면,3209
2022,4575039000,전라북도,임실군,강진면,1472
2022,4575040000,전라북도,임실군,덕치면,1181
2022,4575041000,전라북도,임실군,지사면,1200
2022,4577025000,전라북도,순창군,순창읍,9995
2022,4577031000,전라북도,순창군,인계면,1484
2022,4577032000,전라북도,순창군,동계면,1941
2022,4577033000,전라북도,순창군,풍산면,1650
2022,4577034000,전라북도,순창군,금과면,1727
2022,4577035000,전라북도,순창군,팔덕면,1374
2022,4577036000,전라북도,순창군,쌍치면,1901
2022,4577037000,전라북도,순창군,복흥면,2087
2022,4577038000,전라북도,순창군,적성면,1207
2022,4577039000,전라북도,순창군,유등면,1062
2022,4577040000,전라북도,순창군,구림면,2299
2022,4579025000,전라북도,고창군,고창읍,20859
2022,4579031000,전라북도,고창군,고수면,2170
2022,4579032000,전라북도,고창군,아산면,2549
2022,4579033000,전라북도,고창군,무장면,2663
2022,4579034000,전라북도,고창군,공음면,2397
2022,4579035000,전라북도,고창군,상하면,2322
2022,4579036000,전라북도,고창군,해리면,2585
2022,4579037000,전라북도,고창군,성송면,1706
2022,4579038000,전라북도,고창군,대산면,3118
2022,4579039000,전라북도,고창군,심원면,2394
2022,4579040000,전라북도,고창군,흥덕면,3030
2022,4579041000,전라북도,고창군,성내면,1896
2022,4579042000,전라북도,고창군,신림면,2142
2022,4579043000,전라북도,고창군,부안면,2507
2022,4580025000,전라북도,부안군,부안읍,20794
2022,4580031000,전라북도,부안군,주산면,1795
2022,4580032000,전라북도,부안군,동진면,2685
2022,4580033000,전라북도,부안군,행안면,2132
2022,4580034000,전라북도,부안군,계화면,3192
2022,4580035000,전라북도,부안군,보안면,2329
2022,4580036000,전라북도,부안군,변산면,4254
2022,4580037000,전라북도,부안군,진서면,2252
2022,4580038000,전라북도,부안군,백산면,2406
2022,4580039000,전라북도,부안군,상서면,2127
2022,4580040000,전라북도,부안군,하서면,2548
2022,4580041000,전라북도,부안군,줄포면,2469
2022,4580042000,전라북도,부안군,위도면,1111
2022,4611051000,전라남도,목포시,용당1동,10015
2022,4611052000,전라남도,목포시,용당2동,4862
2022,4611053500,전라남도,목포시,연동,4298
2022,4611054500,전라남도,목포시,산정동,9265
2022,4611055400,전라남도,목포시,연산동,10469
2022,4611055800,전라남도,목포시,원산동,12245
2022,4611056500,전라남도,목포시,대성동,4839
2022,4611059500,전라남도,목포시,목원동,7023
2022,4611064000,전라남도,목포시,동명동,5010
2022,4611064500,전라남도,목포시,삼학동,5800
2022,4611065500,전라남도,목포시,만호동,2555
2022,4611066000,전라남도,목포시,유달동,3937
2022,4611069500,전라남도,목포시,죽교동,2910
2022,4611070500,전라남도,목포시,북항동,8928
2022,4611074500,전라남도,목포시,용해동,16722
2022,4611075000,전라남도,목포시,이로동,10595
2022,4611075600,전라남도,목포시,상동,21562
2022,4611075700,전라남도,목포시,하당동,12672
2022,4611075800,전라남도,목포시,신흥동,16197
2022,4611078000,전라남도,목포시,삼향동,4576
2022,4611079000,전라남도,목포시,옥암동,11184
2022,4611080000,전라남도,목포시,부흥동,8265
2022,4611081000,전라남도,목포시,부주동,23010
2022,4613025000,전라남도,여수시,돌산읍,2522
2022,4613025100,전라남도,여수시,돌산읍우두출장소,8350
2022,4613025200,전라남도,여수시,돌산읍죽포출장소,1865
2022,4613031000,전라남도,여수시,소라면,22139
2022,4613032000,전라남도,여수시,율촌면,6006
2022,4613033000,전라남도,여수시,화양면,6316
2022,4613034000,전라남도,여수시,남면,2689
2022,4613035000,전라남도,여수시,화정면,1328
2022,4613035600,전라남도,여수시,화정면개도출장소,776
2022,4613036000,전라남도,여수시,삼산면,2019
2022,4613051500,전라남도,여수시,동문동,4396
2022,4613053500,전라남도,여수시,한려동,2890
2022,4613057000,전라남도,여수시,중앙동,4078
2022,4613060000,전라남도,여수시,충무동,3651
2022,4613062500,전라남도,여수시,광림동,5776
2022,4613063500,전라남도,여수시,서강동,3417
2022,4613065500,전라남도,여수시,대교동,4974
2022,4613067000,전라남도,여수시,국동,10721
2022,4613068500,전라남도,여수시,월호동,7001
2022,4613070000,전라남도,여수시,여서동,17149
2022,4613071000,전라남도,여수시,문수동,19902
2022,4613073000,전라남도,여수시,미평동,11005
2022,4613074000,전라남도,여수시,둔덕동,9795
2022,4613076500,전라남도,여수시,만덕동,10271
2022,4613078000,전라남도,여수시,쌍봉동,32081
2022,4613079000,전라남도,여수시,시전동,42227
2022,4613080000,전라남도,여수시,여천동,20230
2022,4613081000,전라남도,여수시,주삼동,7871
2022,4613082000,전라남도,여수시,삼일동,2172
2022,4613083000,전라남도,여수시,묘도동,1148
2022,4615025000,전라남도,순천시,승주읍,2584
2022,4615031000,전라남도,순천시,해룡면,4303
2022,4615031500,전라남도,순천시,해룡면상삼출장소,19750
2022,4615031600,전라남도,순천시,해룡면신대출장소,33040
2022,4615032000,전라남도,순천시,서면,14219
2022,4615033000,전라남도,순천시,황전면,2839
2022,4615034000,전라남도,순천시,월등면,1743
2022,4615035000,전라남도,순천시,주암면,3015
2022,4615036000,전라남도,순천시,송광면,1447
2022,4615037000,전라남도,순천시,외서면,820
2022,4615038000,전라남도,순천시,낙안면,3074
2022,4615039000,전라남도,순천시,별량면,5389
2022,4615040000,전라남도,순천시,상사면,2841
2022,4615051500,전라남도,순천시,향동,3427
2022,4615054000,전라남도,순천시,매곡동,6617
2022,4615055000,전라남도,순천시,삼산동,25111
2022,4615056000,전라남도,순천시,조곡동,5898
2022,4615057000,전라남도,순천시,덕연동,42732
2022,4615058000,전라남도,순천시,풍덕동,7394
2022,4615059000,전라남도,순천시,남제동,8277
2022,4615060000,전라남도,순천시,저전동,2710
2022,4615061000,전라남도,순천시,장천동,2069
2022,4615062000,전라남도,순천시,중앙동,2855
2022,4615063500,전라남도,순천시,도사동,18040
2022,4615066100,전라남도,순천시,왕조1동,40032
2022,4615066500,전라남도,순천시,왕조2동,18511
2022,4617025000,전라남도,나주시,남평읍,11865
2022,4617031000,전라남도,나주시,세지면,2496
2022,4617032000,전라남도,나주시,왕곡면,2775
2022,4617033000,전라남도,나주시,반남면,1365
2022,4617034000,전라남도,나주시,공산면,2218
2022,4617035000,전라남도,나주시,동강면,2328
2022,4617036000,전라남도,나주시,다시면,3430
2022,4617037000,전라남도,나주시,문평면,1848
2022,4617038000,전라남도,나주시,노안면,4390
2022,4617039000,전라남도,나주시,금천면,5383
2022,4617040000,전라남도,나주시,산포면,3233
2022,4617042000,전라남도,나주시,다도면,1789
2022,4617043000,전라남도,나주시,봉황면,4054
2022,4617051000,전라남도,나주시,송월동,7867
2022,4617052000,전라남도,나주시,영강동,2664
2022,4617054000,전라남도,나주시,금남동,4695
2022,4617055000,전라남도,나주시,성북동,8565
2022,4617058000,전라남도,나주시,영산동,2999
2022,4617060000,전라남도,나주시,이창동,3355
2022,4617062000,전라남도,나주시,빛가람동,39137
2022,4623025000,전라남도,광양시,광양읍,48029
2022,4623031000,전라남도,광양시,봉강면,2109
2022,4623032000,전라남도,광양시,옥룡면,3032
2022,4623033000,전라남도,광양시,옥곡면,4946
2022,4623034000,전라남도,광양시,진상면,2685
2022,4623035000,전라남도,광양시,진월면,2694
2022,4623036000,전라남도,광양시,다압면,1712
2022,4623051500,전라남도,광양시,골약동,6142
2022,4623053000,전라남도,광양시,중마동,56818
2022,4623054000,전라남도,광양시,광영동,11340
2022,4623055000,전라남도,광양시,금호동,10998
2022,4623057000,전라남도,광양시,태인동,1663
2022,4671025000,전라남도,담양군,담양읍,15243
2022,4671031000,전라남도,담양군,봉산면,2684
2022,4671032000,전라남도,담양군,고서면,3056
2022,4671033500,전라남도,담양군,가사문학면,1220
2022,4671034000,전라남도,담양군,창평면,3599
2022,4671035000,전라남도,담양군,대덕면,1860
2022,4671036000,전라남도,담양군,무정면,2531
2022,4671037000,전라남도,담양군,금성면,2488
2022,4671038000,전라남도,담양군,용면,1763
2022,4671039000,전라남도,담양군,월산면,2365
2022,4671040000,전라남도,담양군,수북면,4711
2022,4671041000,전라남도,담양군,대전면,4272
2022,4672025000,전라남도,곡성군,곡성읍,7612
2022,4672031000,전라남도,곡성군,오곡면,1817
2022,4672032000,전라남도,곡성군,삼기면,1651
2022,4672033000,전라남도,곡성군,석곡면,2225
2022,4672034000,전라남도,곡성군,목사동면,1318
2022,4672035000,전라남도,곡성군,죽곡면,1843
2022,4672036000,전라남도,곡성군,고달면,1140
2022,4672037000,전라남도,곡성군,옥과면,4053
2022,4672038000,전라남도,곡성군,입면,2361
2022,4672039000,전라남도,곡성군,겸면,1621
2022,4672040000,전라남도,곡성군,오산면,1419
2022,4673025000,전라남도,구례군,구례읍,10510
2022,4673031000,전라남도,구례군,문척면,1279
2022,4673032000,전라남도,구례군,간전면,1418
2022,4673033000,전라남도,구례군,토지면,2450
2022,4673034000,전라남도,구례군,마산면,2519
2022,4673035000,전라남도,구례군,광의면,2215
2022,4673036000,전라남도,구례군,용방면,1382
2022,4673037000,전라남도,구례군,산동면,2882
2022,4677025000,전라남도,고흥군,고흥읍,12558
2022,4677025300,전라남도,고흥군,도양읍,9482
2022,4677025400,전라남도,고흥군,도양읍소록출장소,567
2022,4677025500,전라남도,고흥군,도양읍시산출장소,209
2022,4677031000,전라남도,고흥군,풍양면,3018
2022,4677032000,전라남도,고흥군,도덕면,2831
2022,4677033000,전라남도,고흥군,금산면,4186
2022,4677034000,전라남도,고흥군,도화면,3689
2022,4677035000,전라남도,고흥군,포두면,4750
2022,4677036000,전라남도,고흥군,봉래면,1826
2022,4677037000,전라남도,고흥군,점암면,2608
2022,4677038000,전라남도,고흥군,과역면,3185
2022,4677039000,전라남도,고흥군,남양면,2229
2022,4677040000,전라남도,고흥군,동강면,3024
2022,4677041000,전라남도,고흥군,대서면,2167
2022,4677042000,전라남도,고흥군,두원면,2917
2022,4677044000,전라남도,고흥군,영남면,1234
2022,4677045000,전라남도,고흥군,동일면,1400
2022,4678025000,전라남도,보성군,보성읍,8667
2022,4678025300,전라남도,보성군,벌교읍,11176
2022,4678031000,전라남도,보성군,노동면,1061
2022,4678032000,전라남도,보성군,미력면,1398
2022,4678033000,전라남도,보성군,겸백면,1116
2022,4678034000,전라남도,보성군,율어면,1154
2022,4678035000,전라남도,보성군,복내면,1569
2022,4678036000,전라남도,보성군,문덕면,918
2022,4678037000,전라남도,보성군,조성면,3548
2022,4678038000,전라남도,보성군,득량면,2666
2022,4678038500,전라남도,보성군,득량면예당출장소,1171
2022,4678039000,전라남도,보성군,회천면,2977
2022,4678040000,전라남도,보성군,웅치면,1050
2022,4679025000,전라남도,화순군,화순읍,39470
2022,4679031000,전라남도,화순군,한천면,914
2022,4679031500,전라남도,화순군,한천면영외출장소,421
2022,4679032000,전라남도,화순군,춘양면,1743
2022,4679033000,전라남도,화순군,청풍면,1027
2022,4679034000,전라남도,화순군,이양면,1775
2022,4679035000,전라남도,화순군,능주면,3064
2022,4679036000,전라남도,화순군,도곡면,2820
2022,4679037000,전라남도,화순군,도암면,1418
2022,4679038000,전라남도,화순군,이서면,939
2022,4679039500,전라남도,화순군,백아면,1553
2022,4679040000,전라남도,화순군,동복면,1575
2022,4679041500,전라남도,화순군,사평면,2102
2022,4679042000,전라남도,화순군,동면,3203
2022,4680025000,전라남도,장흥군,장흥읍,14600
2022,4680025300,전라남도,장흥군,관산읍,4717
2022,4680025600,전라남도,장흥군,대덕읍,3202
2022,4680031000,전라남도,장흥군,용산면,2230
2022,4680032000,전라남도,장흥군,안양면,2704
2022,4680033000,전라남도,장흥군,장동면,1194
2022,4680034000,전라남도,장흥군,장평면,2012
2022,4680035000,전라남도,장흥군,유치면,986
2022,4680036000,전라남도,장흥군,부산면,1369
2022,4680037000,전라남도,장흥군,회진면,2636
2022,4681025000,전라남도,강진군,강진읍,13077
2022,4681031000,전라남도,강진군,군동면,4373
2022,4681032000,전라남도,강진군,칠량면,2178
2022,4681033000,전라남도,강진군,대구면,1104
2022,4681034000,전라남도,강진군,도암면,2399
2022,4681035000,전라남도,강진군,신전면,1692
2022,4681036000,전라남도,강진군,성전면,2690
2022,4681037000,전라남도,강진군,작천면,1788
2022,4681038000,전라남도,강진군,병영면,1561
2022,4681039000,전라남도,강진군,옴천면,609
2022,4681040000,전라남도,강진군,마량면,1706
2022,4682025000,전라남도,해남군,해남읍,24220
2022,4682031000,전라남도,해남군,삼산면,2845
2022,4682032000,전라남도,해남군,화산면,3041
2022,4682033000,전라남도,해남군,현산면,2699
2022,4682034000,전라남도,해남군,송지면,5834
2022,4682035000,전라남도,해남군,북평면,2661
2022,4682036000,전라남도,해남군,북일면,2001
2022,4682037000,전라남도,해남군,옥천면,2851
2022,4682038000,전라남도,해남군,계곡면,2069
2022,4682039000,전라남도,해남군,마산면,2319
2022,4682040000,전라남도,해남군,황산면,4484
2022,4682041000,전라남도,해남군,산이면,3572
2022,4682042000,전라남도,해남군,문내면,3845
2022,4682043000,전라남도,해남군,화원면,3390
2022,4683025000,전라남도,영암군,영암읍,7845
2022,4683025300,전라남도,영암군,삼호읍,15205
2022,4683025400,전라남도,영암군,삼호읍서부출장소,6371
2022,4683031000,전라남도,영암군,덕진면,1768
2022,4683032000,전라남도,영암군,금정면,2048
2022,4683033000,전라남도,영암군,신북면,3571
2022,4683034000,전라남도,영암군,시종면,3346
2022,4683035000,전라남도,영암군,도포면,2182
2022,4683036000,전라남도,영암군,군서면,3136
2022,4683037000,전라남도,영암군,서호면,1861
2022,4683038000,전라남도,영암군,학산면,2889
2022,4683039000,전라남도,영암군,미암면,2173
2022,4684025000,전라남도,무안군,무안읍,10916
2022,4684025300,전라남도,무안군,일로읍,16285
2022,4684025600,전라남도,무안군,삼향읍,5340
2022,4684025800,전라남도,무안군,삼향읍남악출장소,34962
2022,4684032000,전라남도,무안군,몽탄면,2964
2022,4684033000,전라남도,무안군,청계면,6329
2022,4684034000,전라남도,무안군,현경면,4426
2022,4684035000,전라남도,무안군,망운면,1860
2022,4684036000,전라남도,무안군,해제면,4716
2022,4684037000,전라남도,무안군,운남면,2810
2022,4686025000,전라남도,함평군,함평읍,8268
2022,4686031000,전라남도,함평군,손불면,3255
2022,4686032000,전라남도,함평군,신광면,1748
2022,4686033000,전라남도,함평군,학교면,3580
2022,4686034000,전라남도,함평군,엄다면,1836
2022,4686035000,전라남도,함평군,대동면,3008
2022,4686036000,전라남도,함평군,나산면,2746
2022,4686037000,전라남도,함평군,해보면,2724
2022,4686038000,전라남도,함평군,월야면,3619
2022,4687025000,전라남도,영광군,영광읍,22221
2022,4687025300,전라남도,영광군,백수읍,4502
2022,4687025600,전라남도,영광군,홍농읍,6655
2022,4687031000,전라남도,영광군,대마면,1692
2022,4687032000,전라남도,영광군,묘량면,1736
2022,4687033000,전라남도,영광군,불갑면,1347
2022,4687034000,전라남도,영광군,군서면,2271
2022,4687035000,전라남도,영광군,군남면,2295
2022,4687036000,전라남도,영광군,염산면,3855
2022,4687037000,전라남도,영광군,법성면,5025
2022,4687038000,전라남도,영광군,낙월면,401
2022,4687038500,전라남도,영광군,낙월면안마출장소,197
2022,4688025000,전라남도,장성군,장성읍,13394
2022,4688031000,전라남도,장성군,진원면,3671
2022,4688032000,전라남도,장성군,남면,3705
2022,4688033000,전라남도,장성군,동화면,1801
2022,4688034000,전라남도,장성군,삼서면,3036
2022,4688035000,전라남도,장성군,삼계면,5768
2022,4688036000,전라남도,장성군,황룡면,3974
2022,4688037000,전라남도,장성군,서삼면,1525
2022,4688038000,전라남도,장성군,북일면,1355
2022,4688039000,전라남도,장성군,북이면,2763
2022,4688040000,전라남도,장성군,북하면,2154
2022,4689025000,전라남도,완도군,완도읍,17578
2022,4689025300,전라남도,완도군,금일읍,3538
2022,4689025600,전라남도,완도군,노화읍,4189
2022,4689029000,전라남도,완도군,노화읍넙도출장소,747
2022,4689031000,전라남도,완도군,군외면,3071
2022,4689032000,전라남도,완도군,신지면,3275
2022,4689033000,전라남도,완도군,고금면,4088
2022,4689034000,전라남도,완도군,약산면,2207
2022,4689035000,전라남도,완도군,청산면,2036
2022,4689035500,전라남도,완도군,청산면모도출장소,215
2022,4689036000,전라남도,완도군,소안면,2383
2022,4689037000,전라남도,완도군,금당면,926
2022,4689038000,전라남도,완도군,보길면,2561
2022,4689039000,전라남도,완도군,생일면,783
2022,4690025000,전라남도,진도군,진도읍,10536
2022,4690031000,전라남도,진도군,군내면,2924
2022,4690032000,전라남도,진도군,고군면,3495
2022,4690033000,전라남도,진도군,의신면,3388
2022,4690034000,전라남도,진도군,임회면,3338
2022,4690035000,전라남도,진도군,지산면,2980
2022,4690036000,전라남도,진도군,조도면,2212
2022,4690036500,전라남도,진도군,조도면가사출장소,255
2022,4690036600,전라남도,진도군,조도면거차출장소,379
2022,4691025000,전라남도,신안군,지도읍,4221
2022,4691025100,전라남도,신안군,지도읍선도출장소,227
2022,4691025300,전라남도,신안군,압해읍,5544
2022,4691025400,전라남도,신안군,압해읍매화출장소,240
2022,4691025500,전라남도,신안군,압해읍고이도출장소,214
2022,4691031000,전라남도,신안군,증도면,1434
2022,4691031500,전라남도,신안군,증도면병풍출장소,303
2022,4691032000,전라남도,신안군,임자면,3157
2022,4691033000,전라남도,신안군,자은면,2247
2022,4691034000,전라남도,신안군,비금면,3478
2022,4691035000,전라남도,신안군,도초면,2439
2022,4691035500,전라남도,신안군,도초면우이도출장소,217
2022,4691036000,전라남도,신안군,흑산면,2130
2022,4691036500,전라남도,신안군,흑산면가거도출장소,406
2022,4691036600,전라남도,신안군,흑산면태도출장소,191
2022,4691036700,전라남도,신안군,흑산면홍도출장소,437
2022,4691036800,전라남도,신안군,흑산면대둔도출장소,288
2022,4691037000,전라남도,신안군,하의면,1660
2022,4691038000,전라남도,신안군,신의면,1509
2022,4691039000,전라남도,신안군,장산면,1506
2022,4691040000,전라남도,신안군,안좌면,2830
2022,4691040500,전라남도,신안군,안좌면자라출장소,290
2022,4691041000,전라남도,신안군,팔금면,950
2022,4691042000,전라남도,신안군,암태면,1940
2022,4711125000,경상북도,포항시 남구,구룡포읍,7083
2022,4711125300,경상북도,포항시 남구,연일읍,29834
2022,4711125600,경상북도,포항시 남구,오천읍,55864
2022,4711131000,경상북도,포항시 남구,대송면,3326
2022,4711132000,경상북도,포항시 남구,동해면,9695
2022,4711133000,경상북도,포항시 남구,장기면,3955
2022,4711135000,경상북도,포항시 남구,호미곶면,1790
2022,4711152500,경상북도,포항시 남구,상대동,24404
2022,4711154500,경상북도,포항시 남구,해도동,16893
2022,4711155000,경상북도,포항시 남구,송도동,11929
2022,4711156000,경상북도,포항시 남구,청림동,4630
2022,4711157000,경상북도,포항시 남구,제철동,2797
2022,4711158000,경상북도,포항시 남구,효곡동,30182
2022,4711159000,경상북도,포항시 남구,대이동,25104
2022,4711325000,경상북도,포항시 북구,흥해읍,40382
2022,4711331000,경상북도,포항시 북구,신광면,2882
2022,4711332000,경상북도,포항시 북구,청하면,4665
2022,4711333000,경상북도,포항시 북구,송라면,2461
2022,4711334000,경상북도,포항시 북구,기계면,4981
2022,4711335000,경상북도,포항시 북구,죽장면,2126
2022,4711335500,경상북도,포항시 북구,죽장면상옥출장소,626
2022,4711336000,경상북도,포항시 북구,기북면,1309
2022,4711352000,경상북도,포항시 북구,중앙동,14924
2022,4711363000,경상북도,포항시 북구,양학동,16342
2022,4711365500,경상북도,포항시 북구,죽도동,19785
2022,4711366500,경상북도,포항시 북구,용흥동,21651
2022,4711368000,경상북도,포항시 북구,우창동,33084
2022,4711369000,경상북도,포항시 북구,두호동,22551
2022,4711370000,경상북도,포항시 북구,장량동,72065
2022,4711371000,경상북도,포항시 북구,환여동,9330
2022,4713025000,경상북도,경주시,감포읍,5347
2022,4713025300,경상북도,경주시,안강읍,23568
2022,4713025600,경상북도,경주시,건천읍,9133
2022,4713025900,경상북도,경주시,외동읍,22179
2022,4713031500,경상북도,경주시,문무대왕면,4097
2022,4713032000,경상북도,경주시,양남면,6324
2022,4713033000,경상북도,경주시,내남면,4577
2022,4713034000,경상북도,경주시,산내면,3225
2022,4713035000,경상북도,경주시,서면,3084
2022,4713036000,경상북도,경주시,현곡면,21588
2022,4713037000,경상북도,경주시,강동면,6012
2022,4713038000,경상북도,경주시,천북면,5747
2022,4713051500,경상북도,경주시,중부동,4905
2022,4713053000,경상북도,경주시,황오동,6039
2022,4713055000,경상북도,경주시,성건동,13729
2022,4713057000,경상북도,경주시,황남동,4258
2022,4713059000,경상북도,경주시,선도동,14648
2022,4713060500,경상북도,경주시,월성동,5713
2022,4713061500,경상북도,경주시,용강동,23988
2022,4713062100,경상북도,경주시,황성동,27940
2022,4713063000,경상북도,경주시,동천동,21904
2022,4713065000,경상북도,경주시,불국동,9919
2022,4713066000,경상북도,경주시,보덕동,1683
2022,4715025000,경상북도,김천시,아포읍,7919
2022,4715031000,경상북도,김천시,농소면,3148
2022,4715032000,경상북도,김천시,남면,3050
2022,4715034000,경상북도,김천시,개령면,2383
2022,4715035000,경상북도,김천시,감문면,3239
2022,4715036000,경상북도,김천시,어모면,4062
2022,4715037000,경상북도,김천시,봉산면,2975
2022,4715038000,경상북도,김천시,대항면,3374
2022,4715039000,경상북도,김천시,감천면,1892
2022,4715040000,경상북도,김천시,조마면,2189
2022,4715041000,경상북도,김천시,구성면,2712
2022,4715042000,경상북도,김천시,지례면,1492
2022,4715043000,경상북도,김천시,부항면,1230
2022,4715044000,경상북도,김천시,대덕면,2250
2022,4715045000,경상북도,김천시,증산면,1005
2022,4715051600,경상북도,김천시,자산동,6349
2022,4715053600,경상북도,김천시,평화남산동,7329
2022,4715056500,경상북도,김천시,양금동,3712
2022,4715057500,경상북도,김천시,대신동,24895
2022,4715059500,경상북도,김천시,대곡동,19987
2022,4715061000,경상북도,김천시,지좌동,10861
2022,4715064000,경상북도,김천시,율곡동,23271
2022,4717025000,경상북도,안동시,풍산읍,6285
2022,4717031000,경상북도,안동시,와룡면,3907
2022,4717032000,경상북도,안동시,북후면,2859
2022,4717033000,경상북도,안동시,서후면,3490
2022,4717034000,경상북도,안동시,풍천면,7097
2022,4717035000,경상북도,안동시,일직면,2616
2022,4717036000,경상북도,안동시,남후면,1657
2022,4717037000,경상북도,안동시,남선면,2038
2022,4717038000,경상북도,안동시,임하면,2724
2022,4717039000,경상북도,안동시,길안면,2633
2022,4717040000,경상북도,안동시,임동면,1673
2022,4717041000,경상북도,안동시,예안면,1751
2022,4717042000,경상북도,안동시,도산면,1515
2022,4717043000,경상북도,안동시,녹전면,1681
2022,4717051000,경상북도,안동시,중구동,4973
2022,4717052000,경상북도,안동시,명륜동,4880
2022,4717055500,경상북도,안동시,용상동,21883
2022,4717058500,경상북도,안동시,서구동,8647
2022,4717060000,경상북도,안동시,태화동,12653
2022,4717062000,경상북도,안동시,평화동,6125
2022,4717063000,경상북도,안동시,안기동,6103
2022,4717065000,경상북도,안동시,옥동,21022
2022,4717066000,경상북도,안동시,송하동,15798
2022,4717069000,경상북도,안동시,강남동,10600
2022,4719025000,경상북도,구미시,선산읍,14319
2022,4719025300,경상북도,구미시,고아읍,38419
2022,4719025600,경상북도,구미시,산동읍,27106
2022,4719031000,경상북도,구미시,무을면,1808
2022,4719032000,경상북도,구미시,옥성면,1671
2022,4719033000,경상북도,구미시,도개면,2130
2022,4719034000,경상북도,구미시,해평면,3907
2022,4719036000,경상북도,구미시,장천면,2892
2022,4719051000,경상북도,구미시,송정동,23502
2022,4719053500,경상북도,구미시,원평동,5984
2022,4719055100,경상북도,구미시,도량동,28366
2022,4719055500,경상북도,구미시,지산동,2046
2022,4719056500,경상북도,구미시,선주원남동,38757
2022,4719058200,경상북도,구미시,형곡1동,13721
2022,4719058300,경상북도,구미시,형곡2동,16388
2022,4719059000,경상북도,구미시,신평1동,3623
2022,4719060000,경상북도,구미시,신평2동,3037
2022,4719061000,경상북도,구미시,비산동,12946
2022,4719063000,경상북도,구미시,광평동,4266
2022,4719064500,경상북도,구미시,상모사곡동,30441
2022,4719066000,경상북도,구미시,임오동,18466
2022,4719067000,경상북도,구미시,인동동,47515
2022,4719068000,경상북도,구미시,진미동,16857
2022,4719069000,경상북도,구미시,양포동,45637
2022,4719070000,경상북도,구미시,공단동,4306
2022,4721025000,경상북도,영주시,풍기읍,10306
2022,4721031000,경상북도,영주시,이산면,2216
2022,4721032000,경상북도,영주시,평은면,1424
2022,4721033000,경상북도,영주시,문수면,1930
2022,4721034000,경상북도,영주시,장수면,2101
2022,4721035000,경상북도,영주시,안정면,2874
2022,4721036000,경상북도,영주시,봉현면,2624
2022,4721037000,경상북도,영주시,순흥면,1953
2022,4721038000,경상북도,영주시,단산면,1797
2022,4721039000,경상북도,영주시,부석면,2926
2022,4721051000,경상북도,영주시,상망동,7295
2022,4721052500,경상북도,영주시,하망동,5820
2022,4721055000,경상북도,영주시,영주1동,3770
2022,4721056000,경상북도,영주시,영주2동,4744
2022,4721059000,경상북도,영주시,휴천1동,6354
2022,4721060000,경상북도,영주시,휴천2동,9552
2022,4721061000,경상북도,영주시,휴천3동,7421
2022,4721062000,경상북도,영주시,가흥1동,15456
2022,4721063000,경상북도,영주시,가흥2동,10186
2022,4723025000,경상북도,영천시,금호읍,10539
2022,4723031000,경상북도,영천시,청통면,4037
2022,4723032000,경상북도,영천시,신녕면,3683
2022,4723033000,경상북도,영천시,화산면,3117
2022,4723034000,경상북도,영천시,화북면,2164
2022,4723035000,경상북도,영천시,화남면,3206
2022,4723036000,경상북도,영천시,자양면,1242
2022,4723037000,경상북도,영천시,임고면,4116
2022,4723038000,경상북도,영천시,고경면,5629
2022,4723039000,경상북도,영천시,북안면,4391
2022,4723040000,경상북도,영천시,대창면,3056
2022,4723051000,경상북도,영천시,동부동,27732
2022,4723052000,경상북도,영천시,중앙동,9593
2022,4723053500,경상북도,영천시,서부동,4606
2022,4723054000,경상북도,영천시,완산동,9939
2022,4723055500,경상북도,영천시,남부동,4038
2022,4725025000,경상북도,상주시,함창읍,6201
2022,4725031000,경상북도,상주시,중동면,1324
2022,4725032500,경상북도,상주시,사벌국면,3774
2022,4725033000,경상북도,상주시,낙동면,2908
2022,4725033500,경상북도,상주시,낙동면동부출장소,970
2022,4725034000,경상북도,상주시,청리면,2530
2022,4725035000,경상북도,상주시,공성면,3869
2022,4725036000,경상북도,상주시,외남면,1601
2022,4725037000,경상북도,상주시,내서면,1885
2022,4725038000,경상북도,상주시,모동면,2553
2022,4725039000,경상북도,상주시,모서면,1682
2022,4725039500,경상북도,상주시,모서면서부출장소,734
2022,4725040000,경상북도,상주시,화동면,1901
2022,4725041000,경상북도,상주시,화서면,2858
2022,4725042000,경상북도,상주시,화북면,1175
2022,4725042600,경상북도,상주시,화북면서부출장소,315
2022,4725043000,경상북도,상주시,외서면,2591
2022,4725044000,경상북도,상주시,은척면,1143
2022,4725044500,경상북도,상주시,은척면북부출장소,374
2022,4725045000,경상북도,상주시,공검면,2143
2022,4725046000,경상북도,상주시,이안면,1967
2022,4725047000,경상북도,상주시,화남면,777
2022,4725052000,경상북도,상주시,남원동,11484
2022,4725053000,경상북도,상주시,북문동,9345
2022,4725054000,경상북도,상주시,계림동,8934
2022,4725055000,경상북도,상주시,동문동,7716
2022,4725056000,경상북도,상주시,동성동,3408
2022,4725057000,경상북도,상주시,신흥동,8661
2022,4728025000,경상북도,문경시,문경읍,5781
2022,4728025100,경상북도,문경시,문경읍갈평출장소,1088
2022,4728025300,경상북도,문경시,가은읍,3183
2022,4728025400,경상북도,문경시,가은읍북부출장소,845
2022,4728031000,경상북도,문경시,영순면,2418
2022,4728032000,경상북도,문경시,산양면,3026
2022,4728033000,경상북도,문경시,호계면,2432
2022,4728034000,경상북도,문경시,산북면,2693
2022,4728035000,경상북도,문경시,동로면,2028
2022,4728036000,경상북도,문경시,마성면,3503
2022,4728037000,경상북도,문경시,농암면,2560
2022,4728057000,경상북도,문경시,점촌1동,5630
2022,4728058000,경상북도,문경시,점촌2동,6924
2022,4728059000,경상북도,문경시,점촌3동,9059
2022,4728060000,경상북도,문경시,점촌4동,3081
2022,4728061000,경상북도,문경시,점촌5동,16122
2022,4729025000,경상북도,경산시,하양읍,29669
2022,4729025300,경상북도,경산시,진량읍,34876
2022,4729025600,경상북도,경산시,압량읍,20852
2022,4729031000,경상북도,경산시,와촌면,5545
2022,4729033000,경상북도,경산시,자인면,5396
2022,4729034000,경상북도,경산시,용성면,3239
2022,4729035000,경상북도,경산시,남산면,3719
2022,4729037000,경상북도,경산시,남천면,2864
2022,4729051000,경상북도,경산시,중방동,9451
2022,4729052000,경상북도,경산시,중앙동,6269
2022,4729053000,경상북도,경산시,남부동,19703
2022,4729054100,경상북도,경산시,서부1동,34952
2022,4729054200,경상북도,경산시,서부2동,35864
2022,4729055000,경상북도,경산시,북부동,16681
2022,4729056000,경상북도,경산시,동부동,38645
2022,4772025000,경상북도,군위군,군위읍,8275
2022,4772031000,경상북도,군위군,소보면,2296
2022,4772032000,경상북도,군위군,효령면,3821
2022,4772033000,경상북도,군위군,부계면,2093
2022,4772034000,경상북도,군위군,우보면,1971
2022,4772035000,경상북도,군위군,의흥면,2365
2022,4772036000,경상북도,군위군,산성면,1211
2022,4772038000,경상북도,군위군,삼국유사면,1308
2022,4773025000,경상북도,의성군,의성읍,12811
2022,4773031000,경상북도,의성군,단촌면,1910
2022,4773032000,경상북도,의성군,점곡면,1592
2022,4773033000,경상북도,의성군,옥산면,1741
2022,4773034000,경상북도,의성군,사곡면,1559
2022,4773035000,경상북도,의성군,춘산면,1483
2022,4773036000,경상북도,의성군,가음면,1463
2022,4773037000,경상북도,의성군,금성면,4179
2022,4773038000,경상북도,의성군,봉양면,3823
2022,4773039000,경상북도,의성군,비안면,2550
2022,4773040000,경상북도,의성군,구천면,1738
2022,4773041000,경상북도,의성군,단밀면,1664
2022,4773042000,경상북도,의성군,단북면,1757
2022,4773043000,경상북도,의성군,안계면,4440
2022,4773044000,경상북도,의성군,다인면,3711
2022,4773045000,경상북도,의성군,신평면,805
2022,4773046000,경상북도,의성군,안평면,2122
2022,4773047000,경상북도,의성군,안사면,838
2022,4775025000,경상북도,청송군,청송읍,5085
2022,4775031500,경상북도,청송군,주왕산면,1789
2022,4775032000,경상북도,청송군,부남면,2424
2022,4775033000,경상북도,청송군,현동면,2062
2022,4775034000,경상북도,청송군,현서면,2461
2022,4775035000,경상북도,청송군,안덕면,2530
2022,4775036000,경상북도,청송군,파천면,1738
2022,4775037000,경상북도,청송군,진보면,6206
2022,4776025000,경상북도,영양군,영양읍,7025
2022,4776031000,경상북도,영양군,입암면,2049
2022,4776032000,경상북도,영양군,청기면,1635
2022,4776033000,경상북도,영양군,일월면,1708
2022,4776034000,경상북도,영양군,수비면,1635
2022,4776035000,경상북도,영양군,석보면,1970
2022,4777025000,경상북도,영덕군,영덕읍,10580
2022,4777031000,경상북도,영덕군,강구면,5896
2022,4777032000,경상북도,영덕군,남정면,2269
2022,4777033000,경상북도,영덕군,달산면,1097
2022,4777034000,경상북도,영덕군,지품면,1424
2022,4777034500,경상북도,영덕군,지품면원전출장소,523
2022,4777035000,경상북도,영덕군,축산면,893
2022,4777035500,경상북도,영덕군,축산면축산출장소,1582
2022,4777036000,경상북도,영덕군,영해면,6159
2022,4777037000,경상북도,영덕군,병곡면,2670
2022,4777038000,경상북도,영덕군,창수면,1557
2022,4782025000,경상북도,청도군,화양읍,7184
2022,4782025100,경상북도,청도군,화양읍남성현출장소,1098
2022,4782025300,경상북도,청도군,청도읍,10071
2022,4782025400,경상북도,청도군,청도읍유호출장소,1546
2022,4782031000,경상북도,청도군,각남면,2160
2022,4782032000,경상북도,청도군,풍각면,3809
2022,4782033000,경상북도,청도군,각북면,2276
2022,4782034000,경상북도,청도군,이서면,4504
2022,4782035000,경상북도,청도군,운문면,2008
2022,4782036000,경상북도,청도군,금천면,3222
2022,4782037000,경상북도,청도군,매전면,3736
2022,4783025300,경상북도,고령군,대가야읍,9827
2022,4783031000,경상북도,고령군,덕곡면,1392
2022,4783032000,경상북도,고령군,운수면,1772
2022,4783033000,경상북도,고령군,성산면,2509
2022,4783034000,경상북도,고령군,다산면,8144
2022,4783035000,경상북도,고령군,개진면,1893
2022,4783036000,경상북도,고령군,우곡면,1552
2022,4783037000,경상북도,고령군,쌍림면,3264
2022,4784025000,경상북도,성주군,성주읍,13376
2022,4784031000,경상북도,성주군,선남면,6110
2022,4784032000,경상북도,성주군,용암면,3648
2022,4784033000,경상북도,성주군,수륜면,3214
2022,4784034000,경상북도,성주군,가천면,1984
2022,4784035000,경상북도,성주군,금수면,1196
2022,4784036000,경상북도,성주군,대가면,2349
2022,4784037000,경상북도,성주군,벽진면,3015
2022,4784038000,경상북도,성주군,초전면,4402
2022,4784039000,경상북도,성주군,월항면,3272
2022,4785025000,경상북도,칠곡군,왜관읍,32114
2022,4785025300,경상북도,칠곡군,북삼읍,24161
2022,4785025600,경상북도,칠곡군,석적읍,31327
2022,4785031000,경상북도,칠곡군,지천면,3956
2022,4785032000,경상북도,칠곡군,동명면,5226
2022,4785033000,경상북도,칠곡군,가산면,3357
2022,4785036000,경상북도,칠곡군,약목면,9255
2022,4785037000,경상북도,칠곡군,기산면,3091
2022,4790025000,경상북도,예천군,예천읍,14333
2022,4790031000,경상북도,예천군,용문면,2234
2022,4790034000,경상북도,예천군,감천면,2557
2022,4790035000,경상북도,예천군,보문면,1641
2022,4790036000,경상북도,예천군,호명면,20550
2022,4790037000,경상북도,예천군,유천면,2517
2022,4790038000,경상북도,예천군,용궁면,2348
2022,4790039000,경상북도,예천군,개포면,1485
2022,4790040000,경상북도,예천군,지보면,2626
2022,4790041000,경상북도,예천군,풍양면,2955
2022,4790042000,경상북도,예천군,효자면,1183
2022,4790043000,경상북도,예천군,은풍면,1326
2022,4792025000,경상북도,봉화군,봉화읍,9507
2022,4792031000,경상북도,봉화군,물야면,3005
2022,4792032000,경상북도,봉화군,봉성면,2035
2022,4792033000,경상북도,봉화군,법전면,1945
2022,4792034000,경상북도,봉화군,춘양면,4323
2022,4792035000,경상북도,봉화군,소천면,2113
2022,4792036000,경상북도,봉화군,재산면,1430
2022,4792037000,경상북도,봉화군,명호면,2198
2022,4792038000,경상북도,봉화군,상운면,1676
2022,4792039000,경상북도,봉화군,석포면,1907
2022,4793025000,경상북도,울진군,울진읍,13621
2022,4793025300,경상북도,울진군,평해읍,2618
2022,4793031000,경상북도,울진군,북면,6797
2022,4793031500,경상북도,울진군,북면하당출장소,673
2022,4793033000,경상북도,울진군,근남면,2728
2022,4793035000,경상북도,울진군,기성면,2367
2022,4793036000,경상북도,울진군,온정면,1618
2022,4793037000,경상북도,울진군,죽변면,6151
2022,4793038000,경상북도,울진군,후포면,7267
2022,4793039000,경상북도,울진군,금강송면,1227
2022,4793040000,경상북도,울진군,매화면,1963
2022,4794025000,경상북도,울릉군,울릉읍,6371
2022,4794031000,경상북도,울릉군,서면,901
2022,4794031500,경상북도,울릉군,서면태하출장소,444
2022,4794032000,경상북도,울릉군,북면,1280
2022,4812125000,경상남도,창원시 의창구,동읍,19391
2022,4812131000,경상남도,창원시 의창구,북면,43092
2022,4812132000,경상남도,창원시 의창구,대산면,6956
2022,4812151000,경상남도,창원시 의창구,의창동,50093
2022,4812152000,경상남도,창원시 의창구,팔룡동,25757
2022,4812153000,경상남도,창원시 의창구,명곡동,40556
2022,4812154000,경상남도,창원시 의창구,봉림동,29978
2022,4812351000,경상남도,창원시 성산구,반송동,40120
2022,4812351500,경상남도,창원시 성산구,용지동,27350
2022,4812352000,경상남도,창원시 성산구,중앙동,34573
2022,4812353000,경상남도,창원시 성산구,상남동,27198
2022,4812354000,경상남도,창원시 성산구,사파동,46259
2022,4812355000,경상남도,창원시 성산구,가음정동,39585
2022,4812356000,경상남도,창원시 성산구,성주동,25927
2022,4812357000,경상남도,창원시 성산구,웅남동,7500
2022,4812531000,경상남도,창원시 마산합포구,구산면,4114
2022,4812532000,경상남도,창원시 마산합포구,진동면,11903
2022,4812533000,경상남도,창원시 마산합포구,진북면,3309
2022,4812534000,경상남도,창원시 마산합포구,진전면,3770
2022,4812551000,경상남도,창원시 마산합포구,현동,13916
2022,4812552000,경상남도,창원시 마산합포구,가포동,2236
2022,4812553000,경상남도,창원시 마산합포구,월영동,42156
2022,4812554000,경상남도,창원시 마산합포구,문화동,11110
2022,4812556500,경상남도,창원시 마산합포구,반월중앙동,13964
2022,4812557000,경상남도,창원시 마산합포구,완월동,8846
2022,4812558000,경상남도,창원시 마산합포구,자산동,10018
2022,4812561000,경상남도,창원시 마산합포구,교방동,16001
2022,4812563000,경상남도,창원시 마산합포구,오동동,19076
2022,4812564000,경상남도,창원시 마산합포구,합포동,7053
2022,4812565000,경상남도,창원시 마산합포구,산호동,12024
2022,4812725000,경상남도,창원시 마산회원구,내서읍,62429
2022,4812751000,경상남도,창원시 마산회원구,회원1동,10023
2022,4812752000,경상남도,창원시 마산회원구,회원2동,9928
2022,4812754500,경상남도,창원시 마산회원구,석전동,16634
2022,4812755000,경상남도,창원시 마산회원구,회성동,5770
2022,4812756000,경상남도,창원시 마산회원구,양덕1동,10785
2022,4812757000,경상남도,창원시 마산회원구,양덕2동,30715
2022,4812758000,경상남도,창원시 마산회원구,합성1동,9020
2022,4812759000,경상남도,창원시 마산회원구,합성2동,7374
2022,4812760000,경상남도,창원시 마산회원구,구암1동,8673
2022,4812761000,경상남도,창원시 마산회원구,구암2동,9207
2022,4812762000,경상남도,창원시 마산회원구,봉암동,3104
2022,4812953000,경상남도,창원시 진해구,충무동,16454
2022,4812954000,경상남도,창원시 진해구,여좌동,8340
2022,4812955000,경상남도,창원시 진해구,태백동,3726
2022,4812956000,경상남도,창원시 진해구,경화동,10928
2022,4812957000,경상남도,창원시 진해구,병암동,7301
2022,4812958000,경상남도,창원시 진해구,석동,17475
2022,4812959000,경상남도,창원시 진해구,이동,8501
2022,4812960000,경상남도,창원시 진해구,자은동,20931
2022,4812961000,경상남도,창원시 진해구,덕산동,9922
2022,4812962000,경상남도,창원시 진해구,풍호동,25345
2022,4812963000,경상남도,창원시 진해구,웅천동,13020
2022,4812964000,경상남도,창원시 진해구,웅동1동,7878
2022,4812965000,경상남도,창원시 진해구,웅동2동,44173
2022,4817025000,경상남도,진주시,문산읍,7936
2022,4817031000,경상남도,진주시,내동면,3999
2022,4817032000,경상남도,진주시,정촌면,8763
2022,4817033000,경상남도,진주시,금곡면,2140
2022,4817035000,경상남도,진주시,진성면,1842
2022,4817036000,경상남도,진주시,일반성면,2533
2022,4817037000,경상남도,진주시,이반성면,1558
2022,4817038000,경상남도,진주시,사봉면,1485
2022,4817039000,경상남도,진주시,지수면,1383
2022,4817040000,경상남도,진주시,대곡면,3078
2022,4817041000,경상남도,진주시,금산면,20516
2022,4817042000,경상남도,진주시,집현면,4533
2022,4817043000,경상남도,진주시,미천면,1544
2022,4817044000,경상남도,진주시,명석면,3931
2022,4817045000,경상남도,진주시,대평면,1006
2022,4817046000,경상남도,진주시,수곡면,2168
2022,4817051500,경상남도,진주시,천전동,27595
2022,4817055500,경상남도,진주시,성북동,10042
2022,4817056500,경상남도,진주시,중앙동,10823
2022,4817059500,경상남도,진주시,상봉동,13444
2022,4817067300,경상남도,진주시,상대동,19028
2022,4817067800,경상남도,진주시,하대동,23732
2022,4817068000,경상남도,진주시,상평동,11297
2022,4817069500,경상남도,진주시,초장동,26460
2022,4817071000,경상남도,진주시,평거동,26812
2022,4817071500,경상남도,진주시,신안동,11344
2022,4817072000,경상남도,진주시,이현동,11502
2022,4817073000,경상남도,진주시,판문동,20793
2022,4817074000,경상남도,진주시,가호동,29259
2022,4817075000,경상남도,진주시,충무공동,33236
2022,4822025000,경상남도,통영시,산양읍,4404
2022,4822031000,경상남도,통영시,용남면,12109
2022,4822033000,경상남도,통영시,도산면,2764
2022,4822034000,경상남도,통영시,광도면,30820
2022,4822035000,경상남도,통영시,욕지면,1934
2022,4822036000,경상남도,통영시,한산면,1889
2022,4822037000,경상남도,통영시,사량면,1393
2022,4822051000,경상남도,통영시,도천동,8507
2022,4822053000,경상남도,통영시,명정동,2698
2022,4822055000,경상남도,통영시,중앙동,3643
2022,4822059000,경상남도,통영시,정량동,8438
2022,4822060000,경상남도,통영시,북신동,10151
2022,4822066500,경상남도,통영시,미수동,10734
2022,4822067000,경상남도,통영시,봉평동,9787
2022,4822070000,경상남도,통영시,무전동,13410
2022,4824025000,경상남도,사천시,사천읍,17782
2022,4824031000,경상남도,사천시,정동면,13948
2022,4824032000,경상남도,사천시,사남면,15415
2022,4824033000,경상남도,사천시,용현면,7255
2022,4824034000,경상남도,사천시,축동면,1513
2022,4824035000,경상남도,사천시,곤양면,3244
2022,4824036000,경상남도,사천시,곤명면,2752
2022,4824037000,경상남도,사천시,서포면,3422
2022,4824051000,경상남도,사천시,동서동,5651
2022,4824052000,경상남도,사천시,선구동,4839
2022,4824053000,경상남도,사천시,동서금동,6213
2022,4824055000,경상남도,사천시,벌용동,15266
2022,4824057000,경상남도,사천시,향촌동,6784
2022,4824059500,경상남도,사천시,남양동,5048
2022,4824089000,경상남도,사천시,신수출장소,237
2022,4825025000,경상남도,김해시,진영읍,55212
2022,4825032000,경상남도,김해시,주촌면,18986
2022,4825033000,경상남도,김해시,진례면,6127
2022,4825034000,경상남도,김해시,한림면,7002
2022,4825035000,경상남도,김해시,생림면,3669
2022,4825036000,경상남도,김해시,상동면,3110
2022,4825037000,경상남도,김해시,대동면,5463
2022,4825051000,경상남도,김해시,동상동,9329
2022,4825052000,경상남도,김해시,회현동,8678
2022,4825053000,경상남도,김해시,부원동,9488
2022,4825054000,경상남도,김해시,내외동,72774
2022,4825055000,경상남도,김해시,북부동,82392
2022,4825056500,경상남도,김해시,칠산서부동,9245
2022,4825058000,경상남도,김해시,활천동,38857
2022,4825059000,경상남도,김해시,삼안동,31761
2022,4825060000,경상남도,김해시,불암동,7190
2022,4825061000,경상남도,김해시,장유1동,55943
2022,4825062000,경상남도,김해시,장유2동,35945
2022,4825063000,경상남도,김해시,장유3동,73958
2022,4827025000,경상남도,밀양시,삼랑진읍,5120
2022,4827025100,경상남도,밀양시,삼랑진임천출장소,1227
2022,4827025300,경상남도,밀양시,하남읍,6907
2022,4827031000,경상남도,밀양시,부북면,5026
2022,4827032000,경상남도,밀양시,상동면,3064
2022,4827033000,경상남도,밀양시,산외면,2766
2022,4827034000,경상남도,밀양시,산내면,3766
2022,4827035000,경상남도,밀양시,단장면,4255
2022,4827036000,경상남도,밀양시,상남면,8009
2022,4827037000,경상남도,밀양시,초동면,3372
2022,4827038000,경상남도,밀양시,무안면,4839
2022,4827039000,경상남도,밀양시,청도면,1734
2022,4827051000,경상남도,밀양시,내일동,2568
2022,4827052000,경상남도,밀양시,내이동,17131
2022,4827053000,경상남도,밀양시,삼문동,19858
2022,4827054000,경상남도,밀양시,가곡동,7617
2022,4827055000,경상남도,밀양시,교동,5686
2022,4831031000,경상남도,거제시,일운면,8121
2022,4831032000,경상남도,거제시,동부면,3010
2022,4831033000,경상남도,거제시,남부면,1523
2022,4831034000,경상남도,거제시,거제면,7193
2022,4831035000,경상남도,거제시,둔덕면,2755
2022,4831036000,경상남도,거제시,사등면,11470
2022,4831036600,경상남도,거제시,사등면가조출장소,1069
2022,4831037000,경상남도,거제시,연초면,7790
2022,4831038000,경상남도,거제시,하청면,3370
2022,4831038500,경상남도,거제시,하청면칠천출장소,1038
2022,4831039000,경상남도,거제시,장목면,2984
2022,4831039500,경상남도,거제시,장목면외포출장소,1335
2022,4831051000,경상남도,거제시,장승포동,5597
2022,4831053000,경상남도,거제시,능포동,8894
2022,4831054000,경상남도,거제시,아주동,26520
2022,4831055000,경상남도,거제시,옥포1동,6898
2022,4831056000,경상남도,거제시,옥포2동,25176
2022,4831057000,경상남도,거제시,장평동,20735
2022,4831058000,경상남도,거제시,고현동,34428
2022,4831059000,경상남도,거제시,상문동,33457
2022,4831060000,경상남도,거제시,수양동,23299
2022,4833025300,경상남도,양산시,물금읍,120552
2022,4833031000,경상남도,양산시,동면,39684
2022,4833032000,경상남도,양산시,원동면,3336
2022,4833033000,경상남도,양산시,상북면,12298
2022,4833034000,경상남도,양산시,하북면,7884
2022,4833051000,경상남도,양산시,중앙동,11181
2022,4833051500,경상남도,양산시,양주동,32190
2022,4833052000,경상남도,양산시,삼성동,21229
2022,4833053000,경상남도,양산시,강서동,8781
2022,4833054000,경상남도,양산시,서창동,28013
2022,4833055000,경상남도,양산시,소주동,20019
2022,4833056000,경상남도,양산시,평산동,30408
2022,4833057000,경상남도,양산시,덕계동,18217
2022,4872025000,경상남도,의령군,의령읍,9344
2022,4872031000,경상남도,의령군,가례면,1651
2022,4872032000,경상남도,의령군,칠곡면,1127
2022,4872033000,경상남도,의령군,대의면,1035
2022,4872034000,경상남도,의령군,화정면,1486
2022,4872035000,경상남도,의령군,용덕면,1491
2022,4872036000,경상남도,의령군,정곡면,1405
2022,4872037000,경상남도,의령군,지정면,1812
2022,4872038000,경상남도,의령군,낙서면,716
2022,4872039000,경상남도,의령군,부림면,2764
2022,4872040000,경상남도,의령군,봉수면,985
2022,4872041500,경상남도,의령군,궁류면,1121
2022,4872042000,경상남도,의령군,유곡면,1124
2022,4873025000,경상남도,함안군,가야읍,17811
2022,4873025300,경상남도,함안군,칠원읍,18714
2022,4873031000,경상남도,함안군,함안면,2371
2022,4873032000,경상남도,함안군,군북면,5881
2022,4873033000,경상남도,함안군,법수면,2766
2022,4873034000,경상남도,함안군,대산면,3293
2022,4873035000,경상남도,함안군,칠서면,5170
2022,4873036000,경상남도,함안군,칠북면,1875
2022,4873038000,경상남도,함안군,산인면,2672
2022,4873039000,경상남도,함안군,여항면,903
2022,4874025000,경상남도,창녕군,창녕읍,16185
2022,4874025300,경상남도,창녕군,남지읍,11841
2022,4874031000,경상남도,창녕군,고암면,1785
2022,4874032000,경상남도,창녕군,성산면,1587
2022,4874033000,경상남도,창녕군,대합면,3692
2022,4874034000,경상남도,창녕군,이방면,2372
2022,4874035000,경상남도,창녕군,유어면,1700
2022,4874036000,경상남도,창녕군,대지면,2396
2022,4874037000,경상남도,창녕군,계성면,2233
2022,4874038000,경상남도,창녕군,영산면,5135
2022,4874039000,경상남도,창녕군,장마면,1842
2022,4874040000,경상남도,창녕군,도천면,2634
2022,4874041000,경상남도,창녕군,길곡면,1482
2022,4874042000,경상남도,창녕군,부곡면,3488
2022,4882025000,경상남도,고성군,고성읍,23919
2022,4882031000,경상남도,고성군,삼산면,1756
2022,4882032000,경상남도,고성군,하일면,1797
2022,4882033000,경상남도,고성군,하이면,2618
2022,4882034000,경상남도,고성군,상리면,1601
2022,4882035000,경상남도,고성군,대가면,1651
2022,4882036000,경상남도,고성군,영현면,871
2022,4882037000,경상남도,고성군,영오면,1414
2022,4882038000,경상남도,고성군,개천면,1110
2022,4882039000,경상남도,고성군,구만면,1032
2022,4882040000,경상남도,고성군,회화면,3537
2022,4882041000,경상남도,고성군,마암면,1739
2022,4882042000,경상남도,고성군,동해면,3096
2022,4882043000,경상남도,고성군,거류면,4307
2022,4884025000,경상남도,남해군,남해읍,12848
2022,4884031000,경상남도,남해군,이동면,3704
2022,4884032000,경상남도,남해군,상주면,1615
2022,4884033000,경상남도,남해군,삼동면,3817
2022,4884034000,경상남도,남해군,미조면,2164
2022,4884035000,경상남도,남해군,남면,3380
2022,4884036000,경상남도,남해군,서면,2499
2022,4884037000,경상남도,남해군,고현면,3399
2022,4884038000,경상남도,남해군,설천면,2731
2022,4884039000,경상남도,남해군,창선면,5422
2022,4885025000,경상남도,하동군,하동읍,9570
2022,4885031000,경상남도,하동군,화개면,2981
2022,4885032000,경상남도,하동군,악양면,3442
2022,4885033000,경상남도,하동군,적량면,1852
2022,4885034000,경상남도,하동군,횡천면,1824
2022,4885035000,경상남도,하동군,고전면,2110
2022,4885036000,경상남도,하동군,금남면,3278
2022,4885037000,경상남도,하동군,진교면,5766
2022,4885038000,경상남도,하동군,양보면,1664
2022,4885039000,경상남도,하동군,북천면,1599
2022,4885040000,경상남도,하동군,청암면,1375
2022,4885041000,경상남도,하동군,옥종면,4176
2022,4885042000,경상남도,하동군,금성면,2828
2022,4886025000,경상남도,산청군,산청읍,6672
2022,4886031000,경상남도,산청군,차황면,1381
2022,4886032000,경상남도,산청군,오부면,1043
2022,4886033000,경상남도,산청군,생초면,1954
2022,4886034000,경상남도,산청군,금서면,2826
2022,4886035000,경상남도,산청군,삼장면,1796
2022,4886036000,경상남도,산청군,시천면,4015
2022,4886037000,경상남도,산청군,단성면,5633
2022,4886038000,경상남도,산청군,신안면,5543
2022,4886039000,경상남도,산청군,생비량면,1140
2022,4886040000,경상남도,산청군,신등면,2025
2022,4887025000,경상남도,함양군,함양읍,17888
2022,4887031000,경상남도,함양군,마천면,2069
2022,4887032000,경상남도,함양군,휴천면,1492
2022,4887033000,경상남도,함양군,유림면,1631
2022,4887034000,경상남도,함양군,수동면,2283
2022,4887035000,경상남도,함양군,지곡면,2013
2022,4887036000,경상남도,함양군,안의면,4329
2022,4887037000,경상남도,함양군,서하면,1372
2022,4887038000,경상남도,함양군,서상면,1768
2022,4887039000,경상남도,함양군,백전면,1573
2022,4887040000,경상남도,함양군,병곡면,1290
2022,4888025000,경상남도,거창군,거창읍,39933
2022,4888031000,경상남도,거창군,주상면,1537
2022,4888032000,경상남도,거창군,웅양면,1815
2022,4888033000,경상남도,거창군,고제면,1389
2022,4888034000,경상남도,거창군,북상면,1543
2022,4888035000,경상남도,거창군,위천면,1954
2022,4888036000,경상남도,거창군,마리면,1989
2022,4888037000,경상남도,거창군,남상면,2311
2022,4888038000,경상남도,거창군,남하면,1421
2022,4888039000,경상남도,거창군,신원면,1538
2022,4888040000,경상남도,거창군,가조면,3594
2022,4888041000,경상남도,거창군,가북면,1363
2022,4889025000,경상남도,합천군,합천읍,11005
2022,4889031000,경상남도,합천군,봉산면,1396
2022,4889032000,경상남도,합천군,묘산면,1508
2022,4889033000,경상남도,합천군,가야면,4077
2022,4889034000,경상남도,합천군,야로면,2322
2022,4889035000,경상남도,합천군,율곡면,2180
2022,4889036000,경상남도,합천군,초계면,2303
2022,4889037000,경상남도,합천군,쌍책면,1216
2022,4889038000,경상남도,합천군,덕곡면,828
2022,4889039000,경상남도,합천군,청덕면,1570
2022,4889040000,경상남도,합천군,적중면,1339
2022,4889041000,경상남도,합천군,대양면,1770
2022,4889042000,경상남도,합천군,쌍백면,1714
2022,4889043000,경상남도,합천군,삼가면,3090
2022,4889044000,경상남도,합천군,가회면,1744
2022,4889045000,경상남도,합천군,대병면,1934
2022,4889046000,경상남도,합천군,용주면,2146
2022,5011025000,제주특별자치도,제주시,한림읍,21027
2022,5011025300,제주특별자치도,제주시,애월읍,37697
2022,5011025600,제주특별자치도,제주시,구좌읍,15381
2022,5011025900,제주특별자치도,제주시,조천읍,25788
2022,5011031000,제주특별자치도,제주시,한경면,9502
2022,5011032000,제주특별자치도,제주시,추자면,1574
2022,5011033000,제주특별자치도,제주시,우도면,1666
2022,5011051000,제주특별자치도,제주시,일도1동,2303
2022,5011052000,제주특별자치도,제주시,일도2동,31953
2022,5011053000,제주특별자치도,제주시,이도1동,7659
2022,5011054000,제주특별자치도,제주시,이도2동,49263
2022,5011055000,제주특별자치도,제주시,삼도1동,13209
2022,5011056000,제주특별자치도,제주시,삼도2동,7828
2022,5011057000,제주특별자치도,제주시,용담1동,6834
2022,5011058000,제주특별자치도,제주시,용담2동,14137
2022,5011059000,제주특별자치도,제주시,건입동,8866
2022,5011060000,제주특별자치도,제주시,화북동,23764
2022,5011061000,제주특별자치도,제주시,삼양동,26339
2022,5011062000,제주특별자치도,제주시,봉개동,5270
2022,5011063000,제주특별자치도,제주시,아라동,39137
2022,5011064000,제주특별자치도,제주시,오라동,15975
2022,5011065000,제주특별자치도,제주시,연동,42413
2022,5011066000,제주특별자치도,제주시,노형동,55693
2022,5011067000,제주특별자치도,제주시,외도동,22421
2022,5011068000,제주특별자치도,제주시,이호동,4416
2022,5011069000,제주특별자치도,제주시,도두동,3274
2022,5013025000,제주특별자치도,서귀포시,대정읍,22262
2022,5013025300,제주특별자치도,서귀포시,남원읍,18498
2022,5013025900,제주특별자치도,서귀포시,성산읍,15427
2022,5013031000,제주특별자치도,서귀포시,안덕면,12414
2022,5013032000,제주특별자치도,서귀포시,표선면,12526
2022,5013051000,제주특별자치도,서귀포시,송산동,3904
2022,5013052000,제주특별자치도,서귀포시,정방동,2136
2022,5013053000,제주특별자치도,서귀포시,중앙동,3205
2022,5013054000,제주특별자치도,서귀포시,천지동,3465
2022,5013055000,제주특별자치도,서귀포시,효돈동,5311
2022,5013056000,제주특별자치도,서귀포시,영천동,5302
2022,5013057000,제주특별자치도,서귀포시,동홍동,23514
2022,5013058000,제주특별자치도,서귀포시,서홍동,11231
2022,5013059000,제주특별자치도,서귀포시,대륜동,15602
2022,5013060000,제주특별자치도,서귀포시,대천동,13796
2022,5013061000,제주특별자치도,서귀포시,중문동,12302
2022,5013062000,제주특별자치도,서귀포시,예래동,3875
2023,1111051500,서울특별시,종로구,청운효자동,11349
2023,1111053000,서울특별시,종로구,사직동,8998
2023,1111054000,서울특별시,종로구,삼청동,2248
2023,1111055000,서울특별시,종로구,부암동,9085
2023,1111056000,서울특별시,종로구,평창동,17387
2023,1111057000,서울특별시,종로구,무악동,7961
2023,1111058000,서울특별시,종로구,교남동,9715
2023,1111060000,서울특별시,종로구,가회동,3860
2023,1111061500,서울특별시,종로구,종로1.2.3.4가동,6683
2023,1111063000,서울특별시,종로구,종로5.6가동,5384
2023,1111064000,서울특별시,종로구,이화동,6899
2023,1111065000,서울특별시,종로구,혜화동,15869
2023,1111067000,서울특별시,종로구,창신제1동,4521
2023,1111068000,서울특별시,종로구,창신제2동,7510
2023,1111069000,서울특별시,종로구,창신제3동,6345
2023,1111070000,서울특별시,종로구,숭인제1동,5782
2023,1111071000,서울특별시,종로구,숭인제2동,9821
2023,1114052000,서울특별시,중구,소공동,2185
2023,1114054000,서울특별시,중구,회현동,4394
2023,1114055000,서울특별시,중구,명동,2595
2023,1114057000,서울특별시,중구,필동,4012
2023,1114058000,서울특별시,중구,장충동,4548
2023,1114059000,서울특별시,중구,광희동,5790
2023,1114060500,서울특별시,중구,을지로동,3028
2023,1114061500,서울특별시,중구,신당동,7417
2023,1114062500,서울특별시,중구,다산동,13320
2023,1114063500,서울특별시,중구,약수동,16108
2023,1114064500,서울특별시,중구,청구동,12971
2023,1114065000,서울특별시,중구,신당제5동,10161
2023,1114066500,서울특별시,중구,동화동,9938
2023,1114067000,서울특별시,중구,황학동,12697
2023,1114068000,서울특별시,중구,중림동,12148
2023,1117051000,서울특별시,용산구,후암동,15998
2023,1117052000,서울특별시,용산구,용산2가동,8912
2023,1117053000,서울특별시,용산구,남영동,6829
2023,1117055500,서울특별시,용산구,청파동,18843
2023,1117056000,서울특별시,용산구,원효로제1동,17007
2023,1117057000,서울특별시,용산구,원효로제2동,13636
2023,1117058000,서울특별시,용산구,효창동,10685
2023,1117059000,서울특별시,용산구,용문동,11407
2023,1117062500,서울특별시,용산구,한강로동,21016
2023,1117063000,서울특별시,용산구,이촌제1동,24933
2023,1117064000,서울특별시,용산구,이촌제2동,7868
2023,1117065000,서울특별시,용산구,이태원제1동,6020
2023,1117066000,서울특별시,용산구,이태원제2동,8663
2023,1117068500,서울특별시,용산구,한남동,17755
2023,1117069000,서울특별시,용산구,서빙고동,12432
2023,1117070000,서울특별시,용산구,보광동,11147
2023,1120052000,서울특별시,성동구,왕십리제2동,16095
2023,1120053500,서울특별시,성동구,왕십리도선동,26269
2023,1120054000,서울특별시,성동구,마장동,21573
2023,1120055000,서울특별시,성동구,사근동,11947
2023,1120056000,서울특별시,성동구,행당제1동,13685
2023,1120057000,서울특별시,성동구,행당제2동,22851
2023,1120058000,서울특별시,성동구,응봉동,14941
2023,1120059000,서울특별시,성동구,금호1가동,14745
2023,1120061500,서울특별시,성동구,금호2.3가동,21953
2023,1120062000,서울특별시,성동구,금호4가동,14154
2023,1120064500,서울특별시,성동구,옥수동,25402
2023,1120065000,서울특별시,성동구,성수1가제1동,15392
2023,1120066000,서울특별시,성동구,성수1가제2동,11943
2023,1120067000,서울특별시,성동구,성수2가제1동,14605
2023,1120069000,서울특별시,성동구,성수2가제3동,10047
2023,1120072000,서울특별시,성동구,송정동,9720
2023,1120079000,서울특별시,성동구,용답동,12039
2023,1121571000,서울특별시,광진구,화양동,23193
2023,1121573000,서울특별시,광진구,군자동,19070
2023,1121574000,서울특별시,광진구,중곡제1동,15239
2023,1121575000,서울특별시,광진구,중곡제2동,20521
2023,1121576000,서울특별시,광진구,중곡제3동,15727
2023,1121577000,서울특별시,광진구,중곡제4동,27594
2023,1121578000,서울특별시,광진구,능동,11097
2023,1121581000,서울특별시,광진구,광장동,33971
2023,1121582000,서울특별시,광진구,자양제1동,21833
2023,1121583000,서울특별시,광진구,자양제2동,23628
2023,1121584000,서울특별시,광진구,자양제3동,27221
2023,1121584700,서울특별시,광진구,자양제4동,19883
2023,1121585000,서울특별시,광진구,구의제1동,23127
2023,1121586000,서울특별시,광진구,구의제2동,25610
2023,1121587000,서울특별시,광진구,구의제3동,27840
2023,1123053600,서울특별시,동대문구,용신동,38410
2023,1123054500,서울특별시,동대문구,제기동,23014
2023,1123056000,서울특별시,동대문구,전농제1동,32157
2023,1123057000,서울특별시,동대문구,전농제2동,17958
2023,1123060000,서울특별시,동대문구,답십리제1동,27843
2023,1123061000,서울특별시,동대문구,답십리제2동,27513
2023,1123065000,서울특별시,동대문구,장안제1동,37386
2023,1123066000,서울특별시,동대문구,장안제2동,32692
2023,1123070500,서울특별시,동대문구,청량리동,18742
2023,1123071000,서울특별시,동대문구,회기동,10394
2023,1123072000,서울특별시,동대문구,휘경제1동,13712
2023,1123073000,서울특별시,동대문구,휘경제2동,24164
2023,1123074000,서울특별시,동대문구,이문제1동,17764
2023,1123075000,서울특별시,동대문구,이문제2동,19400
2023,1126052000,서울특별시,중랑구,면목제2동,23603
2023,1126054000,서울특별시,중랑구,면목제4동,18155
2023,1126055000,서울특별시,중랑구,면목제5동,14598
2023,1126056500,서울특별시,중랑구,면목본동,32791
2023,1126057000,서울특별시,중랑구,면목제7동,21225
2023,1126057500,서울특별시,중랑구,면목제3.8동,24392
2023,1126058000,서울특별시,중랑구,상봉제1동,23194
2023,1126059000,서울특별시,중랑구,상봉제2동,20304
2023,1126060000,서울특별시,중랑구,중화제1동,18706
2023,1126061000,서울특별시,중랑구,중화제2동,23853
2023,1126062000,서울특별시,중랑구,묵제1동,33700
2023,1126063000,서울특별시,중랑구,묵제2동,18061
2023,1126065500,서울특별시,중랑구,망우본동,36461
2023,1126066000,서울특별시,중랑구,망우제3동,15659
2023,1126068000,서울특별시,중랑구,신내1동,37766
2023,1126069000,서울특별시,중랑구,신내2동,19687
2023,1129052500,서울특별시,성북구,성북동,15925
2023,1129055500,서울특별시,성북구,삼선동,22198
2023,1129057500,서울특별시,성북구,동선동,15006
2023,1129058000,서울특별시,성북구,돈암제1동,14265
2023,1129059000,서울특별시,성북구,돈암제2동,23426
2023,1129060000,서울특별시,성북구,안암동,14915
2023,1129061000,서울특별시,성북구,보문동,16170
2023,1129062000,서울특별시,성북구,정릉제1동,17777
2023,1129063000,서울특별시,성북구,정릉제2동,22549
2023,1129064000,서울특별시,성북구,정릉제3동,14935
2023,1129065000,서울특별시,성북구,정릉제4동,24027
2023,1129066000,서울특별시,성북구,길음제1동,34752
2023,1129068500,서울특별시,성북구,길음제2동,21679
2023,1129070500,서울특별시,성북구,종암동,37683
2023,1129071500,서울특별시,성북구,월곡제1동,25579
2023,1129072500,서울특별시,성북구,월곡제2동,18909
2023,1129076000,서울특별시,성북구,장위제1동,23371
2023,1129077000,서울특별시,성북구,장위제2동,13119
2023,1129078000,서울특별시,성북구,장위제3동,15527
2023,1129081000,서울특별시,성북구,석관동,33790
2023,1130553400,서울특별시,강북구,삼양동,22408
2023,1130553500,서울특별시,강북구,미아동,20853
2023,1130554500,서울특별시,강북구,송중동,28623
2023,1130555500,서울특별시,강북구,송천동,24755
2023,1130557500,서울특별시,강북구,삼각산동,30606
2023,1130559500,서울특별시,강북구,번1동,17374
2023,1130560300,서울특별시,강북구,번2동,14875
2023,1130560800,서울특별시,강북구,번3동,16354
2023,1130561500,서울특별시,강북구,수유1동,19860
2023,1130562500,서울특별시,강북구,수유2동,20522
2023,1130563500,서울특별시,강북구,수유3동,22995
2023,1130564500,서울특별시,강북구,우이동,19815
2023,1130566000,서울특별시,강북구,인수동,29073
2023,1132051100,서울특별시,도봉구,창제1동,24042
2023,1132051200,서울특별시,도봉구,창제2동,28183
2023,1132051300,서울특별시,도봉구,창제3동,13193
2023,1132051400,서울특별시,도봉구,창제4동,26173
2023,1132051500,서울특별시,도봉구,창제5동,23881
2023,1132052100,서울특별시,도봉구,도봉제1동,20046
2023,1132052200,서울특별시,도봉구,도봉제2동,25984
2023,1132066000,서울특별시,도봉구,쌍문제1동,20643
2023,1132067000,서울특별시,도봉구,쌍문제2동,17910
2023,1132068000,서울특별시,도봉구,쌍문제3동,16452
2023,1132068100,서울특별시,도봉구,쌍문제4동,18059
2023,1132069000,서울특별시,도봉구,방학제1동,27755
2023,1132070000,서울특별시,도봉구,방학제2동,18545
2023,1132071000,서울특별시,도봉구,방학제3동,26082
2023,1135056000,서울특별시,노원구,월계1동,20551
2023,1135057000,서울특별시,노원구,월계2동,25491
2023,1135058000,서울특별시,노원구,월계3동,28718
2023,1135059500,서울특별시,노원구,공릉1동,35984
2023,1135060000,서울특별시,노원구,공릉2동,41466
2023,1135061100,서울특별시,노원구,하계1동,26140
2023,1135061200,서울특별시,노원구,하계2동,21310
2023,1135061900,서울특별시,노원구,중계본동,23066
2023,1135062100,서울특별시,노원구,중계1동,26326
2023,1135062400,서울특별시,노원구,중계4동,19119
2023,1135062500,서울특별시,노원구,중계2.3동,32500
2023,1135063000,서울특별시,노원구,상계1동,36844
2023,1135064000,서울특별시,노원구,상계2동,19102
2023,1135066500,서울특별시,노원구,상계3.4동,27491
2023,1135067000,서울특별시,노원구,상계5동,23012
2023,1135069500,서울특별시,노원구,상계6.7동,31400
2023,1135070000,서울특별시,노원구,상계8동,21843
2023,1135071000,서울특별시,노원구,상계9동,19665
2023,1135072000,서울특별시,노원구,상계10동,18185
2023,1138051000,서울특별시,은평구,녹번동,36111
2023,1138052000,서울특별시,은평구,불광제1동,37439
2023,1138053000,서울특별시,은평구,불광제2동,26738
2023,1138055100,서울특별시,은평구,갈현제1동,14482
2023,1138055200,서울특별시,은평구,갈현제2동,27441
2023,1138056000,서울특별시,은평구,구산동,31453
2023,1138057000,서울특별시,은평구,대조동,27369
2023,1138058000,서울특별시,은평구,응암제1동,32658
2023,1138059000,서울특별시,은평구,응암제2동,27344
2023,1138060000,서울특별시,은평구,응암제3동,23444
2023,1138062500,서울특별시,은평구,역촌동,43804
2023,1138063100,서울특별시,은평구,신사제1동,26472
2023,1138063200,서울특별시,은평구,신사제2동,18934
2023,1138064000,서울특별시,은평구,증산동,18258
2023,1138065000,서울특별시,은평구,수색동,20441
2023,1138069000,서울특별시,은평구,진관동,54382
2023,1141052000,서울특별시,서대문구,천연동,16586
2023,1141055500,서울특별시,서대문구,북아현동,15441
2023,1141056500,서울특별시,서대문구,충현동,19682
2023,1141058500,서울특별시,서대문구,신촌동,20240
2023,1141061500,서울특별시,서대문구,연희동,33990
2023,1141062000,서울특별시,서대문구,홍제제1동,24702
2023,1141064000,서울특별시,서대문구,홍제제3동,17690
2023,1141065500,서울특별시,서대문구,홍제제2동,13183
2023,1141066000,서울특별시,서대문구,홍은제1동,22176
2023,1141068500,서울특별시,서대문구,홍은제2동,28524
2023,1141069000,서울특별시,서대문구,남가좌제1동,16694
2023,1141070000,서울특별시,서대문구,남가좌제2동,29081
2023,1141071000,서울특별시,서대문구,북가좌제1동,17568
2023,1141072000,서울특별시,서대문구,북가좌제2동,30674
2023,1144055500,서울특별시,마포구,아현동,28782
2023,1144056500,서울특별시,마포구,공덕동,36481
2023,1144058500,서울특별시,마포구,도화동,20640
2023,1144059000,서울특별시,마포구,용강동,21246
2023,1144060000,서울특별시,마포구,대흥동,14411
2023,1144061000,서울특별시,마포구,염리동,16841
2023,1144063000,서울특별시,마포구,신수동,22092
2023,1144065500,서울특별시,마포구,서강동,24572
2023,1144066000,서울특별시,마포구,서교동,24061
2023,1144068000,서울특별시,마포구,합정동,16338
2023,1144069000,서울특별시,마포구,망원제1동,19159
2023,1144070000,서울특별시,마포구,망원제2동,17922
2023,1144071000,서울특별시,마포구,연남동,14227
2023,1144072000,서울특별시,마포구,성산제1동,18566
2023,1144073000,서울특별시,마포구,성산제2동,38698
2023,1144074000,서울특별시,마포구,상암동,29661
2023,1147051000,서울특별시,양천구,목1동,30273
2023,1147052000,서울특별시,양천구,목2동,28872
2023,1147053000,서울특별시,양천구,목3동,21224
2023,1147054000,서울특별시,양천구,목4동,24458
2023,1147055000,서울특별시,양천구,목5동,40705
2023,1147056000,서울특별시,양천구,신월1동,19432
2023,1147057000,서울특별시,양천구,신월2동,20773
2023,1147058000,서울특별시,양천구,신월3동,14286
2023,1147059000,서울특별시,양천구,신월4동,17444
2023,1147060000,서울특별시,양천구,신월5동,13987
2023,1147061000,서울특별시,양천구,신월6동,13872
2023,1147061100,서울특별시,양천구,신월7동,18664
2023,1147062000,서울특별시,양천구,신정1동,19717
2023,1147063000,서울특별시,양천구,신정2동,18774
2023,1147064000,서울특별시,양천구,신정3동,49561
2023,1147065000,서울특별시,양천구,신정4동,31752
2023,1147067000,서울특별시,양천구,신정6동,23961
2023,1147068000,서울특별시,양천구,신정7동,28273
2023,1150051000,서울특별시,강서구,염창동,41359
2023,1150052000,서울특별시,강서구,등촌제1동,24934
2023,1150053000,서울특별시,강서구,등촌제2동,19350
2023,1150053500,서울특별시,강서구,등촌제3동,29407
2023,1150054000,서울특별시,강서구,화곡제1동,50774
2023,1150055000,서울특별시,강서구,화곡제2동,17053
2023,1150056000,서울특별시,강서구,화곡제3동,21108
2023,1150057000,서울특별시,강서구,화곡제4동,19721
2023,1150059000,서울특별시,강서구,화곡본동,32953
2023,1150059100,서울특별시,강서구,화곡제6동,25951
2023,1150059300,서울특별시,강서구,화곡제8동,23490
2023,1150060300,서울특별시,강서구,가양제1동,33873
2023,1150060400,서울특별시,강서구,가양제2동,13458
2023,1150060500,서울특별시,강서구,가양제3동,14116
2023,1150061100,서울특별시,강서구,발산제1동,35653
2023,1150061500,서울특별시,강서구,우장산동,43708
2023,1150062000,서울특별시,강서구,공항동,29461
2023,1150063000,서울특별시,강서구,방화제1동,41999
2023,1150064000,서울특별시,강서구,방화제2동,22698
2023,1150064100,서울특별시,강서구,방화제3동,21992
2023,1153051000,서울특별시,구로구,신도림동,35998
2023,1153052000,서울특별시,구로구,구로제1동,20510
2023,1153053000,서울특별시,구로구,구로제2동,22439
2023,1153054000,서울특별시,구로구,구로제3동,23294
2023,1153055000,서울특별시,구로구,구로제4동,18653
2023,1153056000,서울특별시,구로구,구로제5동,29121
2023,1153059500,서울특별시,구로구,가리봉동,8766
2023,1153072000,서울특별시,구로구,고척제1동,26384
2023,1153073000,서울특별시,구로구,고척제2동,25803
2023,1153074000,서울특별시,구로구,개봉제1동,33131
2023,1153075000,서울특별시,구로구,개봉제2동,29730
2023,1153076000,서울특별시,구로구,개봉제3동,19577
2023,1153077000,서울특별시,구로구,오류제1동,22656
2023,1153078000,서울특별시,구로구,오류제2동,37288
2023,1153079000,서울특별시,구로구,수궁동,22720
2023,1153080000,서울특별시,구로구,항동,16335
2023,1154551000,서울특별시,금천구,가산동,24695
2023,1154561000,서울특별시,금천구,독산제1동,46337
2023,1154562000,서울특별시,금천구,독산제2동,17816
2023,1154563000,서울특별시,금천구,독산제3동,23593
2023,1154564000,서울특별시,금천구,독산제4동,14531
2023,1154567000,서울특별시,금천구,시흥제1동,32120
2023,1154568000,서울특별시,금천구,시흥제2동,20570
2023,1154569000,서울특별시,금천구,시흥제3동,10231
2023,1154570000,서울특별시,금천구,시흥제4동,19396
2023,1154571000,서울특별시,금천구,시흥제5동,18192
2023,1156051500,서울특별시,영등포구,영등포본동,20792
2023,1156053500,서울특별시,영등포구,영등포동,30557
2023,1156054000,서울특별시,영등포구,여의동,33350
2023,1156055000,서울특별시,영등포구,당산제1동,21016
2023,1156056000,서울특별시,영등포구,당산제2동,36687
2023,1156058500,서울특별시,영등포구,도림동,17579
2023,1156060500,서울특별시,영등포구,문래동,32114
2023,1156061000,서울특별시,영등포구,양평제1동,18146
2023,1156062000,서울특별시,영등포구,양평제2동,22533
2023,1156063000,서울특별시,영등포구,신길제1동,19322
2023,1156065000,서울특별시,영등포구,신길제3동,15998
2023,1156066000,서울특별시,영등포구,신길제4동,12186
2023,1156067000,서울특별시,영등포구,신길제5동,9944
2023,1156068000,서울특별시,영등포구,신길제6동,17722
2023,1156069000,서울특별시,영등포구,신길제7동,19802
2023,1156070000,서울특별시,영등포구,대림제1동,13731
2023,1156071000,서울특별시,영등포구,대림제2동,11756
2023,1156072000,서울특별시,영등포구,대림제3동,21559
2023,1159051000,서울특별시,동작구,노량진제1동,32022
2023,1159052000,서울특별시,동작구,노량진제2동,10186
2023,1159053000,서울특별시,동작구,상도제1동,44194
2023,1159054000,서울특별시,동작구,상도제2동,27493
2023,1159055000,서울특별시,동작구,상도제3동,23930
2023,1159056000,서울특별시,동작구,상도제4동,27688
2023,1159060500,서울특별시,동작구,흑석동,29961
2023,1159062000,서울특별시,동작구,사당제1동,22519
2023,1159063000,서울특별시,동작구,사당제2동,28150
2023,1159064000,서울특별시,동작구,사당제3동,23695
2023,1159065000,서울특별시,동작구,사당제4동,13824
2023,1159065100,서울특별시,동작구,사당제5동,14149
2023,1159066000,서울특별시,동작구,대방동,35638
2023,1159067000,서울특별시,동작구,신대방제1동,23297
2023,1159068000,서울특별시,동작구,신대방제2동,22023
2023,1162052500,서울특별시,관악구,보라매동,23828
2023,1162054500,서울특별시,관악구,청림동,14724
2023,1162056500,서울특별시,관악구,성현동,28267
2023,1162057500,서울특별시,관악구,행운동,28865
2023,1162058500,서울특별시,관악구,낙성대동,17278
2023,1162059500,서울특별시,관악구,청룡동,35783
2023,1162060500,서울특별시,관악구,은천동,32395
2023,1162061500,서울특별시,관악구,중앙동,15181
2023,1162062500,서울특별시,관악구,인헌동,25454
2023,1162063000,서울특별시,관악구,남현동,17687
2023,1162064500,서울특별시,관악구,서원동,22924
2023,1162065500,서울특별시,관악구,신원동,17568
2023,1162066500,서울특별시,관악구,서림동,23349
2023,1162068500,서울특별시,관악구,신사동,22285
2023,1162069500,서울특별시,관악구,신림동,22840
2023,1162071500,서울특별시,관악구,난향동,14730
2023,1162072500,서울특별시,관악구,조원동,19643
2023,1162073500,서울특별시,관악구,대학동,24281
2023,1162074500,서울특별시,관악구,삼성동,19982
2023,1162076500,서울특별시,관악구,미성동,29558
2023,1162077500,서울특별시,관악구,난곡동,25334
2023,1165051000,서울특별시,서초구,서초1동,20165
2023,1165052000,서울특별시,서초구,서초2동,24680
2023,1165053000,서울특별시,서초구,서초3동,32016
2023,1165053100,서울특별시,서초구,서초4동,30284
2023,1165054000,서울특별시,서초구,잠원동,26812
2023,1165055000,서울특별시,서초구,반포본동,230
2023,1165056000,서울특별시,서초구,반포1동,33808
2023,1165057000,서울특별시,서초구,반포2동,23305
2023,1165058000,서울특별시,서초구,반포3동,23772
2023,1165058100,서울특별시,서초구,반포4동,18473
2023,1165059000,서울특별시,서초구,방배본동,20414
2023,1165060000,서울특별시,서초구,방배1동,16512
2023,1165061000,서울특별시,서초구,방배2동,18049
2023,1165062000,서울특별시,서초구,방배3동,15882
2023,1165062100,서울특별시,서초구,방배4동,22782
2023,1165065100,서울특별시,서초구,양재1동,41988
2023,1165065200,서울특별시,서초구,양재2동,21296
2023,1165066000,서울특별시,서초구,내곡동,17196
2023,1168051000,서울특별시,강남구,신사동,15442
2023,1168052100,서울특별시,강남구,논현1동,21040
2023,1168053100,서울특별시,강남구,논현2동,20407
2023,1168054500,서울특별시,강남구,압구정동,25580
2023,1168056500,서울특별시,강남구,청담동,24629
2023,1168058000,서울특별시,강남구,삼성1동,12150
2023,1168059000,서울특별시,강남구,삼성2동,30593
2023,1168060000,서울특별시,강남구,대치1동,23889
2023,1168061000,서울특별시,강남구,대치2동,38235
2023,1168063000,서울특별시,강남구,대치4동,18638
2023,1168064000,서울특별시,강남구,역삼1동,34131
2023,1168065000,서울특별시,강남구,역삼2동,36398
2023,1168065500,서울특별시,강남구,도곡1동,20566
2023,1168065600,서울특별시,강남구,도곡2동,32649
2023,1168066000,서울특별시,강남구,개포1동,11886
2023,1168067000,서울특별시,강남구,개포2동,41684
2023,1168067500,서울특별시,강남구,개포3동,16832
2023,1168069000,서울특별시,강남구,개포4동,23203
2023,1168070000,서울특별시,강남구,세곡동,45531
2023,1168072000,서울특별시,강남구,일원본동,22805
2023,1168073000,서울특별시,강남구,일원1동,14558
2023,1168075000,서울특별시,강남구,수서동,14027
2023,1171051000,서울특별시,송파구,풍납1동,11788
2023,1171052000,서울특별시,송파구,풍납2동,23708
2023,1171053100,서울특별시,송파구,거여1동,12027
2023,1171053200,서울특별시,송파구,거여2동,23561
2023,1171054000,서울특별시,송파구,마천1동,17982
2023,1171055000,서울특별시,송파구,마천2동,17584
2023,1171056100,서울특별시,송파구,방이1동,15124
2023,1171056200,서울특별시,송파구,방이2동,26240
2023,1171056600,서울특별시,송파구,오륜동,17796
2023,1171057000,서울특별시,송파구,오금동,37413
2023,1171058000,서울특별시,송파구,송파1동,23366
2023,1171059000,서울특별시,송파구,송파2동,18548
2023,1171060000,서울특별시,송파구,석촌동,30766
2023,1171061000,서울특별시,송파구,삼전동,29075
2023,1171062000,서울특별시,송파구,가락본동,25187
2023,1171063100,서울특별시,송파구,가락1동,27468
2023,1171063200,서울특별시,송파구,가락2동,31211
2023,1171064100,서울특별시,송파구,문정1동,19521
2023,1171064200,서울특별시,송파구,문정2동,28789
2023,1171064600,서울특별시,송파구,장지동,28501
2023,1171064700,서울특별시,송파구,위례동,44911
2023,1171065000,서울특별시,송파구,잠실본동,27750
2023,1171067000,서울특별시,송파구,잠실2동,34904
2023,1171068000,서울특별시,송파구,잠실3동,33812
2023,1171069000,서울특별시,송파구,잠실4동,21209
2023,1171071000,서울특별시,송파구,잠실6동,16506
2023,1171072000,서울특별시,송파구,잠실7동,9419
2023,1174051500,서울특별시,강동구,강일동,34099
2023,1174052500,서울특별시,강동구,상일제1동,39317
2023,1174052600,서울특별시,강동구,상일제2동,11736
2023,1174053000,서울특별시,강동구,명일제1동,25278
2023,1174054000,서울특별시,강동구,명일제2동,17036
2023,1174055000,서울특별시,강동구,고덕제1동,23985
2023,1174056000,서울특별시,강동구,고덕제2동,22773
2023,1174057000,서울특별시,강동구,암사제1동,33729
2023,1174058000,서울특별시,강동구,암사제2동,14874
2023,1174059000,서울특별시,강동구,암사제3동,17172
2023,1174060000,서울특별시,강동구,천호제1동,25971
2023,1174061000,서울특별시,강동구,천호제2동,32786
2023,1174062000,서울특별시,강동구,천호제3동,26054
2023,1174064000,서울특별시,강동구,성내제1동,19391
2023,1174065000,서울특별시,강동구,성내제2동,23505
2023,1174066000,서울특별시,강동구,성내제3동,22437
2023,1174068500,서울특별시,강동구,길동,44675
2023,1174069000,서울특별시,강동구,둔촌제1동,52
2023,1174070000,서울특별시,강동구,둔촌제2동,24297
2023,2611051000,부산광역시,중구,중앙동,3077
2023,2611052000,부산광역시,중구,동광동,2473
2023,2611053000,부산광역시,중구,대청동,5799
2023,2611054500,부산광역시,중구,보수동,10296
2023,2611056000,부산광역시,중구,부평동,4214
2023,2611057000,부산광역시,중구,광복동,923
2023,2611058000,부산광역시,중구,남포동,807
2023,2611059000,부산광역시,중구,영주제1동,4408
2023,2611060000,부산광역시,중구,영주제2동,6622
2023,2614051000,부산광역시,서구,동대신제1동,5307
2023,2614052000,부산광역시,서구,동대신제2동,6737
2023,2614053000,부산광역시,서구,동대신제3동,7368
2023,2614054000,부산광역시,서구,서대신제1동,14903
2023,2614056000,부산광역시,서구,서대신제3동,7507
2023,2614057000,부산광역시,서구,서대신제4동,7214
2023,2614059000,부산광역시,서구,부민동,7358
2023,2614061500,부산광역시,서구,아미동,6389
2023,2614063000,부산광역시,서구,초장동,3903
2023,2614064000,부산광역시,서구,충무동,9607
2023,2614065000,부산광역시,서구,남부민제1동,4524
2023,2614066000,부산광역시,서구,남부민제2동,8067
2023,2614068000,부산광역시,서구,암남동,15205
2023,2617051000,부산광역시,동구,초량제1동,4828
2023,2617052000,부산광역시,동구,초량제2동,5299
2023,2617053000,부산광역시,동구,초량제3동,12500
2023,2617055000,부산광역시,동구,초량제6동,5398
2023,2617056000,부산광역시,동구,수정제1동,3951
2023,2617057000,부산광역시,동구,수정제2동,9135
2023,2617059000,부산광역시,동구,수정제4동,3550
2023,2617060000,부산광역시,동구,수정제5동,4822
2023,2617064500,부산광역시,동구,좌천동,11333
2023,2617065000,부산광역시,동구,범일제1동,10971
2023,2617066000,부산광역시,동구,범일제2동,7509
2023,2617068000,부산광역시,동구,범일제5동,8496
2023,2620053000,부산광역시,영도구,남항동,10323
2023,2620054000,부산광역시,영도구,영선제1동,3702
2023,2620055000,부산광역시,영도구,영선제2동,7521
2023,2620058500,부산광역시,영도구,신선동,7366
2023,2620059000,부산광역시,영도구,봉래제1동,6279
2023,2620060500,부산광역시,영도구,봉래제2동,7370
2023,2620063000,부산광역시,영도구,청학제1동,5497
2023,2620064000,부산광역시,영도구,청학제2동,16765
2023,2620065000,부산광역시,영도구,동삼제1동,27848
2023,2620066000,부산광역시,영도구,동삼제2동,4954
2023,2620067000,부산광역시,영도구,동삼제3동,8923
2023,2623051000,부산광역시,부산진구,부전제1동,15712
2023,2623052000,부산광역시,부산진구,부전제2동,11886
2023,2623054000,부산광역시,부산진구,연지동,25812
2023,2623055000,부산광역시,부산진구,초읍동,20650
2023,2623056000,부산광역시,부산진구,양정제1동,19058
2023,2623057000,부산광역시,부산진구,양정제2동,14451
2023,2623060000,부산광역시,부산진구,전포제1동,20809
2023,2623061000,부산광역시,부산진구,전포제2동,23354
2023,2623064000,부산광역시,부산진구,부암제1동,23462
2023,2623066000,부산광역시,부산진구,부암제3동,16539
2023,2623067000,부산광역시,부산진구,당감제1동,21443
2023,2623068000,부산광역시,부산진구,당감제2동,11301
2023,2623070000,부산광역시,부산진구,당감제4동,10621
2023,2623071000,부산광역시,부산진구,가야제1동,16795
2023,2623072000,부산광역시,부산진구,가야제2동,18298
2023,2623074000,부산광역시,부산진구,개금제1동,18235
2023,2623075000,부산광역시,부산진구,개금제2동,10162
2023,2623076000,부산광역시,부산진구,개금제3동,26999
2023,2623077000,부산광역시,부산진구,범천제1동,12225
2023,2623078000,부산광역시,부산진구,범천제2동,21696
2023,2626051000,부산광역시,동래구,수민동,30925
2023,2626052000,부산광역시,동래구,복산동,8586
2023,2626054500,부산광역시,동래구,명륜동,26450
2023,2626055000,부산광역시,동래구,온천제1동,24494
2023,2626056000,부산광역시,동래구,온천제2동,24369
2023,2626057000,부산광역시,동래구,온천제3동,36701
2023,2626058000,부산광역시,동래구,사직제1동,10113
2023,2626059000,부산광역시,동래구,사직제2동,25140
2023,2626060000,부산광역시,동래구,사직제3동,17057
2023,2626074000,부산광역시,동래구,안락제1동,13684
2023,2626075000,부산광역시,동래구,안락제2동,25857
2023,2626076100,부산광역시,동래구,명장제1동,13500
2023,2626076200,부산광역시,동래구,명장제2동,13939
2023,2629051000,부산광역시,남구,대연제1동,15323
2023,2629053000,부산광역시,남구,대연제3동,32941
2023,2629054000,부산광역시,남구,대연제4동,13475
2023,2629055000,부산광역시,남구,대연제5동,16637
2023,2629056000,부산광역시,남구,대연제6동,14746
2023,2629057000,부산광역시,남구,용호제1동,42915
2023,2629058000,부산광역시,남구,용호제2동,19540
2023,2629059000,부산광역시,남구,용호제3동,11270
2023,2629060000,부산광역시,남구,용호제4동,7755
2023,2629061000,부산광역시,남구,용당동,7867
2023,2629062000,부산광역시,남구,감만제1동,8713
2023,2629063000,부산광역시,남구,감만제2동,6538
2023,2629064500,부산광역시,남구,우암동,12281
2023,2629068000,부산광역시,남구,문현제1동,10993
2023,2629069000,부산광역시,남구,문현제2동,7916
2023,2629070000,부산광역시,남구,문현제3동,16395
2023,2629071000,부산광역시,남구,문현제4동,8880
2023,2632051000,부산광역시,북구,구포제1동,15521
2023,2632052000,부산광역시,북구,구포제2동,23761
2023,2632052100,부산광역시,북구,구포제3동,18300
2023,2632053000,부산광역시,북구,금곡동,35750
2023,2632054100,부산광역시,북구,화명제1동,40118
2023,2632054200,부산광역시,북구,화명제2동,17292
2023,2632054300,부산광역시,북구,화명제3동,28554
2023,2632055000,부산광역시,북구,덕천제1동,12350
2023,2632056000,부산광역시,북구,덕천제2동,11243
2023,2632056100,부산광역시,북구,덕천제3동,10088
2023,2632057100,부산광역시,북구,만덕제1동,16344
2023,2632057200,부산광역시,북구,만덕제2동,26556
2023,2632057300,부산광역시,북구,만덕제3동,17719
2023,2635051000,부산광역시,해운대구,우제1동,22150
2023,2635052000,부산광역시,해운대구,우제2동,30023
2023,2635052500,부산광역시,해운대구,우제3동,28010
2023,2635053000,부산광역시,해운대구,중제1동,27215
2023,2635054000,부산광역시,해운대구,중제2동,15243
2023,2635055100,부산광역시,해운대구,좌제1동,17395
2023,2635055200,부산광역시,해운대구,좌제2동,30735
2023,2635055300,부산광역시,해운대구,좌제3동,15349
2023,2635055400,부산광역시,해운대구,좌제4동,22210
2023,2635056000,부산광역시,해운대구,송정동,9354
2023,2635057000,부산광역시,해운대구,반여제1동,34446
2023,2635058000,부산광역시,해운대구,반여제2동,11732
2023,2635059000,부산광역시,해운대구,반여제3동,7853
2023,2635059500,부산광역시,해운대구,반여제4동,14870
2023,2635061000,부산광역시,해운대구,반송제1동,12643
2023,2635062000,부산광역시,해운대구,반송제2동,21555
2023,2635065000,부산광역시,해운대구,재송제1동,36820
2023,2635066000,부산광역시,해운대구,재송제2동,22845
2023,2638051000,부산광역시,사하구,괴정제1동,18155
2023,2638052000,부산광역시,사하구,괴정제2동,15185
2023,2638053000,부산광역시,사하구,괴정제3동,11607
2023,2638054000,부산광역시,사하구,괴정제4동,15179
2023,2638055000,부산광역시,사하구,당리동,24363
2023,2638056100,부산광역시,사하구,하단제1동,21427
2023,2638056200,부산광역시,사하구,하단제2동,25147
2023,2638057100,부산광역시,사하구,신평제1동,15770
2023,2638057200,부산광역시,사하구,신평제2동,17304
2023,2638058000,부산광역시,사하구,장림제1동,10151
2023,2638059000,부산광역시,사하구,장림제2동,26031
2023,2638060100,부산광역시,사하구,다대제1동,36703
2023,2638060200,부산광역시,사하구,다대제2동,25818
2023,2638061000,부산광역시,사하구,구평동,12433
2023,2638062000,부산광역시,사하구,감천제1동,17190
2023,2638063000,부산광역시,사하구,감천제2동,5368
2023,2641051000,부산광역시,금정구,서제1동,4637
2023,2641052000,부산광역시,금정구,서제2동,8513
2023,2641053000,부산광역시,금정구,서제3동,10387
2023,2641055500,부산광역시,금정구,금사회동동,7283
2023,2641057000,부산광역시,금정구,부곡제1동,7663
2023,2641058000,부산광역시,금정구,부곡제2동,17142
2023,2641059000,부산광역시,금정구,부곡제3동,15050
2023,2641059100,부산광역시,금정구,부곡제4동,11955
2023,2641060000,부산광역시,금정구,장전제1동,17888
2023,2641061000,부산광역시,금정구,장전제2동,25710
2023,2641063500,부산광역시,금정구,선두구동,2117
2023,2641066500,부산광역시,금정구,청룡노포동,9473
2023,2641067000,부산광역시,금정구,남산동,26680
2023,2641068000,부산광역시,금정구,구서제1동,18844
2023,2641069000,부산광역시,금정구,구서제2동,31311
2023,2641070000,부산광역시,금정구,금성동,937
2023,2644051000,부산광역시,강서구,대저1동,5938
2023,2644052000,부산광역시,강서구,대저2동,6644
2023,2644053000,부산광역시,강서구,강동동,3896
2023,2644053500,부산광역시,강서구,명지1동,54376
2023,2644054500,부산광역시,강서구,명지2동,30164
2023,2644055000,부산광역시,강서구,가락동,2171
2023,2644056000,부산광역시,강서구,녹산동,34878
2023,2644058000,부산광역시,강서구,가덕도동,4329
2023,2647061000,부산광역시,연제구,거제제1동,28056
2023,2647062000,부산광역시,연제구,거제제2동,16014
2023,2647063000,부산광역시,연제구,거제제3동,9429
2023,2647064000,부산광역시,연제구,거제제4동,9695
2023,2647065000,부산광역시,연제구,연산제1동,16130
2023,2647066000,부산광역시,연제구,연산제2동,21719
2023,2647067000,부산광역시,연제구,연산제3동,10533
2023,2647068000,부산광역시,연제구,연산제4동,15491
2023,2647069000,부산광역시,연제구,연산제5동,16697
2023,2647070000,부산광역시,연제구,연산제6동,15627
2023,2647072000,부산광역시,연제구,연산제8동,13422
2023,2647073000,부산광역시,연제구,연산제9동,32953
2023,2650066000,부산광역시,수영구,남천제1동,16133
2023,2650067000,부산광역시,수영구,남천제2동,13475
2023,2650073000,부산광역시,수영구,수영동,14034
2023,2650074000,부산광역시,수영구,망미제1동,26365
2023,2650075000,부산광역시,수영구,망미제2동,10074
2023,2650076000,부산광역시,수영구,광안제1동,25403
2023,2650077000,부산광역시,수영구,광안제2동,18483
2023,2650078000,부산광역시,수영구,광안제3동,9423
2023,2650079000,부산광역시,수영구,광안제4동,13362
2023,2650080000,부산광역시,수영구,민락동,27766
2023,2653058000,부산광역시,사상구,삼락동,5240
2023,2653059100,부산광역시,사상구,모라제1동,26390
2023,2653059300,부산광역시,사상구,모라제3동,9327
2023,2653060000,부산광역시,사상구,덕포제1동,11518
2023,2653061000,부산광역시,사상구,덕포제2동,12155
2023,2653062000,부산광역시,사상구,괘법동,24359
2023,2653064500,부산광역시,사상구,감전동,12193
2023,2653065000,부산광역시,사상구,주례제1동,16590
2023,2653066000,부산광역시,사상구,주례제2동,21774
2023,2653066100,부산광역시,사상구,주례제3동,12284
2023,2653067000,부산광역시,사상구,학장동,26579
2023,2653068000,부산광역시,사상구,엄궁동,24523
2023,2671025000,부산광역시,기장군,기장읍,52152
2023,2671025300,부산광역시,기장군,장안읍,8846
2023,2671025600,부산광역시,기장군,정관읍,80372
2023,2671025900,부산광역시,기장군,일광읍,29676
2023,2671033000,부산광역시,기장군,철마면,7683
2023,2711051700,대구광역시,중구,동인동,8372
2023,2711054500,대구광역시,중구,삼덕동,6643
2023,2711056500,대구광역시,중구,성내1동,4868
2023,2711057500,대구광역시,중구,성내2동,5872
2023,2711058500,대구광역시,중구,성내3동,9030
2023,2711059500,대구광역시,중구,대신동,7558
2023,2711064000,대구광역시,중구,남산1동,4260
2023,2711065000,대구광역시,중구,남산2동,7272
2023,2711066000,대구광역시,중구,남산3동,6203
2023,2711067000,대구광역시,중구,남산4동,16476
2023,2711068000,대구광역시,중구,대봉1동,7823
2023,2711069000,대구광역시,중구,대봉2동,4687
2023,2714051000,대구광역시,동구,신암1동,10945
2023,2714052000,대구광역시,동구,신암2동,11562
2023,2714053000,대구광역시,동구,신암3동,10917
2023,2714054000,대구광역시,동구,신암4동,15176
2023,2714054100,대구광역시,동구,신암5동,7780
2023,2714055500,대구광역시,동구,신천1.2동,11915
2023,2714057000,대구광역시,동구,신천3동,14500
2023,2714058000,대구광역시,동구,신천4동,8045
2023,2714059000,대구광역시,동구,효목1동,12485
2023,2714060000,대구광역시,동구,효목2동,13330
2023,2714061500,대구광역시,동구,도평동,3769
2023,2714062000,대구광역시,동구,불로.봉무동,20469
2023,2714064000,대구광역시,동구,지저동,13489
2023,2714065500,대구광역시,동구,동촌동,14805
2023,2714067000,대구광역시,동구,방촌동,17835
2023,2714068500,대구광역시,동구,해안동,14246
2023,2714072000,대구광역시,동구,안심1동,39308
2023,2714073000,대구광역시,동구,안심2동,15243
2023,2714074200,대구광역시,동구,안심3동,20898
2023,2714074700,대구광역시,동구,안심4동,27438
2023,2714075500,대구광역시,동구,혁신동,17806
2023,2714076000,대구광역시,동구,공산동,20852
2023,2717051000,대구광역시,서구,내당1동,9865
2023,2717052500,대구광역시,서구,내당2.3동,8724
2023,2717054000,대구광역시,서구,내당4동,15278
2023,2717055000,대구광역시,서구,비산1동,8726
2023,2717056500,대구광역시,서구,비산2.3동,8424
2023,2717058000,대구광역시,서구,비산4동,9042
2023,2717059000,대구광역시,서구,비산5동,5452
2023,2717060000,대구광역시,서구,비산6동,6934
2023,2717061000,대구광역시,서구,비산7동,8934
2023,2717062000,대구광역시,서구,평리1동,7035
2023,2717063000,대구광역시,서구,평리2동,7330
2023,2717064000,대구광역시,서구,평리3동,12013
2023,2717065000,대구광역시,서구,평리4동,16436
2023,2717066000,대구광역시,서구,평리5동,6032
2023,2717066100,대구광역시,서구,평리6동,5491
2023,2717067500,대구광역시,서구,상중이동,18527
2023,2717069500,대구광역시,서구,원대동,9845
2023,2720051500,대구광역시,남구,이천동,12795
2023,2720053000,대구광역시,남구,봉덕1동,8418
2023,2720054000,대구광역시,남구,봉덕2동,12871
2023,2720055000,대구광역시,남구,봉덕3동,15305
2023,2720056000,대구광역시,남구,대명1동,10223
2023,2720057100,대구광역시,남구,대명2동,12057
2023,2720058600,대구광역시,남구,대명3동,9922
2023,2720059000,대구광역시,남구,대명4동,10082
2023,2720060000,대구광역시,남구,대명5동,5560
2023,2720061000,대구광역시,남구,대명6동,11179
2023,2720064000,대구광역시,남구,대명9동,14347
2023,2720065000,대구광역시,남구,대명10동,8523
2023,2720066000,대구광역시,남구,대명11동,7905
2023,2723051000,대구광역시,북구,고성동,7809
2023,2723052600,대구광역시,북구,칠성동,22179
2023,2723055000,대구광역시,북구,침산1동,3756
2023,2723056000,대구광역시,북구,침산2동,17855
2023,2723057000,대구광역시,북구,침산3동,18710
2023,2723061000,대구광역시,북구,산격1동,8317
2023,2723062000,대구광역시,북구,산격2동,10082
2023,2723063000,대구광역시,북구,산격3동,8750
2023,2723063100,대구광역시,북구,산격4동,7789
2023,2723064500,대구광역시,북구,대현동,16407
2023,2723067100,대구광역시,북구,복현1동,7077
2023,2723067200,대구광역시,북구,복현2동,29789
2023,2723068000,대구광역시,북구,검단동,5943
2023,2723069500,대구광역시,북구,무태조야동,34525
2023,2723071500,대구광역시,북구,관문동,34265
2023,2723072500,대구광역시,북구,태전1동,22080
2023,2723073500,대구광역시,북구,태전2동,23220
2023,2723074500,대구광역시,북구,구암동,32871
2023,2723075000,대구광역시,북구,관음동,15185
2023,2723077000,대구광역시,북구,읍내동,25196
2023,2723078000,대구광역시,북구,동천동,26416
2023,2723079000,대구광역시,북구,노원동,10520
2023,2723080000,대구광역시,북구,국우동,30883
2023,2726051000,대구광역시,수성구,범어1동,16025
2023,2726052000,대구광역시,수성구,범어2동,14714
2023,2726053000,대구광역시,수성구,범어3동,17567
2023,2726054000,대구광역시,수성구,범어4동,19573
2023,2726055000,대구광역시,수성구,만촌1동,21387
2023,2726056000,대구광역시,수성구,만촌2동,10299
2023,2726056100,대구광역시,수성구,만촌3동,20718
2023,2726057000,대구광역시,수성구,수성1가동,17272
2023,2726058000,대구광역시,수성구,수성2.3가동,10926
2023,2726059000,대구광역시,수성구,수성4가동,13510
2023,2726060100,대구광역시,수성구,황금1동,22514
2023,2726060200,대구광역시,수성구,황금2동,11675
2023,2726061000,대구광역시,수성구,중동,13084
2023,2726062000,대구광역시,수성구,상동,15097
2023,2726063000,대구광역시,수성구,파동,13307
2023,2726064000,대구광역시,수성구,두산동,14443
2023,2726065100,대구광역시,수성구,지산1동,20143
2023,2726065200,대구광역시,수성구,지산2동,19042
2023,2726066100,대구광역시,수성구,범물1동,10512
2023,2726066200,대구광역시,수성구,범물2동,16281
2023,2726067000,대구광역시,수성구,고산1동,31180
2023,2726068000,대구광역시,수성구,고산2동,27034
2023,2726069000,대구광역시,수성구,고산3동,31028
2023,2729051500,대구광역시,달서구,성당동,21827
2023,2729053500,대구광역시,달서구,두류1.2동,14792
2023,2729055000,대구광역시,달서구,두류3동,8709
2023,2729055500,대구광역시,달서구,감삼동,29513
2023,2729056300,대구광역시,달서구,죽전동,12740
2023,2729056800,대구광역시,달서구,장기동,16089
2023,2729057100,대구광역시,달서구,용산1동,28919
2023,2729057200,대구광역시,달서구,용산2동,26730
2023,2729057600,대구광역시,달서구,이곡1동,21440
2023,2729057700,대구광역시,달서구,이곡2동,15221
2023,2729058500,대구광역시,달서구,신당동,29643
2023,2729059000,대구광역시,달서구,본리동,19461
2023,2729060100,대구광역시,달서구,월성1동,40830
2023,2729060200,대구광역시,달서구,월성2동,14641
2023,2729061500,대구광역시,달서구,진천동,50661
2023,2729061700,대구광역시,달서구,유천동,33773
2023,2729062400,대구광역시,달서구,상인1동,34251
2023,2729062500,대구광역시,달서구,상인2동,18310
2023,2729062600,대구광역시,달서구,상인3동,10319
2023,2729062800,대구광역시,달서구,도원동,33289
2023,2729063000,대구광역시,달서구,송현1동,17584
2023,2729064000,대구광역시,달서구,송현2동,16673
2023,2729065000,대구광역시,달서구,본동,12366
2023,2771025000,대구광역시,달성군,화원읍,46661
2023,2771025300,대구광역시,달성군,논공읍,4526
2023,2771025400,대구광역시,달성군,논공읍공단출장소,11928
2023,2771025600,대구광역시,달성군,다사읍,53013
2023,2771025700,대구광역시,달성군,다사읍서재출장소,39247
2023,2771025900,대구광역시,달성군,유가읍,30629
2023,2771026200,대구광역시,달성군,옥포읍,23908
2023,2771026500,대구광역시,달성군,현풍읍,22110
2023,2771031000,대구광역시,달성군,가창면,7329
2023,2771033000,대구광역시,달성군,하빈면,3353
2023,2771038000,대구광역시,달성군,구지면,19380
2023,2772025000,대구광역시,군위군,군위읍,8069
2023,2772031000,대구광역시,군위군,소보면,2317
2023,2772032000,대구광역시,군위군,효령면,3750
2023,2772033000,대구광역시,군위군,부계면,2094
2023,2772034000,대구광역시,군위군,우보면,1939
2023,2772035000,대구광역시,군위군,의흥면,2317
2023,2772036000,대구광역시,군위군,산성면,1188
2023,2772037000,대구광역시,군위군,삼국유사면,1314
2023,2811052000,인천광역시,중구,연안동,5433
2023,2811053000,인천광역시,중구,신포동,4661
2023,2811054000,인천광역시,중구,신흥동,14110
2023,2811056000,인천광역시,중구,도원동,3669
2023,2811057000,인천광역시,중구,율목동,2951
2023,2811058500,인천광역시,중구,동인천동,5382
2023,2811061500,인천광역시,중구,개항동,6931
2023,2811062000,인천광역시,중구,영종동,22924
2023,2811062200,인천광역시,중구,영종1동,52660
2023,2811062800,인천광역시,중구,운서동,36620
2023,2811063000,인천광역시,중구,용유동,3617
2023,2814051000,인천광역시,동구,만석동,6428
2023,2814052500,인천광역시,동구,화수1.화평동,5577
2023,2814053000,인천광역시,동구,화수2동,7068
2023,2814055500,인천광역시,동구,송현1.2동,9872
2023,2814057000,인천광역시,동구,송현3동,2893
2023,2814058000,인천광역시,동구,송림1동,6493
2023,2814059000,인천광역시,동구,송림2동,1427
2023,2814060500,인천광역시,동구,송림3.5동,5620
2023,2814061000,인천광역시,동구,송림4동,6054
2023,2814063000,인천광역시,동구,송림6동,5776
2023,2814064000,인천광역시,동구,금창동,2274
2023,2817751000,인천광역시,미추홀구,숭의2동,13800
2023,2817752000,인천광역시,미추홀구,숭의1.3동,15733
2023,2817753000,인천광역시,미추홀구,숭의4동,15035
2023,2817754000,인천광역시,미추홀구,용현1.4동,17253
2023,2817755000,인천광역시,미추홀구,용현2동,19504
2023,2817756000,인천광역시,미추홀구,용현3동,7153
2023,2817757000,인천광역시,미추홀구,용현5동,45898
2023,2817758000,인천광역시,미추홀구,학익1동,29395
2023,2817759000,인천광역시,미추홀구,학익2동,17820
2023,2817760000,인천광역시,미추홀구,도화1동,21111
2023,2817761000,인천광역시,미추홀구,도화2.3동,31316
2023,2817762000,인천광역시,미추홀구,주안1동,19856
2023,2817763000,인천광역시,미추홀구,주안2동,21869
2023,2817764000,인천광역시,미추홀구,주안3동,12231
2023,2817765000,인천광역시,미추홀구,주안4동,17702
2023,2817766000,인천광역시,미추홀구,주안5동,19819
2023,2817767000,인천광역시,미추홀구,주안6동,21030
2023,2817768000,인천광역시,미추홀구,주안7동,11608
2023,2817769000,인천광역시,미추홀구,주안8동,19472
2023,2817770000,인천광역시,미추홀구,관교동,14322
2023,2817771000,인천광역시,미추홀구,문학동,14068
2023,2818563000,인천광역시,연수구,옥련1동,17846
2023,2818564000,인천광역시,연수구,옥련2동,19237
2023,2818575000,인천광역시,연수구,선학동,17865
2023,2818576100,인천광역시,연수구,연수1동,17382
2023,2818576200,인천광역시,연수구,연수2동,19869
2023,2818576300,인천광역시,연수구,연수3동,15160
2023,2818576600,인천광역시,연수구,청학동,23149
2023,2818578000,인천광역시,연수구,동춘1동,24323
2023,2818579000,인천광역시,연수구,동춘2동,17391
2023,2818579500,인천광역시,연수구,동춘3동,17920
2023,2818582000,인천광역시,연수구,송도1동,37843
2023,2818583000,인천광역시,연수구,송도2동,36676
2023,2818584000,인천광역시,연수구,송도3동,48558
2023,2818585000,인천광역시,연수구,송도4동,33013
2023,2818586000,인천광역시,연수구,송도5동,46184
2023,2820051000,인천광역시,남동구,구월1동,31211
2023,2820052000,인천광역시,남동구,구월2동,35651
2023,2820052100,인천광역시,남동구,구월3동,28889
2023,2820052200,인천광역시,남동구,구월4동,13506
2023,2820053000,인천광역시,남동구,간석1동,16896
2023,2820054000,인천광역시,남동구,간석2동,20798
2023,2820055000,인천광역시,남동구,간석3동,25891
2023,2820055100,인천광역시,남동구,간석4동,28219
2023,2820056000,인천광역시,남동구,만수1동,15946
2023,2820057000,인천광역시,남동구,만수2동,22978
2023,2820058000,인천광역시,남동구,만수3동,16576
2023,2820058100,인천광역시,남동구,만수4동,19283
2023,2820058200,인천광역시,남동구,만수5동,14581
2023,2820058300,인천광역시,남동구,만수6동,22695
2023,2820065000,인천광역시,남동구,장수서창동,18978
2023,2820065500,인천광역시,남동구,서창2동,38024
2023,2820066000,인천광역시,남동구,남촌도림동,20070
2023,2820069000,인천광역시,남동구,논현1동,30822
2023,2820070000,인천광역시,남동구,논현2동,31413
2023,2820071000,인천광역시,남동구,논현고잔동,39988
2023,2823751000,인천광역시,부평구,부평1동,35041
2023,2823752000,인천광역시,부평구,부평2동,14645
2023,2823753000,인천광역시,부평구,부평3동,14979
2023,2823754000,인천광역시,부평구,부평4동,34516
2023,2823755000,인천광역시,부평구,부평5동,33526
2023,2823756000,인천광역시,부평구,부평6동,14712
2023,2823757000,인천광역시,부평구,산곡1동,14791
2023,2823758000,인천광역시,부평구,산곡2동,29604
2023,2823758100,인천광역시,부평구,산곡3동,20586
2023,2823758200,인천광역시,부평구,산곡4동,16645
2023,2823759100,인천광역시,부평구,청천1동,17155
2023,2823759200,인천광역시,부평구,청천2동,33453
2023,2823764100,인천광역시,부평구,갈산1동,15390
2023,2823764200,인천광역시,부평구,갈산2동,17636
2023,2823764600,인천광역시,부평구,삼산1동,32676
2023,2823764800,인천광역시,부평구,삼산2동,27697
2023,2823765000,인천광역시,부평구,부개1동,15848
2023,2823766000,인천광역시,부평구,부개2동,19111
2023,2823766100,인천광역시,부평구,부개3동,28614
2023,2823767000,인천광역시,부평구,일신동,11739
2023,2823768000,인천광역시,부평구,십정1동,24546
2023,2823769000,인천광역시,부평구,십정2동,21228
2023,2824560100,인천광역시,계양구,효성1동,26623
2023,2824560200,인천광역시,계양구,효성2동,27327
2023,2824561100,인천광역시,계양구,계산1동,17924
2023,2824561200,인천광역시,계양구,계산2동,14708
2023,2824561300,인천광역시,계양구,계산3동,17993
2023,2824561400,인천광역시,계양구,계산4동,22503
2023,2824562100,인천광역시,계양구,작전1동,26108
2023,2824562200,인천광역시,계양구,작전2동,18311
2023,2824564000,인천광역시,계양구,작전서운동,33219
2023,2824571000,인천광역시,계양구,계양1동,19370
2023,2824572000,인천광역시,계양구,계양2동,32172
2023,2824573000,인천광역시,계양구,계양3동,24008
2023,2826051500,인천광역시,서구,검암경서동,54114
2023,2826053000,인천광역시,서구,연희동,37808
2023,2826053600,인천광역시,서구,청라1동,30308
2023,2826053700,인천광역시,서구,청라2동,47538
2023,2826053900,인천광역시,서구,청라3동,35388
2023,2826054200,인천광역시,서구,가정1동,41226
2023,2826054300,인천광역시,서구,가정2동,16910
2023,2826054400,인천광역시,서구,가정3동,8822
2023,2826055000,인천광역시,서구,석남1동,20693
2023,2826056000,인천광역시,서구,석남2동,12069
2023,2826056100,인천광역시,서구,석남3동,12642
2023,2826057500,인천광역시,서구,신현원창동,29738
2023,2826058000,인천광역시,서구,가좌1동,12567
2023,2826059000,인천광역시,서구,가좌2동,18545
2023,2826060000,인천광역시,서구,가좌3동,15577
2023,2826061000,인천광역시,서구,가좌4동,11853
2023,2826068000,인천광역시,서구,검단동,32433
2023,2826069000,인천광역시,서구,불로대곡동,23213
2023,2826070000,인천광역시,서구,원당동,22756
2023,2826071000,인천광역시,서구,당하동,28681
2023,2826072000,인천광역시,서구,오류왕길동,24265
2023,2826073000,인천광역시,서구,마전동,21660
2023,2826074000,인천광역시,서구,아라동,65552
2023,2871025000,인천광역시,강화군,강화읍,22299
2023,2871031000,인천광역시,강화군,선원면,7931
2023,2871032000,인천광역시,강화군,불은면,5067
2023,2871033000,인천광역시,강화군,길상면,7232
2023,2871034000,인천광역시,강화군,화도면,4552
2023,2871035000,인천광역시,강화군,양도면,4215
2023,2871036000,인천광역시,강화군,내가면,3029
2023,2871037000,인천광역시,강화군,하점면,4009
2023,2871038000,인천광역시,강화군,양사면,1913
2023,2871039000,인천광역시,강화군,송해면,3252
2023,2871040000,인천광역시,강화군,교동면,2755
2023,2871041000,인천광역시,강화군,삼산면,2100
2023,2871042000,인천광역시,강화군,서도면,378
2023,2871042500,인천광역시,강화군,서도면볼음출장소,273
2023,2872031000,인천광역시,옹진군,북도면,1162
2023,2872031500,인천광역시,옹진군,북도면장봉출장소,969
2023,2872033000,인천광역시,옹진군,백령면,4875
2023,2872034000,인천광역시,옹진군,대청면,1201
2023,2872034500,인천광역시,옹진군,대청면소청출장소,221
2023,2872035000,인천광역시,옹진군,덕적면,1940
2023,2872036000,인천광역시,옹진군,영흥면,6576
2023,2872037000,인천광역시,옹진군,자월면,978
2023,2872037500,인천광역시,옹진군,자월면이작출장소,370
2023,2872038000,인천광역시,옹진군,연평면,2085
2023,2911052500,광주광역시,동구,충장동,5358
2023,2911054500,광주광역시,동구,동명동,3653
2023,2911056000,광주광역시,동구,계림1동,10344
2023,2911057000,광주광역시,동구,계림2동,13351
2023,2911059000,광주광역시,동구,산수1동,7980
2023,2911060000,광주광역시,동구,산수2동,9814
2023,2911062000,광주광역시,동구,지산1동,4120
2023,2911063000,광주광역시,동구,지산2동,4260
2023,2911065500,광주광역시,동구,서남동,3011
2023,2911068500,광주광역시,동구,학동,7320
2023,2911071000,광주광역시,동구,학운동,11000
2023,2911073000,광주광역시,동구,지원1동,9072
2023,2911074000,광주광역시,동구,지원2동,17893
2023,2914057500,광주광역시,서구,양동,3237
2023,2914059000,광주광역시,서구,양3동,4284
2023,2914065000,광주광역시,서구,농성1동,11564
2023,2914066000,광주광역시,서구,농성2동,4502
2023,2914073000,광주광역시,서구,광천동,6975
2023,2914074000,광주광역시,서구,유덕동,10472
2023,2914074500,광주광역시,서구,치평동,29439
2023,2914075100,광주광역시,서구,상무1동,23988
2023,2914075200,광주광역시,서구,상무2동,22642
2023,2914076000,광주광역시,서구,화정1동,15501
2023,2914077000,광주광역시,서구,화정2동,19841
2023,2914078000,광주광역시,서구,화정3동,9235
2023,2914079000,광주광역시,서구,화정4동,19500
2023,2914080000,광주광역시,서구,서창동,5721
2023,2914082100,광주광역시,서구,금호1동,19506
2023,2914082400,광주광역시,서구,금호2동,27251
2023,2914083000,광주광역시,서구,풍암동,34864
2023,2914084000,광주광역시,서구,동천동,15469
2023,2915551000,광주광역시,남구,양림동,6626
2023,2915552000,광주광역시,남구,방림1동,6754
2023,2915553000,광주광역시,남구,방림2동,8165
2023,2915553700,광주광역시,남구,봉선1동,12813
2023,2915553800,광주광역시,남구,봉선2동,27674
2023,2915554500,광주광역시,남구,사직동,4733
2023,2915560500,광주광역시,남구,월산동,8518
2023,2915563000,광주광역시,남구,월산4동,8125
2023,2915564000,광주광역시,남구,월산5동,5959
2023,2915567000,광주광역시,남구,백운1동,11670
2023,2915568000,광주광역시,남구,백운2동,6745
2023,2915569000,광주광역시,남구,주월1동,21118
2023,2915570000,광주광역시,남구,주월2동,7562
2023,2915570500,광주광역시,남구,진월동,28237
2023,2915571000,광주광역시,남구,효덕동,15540
2023,2915572000,광주광역시,남구,송암동,21187
2023,2915573000,광주광역시,남구,대촌동,8220
2023,2917051000,광주광역시,북구,중흥1동,4450
2023,2917052000,광주광역시,북구,중흥2동,8334
2023,2917053000,광주광역시,북구,중흥3동,6565
2023,2917055500,광주광역시,북구,중앙동,3817
2023,2917057000,광주광역시,북구,임동,9048
2023,2917058000,광주광역시,북구,신안동,12289
2023,2917059000,광주광역시,북구,용봉동,37161
2023,2917060100,광주광역시,북구,운암1동,18530
2023,2917060200,광주광역시,북구,운암2동,11277
2023,2917060300,광주광역시,북구,운암3동,13269
2023,2917061500,광주광역시,북구,동림동,22809
2023,2917062000,광주광역시,북구,우산동,15713
2023,2917063500,광주광역시,북구,풍향동,5230
2023,2917065000,광주광역시,북구,문화동,22806
2023,2917065600,광주광역시,북구,문흥1동,15468
2023,2917065700,광주광역시,북구,문흥2동,14799
2023,2917066100,광주광역시,북구,두암1동,7248
2023,2917066200,광주광역시,북구,두암2동,15091
2023,2917066300,광주광역시,북구,두암3동,12434
2023,2917066600,광주광역시,북구,삼각동,13314
2023,2917066900,광주광역시,북구,일곡동,28260
2023,2917067300,광주광역시,북구,매곡동,13317
2023,2917067600,광주광역시,북구,오치1동,10289
2023,2917067700,광주광역시,북구,오치2동,11621
2023,2917068500,광주광역시,북구,석곡동,2329
2023,2917069500,광주광역시,북구,건국동,21146
2023,2917069600,광주광역시,북구,양산동,36101
2023,2917069700,광주광역시,북구,신용동,28968
2023,2920051500,광주광역시,광산구,송정1동,10355
2023,2920052500,광주광역시,광산구,송정2동,6217
2023,2920054000,광주광역시,광산구,도산동,14539
2023,2920055000,광주광역시,광산구,신흥동,4287
2023,2920056500,광주광역시,광산구,어룡동,33287
2023,2920058000,광주광역시,광산구,우산동,29158
2023,2920060000,광주광역시,광산구,월곡1동,9929
2023,2920061000,광주광역시,광산구,월곡2동,14739
2023,2920062000,광주광역시,광산구,비아동,7447
2023,2920062400,광주광역시,광산구,첨단1동,27434
2023,2920062600,광주광역시,광산구,첨단2동,42053
2023,2920063000,광주광역시,광산구,신가동,19172
2023,2920063500,광주광역시,광산구,운남동,29463
2023,2920063700,광주광역시,광산구,수완동,75204
2023,2920064000,광주광역시,광산구,하남동,26872
2023,2920065000,광주광역시,광산구,임곡동,1979
2023,2920066000,광주광역시,광산구,동곡동,1708
2023,2920067000,광주광역시,광산구,평동,5006
2023,2920068000,광주광역시,광산구,삼도동,2129
2023,2920069000,광주광역시,광산구,본량동,1887
2023,2920070000,광주광역시,광산구,신창동,33876
2023,3011051500,대전광역시,동구,중앙동,3845
2023,3011053000,대전광역시,동구,효동,22857
2023,3011054500,대전광역시,동구,신인동,15282
2023,3011055100,대전광역시,동구,판암1동,12069
2023,3011055200,대전광역시,동구,판암2동,7985
2023,3011056000,대전광역시,동구,용운동,21341
2023,3011058500,대전광역시,동구,대동,14085
2023,3011059000,대전광역시,동구,자양동,10816
2023,3011062000,대전광역시,동구,가양1동,12916
2023,3011063000,대전광역시,동구,가양2동,18924
2023,3011064000,대전광역시,동구,용전동,20167
2023,3011066500,대전광역시,동구,성남동,11004
2023,3011067000,대전광역시,동구,홍도동,11281
2023,3011069500,대전광역시,동구,삼성동,13222
2023,3011072500,대전광역시,동구,대청동,2258
2023,3011074000,대전광역시,동구,산내동,19576
2023,3014053500,대전광역시,중구,은행선화동,13955
2023,3014055000,대전광역시,중구,목동,16783
2023,3014056000,대전광역시,중구,중촌동,13777
2023,3014057500,대전광역시,중구,대흥동,13113
2023,3014060500,대전광역시,중구,문창동,4313
2023,3014062000,대전광역시,중구,석교동,14826
2023,3014063000,대전광역시,중구,대사동,5384
2023,3014064000,대전광역시,중구,부사동,6434
2023,3014065500,대전광역시,중구,용두동,9135
2023,3014067000,대전광역시,중구,오류동,10348
2023,3014068000,대전광역시,중구,태평1동,12840
2023,3014069000,대전광역시,중구,태평2동,24573
2023,3014070000,대전광역시,중구,유천1동,5932
2023,3014071000,대전광역시,중구,유천2동,13278
2023,3014072000,대전광역시,중구,문화1동,20771
2023,3014073000,대전광역시,중구,문화2동,11791
2023,3014074000,대전광역시,중구,산성동,26003
2023,3017051000,대전광역시,서구,복수동,21694
2023,3017052000,대전광역시,서구,도마1동,18878
2023,3017053000,대전광역시,서구,도마2동,16599
2023,3017053500,대전광역시,서구,정림동,15351
2023,3017054000,대전광역시,서구,변동,13527
2023,3017055000,대전광역시,서구,용문동,11891
2023,3017055500,대전광역시,서구,탄방동,26594
2023,3017056000,대전광역시,서구,괴정동,18774
2023,3017057000,대전광역시,서구,가장동,10936
2023,3017057500,대전광역시,서구,내동,22956
2023,3017058100,대전광역시,서구,갈마1동,21204
2023,3017058200,대전광역시,서구,갈마2동,24006
2023,3017058600,대전광역시,서구,월평1동,11254
2023,3017058700,대전광역시,서구,월평2동,13704
2023,3017058800,대전광역시,서구,월평3동,20477
2023,3017059000,대전광역시,서구,가수원동,10436
2023,3017059300,대전광역시,서구,도안동,36589
2023,3017059600,대전광역시,서구,관저1동,14876
2023,3017059700,대전광역시,서구,관저2동,48672
2023,3017060000,대전광역시,서구,기성동,3460
2023,3017063000,대전광역시,서구,둔산1동,16380
2023,3017064000,대전광역시,서구,둔산2동,35063
2023,3017065000,대전광역시,서구,만년동,12272
2023,3017066000,대전광역시,서구,둔산3동,19041
2023,3020052000,대전광역시,유성구,진잠동,25179
2023,3020052600,대전광역시,유성구,학하동,19286
2023,3020052700,대전광역시,유성구,상대동,25436
2023,3020053000,대전광역시,유성구,온천1동,26198
2023,3020054000,대전광역시,유성구,온천2동,40315
2023,3020054600,대전광역시,유성구,노은1동,21178
2023,3020054700,대전광역시,유성구,노은2동,23651
2023,3020054800,대전광역시,유성구,노은3동,36674
2023,3020055000,대전광역시,유성구,신성동,25739
2023,3020057000,대전광역시,유성구,전민동,26313
2023,3020058000,대전광역시,유성구,구즉동,33226
2023,3020060000,대전광역시,유성구,관평동,33883
2023,3020061000,대전광역시,유성구,원신흥동,29767
2023,3023051000,대전광역시,대덕구,오정동,13875
2023,3023052000,대전광역시,대덕구,대화동,6488
2023,3023052500,대전광역시,대덕구,회덕동,11452
2023,3023053300,대전광역시,대덕구,비래동,15425
2023,3023054300,대전광역시,대덕구,송촌동,26254
2023,3023054600,대전광역시,대덕구,중리동,18741
2023,3023055000,대전광역시,대덕구,신탄진동,14563
2023,3023056000,대전광역시,대덕구,석봉동,16241
2023,3023057000,대전광역시,대덕구,덕암동,13034
2023,3023058000,대전광역시,대덕구,목상동,6154
2023,3023060000,대전광역시,대덕구,법1동,12504
2023,3023061000,대전광역시,대덕구,법2동,15122
2023,3111051000,울산광역시,중구,학성동,10827
2023,3111052000,울산광역시,중구,반구1동,15904
2023,3111053000,울산광역시,중구,반구2동,8300
2023,3111054000,울산광역시,중구,복산1동,9395
2023,3111055000,울산광역시,중구,복산2동,10683
2023,3111058500,울산광역시,중구,중앙동,11446
2023,3111059000,울산광역시,중구,우정동,17403
2023,3111060000,울산광역시,중구,태화동,31838
2023,3111061000,울산광역시,중구,다운동,21608
2023,3111062000,울산광역시,중구,병영1동,20990
2023,3111063000,울산광역시,중구,병영2동,19608
2023,3111064000,울산광역시,중구,약사동,10501
2023,3111065000,울산광역시,중구,성안동,20165
2023,3114051000,울산광역시,남구,신정1동,18072
2023,3114052000,울산광역시,남구,신정2동,24722
2023,3114053000,울산광역시,남구,신정3동,15901
2023,3114054000,울산광역시,남구,신정4동,19796
2023,3114055000,울산광역시,남구,신정5동,8416
2023,3114056000,울산광역시,남구,달동,26095
2023,3114057000,울산광역시,남구,삼산동,47790
2023,3114058500,울산광역시,남구,삼호동,19438
2023,3114059500,울산광역시,남구,무거동,31149
2023,3114060000,울산광역시,남구,옥동,25184
2023,3114062500,울산광역시,남구,대현동,32644
2023,3114063500,울산광역시,남구,수암동,16066
2023,3114064000,울산광역시,남구,선암동,13631
2023,3114067000,울산광역시,남구,야음장생포동,8328
2023,3117051000,울산광역시,동구,방어동,37972
2023,3117052000,울산광역시,동구,일산동,5308
2023,3117053000,울산광역시,동구,화정동,18361
2023,3117054000,울산광역시,동구,대송동,10805
2023,3117055000,울산광역시,동구,전하1동,15144
2023,3117056000,울산광역시,동구,전하2동,19353
2023,3117058000,울산광역시,동구,남목1동,8221
2023,3117059000,울산광역시,동구,남목2동,25847
2023,3117060000,울산광역시,동구,남목3동,11276
2023,3120051000,울산광역시,북구,농소1동,35869
2023,3120052000,울산광역시,북구,농소2동,42200
2023,3120053000,울산광역시,북구,농소3동,36672
2023,3120054000,울산광역시,북구,강동동,15958
2023,3120056000,울산광역시,북구,효문동,29155
2023,3120057000,울산광역시,북구,송정동,36341
2023,3120058000,울산광역시,북구,양정동,10273
2023,3120059000,울산광역시,북구,염포동,10009
2023,3171025000,울산광역시,울주군,온산읍,19890
2023,3171025300,울산광역시,울주군,언양읍,29539
2023,3171025600,울산광역시,울주군,온양읍,28100
2023,3171025900,울산광역시,울주군,범서읍,67761
2023,3171026200,울산광역시,울주군,청량읍,18480
2023,3171026500,울산광역시,울주군,삼남읍,22383
2023,3171031000,울산광역시,울주군,서생면,8572
2023,3171034000,울산광역시,울주군,웅촌면,7517
2023,3171036000,울산광역시,울주군,두동면,4274
2023,3171037000,울산광역시,울주군,두서면,3018
2023,3171038000,울산광역시,울주군,상북면,7753
2023,3171040000,울산광역시,울주군,삼동면,1710
2023,3611025000,세종특별자치시,,조치원읍,41142
2023,3611031000,세종특별자치시,,연기면,2479
2023,3611032000,세종특별자치시,,연동면,2838
2023,3611033000,세종특별자치시,,부강면,5615
2023,3611034000,세종특별자치시,,금남면,8396
2023,3611035000,세종특별자치시,,장군면,6646
2023,3611036000,세종특별자치시,,연서면,6920
2023,3611037000,세종특별자치시,,전의면,5290
2023,3611038000,세종특별자치시,,전동면,3157
2023,3611039000,세종특별자치시,,소정면,2158
2023,3611051000,세종특별자치시,,한솔동,18319
2023,3611051500,세종특별자치시,,새롬동,26634
2023,3611051800,세종특별자치시,,나성동,13179
2023,3611052000,세종특별자치시,,도담동,25322
2023,3611052300,세종특별자치시,,어진동,11212
2023,3611052500,세종특별자치시,,해밀동,9470
2023,3611053000,세종특별자치시,,아름동,23602
2023,3611054000,세종특별자치시,,종촌동,28420
2023,3611055000,세종특별자치시,,고운동,36236
2023,3611055500,세종특별자치시,,소담동,21923
2023,3611055600,세종특별자치시,,반곡동,28568
2023,3611056000,세종특별자치시,,보람동,19036
2023,3611057000,세종특별자치시,,대평동,11288
2023,3611058000,세종특별자치시,,다정동,28675
2023,4111156000,경기도,수원시 장안구,파장동,24858
2023,4111156600,경기도,수원시 장안구,율천동,40392
2023,4111157100,경기도,수원시 장안구,정자1동,27561
2023,4111157200,경기도,수원시 장안구,정자2동,37725
2023,4111157300,경기도,수원시 장안구,정자3동,39641
2023,4111158000,경기도,수원시 장안구,영화동,18624
2023,4111159100,경기도,수원시 장안구,송죽동,18506
2023,4111159700,경기도,수원시 장안구,조원1동,28582
2023,4111159800,경기도,수원시 장안구,조원2동,17711
2023,4111160000,경기도,수원시 장안구,연무동,17249
2023,4111352000,경기도,수원시 권선구,세류1동,9686
2023,4111353000,경기도,수원시 권선구,세류2동,22896
2023,4111354000,경기도,수원시 권선구,세류3동,17802
2023,4111355000,경기도,수원시 권선구,평동,40962
2023,4111356000,경기도,수원시 권선구,서둔동,37614
2023,4111365000,경기도,수원시 권선구,구운동,23150
2023,4111366200,경기도,수원시 권선구,금곡동,44027
2023,4111366400,경기도,수원시 권선구,호매실동,44651
2023,4111367000,경기도,수원시 권선구,권선1동,24177
2023,4111368000,경기도,수원시 권선구,권선2동,46505
2023,4111369000,경기도,수원시 권선구,곡선동,35049
2023,4111370000,경기도,수원시 권선구,입북동,19648
2023,4111565000,경기도,수원시 팔달구,매교동,21454
2023,4111566000,경기도,수원시 팔달구,매산동,9878
2023,4111567000,경기도,수원시 팔달구,고등동,19903
2023,4111568000,경기도,수원시 팔달구,화서1동,21214
2023,4111569000,경기도,수원시 팔달구,화서2동,24342
2023,4111570000,경기도,수원시 팔달구,지동,9841
2023,4111571000,경기도,수원시 팔달구,우만1동,18738
2023,4111572000,경기도,수원시 팔달구,우만2동,16802
2023,4111573000,경기도,수원시 팔달구,인계동,45608
2023,4111574000,경기도,수원시 팔달구,행궁동,9433
2023,4111751000,경기도,수원시 영통구,매탄1동,11704
2023,4111752000,경기도,수원시 영통구,매탄2동,13930
2023,4111753000,경기도,수원시 영통구,매탄3동,34512
2023,4111754000,경기도,수원시 영통구,매탄4동,20293
2023,4111755000,경기도,수원시 영통구,원천동,45447
2023,4111757000,경기도,수원시 영통구,영통1동,33195
2023,4111758000,경기도,수원시 영통구,영통2동,25393
2023,4111758500,경기도,수원시 영통구,영통3동,31624
2023,4111759300,경기도,수원시 영통구,망포1동,31684
2023,4111759600,경기도,수원시 영통구,망포2동,33462
2023,4111760000,경기도,수원시 영통구,광교1동,53072
2023,4111761000,경기도,수원시 영통구,광교2동,28712
2023,4113151000,경기도,성남시 수정구,신흥1동,12665
2023,4113152000,경기도,성남시 수정구,신흥2동,28895
2023,4113153000,경기도,성남시 수정구,신흥3동,10827
2023,4113154000,경기도,성남시 수정구,태평1동,14376
2023,4113155000,경기도,성남시 수정구,태평2동,14430
2023,4113156000,경기도,성남시 수정구,태평3동,12442
2023,4113156100,경기도,성남시 수정구,태평4동,11908
2023,4113157000,경기도,성남시 수정구,수진1동,11564
2023,4113158000,경기도,성남시 수정구,수진2동,15015
2023,4113159000,경기도,성남시 수정구,단대동,14574
2023,4113160000,경기도,성남시 수정구,산성동,4723
2023,4113161000,경기도,성남시 수정구,양지동,9331
2023,4113162000,경기도,성남시 수정구,복정동,10357
2023,4113162500,경기도,성남시 수정구,위례동,44987
2023,4113163000,경기도,성남시 수정구,신촌동,4575
2023,4113164000,경기도,성남시 수정구,고등동,11876
2023,4113165000,경기도,성남시 수정구,시흥동,3397
2023,4113351000,경기도,성남시 중원구,성남동,32430
2023,4113352500,경기도,성남시 중원구,중앙동,16925
2023,4113353000,경기도,성남시 중원구,금광1동,19567
2023,4113354000,경기도,성남시 중원구,금광2동,24691
2023,4113355000,경기도,성남시 중원구,은행1동,9676
2023,4113356000,경기도,성남시 중원구,은행2동,22175
2023,4113357000,경기도,성남시 중원구,상대원1동,24336
2023,4113358000,경기도,성남시 중원구,상대원2동,3169
2023,4113359000,경기도,성남시 중원구,상대원3동,11758
2023,4113366000,경기도,성남시 중원구,하대원동,19593
2023,4113367000,경기도,성남시 중원구,도촌동,26528
2023,4113551000,경기도,성남시 분당구,분당동,24888
2023,4113552000,경기도,성남시 분당구,수내1동,17838
2023,4113553000,경기도,성남시 분당구,수내2동,10355
2023,4113554000,경기도,성남시 분당구,수내3동,13436
2023,4113554500,경기도,성남시 분당구,정자동,14284
2023,4113555000,경기도,성남시 분당구,정자1동,30248
2023,4113556000,경기도,성남시 분당구,정자2동,14614
2023,4113557000,경기도,성남시 분당구,정자3동,16897
2023,4113558000,경기도,성남시 분당구,서현1동,31021
2023,4113559000,경기도,성남시 분당구,서현2동,17759
2023,4113560000,경기도,성남시 분당구,이매1동,24845
2023,4113561000,경기도,성남시 분당구,이매2동,13146
2023,4113562000,경기도,성남시 분당구,야탑1동,16808
2023,4113563000,경기도,성남시 분당구,야탑2동,15874
2023,4113564000,경기도,성남시 분당구,야탑3동,26838
2023,4113565000,경기도,성남시 분당구,판교동,26512
2023,4113565500,경기도,성남시 분당구,삼평동,23939
2023,4113565700,경기도,성남시 분당구,백현동,26848
2023,4113566200,경기도,성남시 분당구,금곡동,27083
2023,4113566500,경기도,성남시 분당구,구미1동,16495
2023,4113567000,경기도,성남시 분당구,구미동,28673
2023,4113568000,경기도,성남시 분당구,운중동,34556
2023,4115051000,경기도,의정부시,의정부1동,38966
2023,4115052000,경기도,의정부시,의정부2동,29574
2023,4115054500,경기도,의정부시,호원1동,34483
2023,4115055500,경기도,의정부시,호원2동,33020
2023,4115056100,경기도,의정부시,장암동,19007
2023,4115056700,경기도,의정부시,신곡1동,39419
2023,4115056800,경기도,의정부시,신곡2동,45401
2023,4115057300,경기도,의정부시,송산1동,57293
2023,4115057600,경기도,의정부시,송산2동,32012
2023,4115057800,경기도,의정부시,송산3동,45456
2023,4115058000,경기도,의정부시,자금동,25802
2023,4115059500,경기도,의정부시,가능동,24260
2023,4115061500,경기도,의정부시,흥선동,19368
2023,4115062000,경기도,의정부시,녹양동,20152
2023,4117151000,경기도,안양시 만안구,안양1동,11883
2023,4117152000,경기도,안양시 만안구,안양2동,22983
2023,4117153000,경기도,안양시 만안구,안양3동,15687
2023,4117154000,경기도,안양시 만안구,안양4동,6738
2023,4117155000,경기도,안양시 만안구,안양5동,10012
2023,4117156000,경기도,안양시 만안구,안양6동,26557
2023,4117157000,경기도,안양시 만안구,안양7동,15006
2023,4117158000,경기도,안양시 만안구,안양8동,8339
2023,4117158100,경기도,안양시 만안구,안양9동,16524
2023,4117159000,경기도,안양시 만안구,석수1동,18864
2023,4117160000,경기도,안양시 만안구,석수2동,30097
2023,4117161000,경기도,안양시 만안구,석수3동,12535
2023,4117162100,경기도,안양시 만안구,박달1동,14180
2023,4117163000,경기도,안양시 만안구,박달2동,21259
2023,4117351000,경기도,안양시 동안구,비산1동,28800
2023,4117352000,경기도,안양시 동안구,비산2동,14547
2023,4117353000,경기도,안양시 동안구,비산3동,11438
2023,4117354000,경기도,안양시 동안구,부흥동,16517
2023,4117354600,경기도,안양시 동안구,달안동,9952
2023,4117355000,경기도,안양시 동안구,관양1동,33816
2023,4117356000,경기도,안양시 동안구,관양2동,18375
2023,4117356600,경기도,안양시 동안구,부림동,25847
2023,4117357000,경기도,안양시 동안구,평촌동,14047
2023,4117357600,경기도,안양시 동안구,평안동,22945
2023,4117357800,경기도,안양시 동안구,귀인동,16228
2023,4117358000,경기도,안양시 동안구,호계1동,21250
2023,4117359000,경기도,안양시 동안구,호계2동,18847
2023,4117360000,경기도,안양시 동안구,호계3동,23160
2023,4117361000,경기도,안양시 동안구,범계동,15326
2023,4117362000,경기도,안양시 동안구,신촌동,12386
2023,4117363000,경기도,안양시 동안구,갈산동,10515
2023,4119060300,경기도,부천시,심곡동,59193
2023,4119060600,경기도,부천시,부천동,85000
2023,4119061000,경기도,부천시,중동,39922
2023,4119074200,경기도,부천시,신중동,127690
2023,4119074400,경기도,부천시,상동,82491
2023,4119074600,경기도,부천시,대산동,76367
2023,4119075000,경기도,부천시,소사본동,53730
2023,4119079500,경기도,부천시,범안동,99963
2023,4119080000,경기도,부천시,성곡동,77558
2023,4119083000,경기도,부천시,오정동,78054
2023,4121051000,경기도,광명시,광명1동,50
2023,4121052000,경기도,광명시,광명2동,2921
2023,4121054000,경기도,광명시,광명3동,9728
2023,4121055000,경기도,광명시,광명4동,7692
2023,4121056000,경기도,광명시,광명5동,12003
2023,4121057000,경기도,광명시,광명6동,13744
2023,4121058000,경기도,광명시,광명7동,22049
2023,4121059000,경기도,광명시,철산1동,10532
2023,4121060000,경기도,광명시,철산2동,5377
2023,4121061000,경기도,광명시,철산3동,36772
2023,4121062000,경기도,광명시,철산4동,9389
2023,4121063100,경기도,광명시,하안1동,25318
2023,4121063200,경기도,광명시,하안2동,13202
2023,4121063300,경기도,광명시,하안3동,19089
2023,4121063400,경기도,광명시,하안4동,11835
2023,4121064000,경기도,광명시,소하1동,30211
2023,4121065000,경기도,광명시,소하2동,26637
2023,4121065500,경기도,광명시,일직동,21744
2023,4121066000,경기도,광명시,학온동,1904
2023,4122025000,경기도,평택시,팽성읍,28340
2023,4122025300,경기도,평택시,안중읍,42738
2023,4122025600,경기도,평택시,포승읍,23639
2023,4122025900,경기도,평택시,청북읍,26635
2023,4122031000,경기도,평택시,진위면,11132
2023,4122032000,경기도,평택시,서탄면,3566
2023,4122033000,경기도,평택시,고덕면,12764
2023,4122034000,경기도,평택시,오성면,6458
2023,4122037000,경기도,평택시,현덕면,5806
2023,4122051000,경기도,평택시,중앙동,43275
2023,4122052000,경기도,평택시,서정동,23875
2023,4122053500,경기도,평택시,송탄동,21903
2023,4122055000,경기도,평택시,지산동,12697
2023,4122056000,경기도,평택시,송북동,21375
2023,4122057000,경기도,평택시,신장1동,7058
2023,4122058000,경기도,평택시,신장2동,5108
2023,4122059000,경기도,평택시,신평동,20563
2023,4122060000,경기도,평택시,원평동,13296
2023,4122061000,경기도,평택시,통복동,3818
2023,4122062000,경기도,평택시,비전1동,51603
2023,4122063000,경기도,평택시,비전2동,57657
2023,4122063500,경기도,평택시,용이동,25882
2023,4122064000,경기도,평택시,세교동,37632
2023,4122065000,경기도,평택시,동삭동,41544
2023,4122066000,경기도,평택시,고덕동,42658
2023,4125051000,경기도,동두천시,생연1동,6390
2023,4125052000,경기도,동두천시,생연2동,10993
2023,4125053500,경기도,동두천시,중앙동,4523
2023,4125055000,경기도,동두천시,보산동,2707
2023,4125056500,경기도,동두천시,불현동,25385
2023,4125056600,경기도,동두천시,송내동,25103
2023,4125058000,경기도,동두천시,소요동,8539
2023,4125060000,경기도,동두천시,상패동,4986
2023,4127151000,경기도,안산시 상록구,일동,23444
2023,4127151500,경기도,안산시 상록구,이동,22805
2023,4127152500,경기도,안산시 상록구,사동,30099
2023,4127153200,경기도,안산시 상록구,사이동,31111
2023,4127153700,경기도,안산시 상록구,해양동,40391
2023,4127154000,경기도,안산시 상록구,본오1동,35589
2023,4127155000,경기도,안산시 상록구,본오2동,24928
2023,4127156000,경기도,안산시 상록구,본오3동,18627
2023,4127157000,경기도,안산시 상록구,부곡동,20808
2023,4127158000,경기도,안산시 상록구,월피동,36464
2023,4127159000,경기도,안산시 상록구,성포동,25096
2023,4127160000,경기도,안산시 상록구,반월동,16831
2023,4127161000,경기도,안산시 상록구,안산동,8674
2023,4127351000,경기도,안산시 단원구,와동,36697
2023,4127352500,경기도,안산시 단원구,고잔동,20396
2023,4127353200,경기도,안산시 단원구,중앙동,23549
2023,4127353500,경기도,안산시 단원구,호수동,42772
2023,4127354500,경기도,안산시 단원구,원곡동,5613
2023,4127355500,경기도,안산시 단원구,백운동,24221
2023,4127356500,경기도,안산시 단원구,신길동,21222
2023,4127357000,경기도,안산시 단원구,초지동,45838
2023,4127358000,경기도,안산시 단원구,선부1동,17072
2023,4127359000,경기도,안산시 단원구,선부2동,14734
2023,4127360000,경기도,안산시 단원구,선부3동,33122
2023,4127361000,경기도,안산시 단원구,대부동,9205
2023,4128151000,경기도,고양시 덕양구,주교동,10961
2023,4128152000,경기도,고양시 덕양구,원신동,22890
2023,4128153000,경기도,고양시 덕양구,흥도동,29581
2023,4128154000,경기도,고양시 덕양구,성사1동,21204
2023,4128155000,경기도,고양시 덕양구,성사2동,10740
2023,4128156000,경기도,고양시 덕양구,효자동,23934
2023,4128157600,경기도,고양시 덕양구,삼송1동,21916
2023,4128157700,경기도,고양시 덕양구,삼송2동,28579
2023,4128158000,경기도,고양시 덕양구,창릉동,23313
2023,4128159000,경기도,고양시 덕양구,고양동,28430
2023,4128160000,경기도,고양시 덕양구,관산동,35052
2023,4128161000,경기도,고양시 덕양구,능곡동,18202
2023,4128162100,경기도,고양시 덕양구,화정1동,35999
2023,4128162200,경기도,고양시 덕양구,화정2동,31449
2023,4128163000,경기도,고양시 덕양구,행주동,16322
2023,4128164000,경기도,고양시 덕양구,행신1동,20706
2023,4128165000,경기도,고양시 덕양구,행신2동,30379
2023,4128165500,경기도,고양시 덕양구,행신3동,22964
2023,4128165600,경기도,고양시 덕양구,행신4동,19856
2023,4128166000,경기도,고양시 덕양구,화전동,27947
2023,4128167000,경기도,고양시 덕양구,대덕동,16014
2023,4128551000,경기도,고양시 일산동구,식사동,40820
2023,4128552500,경기도,고양시 일산동구,중산1동,20764
2023,4128552600,경기도,고양시 일산동구,중산2동,23798
2023,4128553000,경기도,고양시 일산동구,정발산동,21917
2023,4128554000,경기도,고양시 일산동구,풍산동,37162
2023,4128555100,경기도,고양시 일산동구,백석1동,29048
2023,4128555200,경기도,고양시 일산동구,백석2동,20097
2023,4128556000,경기도,고양시 일산동구,마두1동,23026
2023,4128557000,경기도,고양시 일산동구,마두2동,15557
2023,4128558000,경기도,고양시 일산동구,장항1동,10863
2023,4128559000,경기도,고양시 일산동구,장항2동,26531
2023,4128560000,경기도,고양시 일산동구,고봉동,22014
2023,4128751000,경기도,고양시 일산서구,일산1동,25650
2023,4128752000,경기도,고양시 일산서구,일산2동,19145
2023,4128753000,경기도,고양시 일산서구,일산3동,33936
2023,4128754500,경기도,고양시 일산서구,탄현1동,30124
2023,4128754600,경기도,고양시 일산서구,탄현2동,19186
2023,4128755000,경기도,고양시 일산서구,주엽1동,26840
2023,4128756000,경기도,고양시 일산서구,주엽2동,27285
2023,4128757000,경기도,고양시 일산서구,대화동,34576
2023,4128758000,경기도,고양시 일산서구,송포동,20570
2023,4128760000,경기도,고양시 일산서구,덕이동,30777
2023,4128761000,경기도,고양시 일산서구,가좌동,18783
2023,4129051000,경기도,과천시,중앙동,11343
2023,4129051500,경기도,과천시,원문동,15414
2023,4129052000,경기도,과천시,갈현동,11410
2023,4129053000,경기도,과천시,별양동,14658
2023,4129054000,경기도,과천시,부림동,14659
2023,4129055000,경기도,과천시,과천동,6667
2023,4129056000,경기도,과천시,문원동,6849
2023,4131051000,경기도,구리시,갈매동,30205
2023,4131052000,경기도,구리시,동구동,35874
2023,4131053000,경기도,구리시,인창동,23803
2023,4131054100,경기도,구리시,교문1동,15035
2023,4131054200,경기도,구리시,교문2동,21197
2023,4131057000,경기도,구리시,수택1동,15143
2023,4131058000,경기도,구리시,수택2동,24626
2023,4131059000,경기도,구리시,수택3동,21210
2023,4136025000,경기도,남양주시,와부읍,57586
2023,4136025300,경기도,남양주시,진접읍,96010
2023,4136025600,경기도,남양주시,화도읍,64713
2023,4136025700,경기도,남양주시,화도읍동부출장소,13533
2023,4136025800,경기도,남양주시,화도읍남부출장소,35878
2023,4136025900,경기도,남양주시,진건읍,20979
2023,4136026200,경기도,남양주시,오남읍,51729
2023,4136026500,경기도,남양주시,퇴계원읍,27461
2023,4136031000,경기도,남양주시,별내면,18505
2023,4136034000,경기도,남양주시,수동면,8807
2023,4136036000,경기도,남양주시,조안면,3874
2023,4136051000,경기도,남양주시,호평동,56341
2023,4136052000,경기도,남양주시,평내동,37869
2023,4136053000,경기도,남양주시,금곡동,17703
2023,4136054000,경기도,남양주시,양정동,2911
2023,4136054500,경기도,남양주시,다산1동,101791
2023,4136056500,경기도,남양주시,다산2동,36184
2023,4136057000,경기도,남양주시,별내동,80391
2023,4137051000,경기도,오산시,중앙동,34687
2023,4137053000,경기도,오산시,남촌동,23440
2023,4137054000,경기도,오산시,신장동,59566
2023,4137055000,경기도,오산시,세마동,31763
2023,4137056000,경기도,오산시,초평동,16504
2023,4137057000,경기도,오산시,대원동,63696
2023,4139051000,경기도,시흥시,대야동,42477
2023,4139052000,경기도,시흥시,신천동,33845
2023,4139053100,경기도,시흥시,신현동,9263
2023,4139054000,경기도,시흥시,은행동,55147
2023,4139055000,경기도,시흥시,매화동,11549
2023,4139057000,경기도,시흥시,목감동,41286
2023,4139058100,경기도,시흥시,군자동,21616
2023,4139058200,경기도,시흥시,월곶동,17301
2023,4139058900,경기도,시흥시,정왕본동,18637
2023,4139059100,경기도,시흥시,정왕1동,21929
2023,4139059200,경기도,시흥시,정왕2동,27694
2023,4139059300,경기도,시흥시,정왕3동,21921
2023,4139059400,경기도,시흥시,정왕4동,20002
2023,4139059600,경기도,시흥시,배곧1동,35285
2023,4139059700,경기도,시흥시,배곧2동,35452
2023,4139062100,경기도,시흥시,과림동,1806
2023,4139063000,경기도,시흥시,연성동,24156
2023,4139063100,경기도,시흥시,장곡동,44853
2023,4139064000,경기도,시흥시,능곡동,25098
2023,4139065000,경기도,시흥시,거북섬동,10398
2023,4141051000,경기도,군포시,군포1동,32198
2023,4141052000,경기도,군포시,군포2동,42016
2023,4141054000,경기도,군포시,산본1동,14994
2023,4141055000,경기도,군포시,산본2동,25557
2023,4141056000,경기도,군포시,금정동,19498
2023,4141057000,경기도,군포시,재궁동,17551
2023,4141058000,경기도,군포시,오금동,20490
2023,4141059000,경기도,군포시,수리동,15470
2023,4141060000,경기도,군포시,궁내동,19898
2023,4141061000,경기도,군포시,대야동,9299
2023,4141062000,경기도,군포시,광정동,23784
2023,4141063000,경기도,군포시,송부동,20474
2023,4143051000,경기도,의왕시,고천동,13541
2023,4143052000,경기도,의왕시,부곡동,28964
2023,4143053000,경기도,의왕시,오전동,37190
2023,4143054000,경기도,의왕시,내손1동,20134
2023,4143055000,경기도,의왕시,내손2동,21702
2023,4143056000,경기도,의왕시,청계동,37339
2023,4145051000,경기도,하남시,천현동,6407
2023,4145052000,경기도,하남시,신장1동,6919
2023,4145053000,경기도,하남시,신장2동,45773
2023,4145054000,경기도,하남시,덕풍1동,14468
2023,4145055000,경기도,하남시,덕풍2동,18023
2023,4145056000,경기도,하남시,덕풍3동,25110
2023,4145058000,경기도,하남시,감북동,2812
2023,4145058200,경기도,하남시,감일동,39515
2023,4145058500,경기도,하남시,위례동,35093
2023,4145059000,경기도,하남시,춘궁동,1853
2023,4145060000,경기도,하남시,초이동,3209
2023,4145061000,경기도,하남시,미사1동,53929
2023,4145062000,경기도,하남시,미사2동,46901
2023,4145063000,경기도,하남시,미사3동,29849
2023,4146125000,경기도,용인시 처인구,포곡읍,32880
2023,4146125300,경기도,용인시 처인구,모현읍,26287
2023,4146125600,경기도,용인시 처인구,이동읍,20066
2023,4146125900,경기도,용인시 처인구,남사읍,23881
2023,4146134000,경기도,용인시 처인구,원삼면,7914
2023,4146135000,경기도,용인시 처인구,백암면,8045
2023,4146136000,경기도,용인시 처인구,양지면,19846
2023,4146151000,경기도,용인시 처인구,중앙동,24848
2023,4146152500,경기도,용인시 처인구,역북동,35463
2023,4146152600,경기도,용인시 처인구,삼가동,12359
2023,4146153000,경기도,용인시 처인구,유림동,37133
2023,4146154000,경기도,용인시 처인구,동부동,12766
2023,4146351000,경기도,용인시 기흥구,신갈동,37241
2023,4146351600,경기도,용인시 기흥구,영덕1동,31353
2023,4146351700,경기도,용인시 기흥구,영덕2동,19199
2023,4146352000,경기도,용인시 기흥구,구갈동,41015
2023,4146353000,경기도,용인시 기흥구,상갈동,12896
2023,4146353500,경기도,용인시 기흥구,보라동,32906
2023,4146354000,경기도,용인시 기흥구,기흥동,21293
2023,4146355000,경기도,용인시 기흥구,서농동,25240
2023,4146356000,경기도,용인시 기흥구,구성동,39303
2023,4146357000,경기도,용인시 기흥구,마북동,31449
2023,4146357200,경기도,용인시 기흥구,동백1동,32023
2023,4146357500,경기도,용인시 기흥구,동백2동,26894
2023,4146357700,경기도,용인시 기흥구,동백3동,26898
2023,4146358600,경기도,용인시 기흥구,상하동,23620
2023,4146359000,경기도,용인시 기흥구,보정동,35326
2023,4146551000,경기도,용인시 수지구,풍덕천1동,35189
2023,4146552000,경기도,용인시 수지구,풍덕천2동,41450
2023,4146553000,경기도,용인시 수지구,신봉동,41317
2023,4146554000,경기도,용인시 수지구,죽전1동,28433
2023,4146555000,경기도,용인시 수지구,죽전2동,18003
2023,4146555500,경기도,용인시 수지구,죽전3동,26584
2023,4146556000,경기도,용인시 수지구,동천동,50793
2023,4146557000,경기도,용인시 수지구,상현1동,20088
2023,4146558000,경기도,용인시 수지구,상현2동,33110
2023,4146558500,경기도,용인시 수지구,상현3동,27759
2023,4146559000,경기도,용인시 수지구,성복동,54696
2023,4148025000,경기도,파주시,문산읍,46899
2023,4148025300,경기도,파주시,파주읍,14111
2023,4148025600,경기도,파주시,법원읍,9856
2023,4148026200,경기도,파주시,조리읍,28376
2023,4148031000,경기도,파주시,월롱면,8755
2023,4148032000,경기도,파주시,탄현면,13063
2023,4148035000,경기도,파주시,광탄면,10686
2023,4148036000,경기도,파주시,파평면,3658
2023,4148037000,경기도,파주시,적성면,6978
2023,4148039000,경기도,파주시,장단면,719
2023,4148051000,경기도,파주시,금촌1동,21594
2023,4148052000,경기도,파주시,금촌2동,31506
2023,4148053000,경기도,파주시,금촌3동,25721
2023,4148054000,경기도,파주시,교하동,7415
2023,4148055000,경기도,파주시,운정1동,47598
2023,4148056000,경기도,파주시,운정2동,64860
2023,4148057000,경기도,파주시,운정3동,69456
2023,4148058000,경기도,파주시,운정4동,23220
2023,4148059000,경기도,파주시,운정5동,42855
2023,4148060000,경기도,파주시,운정6동,20427
2023,4150025000,경기도,이천시,장호원읍,14122
2023,4150025300,경기도,이천시,부발읍,36495
2023,4150031000,경기도,이천시,신둔면,14011
2023,4150032000,경기도,이천시,백사면,11432
2023,4150033000,경기도,이천시,호법면,5924
2023,4150034000,경기도,이천시,마장면,15700
2023,4150035000,경기도,이천시,대월면,14334
2023,4150036000,경기도,이천시,모가면,4152
2023,4150037000,경기도,이천시,설성면,4501
2023,4150038000,경기도,이천시,율면,2582
2023,4150051000,경기도,이천시,창전동,16018
2023,4150051500,경기도,이천시,증포동,57574
2023,4150052000,경기도,이천시,중리동,15644
2023,4150053000,경기도,이천시,관고동,9609
2023,4155025000,경기도,안성시,공도읍,61350
2023,4155031000,경기도,안성시,보개면,5110
2023,4155032000,경기도,안성시,금광면,7341
2023,4155033000,경기도,안성시,서운면,3081
2023,4155034000,경기도,안성시,미양면,5533
2023,4155035000,경기도,안성시,대덕면,15207
2023,4155036000,경기도,안성시,양성면,5131
2023,4155038000,경기도,안성시,원곡면,6495
2023,4155039000,경기도,안성시,일죽면,7279
2023,4155040000,경기도,안성시,죽산면,6834
2023,4155041000,경기도,안성시,삼죽면,3739
2023,4155042000,경기도,안성시,고삼면,1887
2023,4155051000,경기도,안성시,안성1동,11802
2023,4155052000,경기도,안성시,안성2동,26165
2023,4155053000,경기도,안성시,안성3동,22080
2023,4157025000,경기도,김포시,통진읍,34589
2023,4157025300,경기도,김포시,고촌읍,48397
2023,4157025600,경기도,김포시,양촌읍,30225
2023,4157034000,경기도,김포시,대곶면,9586
2023,4157035000,경기도,김포시,월곶면,5204
2023,4157036000,경기도,김포시,하성면,7918
2023,4157051500,경기도,김포시,김포본동,58564
2023,4157052500,경기도,김포시,장기본동,39254
2023,4157054000,경기도,김포시,사우동,21413
2023,4157055000,경기도,김포시,풍무동,60264
2023,4157056000,경기도,김포시,장기동,40770
2023,4157057000,경기도,김포시,구래동,45200
2023,4157057500,경기도,김포시,마산동,35481
2023,4157058000,경기도,김포시,운양동,49307
2023,4159025300,경기도,화성시,봉담읍,94785
2023,4159025600,경기도,화성시,우정읍,17411
2023,4159025900,경기도,화성시,향남읍,85268
2023,4159026200,경기도,화성시,남양읍,57316
2023,4159031000,경기도,화성시,매송면,6669
2023,4159032000,경기도,화성시,비봉면,7496
2023,4159033000,경기도,화성시,마도면,6805
2023,4159034000,경기도,화성시,송산면,10755
2023,4159035000,경기도,화성시,서신면,7147
2023,4159036000,경기도,화성시,팔탄면,9807
2023,4159037000,경기도,화성시,장안면,9950
2023,4159040000,경기도,화성시,양감면,3959
2023,4159041000,경기도,화성시,정남면,10968
2023,4159051500,경기도,화성시,새솔동,25755
2023,4159052000,경기도,화성시,진안동,50370
2023,4159053000,경기도,화성시,병점1동,36576
2023,4159054000,경기도,화성시,병점2동,22924
2023,4159055000,경기도,화성시,반월동,37265
2023,4159056000,경기도,화성시,기배동,16049
2023,4159057000,경기도,화성시,화산동,27204
2023,4159058500,경기도,화성시,동탄1동,50375
2023,4159058600,경기도,화성시,동탄2동,34409
2023,4159058700,경기도,화성시,동탄3동,40896
2023,4159058800,경기도,화성시,동탄4동,53440
2023,4159059000,경기도,화성시,동탄5동,46897
2023,4159060000,경기도,화성시,동탄6동,43340
2023,4159061000,경기도,화성시,동탄7동,56880
2023,4159062000,경기도,화성시,동탄8동,33657
2023,4159063000,경기도,화성시,동탄9동,39969
2023,4161025300,경기도,광주시,초월읍,50406
2023,4161025900,경기도,광주시,곤지암읍,22196
2023,4161033000,경기도,광주시,도척면,9325
2023,4161034000,경기도,광주시,퇴촌면,15778
2023,4161035000,경기도,광주시,남종면,1423
2023,4161037000,경기도,광주시,남한산성면,2316
2023,4161051000,경기도,광주시,경안동,29055
2023,4161052000,경기도,광주시,송정동,21202
2023,4161054000,경기도,광주시,쌍령동,17864
2023,4161055000,경기도,광주시,탄벌동,40788
2023,4161056000,경기도,광주시,광남1동,32641
2023,4161057000,경기도,광주시,광남2동,33665
2023,4161058000,경기도,광주시,오포1동,21486
2023,4161059000,경기도,광주시,오포2동,33548
2023,4161060000,경기도,광주시,신현동,36543
2023,4161061000,경기도,광주시,능평동,23141
2023,4163025000,경기도,양주시,백석읍,25144
2023,4163031000,경기도,양주시,은현면,5455
2023,4163032000,경기도,양주시,남면,6443
2023,4163033000,경기도,양주시,광적면,11124
2023,4163034000,경기도,양주시,장흥면,11807
2023,4163051000,경기도,양주시,양주1동,4780
2023,4163052000,경기도,양주시,양주2동,50618
2023,4163053000,경기도,양주시,회천1동,9044
2023,4163054000,경기도,양주시,회천2동,36591
2023,4163055000,경기도,양주시,회천3동,25469
2023,4163057000,경기도,양주시,옥정1동,29472
2023,4163058000,경기도,양주시,옥정2동,52079
2023,4165025000,경기도,포천시,소흘읍,43405
2023,4165031000,경기도,포천시,군내면,8616
2023,4165032000,경기도,포천시,내촌면,4325
2023,4165033000,경기도,포천시,가산면,7237
2023,4165034000,경기도,포천시,신북면,11721
2023,4165035000,경기도,포천시,창수면,2063
2023,4165036000,경기도,포천시,영중면,4630
2023,4165037000,경기도,포천시,일동면,9103
2023,4165038000,경기도,포천시,이동면,5714
2023,4165039000,경기도,포천시,영북면,7753
2023,4165040000,경기도,포천시,관인면,2564
2023,4165041000,경기도,포천시,화현면,2575
2023,4165051000,경기도,포천시,포천동,19242
2023,4165052000,경기도,포천시,선단동,14375
2023,4167025000,경기도,여주시,가남읍,14468
2023,4167031000,경기도,여주시,점동면,4736
2023,4167032000,경기도,여주시,흥천면,5019
2023,4167033000,경기도,여주시,금사면,2918
2023,4167034500,경기도,여주시,세종대왕면,5915
2023,4167035000,경기도,여주시,대신면,6663
2023,4167036000,경기도,여주시,북내면,4729
2023,4167037000,경기도,여주시,강천면,4311
2023,4167038000,경기도,여주시,산북면,2477
2023,4167051000,경기도,여주시,여흥동,20917
2023,4167052000,경기도,여주시,중앙동,24255
2023,4167053000,경기도,여주시,오학동,18004
2023,4180025000,경기도,연천군,연천읍,7827
2023,4180025300,경기도,연천군,전곡읍,18055
2023,4180031000,경기도,연천군,군남면,2974
2023,4180032000,경기도,연천군,청산면,4176
2023,4180033000,경기도,연천군,백학면,2508
2023,4180034000,경기도,연천군,미산면,1705
2023,4180035000,경기도,연천군,왕징면,986
2023,4180036000,경기도,연천군,신서면,2475
2023,4180037000,경기도,연천군,중면,164
2023,4180038000,경기도,연천군,장남면,714
2023,4182025000,경기도,가평군,가평읍,20656
2023,4182031000,경기도,가평군,설악면,9645
2023,4182032500,경기도,가평군,청평면,13497
2023,4182033000,경기도,가평군,상면,5490
2023,4182034500,경기도,가평군,조종면,9353
2023,4182035000,경기도,가평군,북면,3661
2023,4183025000,경기도,양평군,양평읍,35613
2023,4183031000,경기도,양평군,강상면,10032
2023,4183032000,경기도,양평군,강하면,4880
2023,4183033000,경기도,양평군,양서면,13900
2023,4183034000,경기도,양평군,옥천면,8105
2023,4183035000,경기도,양평군,서종면,10031
2023,4183036000,경기도,양평군,단월면,3928
2023,4183037000,경기도,양평군,청운면,3781
2023,4183038000,경기도,양평군,양동면,4572
2023,4183039500,경기도,양평군,지평면,6833
2023,4183040000,경기도,양평군,용문면,18449
2023,4183041000,경기도,양평군,개군면,5114
2023,4311131000,충청북도,청주시 상당구,낭성면,2094
2023,4311132000,충청북도,청주시 상당구,미원면,4683
2023,4311133000,충청북도,청주시 상당구,가덕면,3733
2023,4311134000,충청북도,청주시 상당구,남일면,6503
2023,4311135000,충청북도,청주시 상당구,문의면,3658
2023,4311152500,충청북도,청주시 상당구,중앙동,6616
2023,4311154500,충청북도,청주시 상당구,성안동,6455
2023,4311162000,충청북도,청주시 상당구,탑대성동,11398
2023,4311167000,충청북도,청주시 상당구,영운동,10168
2023,4311168000,충청북도,청주시 상당구,금천동,29735
2023,4311169000,충청북도,청주시 상당구,용담.명암.산성동,12910
2023,4311172000,충청북도,청주시 상당구,용암1동,58132
2023,4311173000,충청북도,청주시 상당구,용암2동,44490
2023,4311231000,충청북도,청주시 서원구,남이면,9880
2023,4311232000,충청북도,청주시 서원구,현도면,3070
2023,4311251000,충청북도,청주시 서원구,사직1동,4373
2023,4311252000,충청북도,청주시 서원구,사직2동,12735
2023,4311253000,충청북도,청주시 서원구,사창동,14287
2023,4311254000,충청북도,청주시 서원구,모충동,17151
2023,4311255000,충청북도,청주시 서원구,산남동,25529
2023,4311256000,충청북도,청주시 서원구,분평동,28819
2023,4311257000,충청북도,청주시 서원구,수곡1동,12876
2023,4311258000,충청북도,청주시 서원구,수곡2동,15124
2023,4311259000,충청북도,청주시 서원구,성화.개신.죽림동,42458
2023,4311325000,충청북도,청주시 흥덕구,오송읍,31586
2023,4311331000,충청북도,청주시 흥덕구,강내면,10364
2023,4311332000,충청북도,청주시 흥덕구,옥산면,17575
2023,4311370000,충청북도,청주시 흥덕구,운천.신봉동,14606
2023,4311374100,충청북도,청주시 흥덕구,복대1동,49862
2023,4311374200,충청북도,청주시 흥덕구,복대2동,15366
2023,4311374700,충청북도,청주시 흥덕구,가경동,54588
2023,4311375100,충청북도,청주시 흥덕구,봉명1동,9152
2023,4311375600,충청북도,청주시 흥덕구,봉명2.송정동,23919
2023,4311376000,충청북도,청주시 흥덕구,강서제1동,31051
2023,4311377000,충청북도,청주시 흥덕구,강서제2동,16525
2023,4311425000,충청북도,청주시 청원구,내수읍,18658
2023,4311425300,충청북도,청주시 청원구,오창읍,68457
2023,4311431000,충청북도,청주시 청원구,북이면,4322
2023,4311451000,충청북도,청주시 청원구,우암동,12185
2023,4311452000,충청북도,청주시 청원구,내덕1동,8047
2023,4311453000,충청북도,청주시 청원구,내덕2동,13102
2023,4311454000,충청북도,청주시 청원구,율량.사천동,48113
2023,4311455000,충청북도,청주시 청원구,오근장동,17834
2023,4313025000,충청북도,충주시,주덕읍,4782
2023,4313031000,충청북도,충주시,살미면,1995
2023,4313032500,충청북도,충주시,수안보면,2820
2023,4313033500,충청북도,충주시,대소원면,9688
2023,4313035000,충청북도,충주시,신니면,2753
2023,4313036000,충청북도,충주시,노은면,2211
2023,4313037000,충청북도,충주시,앙성면,3906
2023,4313038500,충청북도,충주시,중앙탑면,14579
2023,4313039000,충청북도,충주시,금가면,3885
2023,4313040000,충청북도,충주시,동량면,3460
2023,4313041000,충청북도,충주시,산척면,2180
2023,4313042000,충청북도,충주시,엄정면,3000
2023,4313043000,충청북도,충주시,소태면,1881
2023,4313051500,충청북도,충주시,성내.충인동,2485
2023,4313053500,충청북도,충주시,교현.안림동,22640
2023,4313054000,충청북도,충주시,교현2동,6336
2023,4313055000,충청북도,충주시,용산동,14288
2023,4313056000,충청북도,충주시,지현동,5028
2023,4313057100,충청북도,충주시,문화동,8985
2023,4313058000,충청북도,충주시,호암.직동,22180
2023,4313060500,충청북도,충주시,달천동,3880
2023,4313061000,충청북도,충주시,봉방동,8854
2023,4313062500,충청북도,충주시,칠금.금릉동,13962
2023,4313063000,충청북도,충주시,연수동,35566
2023,4313064000,충청북도,충주시,목행.용탄동,6434
2023,4315025000,충청북도,제천시,봉양읍,6672
2023,4315031000,충청북도,제천시,금성면,1816
2023,4315032000,충청북도,제천시,청풍면,1275
2023,4315033000,충청북도,제천시,수산면,2020
2023,4315034000,충청북도,제천시,덕산면,2135
2023,4315035000,충청북도,제천시,한수면,657
2023,4315036000,충청북도,제천시,백운면,3336
2023,4315038000,충청북도,제천시,송학면,4675
2023,4315051000,충청북도,제천시,교동,18011
2023,4315051800,충청북도,제천시,의림지동,10016
2023,4315052800,충청북도,제천시,중앙동,5435
2023,4315053700,충청북도,제천시,남현동,4730
2023,4315054700,충청북도,제천시,영서동,9888
2023,4315056000,충청북도,제천시,용두동,18762
2023,4315057700,충청북도,제천시,신백동,10701
2023,4315059000,충청북도,제천시,청전동,15109
2023,4315060500,충청북도,제천시,화산동,14956
2023,4372025000,충청북도,보은군,보은읍,14356
2023,4372031500,충청북도,보은군,속리산면,1776
2023,4372032500,충청북도,보은군,장안면,1387
2023,4372033000,충청북도,보은군,마로면,2100
2023,4372034000,충청북도,보은군,탄부면,1573
2023,4372035000,충청북도,보은군,삼승면,2223
2023,4372036000,충청북도,보은군,수한면,1820
2023,4372037000,충청북도,보은군,회남면,723
2023,4372038500,충청북도,보은군,회인면,1709
2023,4372039000,충청북도,보은군,내북면,1641
2023,4372040000,충청북도,보은군,산외면,1702
2023,4373025000,충청북도,옥천군,옥천읍,28309
2023,4373031000,충청북도,옥천군,동이면,3150
2023,4373032000,충청북도,옥천군,안남면,1355
2023,4373033000,충청북도,옥천군,안내면,1922
2023,4373034000,충청북도,옥천군,청성면,2285
2023,4373035000,충청북도,옥천군,청산면,2870
2023,4373036000,충청북도,옥천군,이원면,3972
2023,4373037000,충청북도,옥천군,군서면,2094
2023,4373038000,충청북도,옥천군,군북면,2934
2023,4374025000,충청북도,영동군,영동읍,19449
2023,4374031000,충청북도,영동군,용산면,3246
2023,4374032000,충청북도,영동군,황간면,3986
2023,4374033500,충청북도,영동군,추풍령면,2168
2023,4374034000,충청북도,영동군,매곡면,1837
2023,4374035000,충청북도,영동군,상촌면,2165
2023,4374036000,충청북도,영동군,양강면,3001
2023,4374037000,충청북도,영동군,용화면,948
2023,4374038000,충청북도,영동군,학산면,2659
2023,4374039000,충청북도,영동군,양산면,1758
2023,4374040000,충청북도,영동군,심천면,2978
2023,4374525000,충청북도,증평군,증평읍,35766
2023,4374531000,충청북도,증평군,도안면,1718
2023,4375025000,충청북도,진천군,진천읍,30271
2023,4375025300,충청북도,진천군,덕산읍,30079
2023,4375032000,충청북도,진천군,초평면,3019
2023,4375033000,충청북도,진천군,문백면,3419
2023,4375034000,충청북도,진천군,백곡면,2063
2023,4375035000,충청북도,진천군,이월면,6150
2023,4375037000,충청북도,진천군,광혜원면,11253
2023,4376025000,충청북도,괴산군,괴산읍,9353
2023,4376031000,충청북도,괴산군,감물면,2028
2023,4376032000,충청북도,괴산군,장연면,1897
2023,4376033000,충청북도,괴산군,연풍면,2231
2023,4376034000,충청북도,괴산군,칠성면,3104
2023,4376035000,충청북도,괴산군,문광면,2171
2023,4376036000,충청북도,괴산군,청천면,5135
2023,4376037000,충청북도,괴산군,청안면,3330
2023,4376039000,충청북도,괴산군,사리면,2553
2023,4376040000,충청북도,괴산군,소수면,2141
2023,4376041000,충청북도,괴산군,불정면,2647
2023,4377025000,충청북도,음성군,음성읍,16510
2023,4377025300,충청북도,음성군,금왕읍,19293
2023,4377031000,충청북도,음성군,소이면,2857
2023,4377032000,충청북도,음성군,원남면,2992
2023,4377033000,충청북도,음성군,맹동면,13298
2023,4377034000,충청북도,음성군,대소면,15387
2023,4377035000,충청북도,음성군,삼성면,6556
2023,4377036000,충청북도,음성군,생극면,4455
2023,4377037000,충청북도,음성군,감곡면,9835
2023,4380025000,충청북도,단양군,단양읍,10314
2023,4380025300,충청북도,단양군,매포읍,4918
2023,4380031000,충청북도,단양군,대강면,2363
2023,4380032000,충청북도,단양군,가곡면,2023
2023,4380033000,충청북도,단양군,영춘면,3098
2023,4380034000,충청북도,단양군,어상천면,1865
2023,4380035000,충청북도,단양군,적성면,1493
2023,4380036000,충청북도,단양군,단성면,1627
2023,4413125000,충청남도,천안시 동남구,목천읍,23342
2023,4413131000,충청남도,천안시 동남구,풍세면,3949
2023,4413132000,충청남도,천안시 동남구,광덕면,4133
2023,4413133000,충청남도,천안시 동남구,북면,4291
2023,4413134000,충청남도,천안시 동남구,성남면,2945
2023,4413135000,충청남도,천안시 동남구,수신면,2161
2023,4413136000,충청남도,천안시 동남구,병천면,6194
2023,4413137000,충청남도,천안시 동남구,동면,1988
2023,4413151000,충청남도,천안시 동남구,중앙동,5057
2023,4413152000,충청남도,천안시 동남구,문성동,7947
2023,4413153000,충청남도,천안시 동남구,원성1동,8106
2023,4413154000,충청남도,천안시 동남구,원성2동,9190
2023,4413155000,충청남도,천안시 동남구,봉명동,17072
2023,4413156000,충청남도,천안시 동남구,일봉동,22101
2023,4413157000,충청남도,천안시 동남구,신방동,44000
2023,4413158000,충청남도,천안시 동남구,청룡동,58032
2023,4413159000,충청남도,천안시 동남구,신안동,36183
2023,4413325000,충청남도,천안시 서북구,성환읍,22873
2023,4413325300,충청남도,천안시 서북구,성거읍,20725
2023,4413325600,충청남도,천안시 서북구,직산읍,19490
2023,4413331000,충청남도,천안시 서북구,입장면,8097
2023,4413351000,충청남도,천안시 서북구,성정1동,17267
2023,4413352000,충청남도,천안시 서북구,성정2동,25498
2023,4413353000,충청남도,천안시 서북구,쌍용1동,13130
2023,4413354000,충청남도,천안시 서북구,쌍용2동,35568
2023,4413355000,충청남도,천안시 서북구,쌍용3동,17862
2023,4413356000,충청남도,천안시 서북구,백석동,39312
2023,4413356600,충청남도,천안시 서북구,불당1동,32116
2023,4413356700,충청남도,천안시 서북구,불당2동,36939
2023,4413358000,충청남도,천안시 서북구,부성1동,50313
2023,4413359000,충청남도,천안시 서북구,부성2동,60078
2023,4415025000,충청남도,공주시,유구읍,6961
2023,4415031000,충청남도,공주시,이인면,3063
2023,4415032000,충청남도,공주시,탄천면,2788
2023,4415033000,충청남도,공주시,계룡면,5222
2023,4415034000,충청남도,공주시,반포면,4129
2023,4415036000,충청남도,공주시,의당면,4418
2023,4415037000,충청남도,공주시,정안면,4637
2023,4415038000,충청남도,공주시,우성면,4946
2023,4415039000,충청남도,공주시,사곡면,2773
2023,4415040000,충청남도,공주시,신풍면,3062
2023,4415051000,충청남도,공주시,중학동,4320
2023,4415054000,충청남도,공주시,웅진동,7675
2023,4415055000,충청남도,공주시,금학동,5262
2023,4415056000,충청남도,공주시,옥룡동,7319
2023,4415057000,충청남도,공주시,신관동,19534
2023,4415059000,충청남도,공주시,월송동,15995
2023,4418025000,충청남도,보령시,웅천읍,5807
2023,4418031000,충청남도,보령시,주포면,1574
2023,4418032000,충청남도,보령시,오천면,2032
2023,4418032500,충청남도,보령시,오천면어항출장소,1545
2023,4418032900,충청남도,보령시,원산출장소,1033
2023,4418033000,충청남도,보령시,천북면,3277
2023,4418034000,충청남도,보령시,청소면,2449
2023,4418035000,충청남도,보령시,청라면,3576
2023,4418036000,충청남도,보령시,남포면,4837
2023,4418038000,충청남도,보령시,주산면,2267
2023,4418039000,충청남도,보령시,미산면,1660
2023,4418040000,충청남도,보령시,성주면,1999
2023,4418041000,충청남도,보령시,주교면,4959
2023,4418051500,충청남도,보령시,대천1동,13083
2023,4418052500,충청남도,보령시,대천2동,6251
2023,4418053500,충청남도,보령시,대천3동,15739
2023,4418054500,충청남도,보령시,대천4동,17797
2023,4418056500,충청남도,보령시,대천5동,5887
2023,4420025000,충청남도,아산시,염치읍,6051
2023,4420025300,충청남도,아산시,배방읍,86711
2023,4420031000,충청남도,아산시,송악면,4089
2023,4420033000,충청남도,아산시,탕정면,45009
2023,4420035000,충청남도,아산시,음봉면,20657
2023,4420036000,충청남도,아산시,둔포면,23285
2023,4420037000,충청남도,아산시,영인면,5384
2023,4420038000,충청남도,아산시,인주면,5795
2023,4420039000,충청남도,아산시,선장면,2921
2023,4420040000,충청남도,아산시,도고면,4267
2023,4420041000,충청남도,아산시,신창면,19243
2023,4420057000,충청남도,아산시,온양1동,8711
2023,4420058000,충청남도,아산시,온양2동,10100
2023,4420059000,충청남도,아산시,온양3동,39116
2023,4420060000,충청남도,아산시,온양4동,16929
2023,4420061000,충청남도,아산시,온양5동,20707
2023,4420062000,충청남도,아산시,온양6동,26821
2023,4421025000,충청남도,서산시,대산읍,13110
2023,4421031000,충청남도,서산시,인지면,7099
2023,4421032000,충청남도,서산시,부석면,5154
2023,4421033000,충청남도,서산시,팔봉면,3239
2023,4421034000,충청남도,서산시,지곡면,7965
2023,4421036000,충청남도,서산시,성연면,16488
2023,4421037000,충청남도,서산시,음암면,9140
2023,4421038000,충청남도,서산시,운산면,4907
2023,4421039000,충청남도,서산시,해미면,7056
2023,4421040000,충청남도,서산시,고북면,5919
2023,4421051000,충청남도,서산시,부춘동,18329
2023,4421052500,충청남도,서산시,동문1동,17774
2023,4421053500,충청남도,서산시,동문2동,8341
2023,4421054000,충청남도,서산시,수석동,16185
2023,4421055000,충청남도,서산시,석남동,35305
2023,4423025000,충청남도,논산시,강경읍,7460
2023,4423025300,충청남도,논산시,연무읍,12812
2023,4423031000,충청남도,논산시,성동면,3825
2023,4423032000,충청남도,논산시,광석면,3990
2023,4423033000,충청남도,논산시,노성면,2746
2023,4423034000,충청남도,논산시,상월면,3377
2023,4423035000,충청남도,논산시,부적면,3329
2023,4423036000,충청남도,논산시,연산면,5832
2023,4423038000,충청남도,논산시,벌곡면,2381
2023,4423039000,충청남도,논산시,양촌면,5897
2023,4423040000,충청남도,논산시,가야곡면,3213
2023,4423041000,충청남도,논산시,은진면,3817
2023,4423042000,충청남도,논산시,채운면,2080
2023,4423051000,충청남도,논산시,취암동,34547
2023,4423052000,충청남도,논산시,부창동,15117
2023,4425031000,충청남도,계룡시,두마면,13937
2023,4425031500,충청남도,계룡시,엄사면,16835
2023,4425033000,충청남도,계룡시,신도안면,7756
2023,4425051000,충청남도,계룡시,금암동,8139
2023,4427025000,충청남도,당진시,합덕읍,8132
2023,4427025300,충청남도,당진시,송악읍,29902
2023,4427031000,충청남도,당진시,고대면,5302
2023,4427032000,충청남도,당진시,석문면,8858
2023,4427033000,충청남도,당진시,대호지면,2265
2023,4427034000,충청남도,당진시,정미면,3527
2023,4427035000,충청남도,당진시,면천면,3415
2023,4427036000,충청남도,당진시,순성면,4845
2023,4427037000,충청남도,당진시,우강면,5406
2023,4427038000,충청남도,당진시,신평면,14713
2023,4427039000,충청남도,당진시,송산면,11749
2023,4427051000,충청남도,당진시,당진1동,33149
2023,4427052000,충청남도,당진시,당진2동,22359
2023,4427053000,충청남도,당진시,당진3동,16680
2023,4471025000,충청남도,금산군,금산읍,22825
2023,4471031000,충청남도,금산군,금성면,3119
2023,4471032000,충청남도,금산군,제원면,2726
2023,4471033000,충청남도,금산군,부리면,2389
2023,4471034000,충청남도,금산군,군북면,2385
2023,4471035000,충청남도,금산군,남일면,2768
2023,4471036000,충청남도,금산군,남이면,2025
2023,4471037000,충청남도,금산군,진산면,3144
2023,4471038000,충청남도,금산군,복수면,2906
2023,4471039000,충청남도,금산군,추부면,5806
2023,4476025000,충청남도,부여군,부여읍,18528
2023,4476031000,충청남도,부여군,규암면,11658
2023,4476032000,충청남도,부여군,은산면,3568
2023,4476033000,충청남도,부여군,외산면,2216
2023,4476034000,충청남도,부여군,내산면,1466
2023,4476035000,충청남도,부여군,구룡면,2231
2023,4476036000,충청남도,부여군,홍산면,2693
2023,4476037000,충청남도,부여군,옥산면,1370
2023,4476038000,충청남도,부여군,남면,1725
2023,4476039000,충청남도,부여군,충화면,1090
2023,4476040000,충청남도,부여군,양화면,1608
2023,4476041000,충청남도,부여군,임천면,2686
2023,4476042000,충청남도,부여군,장암면,2538
2023,4476043000,충청남도,부여군,세도면,2943
2023,4476044000,충청남도,부여군,석성면,2694
2023,4476045000,충청남도,부여군,초촌면,2032
2023,4477025000,충청남도,서천군,장항읍,10925
2023,4477025300,충청남도,서천군,서천읍,12950
2023,4477031000,충청남도,서천군,마서면,4580
2023,4477032000,충청남도,서천군,화양면,2107
2023,4477033000,충청남도,서천군,기산면,1518
2023,4477034000,충청남도,서천군,한산면,2370
2023,4477035000,충청남도,서천군,마산면,1397
2023,4477036000,충청남도,서천군,시초면,1196
2023,4477037000,충청남도,서천군,문산면,1192
2023,4477038000,충청남도,서천군,판교면,1959
2023,4477039000,충청남도,서천군,종천면,1998
2023,4477040000,충청남도,서천군,비인면,2826
2023,4477041000,충청남도,서천군,서면,4098
2023,4479025000,충청남도,청양군,청양읍,10171
2023,4479031000,충청남도,청양군,운곡면,2069
2023,4479032000,충청남도,청양군,대치면,2209
2023,4479033000,충청남도,청양군,정산면,3456
2023,4479034000,충청남도,청양군,목면,1485
2023,4479035000,충청남도,청양군,청남면,1815
2023,4479036000,충청남도,청양군,장평면,2218
2023,4479037000,충청남도,청양군,남양면,2592
2023,4479038000,충청남도,청양군,화성면,2088
2023,4479039000,충청남도,청양군,비봉면,2065
2023,4480025000,충청남도,홍성군,홍성읍,35416
2023,4480025300,충청남도,홍성군,광천읍,7786
2023,4480025600,충청남도,홍성군,홍북읍,30812
2023,4480032000,충청남도,홍성군,금마면,3342
2023,4480033000,충청남도,홍성군,홍동면,3398
2023,4480034000,충청남도,홍성군,장곡면,2769
2023,4480035000,충청남도,홍성군,은하면,2153
2023,4480036000,충청남도,홍성군,결성면,1992
2023,4480037000,충청남도,홍성군,서부면,3070
2023,4480038000,충청남도,홍성군,갈산면,3385
2023,4480039000,충청남도,홍성군,구항면,3401
2023,4481025000,충청남도,예산군,예산읍,31041
2023,4481025300,충청남도,예산군,삽교읍,14767
2023,4481031000,충청남도,예산군,대술면,2329
2023,4481032000,충청남도,예산군,신양면,2902
2023,4481033000,충청남도,예산군,광시면,2950
2023,4481034000,충청남도,예산군,대흥면,1683
2023,4481035000,충청남도,예산군,응봉면,2384
2023,4481036000,충청남도,예산군,덕산면,6418
2023,4481037000,충청남도,예산군,봉산면,2395
2023,4481038000,충청남도,예산군,고덕면,4234
2023,4481039000,충청남도,예산군,신암면,3303
2023,4481040000,충청남도,예산군,오가면,3948
2023,4482525000,충청남도,태안군,태안읍,29071
2023,4482525300,충청남도,태안군,안면읍,8129
2023,4482531000,충청남도,태안군,고남면,2283
2023,4482532000,충청남도,태안군,남면,4253
2023,4482533000,충청남도,태안군,근흥면,5349
2023,4482534000,충청남도,태안군,소원면,5194
2023,4482535000,충청남도,태안군,원북면,4323
2023,4482536000,충청남도,태안군,이원면,2182
2023,4511151000,전라북도,전주시 완산구,중앙동,9759
2023,4511153000,전라북도,전주시 완산구,풍남동,3663
2023,4511160500,전라북도,전주시 완산구,노송동,10556
2023,4511163500,전라북도,전주시 완산구,완산동,4964
2023,4511165000,전라북도,전주시 완산구,동서학동,5905
2023,4511166000,전라북도,전주시 완산구,서서학동,8050
2023,4511167100,전라북도,전주시 완산구,중화산1동,13665
2023,4511167200,전라북도,전주시 완산구,중화산2동,19147
2023,4511168000,전라북도,전주시 완산구,서신동,39543
2023,4511169100,전라북도,전주시 완산구,평화1동,12069
2023,4511169200,전라북도,전주시 완산구,평화2동,43693
2023,4511170100,전라북도,전주시 완산구,삼천1동,11631
2023,4511170200,전라북도,전주시 완산구,삼천2동,12582
2023,4511170300,전라북도,전주시 완산구,삼천3동,20961
2023,4511171100,전라북도,전주시 완산구,효자1동,13058
2023,4511171200,전라북도,전주시 완산구,효자2동,9203
2023,4511171300,전라북도,전주시 완산구,효자3동,13995
2023,4511171400,전라북도,전주시 완산구,효자4동,38615
2023,4511173000,전라북도,전주시 완산구,효자5동,36119
2023,4511352500,전라북도,전주시 덕진구,진북동,13011
2023,4511354000,전라북도,전주시 덕진구,인후1동,17420
2023,4511355000,전라북도,전주시 덕진구,인후2동,10403
2023,4511356000,전라북도,전주시 덕진구,인후3동,30384
2023,4511357000,전라북도,전주시 덕진구,덕진동,20607
2023,4511358000,전라북도,전주시 덕진구,금암1동,7815
2023,4511359000,전라북도,전주시 덕진구,금암2동,9530
2023,4511360000,전라북도,전주시 덕진구,팔복동,7570
2023,4511361100,전라북도,전주시 덕진구,우아1동,12165
2023,4511361200,전라북도,전주시 덕진구,우아2동,13978
2023,4511362000,전라북도,전주시 덕진구,호성동,18772
2023,4511364100,전라북도,전주시 덕진구,송천1동,64901
2023,4511364200,전라북도,전주시 덕진구,송천2동,24926
2023,4511365000,전라북도,전주시 덕진구,조촌동,12071
2023,4511366500,전라북도,전주시 덕진구,여의동,16090
2023,4511367000,전라북도,전주시 덕진구,혁신동,35906
2023,4513025000,전라북도,군산시,옥구읍,2945
2023,4513031000,전라북도,군산시,옥산면,4535
2023,4513032000,전라북도,군산시,회현면,3233
2023,4513033000,전라북도,군산시,임피면,2509
2023,4513034000,전라북도,군산시,서수면,2372
2023,4513035000,전라북도,군산시,대야면,4645
2023,4513036000,전라북도,군산시,개정면,2853
2023,4513037000,전라북도,군산시,성산면,2613
2023,4513038000,전라북도,군산시,나포면,2056
2023,4513039000,전라북도,군산시,옥도면,2983
2023,4513040000,전라북도,군산시,옥서면,2725
2023,4513051500,전라북도,군산시,해신동,2125
2023,4513053000,전라북도,군산시,월명동,4829
2023,4513055000,전라북도,군산시,신풍동,6380
2023,4513056000,전라북도,군산시,삼학동,5251
2023,4513060500,전라북도,군산시,중앙동,4110
2023,4513064000,전라북도,군산시,흥남동,11739
2023,4513065000,전라북도,군산시,조촌동,26780
2023,4513066000,전라북도,군산시,경암동,7040
2023,4513067000,전라북도,군산시,구암동,8963
2023,4513068000,전라북도,군산시,개정동,2567
2023,4513069000,전라북도,군산시,수송동,53044
2023,4513070100,전라북도,군산시,나운1동,13570
2023,4513070200,전라북도,군산시,나운2동,21901
2023,4513070300,전라북도,군산시,나운3동,30440
2023,4513071000,전라북도,군산시,소룡동,16968
2023,4513072000,전라북도,군산시,미성동,10804
2023,4514025000,전라북도,익산시,함열읍,6398
2023,4514031000,전라북도,익산시,오산면,7240
2023,4514032000,전라북도,익산시,황등면,6589
2023,4514033000,전라북도,익산시,함라면,2120
2023,4514034000,전라북도,익산시,웅포면,1462
2023,4514035000,전라북도,익산시,성당면,1768
2023,4514036000,전라북도,익산시,용안면,2504
2023,4514037000,전라북도,익산시,낭산면,2823
2023,4514038000,전라북도,익산시,망성면,2786
2023,4514039000,전라북도,익산시,여산면,3072
2023,4514040000,전라북도,익산시,금마면,5169
2023,4514041000,전라북도,익산시,왕궁면,4688
2023,4514042000,전라북도,익산시,춘포면,4330
2023,4514043000,전라북도,익산시,삼기면,2498
2023,4514044000,전라북도,익산시,용동면,1440
2023,4514052000,전라북도,익산시,중앙동,3085
2023,4514053000,전라북도,익산시,평화동,4389
2023,4514056000,전라북도,익산시,인화동,6379
2023,4514057000,전라북도,익산시,동산동,21365
2023,4514058000,전라북도,익산시,마동,9350
2023,4514059500,전라북도,익산시,남중동,10656
2023,4514061000,전라북도,익산시,모현동,38207
2023,4514062000,전라북도,익산시,송학동,8976
2023,4514064600,전라북도,익산시,영등1동,21926
2023,4514064700,전라북도,익산시,영등2동,13418
2023,4514065200,전라북도,익산시,어양동,23726
2023,4514065600,전라북도,익산시,신동,15305
2023,4514067000,전라북도,익산시,팔봉동,6660
2023,4514069000,전라북도,익산시,삼성동,31707
2023,4518025000,전라북도,정읍시,신태인읍,5086
2023,4518031000,전라북도,정읍시,북면,3962
2023,4518032000,전라북도,정읍시,입암면,2650
2023,4518033000,전라북도,정읍시,소성면,1994
2023,4518034000,전라북도,정읍시,고부면,2675
2023,4518035000,전라북도,정읍시,영원면,1660
2023,4518036000,전라북도,정읍시,덕천면,1687
2023,4518037000,전라북도,정읍시,이평면,1893
2023,4518038000,전라북도,정읍시,정우면,2364
2023,4518039000,전라북도,정읍시,태인면,3268
2023,4518040000,전라북도,정읍시,감곡면,2665
2023,4518041000,전라북도,정읍시,옹동면,1586
2023,4518042000,전라북도,정읍시,칠보면,2164
2023,4518043000,전라북도,정읍시,산내면,1199
2023,4518044000,전라북도,정읍시,산외면,1967
2023,4518051000,전라북도,정읍시,수성동,16437
2023,4518052000,전라북도,정읍시,장명동,2710
2023,4518053500,전라북도,정읍시,내장상동,20910
2023,4518054500,전라북도,정읍시,시기동,3091
2023,4518056500,전라북도,정읍시,초산동,9901
2023,4518057000,전라북도,정읍시,연지동,5723
2023,4518058000,전라북도,정읍시,농소동,3805
2023,4518059500,전라북도,정읍시,상교동,4223
2023,4519025000,전라북도,남원시,운봉읍,3668
2023,4519031000,전라북도,남원시,주천면,2519
2023,4519032000,전라북도,남원시,수지면,1048
2023,4519033000,전라북도,남원시,송동면,1874
2023,4519034000,전라북도,남원시,주생면,1753
2023,4519035000,전라북도,남원시,금지면,2144
2023,4519036000,전라북도,남원시,대강면,1473
2023,4519037000,전라북도,남원시,대산면,1564
2023,4519038000,전라북도,남원시,사매면,1452
2023,4519039000,전라북도,남원시,덕과면,917
2023,4519040000,전라북도,남원시,보절면,1367
2023,4519041000,전라북도,남원시,산동면,1675
2023,4519042000,전라북도,남원시,이백면,2161
2023,4519045000,전라북도,남원시,아영면,1840
2023,4519046000,전라북도,남원시,산내면,2040
2023,4519047000,전라북도,남원시,인월면,2726
2023,4519051000,전라북도,남원시,동충동,3092
2023,4519052000,전라북도,남원시,죽항동,3034
2023,4519054000,전라북도,남원시,노암동,5980
2023,4519055000,전라북도,남원시,금동,6191
2023,4519056000,전라북도,남원시,왕정동,4987
2023,4519057000,전라북도,남원시,향교동,6672
2023,4519059000,전라북도,남원시,도통동,16604
2023,4521025000,전라북도,김제시,만경읍,2605
2023,4521032000,전라북도,김제시,죽산면,2368
2023,4521033000,전라북도,김제시,백산면,3142
2023,4521034000,전라북도,김제시,용지면,3366
2023,4521035000,전라북도,김제시,백구면,3670
2023,4521036000,전라북도,김제시,부량면,1291
2023,4521038000,전라북도,김제시,공덕면,2469
2023,4521039000,전라북도,김제시,청하면,1681
2023,4521040000,전라북도,김제시,성덕면,1711
2023,4521041000,전라북도,김제시,진봉면,2457
2023,4521042000,전라북도,김제시,금구면,4896
2023,4521043000,전라북도,김제시,봉남면,2152
2023,4521044000,전라북도,김제시,황산면,1887
2023,4521045000,전라북도,김제시,금산면,4511
2023,4521046000,전라북도,김제시,광활면,1296
2023,4521051000,전라북도,김제시,요촌동,10778
2023,4521052000,전라북도,김제시,신풍동,12801
2023,4521054000,전라북도,김제시,검산동,12075
2023,4521058000,전라북도,김제시,교월동,6274
2023,4571025000,전라북도,완주군,삼례읍,20045
2023,4571025300,전라북도,완주군,봉동읍,24654
2023,4571025600,전라북도,완주군,용진읍,10385
2023,4571032000,전라북도,완주군,상관면,4079
2023,4571033000,전라북도,완주군,이서면,14855
2023,4571034000,전라북도,완주군,소양면,5722
2023,4571035000,전라북도,완주군,구이면,5543
2023,4571036000,전라북도,완주군,고산면,4327
2023,4571037000,전라북도,완주군,비봉면,1776
2023,4571038000,전라북도,완주군,운주면,1893
2023,4571039000,전라북도,완주군,화산면,2542
2023,4571040000,전라북도,완주군,동상면,1048
2023,4571041000,전라북도,완주군,경천면,958
2023,4572025000,전라북도,진안군,진안읍,9706
2023,4572031000,전라북도,진안군,용담면,840
2023,4572032000,전라북도,진안군,안천면,1056
2023,4572033000,전라북도,진안군,동향면,1331
2023,4572034000,전라북도,진안군,상전면,831
2023,4572035000,전라북도,진안군,백운면,1924
2023,4572036000,전라북도,진안군,성수면,1694
2023,4572037000,전라북도,진안군,마령면,1731
2023,4572038000,전라북도,진안군,부귀면,2862
2023,4572039000,전라북도,진안군,정천면,1037
2023,4572040000,전라북도,진안군,주천면,1453
2023,4573025000,전라북도,무주군,무주읍,9348
2023,4573031000,전라북도,무주군,무풍면,2114
2023,4573032000,전라북도,무주군,설천면,3851
2023,4573033000,전라북도,무주군,적상면,2522
2023,4573034000,전라북도,무주군,안성면,4049
2023,4573035000,전라북도,무주군,부남면,1367
2023,4574025000,전라북도,장수군,장수읍,7041
2023,4574031000,전라북도,장수군,산서면,1967
2023,4574032000,전라북도,장수군,번암면,2187
2023,4574033500,전라북도,장수군,장계면,4209
2023,4574034000,전라북도,장수군,천천면,2006
2023,4574035000,전라북도,장수군,계남면,2065
2023,4574036000,전라북도,장수군,계북면,1508
2023,4575025000,전라북도,임실군,임실읍,7180
2023,4575031000,전라북도,임실군,청웅면,1230
2023,4575032000,전라북도,임실군,운암면,1565
2023,4575033000,전라북도,임실군,신평면,1410
2023,4575034000,전라북도,임실군,성수면,1566
2023,4575035500,전라북도,임실군,오수면,3410
2023,4575036000,전라북도,임실군,신덕면,1279
2023,4575037000,전라북도,임실군,삼계면,1425
2023,4575038000,전라북도,임실군,관촌면,3165
2023,4575039000,전라북도,임실군,강진면,1401
2023,4575040000,전라북도,임실군,덕치면,1151
2023,4575041000,전라북도,임실군,지사면,1174
2023,4577025000,전라북도,순창군,순창읍,10350
2023,4577031000,전라북도,순창군,인계면,1427
2023,4577032000,전라북도,순창군,동계면,1915
2023,4577033000,전라북도,순창군,풍산면,1628
2023,4577034000,전라북도,순창군,금과면,1710
2023,4577035000,전라북도,순창군,팔덕면,1367
2023,4577036000,전라북도,순창군,쌍치면,1879
2023,4577037000,전라북도,순창군,복흥면,2029
2023,4577038000,전라북도,순창군,적성면,1221
2023,4577039000,전라북도,순창군,유등면,1016
2023,4577040000,전라북도,순창군,구림면,2222
2023,4579025000,전라북도,고창군,고창읍,20667
2023,4579031000,전라북도,고창군,고수면,2290
2023,4579032000,전라북도,고창군,아산면,2497
2023,4579033000,전라북도,고창군,무장면,2650
2023,4579034000,전라북도,고창군,공음면,2323
2023,4579035000,전라북도,고창군,상하면,2279
2023,4579036000,전라북도,고창군,해리면,2548
2023,4579037000,전라북도,고창군,성송면,1679
2023,4579038000,전라북도,고창군,대산면,3008
2023,4579039000,전라북도,고창군,심원면,2348
2023,4579040000,전라북도,고창군,흥덕면,2941
2023,4579041000,전라북도,고창군,성내면,1847
2023,4579042000,전라북도,고창군,신림면,2080
2023,4579043000,전라북도,고창군,부안면,2593
2023,4580025000,전라북도,부안군,부안읍,20569
2023,4580031000,전라북도,부안군,주산면,1759
2023,4580032000,전라북도,부안군,동진면,2598
2023,4580033000,전라북도,부안군,행안면,2038
2023,4580034000,전라북도,부안군,계화면,3059
2023,4580035000,전라북도,부안군,보안면,2291
2023,4580036000,전라북도,부안군,변산면,4170
2023,4580037000,전라북도,부안군,진서면,2213
2023,4580038000,전라북도,부안군,백산면,2369
2023,4580039000,전라북도,부안군,상서면,2076
2023,4580040000,전라북도,부안군,하서면,2478
2023,4580041000,전라북도,부안군,줄포면,2471
2023,4580042000,전라북도,부안군,위도면,1096
2023,4611051000,전라남도,목포시,용당1동,9700
2023,4611052000,전라남도,목포시,용당2동,4663
2023,4611053500,전라남도,목포시,연동,4075
2023,4611054500,전라남도,목포시,산정동,9119
2023,4611055400,전라남도,목포시,연산동,10299
2023,4611055800,전라남도,목포시,원산동,11993
2023,4611056500,전라남도,목포시,대성동,4818
2023,4611059500,전라남도,목포시,목원동,6664
2023,4611064000,전라남도,목포시,동명동,4790
2023,4611064500,전라남도,목포시,삼학동,5722
2023,4611065500,전라남도,목포시,만호동,2448
2023,4611066000,전라남도,목포시,유달동,3930
2023,4611069500,전라남도,목포시,죽교동,2787
2023,4611070500,전라남도,목포시,북항동,8740
2023,4611074500,전라남도,목포시,용해동,16472
2023,4611075000,전라남도,목포시,이로동,10309
2023,4611075600,전라남도,목포시,상동,21110
2023,4611075700,전라남도,목포시,하당동,14096
2023,4611075800,전라남도,목포시,신흥동,16101
2023,4611078000,전라남도,목포시,삼향동,4496
2023,4611079000,전라남도,목포시,옥암동,10937
2023,4611080000,전라남도,목포시,부흥동,8191
2023,4611081000,전라남도,목포시,부주동,22696
2023,4613025000,전라남도,여수시,돌산읍,2427
2023,4613025100,전라남도,여수시,돌산읍우두출장소,8078
2023,4613025200,전라남도,여수시,돌산읍죽포출장소,1827
2023,4613031000,전라남도,여수시,소라면,21844
2023,4613032000,전라남도,여수시,율촌면,5879
2023,4613033000,전라남도,여수시,화양면,6140
2023,4613034000,전라남도,여수시,남면,2698
2023,4613035000,전라남도,여수시,화정면,1293
2023,4613035600,전라남도,여수시,화정면개도출장소,766
2023,4613036000,전라남도,여수시,삼산면,1988
2023,4613051500,전라남도,여수시,동문동,4163
2023,4613053500,전라남도,여수시,한려동,2760
2023,4613057000,전라남도,여수시,중앙동,3873
2023,4613060000,전라남도,여수시,충무동,3563
2023,4613062500,전라남도,여수시,광림동,5521
2023,4613063500,전라남도,여수시,서강동,3809
2023,4613065500,전라남도,여수시,대교동,4739
2023,4613067000,전라남도,여수시,국동,10410
2023,4613068500,전라남도,여수시,월호동,7187
2023,4613070000,전라남도,여수시,여서동,16493
2023,4613071000,전라남도,여수시,문수동,19274
2023,4613073000,전라남도,여수시,미평동,11289
2023,4613074000,전라남도,여수시,둔덕동,9571
2023,4613076500,전라남도,여수시,만덕동,10240
2023,4613078000,전라남도,여수시,쌍봉동,31785
2023,4613079000,전라남도,여수시,시전동,43294
2023,4613080000,전라남도,여수시,여천동,19801
2023,4613081000,전라남도,여수시,주삼동,7776
2023,4613082000,전라남도,여수시,삼일동,2093
2023,4613083000,전라남도,여수시,묘도동,1115
2023,4615025000,전라남도,순천시,승주읍,2503
2023,4615031000,전라남도,순천시,해룡면,4251
2023,4615031500,전라남도,순천시,해룡면상삼출장소,18885
2023,4615031600,전라남도,순천시,해룡면신대출장소,33072
2023,4615032000,전라남도,순천시,서면,15432
2023,4615033000,전라남도,순천시,황전면,2742
2023,4615034000,전라남도,순천시,월등면,1675
2023,4615035000,전라남도,순천시,주암면,2929
2023,4615036000,전라남도,순천시,송광면,1407
2023,4615037000,전라남도,순천시,외서면,791
2023,4615038000,전라남도,순천시,낙안면,2960
2023,4615039000,전라남도,순천시,별량면,5276
2023,4615040000,전라남도,순천시,상사면,2809
2023,4615051500,전라남도,순천시,향동,3280
2023,4615054000,전라남도,순천시,매곡동,6472
2023,4615055000,전라남도,순천시,삼산동,29210
2023,4615056000,전라남도,순천시,조곡동,7227
2023,4615057000,전라남도,순천시,덕연동,41170
2023,4615058000,전라남도,순천시,풍덕동,7011
2023,4615059000,전라남도,순천시,남제동,7948
2023,4615060000,전라남도,순천시,저전동,2608
2023,4615061000,전라남도,순천시,장천동,1940
2023,4615062000,전라남도,순천시,중앙동,2658
2023,4615063500,전라남도,순천시,도사동,17382
2023,4615066100,전라남도,순천시,왕조1동,38878
2023,4615066500,전라남도,순천시,왕조2동,17621
2023,4617025000,전라남도,나주시,남평읍,11817
2023,4617031000,전라남도,나주시,세지면,2418
2023,4617032000,전라남도,나주시,왕곡면,2696
2023,4617033000,전라남도,나주시,반남면,1295
2023,4617034000,전라남도,나주시,공산면,2172
2023,4617035000,전라남도,나주시,동강면,2303
2023,4617036000,전라남도,나주시,다시면,3388
2023,4617037000,전라남도,나주시,문평면,1816
2023,4617038000,전라남도,나주시,노안면,4308
2023,4617039000,전라남도,나주시,금천면,6751
2023,4617040000,전라남도,나주시,산포면,3153
2023,4617042000,전라남도,나주시,다도면,1778
2023,4617043000,전라남도,나주시,봉황면,3928
2023,4617051000,전라남도,나주시,송월동,7902
2023,4617052000,전라남도,나주시,영강동,2598
2023,4617054000,전라남도,나주시,금남동,4543
2023,4617055000,전라남도,나주시,성북동,8426
2023,4617058000,전라남도,나주시,영산동,2889
2023,4617060000,전라남도,나주시,이창동,3293
2023,4617062000,전라남도,나주시,빛가람동,39903
2023,4623025000,전라남도,광양시,광양읍,47974
2023,4623031000,전라남도,광양시,봉강면,2051
2023,4623032000,전라남도,광양시,옥룡면,2939
2023,4623033000,전라남도,광양시,옥곡면,4908
2023,4623034000,전라남도,광양시,진상면,2593
2023,4623035000,전라남도,광양시,진월면,2609
2023,4623036000,전라남도,광양시,다압면,1674
2023,4623051500,전라남도,광양시,골약동,7204
2023,4623053000,전라남도,광양시,중마동,57810
2023,4623054000,전라남도,광양시,광영동,10838
2023,4623055000,전라남도,광양시,금호동,10496
2023,4623057000,전라남도,광양시,태인동,1570
2023,4671025000,전라남도,담양군,담양읍,15271
2023,4671031000,전라남도,담양군,봉산면,2626
2023,4671032000,전라남도,담양군,고서면,2975
2023,4671033500,전라남도,담양군,가사문학면,1184
2023,4671034000,전라남도,담양군,창평면,3555
2023,4671035000,전라남도,담양군,대덕면,1877
2023,4671036000,전라남도,담양군,무정면,2397
2023,4671037000,전라남도,담양군,금성면,2458
2023,4671038000,전라남도,담양군,용면,1776
2023,4671039000,전라남도,담양군,월산면,2298
2023,4671040000,전라남도,담양군,수북면,4766
2023,4671041000,전라남도,담양군,대전면,4190
2023,4672025000,전라남도,곡성군,곡성읍,7552
2023,4672031000,전라남도,곡성군,오곡면,1789
2023,4672032000,전라남도,곡성군,삼기면,1636
2023,4672033000,전라남도,곡성군,석곡면,2210
2023,4672034000,전라남도,곡성군,목사동면,1327
2023,4672035000,전라남도,곡성군,죽곡면,1860
2023,4672036000,전라남도,곡성군,고달면,1123
2023,4672037000,전라남도,곡성군,옥과면,4049
2023,4672038000,전라남도,곡성군,입면,2315
2023,4672039000,전라남도,곡성군,겸면,1608
2023,4672040000,전라남도,곡성군,오산면,1436
2023,4673025000,전라남도,구례군,구례읍,10326
2023,4673031000,전라남도,구례군,문척면,1267
2023,4673032000,전라남도,구례군,간전면,1404
2023,4673033000,전라남도,구례군,토지면,2460
2023,4673034000,전라남도,구례군,마산면,2494
2023,4673035000,전라남도,구례군,광의면,2154
2023,4673036000,전라남도,구례군,용방면,1351
2023,4673037000,전라남도,구례군,산동면,2858
2023,4677025000,전라남도,고흥군,고흥읍,12443
2023,4677025300,전라남도,고흥군,도양읍,9418
2023,4677025400,전라남도,고흥군,도양읍소록출장소,538
2023,4677025500,전라남도,고흥군,도양읍시산출장소,192
2023,4677031000,전라남도,고흥군,풍양면,2952
2023,4677032000,전라남도,고흥군,도덕면,2796
2023,4677033000,전라남도,고흥군,금산면,4119
2023,4677034000,전라남도,고흥군,도화면,3652
2023,4677035000,전라남도,고흥군,포두면,4658
2023,4677036000,전라남도,고흥군,봉래면,1849
2023,4677037000,전라남도,고흥군,점암면,2597
2023,4677038000,전라남도,고흥군,과역면,3116
2023,4677039000,전라남도,고흥군,남양면,2184
2023,4677040000,전라남도,고흥군,동강면,2974
2023,4677041000,전라남도,고흥군,대서면,2120
2023,4677042000,전라남도,고흥군,두원면,2886
2023,4677044000,전라남도,고흥군,영남면,1222
2023,4677045000,전라남도,고흥군,동일면,1397
2023,4678025000,전라남도,보성군,보성읍,8564
2023,4678025300,전라남도,보성군,벌교읍,10964
2023,4678031000,전라남도,보성군,노동면,1057
2023,4678032000,전라남도,보성군,미력면,1326
2023,4678033000,전라남도,보성군,겸백면,1100
2023,4678034000,전라남도,보성군,율어면,1127
2023,4678035000,전라남도,보성군,복내면,1545
2023,4678036000,전라남도,보성군,문덕면,925
2023,4678037000,전라남도,보성군,조성면,3452
2023,4678038000,전라남도,보성군,득량면,2578
2023,4678038500,전라남도,보성군,득량면예당출장소,1124
2023,4678039000,전라남도,보성군,회천면,2898
2023,4678040000,전라남도,보성군,웅치면,1027
2023,4679025000,전라남도,화순군,화순읍,39163
2023,4679031000,전라남도,화순군,한천면,902
2023,4679031500,전라남도,화순군,한천면영외출장소,411
2023,4679032000,전라남도,화순군,춘양면,1718
2023,4679033000,전라남도,화순군,청풍면,990
2023,4679034000,전라남도,화순군,이양면,1747
2023,4679035000,전라남도,화순군,능주면,3013
2023,4679036000,전라남도,화순군,도곡면,2775
2023,4679037000,전라남도,화순군,도암면,1382
2023,4679038000,전라남도,화순군,이서면,925
2023,4679039500,전라남도,화순군,백아면,1554
2023,4679040000,전라남도,화순군,동복면,1517
2023,4679041500,전라남도,화순군,사평면,2012
2023,4679042000,전라남도,화순군,동면,3145
2023,4680025000,전라남도,장흥군,장흥읍,14426
2023,4680025300,전라남도,장흥군,관산읍,4587
2023,4680025600,전라남도,장흥군,대덕읍,3126
2023,4680031000,전라남도,장흥군,용산면,2192
2023,4680032000,전라남도,장흥군,안양면,2666
2023,4680033000,전라남도,장흥군,장동면,1139
2023,4680034000,전라남도,장흥군,장평면,1996
2023,4680035000,전라남도,장흥군,유치면,977
2023,4680036000,전라남도,장흥군,부산면,1355
2023,4680037000,전라남도,장흥군,회진면,2582
2023,4681025000,전라남도,강진군,강진읍,12975
2023,4681031000,전라남도,강진군,군동면,4325
2023,4681032000,전라남도,강진군,칠량면,2124
2023,4681033000,전라남도,강진군,대구면,1060
2023,4681034000,전라남도,강진군,도암면,2359
2023,4681035000,전라남도,강진군,신전면,1669
2023,4681036000,전라남도,강진군,성전면,2635
2023,4681037000,전라남도,강진군,작천면,1770
2023,4681038000,전라남도,강진군,병영면,1522
2023,4681039000,전라남도,강진군,옴천면,602
2023,4681040000,전라남도,강진군,마량면,1681
2023,4682025000,전라남도,해남군,해남읍,23950
2023,4682031000,전라남도,해남군,삼산면,2787
2023,4682032000,전라남도,해남군,화산면,2955
2023,4682033000,전라남도,해남군,현산면,2660
2023,4682034000,전라남도,해남군,송지면,5701
2023,4682035000,전라남도,해남군,북평면,2595
2023,4682036000,전라남도,해남군,북일면,1953
2023,4682037000,전라남도,해남군,옥천면,2831
2023,4682038000,전라남도,해남군,계곡면,2040
2023,4682039000,전라남도,해남군,마산면,2262
2023,4682040000,전라남도,해남군,황산면,4360
2023,4682041000,전라남도,해남군,산이면,3486
2023,4682042000,전라남도,해남군,문내면,3746
2023,4682043000,전라남도,해남군,화원면,3249
2023,4683025000,전라남도,영암군,영암읍,7815
2023,4683025300,전라남도,영암군,삼호읍,15493
2023,4683025400,전라남도,영암군,삼호읍서부출장소,6483
2023,4683031000,전라남도,영암군,덕진면,1729
2023,4683032000,전라남도,영암군,금정면,2017
2023,4683033000,전라남도,영암군,신북면,3498
2023,4683034000,전라남도,영암군,시종면,3290
2023,4683035000,전라남도,영암군,도포면,2128
2023,4683036000,전라남도,영암군,군서면,3078
2023,4683037000,전라남도,영암군,서호면,1823
2023,4683038000,전라남도,영암군,학산면,2861
2023,4683039000,전라남도,영암군,미암면,2135
2023,4684025000,전라남도,무안군,무안읍,10860
2023,4684025300,전라남도,무안군,일로읍,16230
2023,4684025600,전라남도,무안군,삼향읍,5237
2023,4684025800,전라남도,무안군,삼향읍남악출장소,35032
2023,4684032000,전라남도,무안군,몽탄면,2900
2023,4684033000,전라남도,무안군,청계면,6389
2023,4684034000,전라남도,무안군,현경면,4406
2023,4684035000,전라남도,무안군,망운면,1853
2023,4684036000,전라남도,무안군,해제면,4621
2023,4684037000,전라남도,무안군,운남면,2768
2023,4686025000,전라남도,함평군,함평읍,8306
2023,4686031000,전라남도,함평군,손불면,3188
2023,4686032000,전라남도,함평군,신광면,1720
2023,4686033000,전라남도,함평군,학교면,3532
2023,4686034000,전라남도,함평군,엄다면,1868
2023,4686035000,전라남도,함평군,대동면,2982
2023,4686036000,전라남도,함평군,나산면,2726
2023,4686037000,전라남도,함평군,해보면,2711
2023,4686038000,전라남도,함평군,월야면,3568
2023,4687025000,전라남도,영광군,영광읍,22122
2023,4687025300,전라남도,영광군,백수읍,4459
2023,4687025600,전라남도,영광군,홍농읍,6699
2023,4687031000,전라남도,영광군,대마면,1609
2023,4687032000,전라남도,영광군,묘량면,1702
2023,4687033000,전라남도,영광군,불갑면,1392
2023,4687034000,전라남도,영광군,군서면,2215
2023,4687035000,전라남도,영광군,군남면,2262
2023,4687036000,전라남도,영광군,염산면,3840
2023,4687037000,전라남도,영광군,법성면,4843
2023,4687038000,전라남도,영광군,낙월면,409
2023,4687038500,전라남도,영광군,낙월면안마출장소,198
2023,4688025000,전라남도,장성군,장성읍,13502
2023,4688031000,전라남도,장성군,진원면,3634
2023,4688032000,전라남도,장성군,남면,3627
2023,4688033000,전라남도,장성군,동화면,1801
2023,4688034000,전라남도,장성군,삼서면,3041
2023,4688035000,전라남도,장성군,삼계면,5451
2023,4688036000,전라남도,장성군,황룡면,3896
2023,4688037000,전라남도,장성군,서삼면,1477
2023,4688038000,전라남도,장성군,북일면,1348
2023,4688039000,전라남도,장성군,북이면,2695
2023,4688040000,전라남도,장성군,북하면,2071
2023,4689025000,전라남도,완도군,완도읍,17281
2023,4689025300,전라남도,완도군,금일읍,3481
2023,4689025600,전라남도,완도군,노화읍,4078
2023,4689029000,전라남도,완도군,노화읍넙도출장소,715
2023,4689031000,전라남도,완도군,군외면,3014
2023,4689032000,전라남도,완도군,신지면,3187
2023,4689033000,전라남도,완도군,고금면,3981
2023,4689034000,전라남도,완도군,약산면,2176
2023,4689035000,전라남도,완도군,청산면,2009
2023,4689035500,전라남도,완도군,청산면모도출장소,221
2023,4689036000,전라남도,완도군,소안면,2313
2023,4689037000,전라남도,완도군,금당면,900
2023,4689038000,전라남도,완도군,보길면,2533
2023,4689039000,전라남도,완도군,생일면,752
2023,4690025000,전라남도,진도군,진도읍,10479
2023,4690031000,전라남도,진도군,군내면,2835
2023,4690032000,전라남도,진도군,고군면,3401
2023,4690033000,전라남도,진도군,의신면,3304
2023,4690034000,전라남도,진도군,임회면,3227
2023,4690035000,전라남도,진도군,지산면,2951
2023,4690036000,전라남도,진도군,조도면,2160
2023,4690036500,전라남도,진도군,조도면가사출장소,240
2023,4690036600,전라남도,진도군,조도면거차출장소,382
2023,4691025000,전라남도,신안군,지도읍,4354
2023,4691025100,전라남도,신안군,지도읍선도출장소,229
2023,4691025300,전라남도,신안군,압해읍,5509
2023,4691025400,전라남도,신안군,압해읍매화출장소,247
2023,4691025500,전라남도,신안군,압해읍고이도출장소,210
2023,4691031000,전라남도,신안군,증도면,1442
2023,4691031500,전라남도,신안군,증도면병풍출장소,306
2023,4691032000,전라남도,신안군,임자면,3236
2023,4691033000,전라남도,신안군,자은면,2240
2023,4691034000,전라남도,신안군,비금면,3527
2023,4691035000,전라남도,신안군,도초면,2408
2023,4691035500,전라남도,신안군,도초면우이도출장소,222
2023,4691036000,전라남도,신안군,흑산면,2113
2023,4691036500,전라남도,신안군,흑산면가거도출장소,386
2023,4691036600,전라남도,신안군,흑산면태도출장소,196
2023,4691036700,전라남도,신안군,흑산면홍도출장소,439
2023,4691036800,전라남도,신안군,흑산면대둔도출장소,279
2023,4691037000,전라남도,신안군,하의면,1632
2023,4691038000,전라남도,신안군,신의면,1474
2023,4691039000,전라남도,신안군,장산면,1486
2023,4691040000,전라남도,신안군,안좌면,2947
2023,4691040500,전라남도,신안군,안좌면자라출장소,323
2023,4691041000,전라남도,신안군,팔금면,909
2023,4691042000,전라남도,신안군,암태면,1923
2023,4711125000,경상북도,포항시 남구,구룡포읍,6827
2023,4711125300,경상북도,포항시 남구,연일읍,29134
2023,4711125600,경상북도,포항시 남구,오천읍,57679
2023,4711131000,경상북도,포항시 남구,대송면,3220
2023,4711132000,경상북도,포항시 남구,동해면,9503
2023,4711133000,경상북도,포항시 남구,장기면,3861
2023,4711135000,경상북도,포항시 남구,호미곶면,1718
2023,4711152500,경상북도,포항시 남구,상대동,23954
2023,4711154500,경상북도,포항시 남구,해도동,16537
2023,4711155000,경상북도,포항시 남구,송도동,11608
2023,4711156000,경상북도,포항시 남구,청림동,4822
2023,4711157000,경상북도,포항시 남구,제철동,2593
2023,4711158000,경상북도,포항시 남구,효곡동,29941
2023,4711159000,경상북도,포항시 남구,대이동,24881
2023,4711325000,경상북도,포항시 북구,흥해읍,40732
2023,4711331000,경상북도,포항시 북구,신광면,2836
2023,4711332000,경상북도,포항시 북구,청하면,4570
2023,4711333000,경상북도,포항시 북구,송라면,2415
2023,4711334000,경상북도,포항시 북구,기계면,4894
2023,4711335000,경상북도,포항시 북구,죽장면,2067
2023,4711335500,경상북도,포항시 북구,죽장면상옥출장소,617
2023,4711336000,경상북도,포항시 북구,기북면,1299
2023,4711352000,경상북도,포항시 북구,중앙동,14603
2023,4711363000,경상북도,포항시 북구,양학동,16953
2023,4711365500,경상북도,포항시 북구,죽도동,19472
2023,4711366500,경상북도,포항시 북구,용흥동,21088
2023,4711368000,경상북도,포항시 북구,우창동,32867
2023,4711369000,경상북도,포항시 북구,두호동,22152
2023,4711370000,경상북도,포항시 북구,장량동,71053
2023,4711371000,경상북도,포항시 북구,환여동,9137
2023,4713025000,경상북도,경주시,감포읍,5253
2023,4713025300,경상북도,경주시,안강읍,23199
2023,4713025600,경상북도,경주시,건천읍,9001
2023,4713025900,경상북도,경주시,외동읍,21850
2023,4713031500,경상북도,경주시,문무대왕면,4157
2023,4713032000,경상북도,경주시,양남면,6381
2023,4713033000,경상북도,경주시,내남면,4534
2023,4713034000,경상북도,경주시,산내면,3218
2023,4713035000,경상북도,경주시,서면,3031
2023,4713036000,경상북도,경주시,현곡면,21282
2023,4713037000,경상북도,경주시,강동면,6056
2023,4713038000,경상북도,경주시,천북면,5707
2023,4713051500,경상북도,경주시,중부동,4712
2023,4713053000,경상북도,경주시,황오동,5866
2023,4713055000,경상북도,경주시,성건동,13481
2023,4713057000,경상북도,경주시,황남동,4034
2023,4713059000,경상북도,경주시,선도동,14444
2023,4713060500,경상북도,경주시,월성동,5610
2023,4713061500,경상북도,경주시,용강동,25457
2023,4713062100,경상북도,경주시,황성동,27456
2023,4713063000,경상북도,경주시,동천동,21346
2023,4713065000,경상북도,경주시,불국동,9732
2023,4713066000,경상북도,경주시,보덕동,1682
2023,4715025000,경상북도,김천시,아포읍,7711
2023,4715031000,경상북도,김천시,농소면,3111
2023,4715032000,경상북도,김천시,남면,2977
2023,4715034000,경상북도,김천시,개령면,2297
2023,4715035000,경상북도,김천시,감문면,3176
2023,4715036000,경상북도,김천시,어모면,4028
2023,4715037000,경상북도,김천시,봉산면,2918
2023,4715038000,경상북도,김천시,대항면,3302
2023,4715039000,경상북도,김천시,감천면,1815
2023,4715040000,경상북도,김천시,조마면,2145
2023,4715041000,경상북도,김천시,구성면,2684
2023,4715042000,경상북도,김천시,지례면,1443
2023,4715043000,경상북도,김천시,부항면,1227
2023,4715044000,경상북도,김천시,대덕면,2203
2023,4715045000,경상북도,김천시,증산면,972
2023,4715051600,경상북도,김천시,자산동,6181
2023,4715053600,경상북도,김천시,평화남산동,7131
2023,4715056500,경상북도,김천시,양금동,3650
2023,4715057500,경상북도,김천시,대신동,24456
2023,4715059500,경상북도,김천시,대곡동,19631
2023,4715061000,경상북도,김천시,지좌동,10830
2023,4715064000,경상북도,김천시,율곡동,23627
2023,4717025000,경상북도,안동시,풍산읍,6077
2023,4717031000,경상북도,안동시,와룡면,3882
2023,4717032000,경상북도,안동시,북후면,2790
2023,4717033000,경상북도,안동시,서후면,3464
2023,4717034000,경상북도,안동시,풍천면,7174
2023,4717035000,경상북도,안동시,일직면,2478
2023,4717036000,경상북도,안동시,남후면,1627
2023,4717037000,경상북도,안동시,남선면,1996
2023,4717038000,경상북도,안동시,임하면,2645
2023,4717039000,경상북도,안동시,길안면,2578
2023,4717040000,경상북도,안동시,임동면,1655
2023,4717041000,경상북도,안동시,예안면,1712
2023,4717042000,경상북도,안동시,도산면,1446
2023,4717043000,경상북도,안동시,녹전면,1633
2023,4717051000,경상북도,안동시,중구동,4826
2023,4717052000,경상북도,안동시,명륜동,4674
2023,4717055500,경상북도,안동시,용상동,22944
2023,4717058500,경상북도,안동시,서구동,8393
2023,4717060000,경상북도,안동시,태화동,12359
2023,4717062000,경상북도,안동시,평화동,5963
2023,4717063000,경상북도,안동시,안기동,5969
2023,4717065000,경상북도,안동시,옥동,20587
2023,4717066000,경상북도,안동시,송하동,15614
2023,4717069000,경상북도,안동시,강남동,10449
2023,4719025000,경상북도,구미시,선산읍,13996
2023,4719025300,경상북도,구미시,고아읍,37953
2023,4719025600,경상북도,구미시,산동읍,26877
2023,4719031000,경상북도,구미시,무을면,1796
2023,4719032000,경상북도,구미시,옥성면,1651
2023,4719033000,경상북도,구미시,도개면,2085
2023,4719034000,경상북도,구미시,해평면,3758
2023,4719036000,경상북도,구미시,장천면,2840
2023,4719051000,경상북도,구미시,송정동,23061
2023,4719053500,경상북도,구미시,원평동,7521
2023,4719055100,경상북도,구미시,도량동,27760
2023,4719055500,경상북도,구미시,지산동,1934
2023,4719056500,경상북도,구미시,선주원남동,38023
2023,4719058200,경상북도,구미시,형곡1동,13195
2023,4719058300,경상북도,구미시,형곡2동,15994
2023,4719059000,경상북도,구미시,신평1동,4562
2023,4719060000,경상북도,구미시,신평2동,2990
2023,4719061000,경상북도,구미시,비산동,12874
2023,4719063000,경상북도,구미시,광평동,4146
2023,4719064500,경상북도,구미시,상모사곡동,30187
2023,4719066000,경상북도,구미시,임오동,18108
2023,4719067000,경상북도,구미시,인동동,47051
2023,4719068000,경상북도,구미시,진미동,16917
2023,4719069000,경상북도,구미시,양포동,46000
2023,4719070000,경상북도,구미시,공단동,4227
2023,4721025000,경상북도,영주시,풍기읍,10515
2023,4721031000,경상북도,영주시,이산면,2193
2023,4721032000,경상북도,영주시,평은면,1405
2023,4721033000,경상북도,영주시,문수면,1919
2023,4721034000,경상북도,영주시,장수면,2078
2023,4721035000,경상북도,영주시,안정면,2846
2023,4721036000,경상북도,영주시,봉현면,2566
2023,4721037000,경상북도,영주시,순흥면,1878
2023,4721038000,경상북도,영주시,단산면,1762
2023,4721039000,경상북도,영주시,부석면,2846
2023,4721051000,경상북도,영주시,상망동,7201
2023,4721052500,경상북도,영주시,하망동,5825
2023,4721055000,경상북도,영주시,영주1동,3638
2023,4721056000,경상북도,영주시,영주2동,4617
2023,4721059000,경상북도,영주시,휴천1동,6283
2023,4721060000,경상북도,영주시,휴천2동,9656
2023,4721061000,경상북도,영주시,휴천3동,7283
2023,4721062000,경상북도,영주시,가흥1동,15448
2023,4721063000,경상북도,영주시,가흥2동,10240
2023,4723025000,경상북도,영천시,금호읍,10449
2023,4723031000,경상북도,영천시,청통면,3964
2023,4723032000,경상북도,영천시,신녕면,3662
2023,4723033000,경상북도,영천시,화산면,3058
2023,4723034000,경상북도,영천시,화북면,2216
2023,4723035000,경상북도,영천시,화남면,3182
2023,4723036000,경상북도,영천시,자양면,1324
2023,4723037000,경상북도,영천시,임고면,4133
2023,4723038000,경상북도,영천시,고경면,5687
2023,4723039000,경상북도,영천시,북안면,4398
2023,4723040000,경상북도,영천시,대창면,3022
2023,4723051000,경상북도,영천시,동부동,27252
2023,4723052000,경상북도,영천시,중앙동,9401
2023,4723053500,경상북도,영천시,서부동,4548
2023,4723054000,경상북도,영천시,완산동,9975
2023,4723055500,경상북도,영천시,남부동,3941
2023,4725025000,경상북도,상주시,함창읍,6199
2023,4725031000,경상북도,상주시,중동면,1318
2023,4725032500,경상북도,상주시,사벌국면,3696
2023,4725033000,경상북도,상주시,낙동면,2861
2023,4725033500,경상북도,상주시,낙동면동부출장소,970
2023,4725034000,경상북도,상주시,청리면,2487
2023,4725035000,경상북도,상주시,공성면,3889
2023,4725036000,경상북도,상주시,외남면,1556
2023,4725037000,경상북도,상주시,내서면,1847
2023,4725038000,경상북도,상주시,모동면,2560
2023,4725039000,경상북도,상주시,모서면,1628
2023,4725039500,경상북도,상주시,모서면서부출장소,712
2023,4725040000,경상북도,상주시,화동면,1884
2023,4725041000,경상북도,상주시,화서면,2929
2023,4725042000,경상북도,상주시,화북면,1135
2023,4725042600,경상북도,상주시,화북면서부출장소,315
2023,4725043000,경상북도,상주시,외서면,2567
2023,4725044000,경상북도,상주시,은척면,1107
2023,4725044500,경상북도,상주시,은척면북부출장소,359
2023,4725045000,경상북도,상주시,공검면,2069
2023,4725046000,경상북도,상주시,이안면,1975
2023,4725047000,경상북도,상주시,화남면,780
2023,4725052000,경상북도,상주시,남원동,11365
2023,4725053000,경상북도,상주시,북문동,9241
2023,4725054000,경상북도,상주시,계림동,8883
2023,4725055000,경상북도,상주시,동문동,7595
2023,4725056000,경상북도,상주시,동성동,3331
2023,4725057000,경상북도,상주시,신흥동,8600
2023,4728025000,경상북도,문경시,문경읍,5692
2023,4728025100,경상북도,문경시,문경읍갈평출장소,1084
2023,4728025300,경상북도,문경시,가은읍,3085
2023,4728025400,경상북도,문경시,가은읍북부출장소,843
2023,4728031000,경상북도,문경시,영순면,2324
2023,4728032000,경상북도,문경시,산양면,2983
2023,4728033000,경상북도,문경시,호계면,2341
2023,4728034000,경상북도,문경시,산북면,2653
2023,4728035000,경상북도,문경시,동로면,1958
2023,4728036000,경상북도,문경시,마성면,3364
2023,4728037000,경상북도,문경시,농암면,2549
2023,4728057000,경상북도,문경시,점촌1동,5422
2023,4728058000,경상북도,문경시,점촌2동,6708
2023,4728059000,경상북도,문경시,점촌3동,8718
2023,4728060000,경상북도,문경시,점촌4동,2967
2023,4728061000,경상북도,문경시,점촌5동,16064
2023,4729025000,경상북도,경산시,하양읍,31415
2023,4729025300,경상북도,경산시,진량읍,34115
2023,4729025600,경상북도,경산시,압량읍,20388
2023,4729031000,경상북도,경산시,와촌면,5401
2023,4729033000,경상북도,경산시,자인면,5304
2023,4729034000,경상북도,경산시,용성면,3234
2023,4729035000,경상북도,경산시,남산면,3661
2023,4729037000,경상북도,경산시,남천면,2774
2023,4729051000,경상북도,경산시,중방동,10841
2023,4729052000,경상북도,경산시,중앙동,5997
2023,4729053000,경상북도,경산시,남부동,19114
2023,4729054100,경상북도,경산시,서부1동,31397
2023,4729054200,경상북도,경산시,서부2동,38422
2023,4729055000,경상북도,경산시,북부동,16541
2023,4729056000,경상북도,경산시,동부동,37601
2023,4773025000,경상북도,의성군,의성읍,12676
2023,4773031000,경상북도,의성군,단촌면,1911
2023,4773032000,경상북도,의성군,점곡면,1570
2023,4773033000,경상북도,의성군,옥산면,1751
2023,4773034000,경상북도,의성군,사곡면,1556
2023,4773035000,경상북도,의성군,춘산면,1490
2023,4773036000,경상북도,의성군,가음면,1475
2023,4773037000,경상북도,의성군,금성면,4159
2023,4773038000,경상북도,의성군,봉양면,3883
2023,4773039000,경상북도,의성군,비안면,2571
2023,4773040000,경상북도,의성군,구천면,1731
2023,4773041000,경상북도,의성군,단밀면,1672
2023,4773042000,경상북도,의성군,단북면,1740
2023,4773043000,경상북도,의성군,안계면,4388
2023,4773044000,경상북도,의성군,다인면,3716
2023,4773045000,경상북도,의성군,신평면,815
2023,4773046000,경상북도,의성군,안평면,2105
2023,4773047000,경상북도,의성군,안사면,877
2023,4775025000,경상북도,청송군,청송읍,5016
2023,4775031500,경상북도,청송군,주왕산면,1774
2023,4775032000,경상북도,청송군,부남면,2375
2023,4775033000,경상북도,청송군,현동면,2047
2023,4775034000,경상북도,청송군,현서면,2424
2023,4775035000,경상북도,청송군,안덕면,2477
2023,4775036000,경상북도,청송군,파천면,1684
2023,4775037000,경상북도,청송군,진보면,6222
2023,4776025000,경상북도,영양군,영양읍,6867
2023,4776031000,경상북도,영양군,입암면,2014
2023,4776032000,경상북도,영양군,청기면,1565
2023,4776033000,경상북도,영양군,일월면,1656
2023,4776034000,경상북도,영양군,수비면,1639
2023,4776035000,경상북도,영양군,석보면,1920
2023,4777025000,경상북도,영덕군,영덕읍,10414
2023,4777031000,경상북도,영덕군,강구면,5795
2023,4777032000,경상북도,영덕군,남정면,2246
2023,4777033000,경상북도,영덕군,달산면,1074
2023,4777034000,경상북도,영덕군,지품면,1406
2023,4777034500,경상북도,영덕군,지품면원전출장소,527
2023,4777035000,경상북도,영덕군,축산면,874
2023,4777035500,경상북도,영덕군,축산면축산출장소,1556
2023,4777036000,경상북도,영덕군,영해면,6010
2023,4777037000,경상북도,영덕군,병곡면,2604
2023,4777038000,경상북도,영덕군,창수면,1549
2023,4782025000,경상북도,청도군,화양읍,7108
2023,4782025100,경상북도,청도군,화양읍남성현출장소,1113
2023,4782025300,경상북도,청도군,청도읍,9919
2023,4782025400,경상북도,청도군,청도읍유호출장소,1518
2023,4782031000,경상북도,청도군,각남면,2145
2023,4782032000,경상북도,청도군,풍각면,3736
2023,4782033000,경상북도,청도군,각북면,2276
2023,4782034000,경상북도,청도군,이서면,4528
2023,4782035000,경상북도,청도군,운문면,1980
2023,4782036000,경상북도,청도군,금천면,3218
2023,4782037000,경상북도,청도군,매전면,3775
2023,4783025300,경상북도,고령군,대가야읍,9660
2023,4783031000,경상북도,고령군,덕곡면,1441
2023,4783032000,경상북도,고령군,운수면,1782
2023,4783033000,경상북도,고령군,성산면,2500
2023,4783034000,경상북도,고령군,다산면,8040
2023,4783035000,경상북도,고령군,개진면,1869
2023,4783036000,경상북도,고령군,우곡면,1555
2023,4783037000,경상북도,고령군,쌍림면,3292
2023,4784025000,경상북도,성주군,성주읍,13300
2023,4784031000,경상북도,성주군,선남면,6023
2023,4784032000,경상북도,성주군,용암면,3570
2023,4784033000,경상북도,성주군,수륜면,3202
2023,4784034000,경상북도,성주군,가천면,1981
2023,4784035000,경상북도,성주군,금수면,1198
2023,4784036000,경상북도,성주군,대가면,2316
2023,4784037000,경상북도,성주군,벽진면,2945
2023,4784038000,경상북도,성주군,초전면,4331
2023,4784039000,경상북도,성주군,월항면,3220
2023,4785025000,경상북도,칠곡군,왜관읍,31389
2023,4785025300,경상북도,칠곡군,북삼읍,23813
2023,4785025600,경상북도,칠곡군,석적읍,31110
2023,4785031000,경상북도,칠곡군,지천면,3864
2023,4785032000,경상북도,칠곡군,동명면,5182
2023,4785033000,경상북도,칠곡군,가산면,3227
2023,4785036000,경상북도,칠곡군,약목면,8999
2023,4785037000,경상북도,칠곡군,기산면,2997
2023,4790025000,경상북도,예천군,예천읍,14059
2023,4790031000,경상북도,예천군,용문면,2155
2023,4790034000,경상북도,예천군,감천면,2476
2023,4790035000,경상북도,예천군,보문면,1626
2023,4790036000,경상북도,예천군,호명면,20840
2023,4790037000,경상북도,예천군,유천면,2472
2023,4790038000,경상북도,예천군,용궁면,2298
2023,4790039000,경상북도,예천군,개포면,1465
2023,4790040000,경상북도,예천군,지보면,2580
2023,4790041000,경상북도,예천군,풍양면,2882
2023,4790042000,경상북도,예천군,효자면,1172
2023,4790043000,경상북도,예천군,은풍면,1300
2023,4792025000,경상북도,봉화군,봉화읍,9371
2023,4792031000,경상북도,봉화군,물야면,2888
2023,4792032000,경상북도,봉화군,봉성면,1962
2023,4792033000,경상북도,봉화군,법전면,1933
2023,4792034000,경상북도,봉화군,춘양면,4286
2023,4792035000,경상북도,봉화군,소천면,2110
2023,4792036000,경상북도,봉화군,재산면,1401
2023,4792037000,경상북도,봉화군,명호면,2147
2023,4792038000,경상북도,봉화군,상운면,1647
2023,4792039000,경상북도,봉화군,석포면,1858
2023,4793025000,경상북도,울진군,울진읍,13575
2023,4793025300,경상북도,울진군,평해읍,2529
2023,4793031000,경상북도,울진군,북면,6906
2023,4793031500,경상북도,울진군,북면하당출장소,645
2023,4793033000,경상북도,울진군,근남면,2713
2023,4793035000,경상북도,울진군,기성면,2370
2023,4793036000,경상북도,울진군,온정면,1583
2023,4793037000,경상북도,울진군,죽변면,6110
2023,4793038000,경상북도,울진군,후포면,7099
2023,4793039000,경상북도,울진군,금강송면,1219
2023,4793040000,경상북도,울진군,매화면,1920
2023,4794025000,경상북도,울릉군,울릉읍,6423
2023,4794031000,경상북도,울릉군,서면,910
2023,4794031500,경상북도,울릉군,서면태하출장소,454
2023,4794032000,경상북도,울릉군,북면,1290
2023,4812125000,경상남도,창원시 의창구,동읍,18854
2023,4812131000,경상남도,창원시 의창구,북면,43163
2023,4812132000,경상남도,창원시 의창구,대산면,6789
2023,4812151000,경상남도,창원시 의창구,의창동,49453
2023,4812152000,경상남도,창원시 의창구,팔룡동,25568
2023,4812153000,경상남도,창원시 의창구,명곡동,39576
2023,4812154000,경상남도,창원시 의창구,봉림동,29939
2023,4812351000,경상남도,창원시 성산구,반송동,39890
2023,4812351500,경상남도,창원시 성산구,용지동,26854
2023,4812352000,경상남도,창원시 성산구,중앙동,34619
2023,4812353000,경상남도,창원시 성산구,상남동,26876
2023,4812354000,경상남도,창원시 성산구,사파동,45790
2023,4812355000,경상남도,창원시 성산구,가음정동,38216
2023,4812356000,경상남도,창원시 성산구,성주동,25666
2023,4812357000,경상남도,창원시 성산구,웅남동,7348
2023,4812531000,경상남도,창원시 마산합포구,구산면,4008
2023,4812532000,경상남도,창원시 마산합포구,진동면,11775
2023,4812533000,경상남도,창원시 마산합포구,진북면,3191
2023,4812534000,경상남도,창원시 마산합포구,진전면,3687
2023,4812551000,경상남도,창원시 마산합포구,현동,13730
2023,4812552000,경상남도,창원시 마산합포구,가포동,2704
2023,4812553000,경상남도,창원시 마산합포구,월영동,41769
2023,4812554000,경상남도,창원시 마산합포구,문화동,10978
2023,4812556500,경상남도,창원시 마산합포구,반월중앙동,13581
2023,4812557000,경상남도,창원시 마산합포구,완월동,8632
2023,4812558000,경상남도,창원시 마산합포구,자산동,9409
2023,4812561000,경상남도,창원시 마산합포구,교방동,18838
2023,4812563000,경상남도,창원시 마산합포구,오동동,18545
2023,4812564000,경상남도,창원시 마산합포구,합포동,6808
2023,4812565000,경상남도,창원시 마산합포구,산호동,11739
2023,4812725000,경상남도,창원시 마산회원구,내서읍,61089
2023,4812751000,경상남도,창원시 마산회원구,회원1동,9768
2023,4812752000,경상남도,창원시 마산회원구,회원2동,9717
2023,4812754500,경상남도,창원시 마산회원구,석전동,16249
2023,4812755000,경상남도,창원시 마산회원구,회성동,5456
2023,4812756000,경상남도,창원시 마산회원구,양덕1동,10572
2023,4812757000,경상남도,창원시 마산회원구,양덕2동,30413
2023,4812758000,경상남도,창원시 마산회원구,합성1동,8871
2023,4812759000,경상남도,창원시 마산회원구,합성2동,7196
2023,4812760000,경상남도,창원시 마산회원구,구암1동,8490
2023,4812761000,경상남도,창원시 마산회원구,구암2동,9004
2023,4812762000,경상남도,창원시 마산회원구,봉암동,2993
2023,4812953000,경상남도,창원시 진해구,충무동,16115
2023,4812954000,경상남도,창원시 진해구,여좌동,8072
2023,4812955000,경상남도,창원시 진해구,태백동,3571
2023,4812956000,경상남도,창원시 진해구,경화동,10672
2023,4812957000,경상남도,창원시 진해구,병암동,7087
2023,4812958000,경상남도,창원시 진해구,석동,17322
2023,4812959000,경상남도,창원시 진해구,이동,8369
2023,4812960000,경상남도,창원시 진해구,자은동,20611
2023,4812961000,경상남도,창원시 진해구,덕산동,9691
2023,4812962000,경상남도,창원시 진해구,풍호동,25231
2023,4812963000,경상남도,창원시 진해구,웅천동,12980
2023,4812964000,경상남도,창원시 진해구,웅동1동,7802
2023,4812965000,경상남도,창원시 진해구,웅동2동,43702
2023,4817025000,경상남도,진주시,문산읍,7870
2023,4817031000,경상남도,진주시,내동면,3976
2023,4817032000,경상남도,진주시,정촌면,8749
2023,4817033000,경상남도,진주시,금곡면,2102
2023,4817035000,경상남도,진주시,진성면,1817
2023,4817036000,경상남도,진주시,일반성면,2468
2023,4817037000,경상남도,진주시,이반성면,1513
2023,4817038000,경상남도,진주시,사봉면,1445
2023,4817039000,경상남도,진주시,지수면,1363
2023,4817040000,경상남도,진주시,대곡면,3002
2023,4817041000,경상남도,진주시,금산면,20328
2023,4817042000,경상남도,진주시,집현면,4457
2023,4817043000,경상남도,진주시,미천면,1520
2023,4817044000,경상남도,진주시,명석면,3784
2023,4817045000,경상남도,진주시,대평면,991
2023,4817046000,경상남도,진주시,수곡면,2154
2023,4817051500,경상남도,진주시,천전동,27363
2023,4817055500,경상남도,진주시,성북동,9834
2023,4817056500,경상남도,진주시,중앙동,10581
2023,4817059500,경상남도,진주시,상봉동,13184
2023,4817067300,경상남도,진주시,상대동,18737
2023,4817067800,경상남도,진주시,하대동,23455
2023,4817068000,경상남도,진주시,상평동,11018
2023,4817069500,경상남도,진주시,초장동,26154
2023,4817071000,경상남도,진주시,평거동,26354
2023,4817071500,경상남도,진주시,신안동,11237
2023,4817072000,경상남도,진주시,이현동,11100
2023,4817073000,경상남도,진주시,판문동,20420
2023,4817074000,경상남도,진주시,가호동,30120
2023,4817075000,경상남도,진주시,충무공동,33977
2023,4822025000,경상남도,통영시,산양읍,4336
2023,4822031000,경상남도,통영시,용남면,11918
2023,4822033000,경상남도,통영시,도산면,2695
2023,4822034000,경상남도,통영시,광도면,30607
2023,4822035000,경상남도,통영시,욕지면,1895
2023,4822036000,경상남도,통영시,한산면,1870
2023,4822037000,경상남도,통영시,사량면,1358
2023,4822051000,경상남도,통영시,도천동,8365
2023,4822053000,경상남도,통영시,명정동,2607
2023,4822055000,경상남도,통영시,중앙동,3518
2023,4822059000,경상남도,통영시,정량동,8178
2023,4822060000,경상남도,통영시,북신동,10035
2023,4822066500,경상남도,통영시,미수동,10430
2023,4822067000,경상남도,통영시,봉평동,9462
2023,4822070000,경상남도,통영시,무전동,13277
2023,4824025000,경상남도,사천시,사천읍,17593
2023,4824031000,경상남도,사천시,정동면,13729
2023,4824032000,경상남도,사천시,사남면,16614
2023,4824033000,경상남도,사천시,용현면,7097
2023,4824034000,경상남도,사천시,축동면,1488
2023,4824035000,경상남도,사천시,곤양면,3189
2023,4824036000,경상남도,사천시,곤명면,2675
2023,4824037000,경상남도,사천시,서포면,3376
2023,4824051000,경상남도,사천시,동서동,5458
2023,4824052000,경상남도,사천시,선구동,4779
2023,4824053000,경상남도,사천시,동서금동,6131
2023,4824055000,경상남도,사천시,벌용동,15009
2023,4824057000,경상남도,사천시,향촌동,6724
2023,4824059500,경상남도,사천시,남양동,4935
2023,4824089000,경상남도,사천시,신수출장소,233
2023,4825025000,경상남도,김해시,진영읍,54555
2023,4825032000,경상남도,김해시,주촌면,19592
2023,4825033000,경상남도,김해시,진례면,5983
2023,4825034000,경상남도,김해시,한림면,6792
2023,4825035000,경상남도,김해시,생림면,3560
2023,4825036000,경상남도,김해시,상동면,2988
2023,4825037000,경상남도,김해시,대동면,5258
2023,4825051000,경상남도,김해시,동상동,9043
2023,4825052000,경상남도,김해시,회현동,8428
2023,4825053000,경상남도,김해시,부원동,9210
2023,4825054000,경상남도,김해시,내외동,71343
2023,4825055000,경상남도,김해시,북부동,82221
2023,4825056500,경상남도,김해시,칠산서부동,9098
2023,4825058000,경상남도,김해시,활천동,37672
2023,4825059000,경상남도,김해시,삼안동,33344
2023,4825060000,경상남도,김해시,불암동,6865
2023,4825061000,경상남도,김해시,장유1동,56046
2023,4825062000,경상남도,김해시,장유2동,37680
2023,4825063000,경상남도,김해시,장유3동,73981
2023,4827025000,경상남도,밀양시,삼랑진읍,5033
2023,4827025100,경상남도,밀양시,삼랑진임천출장소,1249
2023,4827025300,경상남도,밀양시,하남읍,6732
2023,4827031000,경상남도,밀양시,부북면,5005
2023,4827032000,경상남도,밀양시,상동면,3069
2023,4827033000,경상남도,밀양시,산외면,2793
2023,4827034000,경상남도,밀양시,산내면,3747
2023,4827035000,경상남도,밀양시,단장면,4248
2023,4827036000,경상남도,밀양시,상남면,7874
2023,4827037000,경상남도,밀양시,초동면,3309
2023,4827038000,경상남도,밀양시,무안면,4784
2023,4827039000,경상남도,밀양시,청도면,1713
2023,4827051000,경상남도,밀양시,내일동,2586
2023,4827052000,경상남도,밀양시,내이동,17528
2023,4827053000,경상남도,밀양시,삼문동,19546
2023,4827054000,경상남도,밀양시,가곡동,7491
2023,4827055000,경상남도,밀양시,교동,5377
2023,4831031000,경상남도,거제시,일운면,8038
2023,4831032000,경상남도,거제시,동부면,2935
2023,4831033000,경상남도,거제시,남부면,1490
2023,4831034000,경상남도,거제시,거제면,7030
2023,4831035000,경상남도,거제시,둔덕면,2737
2023,4831036000,경상남도,거제시,사등면,11184
2023,4831036600,경상남도,거제시,사등면가조출장소,1046
2023,4831037000,경상남도,거제시,연초면,8230
2023,4831038000,경상남도,거제시,하청면,3281
2023,4831038500,경상남도,거제시,하청면칠천출장소,1018
2023,4831039000,경상남도,거제시,장목면,2899
2023,4831039500,경상남도,거제시,장목면외포출장소,1306
2023,4831051000,경상남도,거제시,장승포동,5433
2023,4831053000,경상남도,거제시,능포동,8720
2023,4831054000,경상남도,거제시,아주동,25943
2023,4831055000,경상남도,거제시,옥포1동,6760
2023,4831056000,경상남도,거제시,옥포2동,24745
2023,4831057000,경상남도,거제시,장평동,20561
2023,4831058000,경상남도,거제시,고현동,35031
2023,4831059000,경상남도,거제시,상문동,32922
2023,4831060000,경상남도,거제시,수양동,22729
2023,4833025300,경상남도,양산시,물금읍,119742
2023,4833031000,경상남도,양산시,동면,46257
2023,4833032000,경상남도,양산시,원동면,3291
2023,4833033000,경상남도,양산시,상북면,11933
2023,4833034000,경상남도,양산시,하북면,7681
2023,4833051000,경상남도,양산시,중앙동,10852
2023,4833051500,경상남도,양산시,양주동,31188
2023,4833052000,경상남도,양산시,삼성동,20673
2023,4833053000,경상남도,양산시,강서동,8592
2023,4833054000,경상남도,양산시,서창동,27535
2023,4833055000,경상남도,양산시,소주동,19656
2023,4833056000,경상남도,양산시,평산동,29632
2023,4833057000,경상남도,양산시,덕계동,18090
2023,4872025000,경상남도,의령군,의령읍,9104
2023,4872031000,경상남도,의령군,가례면,1616
2023,4872032000,경상남도,의령군,칠곡면,1141
2023,4872033000,경상남도,의령군,대의면,1011
2023,4872034000,경상남도,의령군,화정면,1473
2023,4872035000,경상남도,의령군,용덕면,1450
2023,4872036000,경상남도,의령군,정곡면,1364
2023,4872037000,경상남도,의령군,지정면,1775
2023,4872038000,경상남도,의령군,낙서면,712
2023,4872039000,경상남도,의령군,부림면,2676
2023,4872040000,경상남도,의령군,봉수면,946
2023,4872041500,경상남도,의령군,궁류면,1101
2023,4872042000,경상남도,의령군,유곡면,1106
2023,4873025000,경상남도,함안군,가야읍,17397
2023,4873025300,경상남도,함안군,칠원읍,18285
2023,4873031000,경상남도,함안군,함안면,2358
2023,4873032000,경상남도,함안군,군북면,5819
2023,4873033000,경상남도,함안군,법수면,2751
2023,4873034000,경상남도,함안군,대산면,3206
2023,4873035000,경상남도,함안군,칠서면,5009
2023,4873036000,경상남도,함안군,칠북면,1846
2023,4873038000,경상남도,함안군,산인면,2639
2023,4873039000,경상남도,함안군,여항면,893
2023,4874025000,경상남도,창녕군,창녕읍,15769
2023,4874025300,경상남도,창녕군,남지읍,11696
2023,4874031000,경상남도,창녕군,고암면,1744
2023,4874032000,경상남도,창녕군,성산면,1537
2023,4874033000,경상남도,창녕군,대합면,3602
2023,4874034000,경상남도,창녕군,이방면,2284
2023,4874035000,경상남도,창녕군,유어면,1663
2023,4874036000,경상남도,창녕군,대지면,2322
2023,4874037000,경상남도,창녕군,계성면,2146
2023,4874038000,경상남도,창녕군,영산면,4986
2023,4874039000,경상남도,창녕군,장마면,1802
2023,4874040000,경상남도,창녕군,도천면,2570
2023,4874041000,경상남도,창녕군,길곡면,1487
2023,4874042000,경상남도,창녕군,부곡면,3475
2023,4882025000,경상남도,고성군,고성읍,23309
2023,4882031000,경상남도,고성군,삼산면,1722
2023,4882032000,경상남도,고성군,하일면,1791
2023,4882033000,경상남도,고성군,하이면,2600
2023,4882034000,경상남도,고성군,상리면,1603
2023,4882035000,경상남도,고성군,대가면,1635
2023,4882036000,경상남도,고성군,영현면,854
2023,4882037000,경상남도,고성군,영오면,1382
2023,4882038000,경상남도,고성군,개천면,1110
2023,4882039000,경상남도,고성군,구만면,988
2023,4882040000,경상남도,고성군,회화면,3465
2023,4882041000,경상남도,고성군,마암면,1714
2023,4882042000,경상남도,고성군,동해면,3076
2023,4882043000,경상남도,고성군,거류면,4219
2023,4884025000,경상남도,남해군,남해읍,12581
2023,4884031000,경상남도,남해군,이동면,3684
2023,4884032000,경상남도,남해군,상주면,1601
2023,4884033000,경상남도,남해군,삼동면,3726
2023,4884034000,경상남도,남해군,미조면,2108
2023,4884035000,경상남도,남해군,남면,3305
2023,4884036000,경상남도,남해군,서면,2427
2023,4884037000,경상남도,남해군,고현면,3318
2023,4884038000,경상남도,남해군,설천면,2703
2023,4884039000,경상남도,남해군,창선면,5327
2023,4885025000,경상남도,하동군,하동읍,9435
2023,4885031000,경상남도,하동군,화개면,2881
2023,4885032000,경상남도,하동군,악양면,3378
2023,4885033000,경상남도,하동군,적량면,1842
2023,4885034000,경상남도,하동군,횡천면,1797
2023,4885035000,경상남도,하동군,고전면,2032
2023,4885036000,경상남도,하동군,금남면,3231
2023,4885037000,경상남도,하동군,진교면,5625
2023,4885038000,경상남도,하동군,양보면,1619
2023,4885039000,경상남도,하동군,북천면,1586
2023,4885040000,경상남도,하동군,청암면,1345
2023,4885041000,경상남도,하동군,옥종면,4064
2023,4885042000,경상남도,하동군,금성면,2771
2023,4886025000,경상남도,산청군,산청읍,6730
2023,4886031000,경상남도,산청군,차황면,1358
2023,4886032000,경상남도,산청군,오부면,1030
2023,4886033000,경상남도,산청군,생초면,1883
2023,4886034000,경상남도,산청군,금서면,2766
2023,4886035000,경상남도,산청군,삼장면,1811
2023,4886036000,경상남도,산청군,시천면,3982
2023,4886037000,경상남도,산청군,단성면,5595
2023,4886038000,경상남도,산청군,신안면,5498
2023,4886039000,경상남도,산청군,생비량면,1115
2023,4886040000,경상남도,산청군,신등면,1984
2023,4887025000,경상남도,함양군,함양읍,17483
2023,4887031000,경상남도,함양군,마천면,2028
2023,4887032000,경상남도,함양군,휴천면,1460
2023,4887033000,경상남도,함양군,유림면,1578
2023,4887034000,경상남도,함양군,수동면,2286
2023,4887035000,경상남도,함양군,지곡면,1997
2023,4887036000,경상남도,함양군,안의면,4231
2023,4887037000,경상남도,함양군,서하면,1344
2023,4887038000,경상남도,함양군,서상면,1744
2023,4887039000,경상남도,함양군,백전면,1529
2023,4887040000,경상남도,함양군,병곡면,1265
2023,4888025000,경상남도,거창군,거창읍,39772
2023,4888031000,경상남도,거창군,주상면,1509
2023,4888032000,경상남도,거창군,웅양면,1798
2023,4888033000,경상남도,거창군,고제면,1374
2023,4888034000,경상남도,거창군,북상면,1505
2023,4888035000,경상남도,거창군,위천면,1968
2023,4888036000,경상남도,거창군,마리면,1952
2023,4888037000,경상남도,거창군,남상면,2314
2023,4888038000,경상남도,거창군,남하면,1420
2023,4888039000,경상남도,거창군,신원면,1528
2023,4888040000,경상남도,거창군,가조면,3556
2023,4888041000,경상남도,거창군,가북면,1351
2023,4889025000,경상남도,합천군,합천읍,10829
2023,4889031000,경상남도,합천군,봉산면,1395
2023,4889032000,경상남도,합천군,묘산면,1462
2023,4889033000,경상남도,합천군,가야면,3959
2023,4889034000,경상남도,합천군,야로면,2277
2023,4889035000,경상남도,합천군,율곡면,2077
2023,4889036000,경상남도,합천군,초계면,2244
2023,4889037000,경상남도,합천군,쌍책면,1198
2023,4889038000,경상남도,합천군,덕곡면,807
2023,4889039000,경상남도,합천군,청덕면,1540
2023,4889040000,경상남도,합천군,적중면,1305
2023,4889041000,경상남도,합천군,대양면,1733
2023,4889042000,경상남도,합천군,쌍백면,1664
2023,4889043000,경상남도,합천군,삼가면,3025
2023,4889044000,경상남도,합천군,가회면,1700
2023,4889045000,경상남도,합천군,대병면,1875
2023,4889046000,경상남도,합천군,용주면,2113
2023,5011025000,제주특별자치도,제주시,한림읍,20910
2023,5011025300,제주특별자치도,제주시,애월읍,37827
2023,5011025600,제주특별자치도,제주시,구좌읍,15350
2023,5011025900,제주특별자치도,제주시,조천읍,25756
2023,5011031000,제주특별자치도,제주시,한경면,9616
2023,5011032000,제주특별자치도,제주시,추자면,1573
2023,5011033000,제주특별자치도,제주시,우도면,1618
2023,5011051000,제주특별자치도,제주시,일도1동,2194
2023,5011052000,제주특별자치도,제주시,일도2동,31523
2023,5011053000,제주특별자치도,제주시,이도1동,7694
2023,5011054000,제주특별자치도,제주시,이도2동,48579
2023,5011055000,제주특별자치도,제주시,삼도1동,12917
2023,5011056000,제주특별자치도,제주시,삼도2동,7815
2023,5011057000,제주특별자치도,제주시,용담1동,6606
2023,5011058000,제주특별자치도,제주시,용담2동,13799
2023,5011059000,제주특별자치도,제주시,건입동,8789
2023,5011060000,제주특별자치도,제주시,화북동,23333
2023,5011061000,제주특별자치도,제주시,삼양동,26314
2023,5011062000,제주특별자치도,제주시,봉개동,5251
2023,5011063000,제주특별자치도,제주시,아라동,39969
2023,5011064000,제주특별자치도,제주시,오라동,15996
2023,5011065000,제주특별자치도,제주시,연동,42631
2023,5011066000,제주특별자치도,제주시,노형동,55327
2023,5011067000,제주특별자치도,제주시,외도동,22602
2023,5011068000,제주특별자치도,제주시,이호동,4406
2023,5011069000,제주특별자치도,제주시,도두동,3259
2023,5013025000,제주특별자치도,서귀포시,대정읍,22087
2023,5013025300,제주특별자치도,서귀포시,남원읍,18329
2023,5013025900,제주특별자치도,서귀포시,성산읍,15151
2023,5013031000,제주특별자치도,서귀포시,안덕면,12496
2023,5013032000,제주특별자치도,서귀포시,표선면,12603
2023,5013051000,제주특별자치도,서귀포시,송산동,3874
2023,5013052000,제주특별자치도,서귀포시,정방동,2154
2023,5013053000,제주특별자치도,서귀포시,중앙동,3167
2023,5013054000,제주특별자치도,서귀포시,천지동,3445
2023,5013055000,제주특별자치도,서귀포시,효돈동,5347
2023,5013056000,제주특별자치도,서귀포시,영천동,5273
2023,5013057000,제주특별자치도,서귀포시,동홍동,23255
2023,5013058000,제주특별자치도,서귀포시,서홍동,11179
2023,5013059000,제주특별자치도,서귀포시,대륜동,15312
2023,5013060000,제주특별자치도,서귀포시,대천동,13657
2023,5013061000,제주특별자치도,서귀포시,중문동,12433
2023,5013062000,제주특별자치도,서귀포시,예래동,3836
2023,5111025000,강원특별자치도,춘천시,신북읍,7257
2023,5111031000,강원특별자치도,춘천시,동면,19229
2023,5111032000,강원특별자치도,춘천시,동산면,1389
2023,5111033000,강원특별자치도,춘천시,신동면,2580
2023,5111034000,강원특별자치도,춘천시,남면,1069
2023,5111035000,강원특별자치도,춘천시,서면,3644
2023,5111036000,강원특별자치도,춘천시,사북면,2434
2023,5111038000,강원특별자치도,춘천시,북산면,955
2023,5111039000,강원특별자치도,춘천시,동내면,16883
2023,5111040000,강원특별자치도,춘천시,남산면,3323
2023,5111052000,강원특별자치도,춘천시,교동,3746
2023,5111053000,강원특별자치도,춘천시,조운동,2534
2023,5111054500,강원특별자치도,춘천시,약사명동,5432
2023,5111057000,강원특별자치도,춘천시,근화동,8432
2023,5111058000,강원특별자치도,춘천시,소양동,8823
2023,5111060000,강원특별자치도,춘천시,후평1동,11105
2023,5111061000,강원특별자치도,춘천시,후평2동,14209
2023,5111061100,강원특별자치도,춘천시,후평3동,19893
2023,5111062000,강원특별자치도,춘천시,효자1동,4193
2023,5111063000,강원특별자치도,춘천시,효자2동,12150
2023,5111064000,강원특별자치도,춘천시,효자3동,4378
2023,5111065000,강원특별자치도,춘천시,석사동,33667
2023,5111066000,강원특별자치도,춘천시,퇴계동,47534
2023,5111067500,강원특별자치도,춘천시,강남동,25777
2023,5111070500,강원특별자치도,춘천시,신사우동,25790
2023,5113025000,강원특별자치도,원주시,문막읍,17684
2023,5113031000,강원특별자치도,원주시,소초면,8250
2023,5113032000,강원특별자치도,원주시,호저면,3478
2023,5113033000,강원특별자치도,원주시,지정면,29885
2023,5113035000,강원특별자치도,원주시,부론면,2158
2023,5113036000,강원특별자치도,원주시,귀래면,2095
2023,5113037000,강원특별자치도,원주시,흥업면,9518
2023,5113038000,강원특별자치도,원주시,판부면,7166
2023,5113039000,강원특별자치도,원주시,신림면,3596
2023,5113051500,강원특별자치도,원주시,중앙동,2384
2023,5113052000,강원특별자치도,원주시,원인동,3992
2023,5113053000,강원특별자치도,원주시,개운동,12215
2023,5113054100,강원특별자치도,원주시,명륜1동,7917
2023,5113054200,강원특별자치도,원주시,명륜2동,18739
2023,5113055000,강원특별자치도,원주시,단구동,43103
2023,5113056000,강원특별자치도,원주시,일산동,8400
2023,5113057500,강원특별자치도,원주시,학성동,4330
2023,5113059000,강원특별자치도,원주시,단계동,28097
2023,5113060000,강원특별자치도,원주시,우산동,13342
2023,5113061000,강원특별자치도,원주시,태장1동,12453
2023,5113062000,강원특별자치도,원주시,태장2동,23926
2023,5113063500,강원특별자치도,원주시,봉산동,7426
2023,5113065000,강원특별자치도,원주시,행구동,8747
2023,5113066000,강원특별자치도,원주시,무실동,35395
2023,5113067500,강원특별자치도,원주시,반곡관설동,47207
2023,5115025000,강원특별자치도,강릉시,주문진읍,15879
2023,5115031000,강원특별자치도,강릉시,성산면,3506
2023,5115032000,강원특별자치도,강릉시,왕산면,1523
2023,5115033000,강원특별자치도,강릉시,구정면,4240
2023,5115034000,강원특별자치도,강릉시,강동면,3953
2023,5115035000,강원특별자치도,강릉시,옥계면,3342
2023,5115036000,강원특별자치도,강릉시,사천면,5060
2023,5115037000,강원특별자치도,강릉시,연곡면,6318
2023,5115051000,강원특별자치도,강릉시,홍제동,14835
2023,5115052000,강원특별자치도,강릉시,중앙동,4483
2023,5115054000,강원특별자치도,강릉시,옥천동,3225
2023,5115055000,강원특별자치도,강릉시,교1동,25402
2023,5115056000,강원특별자치도,강릉시,교2동,7378
2023,5115057100,강원특별자치도,강릉시,포남1동,10953
2023,5115057200,강원특별자치도,강릉시,포남2동,12277
2023,5115058000,강원특별자치도,강릉시,초당동,4541
2023,5115059000,강원특별자치도,강릉시,송정동,9782
2023,5115060000,강원특별자치도,강릉시,내곡동,16433
2023,5115061500,강원특별자치도,강릉시,강남동,17154
2023,5115064500,강원특별자치도,강릉시,성덕동,27859
2023,5115066500,강원특별자치도,강릉시,경포동,11296
2023,5117051000,강원특별자치도,동해시,천곡동,30102
2023,5117052000,강원특별자치도,동해시,송정동,3505
2023,5117053000,강원특별자치도,동해시,북삼동,19912
2023,5117054000,강원특별자치도,동해시,부곡동,4791
2023,5117055000,강원특별자치도,동해시,동호동,4881
2023,5117057000,강원특별자치도,동해시,발한동,3150
2023,5117059000,강원특별자치도,동해시,묵호동,2798
2023,5117060000,강원특별자치도,동해시,북평동,13479
2023,5117063000,강원특별자치도,동해시,망상동,3364
2023,5117065000,강원특별자치도,동해시,삼화동,2643
2023,5119051500,강원특별자치도,태백시,황지동,6930
2023,5119052500,강원특별자치도,태백시,황연동,3905
2023,5119053500,강원특별자치도,태백시,삼수동,5116
2023,5119054000,강원특별자치도,태백시,상장동,12078
2023,5119058500,강원특별자치도,태백시,문곡소도동,3478
2023,5119059500,강원특별자치도,태백시,장성동,3059
2023,5119060500,강원특별자치도,태백시,구문소동,2270
2023,5119061500,강원특별자치도,태백시,철암동,1866
2023,5121051000,강원특별자치도,속초시,영랑동,4448
2023,5121052000,강원특별자치도,속초시,동명동,4760
2023,5121054000,강원특별자치도,속초시,금호동,5709
2023,5121056000,강원특별자치도,속초시,교동,9128
2023,5121057000,강원특별자치도,속초시,노학동,20875
2023,5121058000,강원특별자치도,속초시,조양동,29386
2023,5121059000,강원특별자치도,속초시,청호동,4771
2023,5121060000,강원특별자치도,속초시,대포동,2977
2023,5123025000,강원특별자치도,삼척시,도계읍,9206
2023,5123025300,강원특별자치도,삼척시,원덕읍,3165
2023,5123025400,강원특별자치도,삼척시,원덕읍임원출장소,1569
2023,5123031000,강원특별자치도,삼척시,근덕면,4897
2023,5123032000,강원특별자치도,삼척시,하장면,1236
2023,5123033000,강원특별자치도,삼척시,노곡면,688
2023,5123034000,강원특별자치도,삼척시,미로면,1773
2023,5123035000,강원특별자치도,삼척시,가곡면,664
2023,5123036000,강원특별자치도,삼척시,신기면,633
2023,5123051000,강원특별자치도,삼척시,남양동,7017
2023,5123053000,강원특별자치도,삼척시,교동,15899
2023,5123054000,강원특별자치도,삼척시,정라동,8323
2023,5123057000,강원특별자치도,삼척시,성내동,7581
2023,5172025000,강원특별자치도,홍천군,홍천읍,33665
2023,5172031000,강원특별자치도,홍천군,화촌면,4279
2023,5172032000,강원특별자치도,홍천군,두촌면,2393
2023,5172033000,강원특별자치도,홍천군,내촌면,2441
2023,5172034000,강원특별자치도,홍천군,서석면,3656
2023,5172035200,강원특별자치도,홍천군,영귀미면,4158
2023,5172036000,강원특별자치도,홍천군,남면,5745
2023,5172037000,강원특별자치도,홍천군,서면,3771
2023,5172038000,강원특별자치도,홍천군,북방면,4165
2023,5172039000,강원특별자치도,홍천군,내면,3036
2023,5173025000,강원특별자치도,횡성군,횡성읍,20789
2023,5173031000,강원특별자치도,횡성군,우천면,4355
2023,5173032000,강원특별자치도,횡성군,안흥면,3107
2023,5173033000,강원특별자치도,횡성군,둔내면,6014
2023,5173034000,강원특별자치도,횡성군,갑천면,2467
2023,5173035000,강원특별자치도,횡성군,청일면,2387
2023,5173036000,강원특별자치도,횡성군,공근면,3421
2023,5173037000,강원특별자치도,횡성군,서원면,2065
2023,5173038000,강원특별자치도,횡성군,강림면,1754
2023,5175025000,강원특별자치도,영월군,영월읍,20360
2023,5175025300,강원특별자치도,영월군,상동읍,1029
2023,5175031200,강원특별자치도,영월군,산솔면,1390
2023,5175032500,강원특별자치도,영월군,김삿갓면,1769
2023,5175033000,강원특별자치도,영월군,북면,2036
2023,5175034000,강원특별자치도,영월군,남면,2132
2023,5175035500,강원특별자치도,영월군,한반도면,1184
2023,5175035900,강원특별자치도,영월군,한반도면쌍용출장소,1571
2023,5175036000,강원특별자치도,영월군,주천면,3791
2023,5175038000,강원특별자치도,영월군,무릉도원면,2070
2023,5176025000,강원특별자치도,평창군,평창읍,8364
2023,5176031000,강원특별자치도,평창군,미탄면,1588
2023,5176032000,강원특별자치도,평창군,방림면,817
2023,5176032500,강원특별자치도,평창군,방림면계촌출장소,1722
2023,5176033000,강원특별자치도,평창군,대화면,5023
2023,5176034000,강원특별자치도,평창군,봉평면,5702
2023,5176035000,강원특별자치도,평창군,용평면,3042
2023,5176036000,강원특별자치도,평창군,진부면,8546
2023,5176038000,강원특별자치도,평창군,대관령면,5855
2023,5177025000,강원특별자치도,정선군,정선읍,9918
2023,5177025300,강원특별자치도,정선군,고한읍,4237
2023,5177025600,강원특별자치도,정선군,사북읍,4366
2023,5177025900,강원특별자치도,정선군,신동읍,1721
2023,5177026000,강원특별자치도,정선군,신동읍함백출장소,1551
2023,5177032000,강원특별자치도,정선군,남면,3126
2023,5177034000,강원특별자치도,정선군,북평면,2480
2023,5177035000,강원특별자치도,정선군,임계면,3363
2023,5177036000,강원특별자치도,정선군,화암면,1539
2023,5177037000,강원특별자치도,정선군,여량면,1901
2023,5178025000,강원특별자치도,철원군,철원읍,4993
2023,5178025300,강원특별자치도,철원군,김화읍,3156
2023,5178025600,강원특별자치도,철원군,갈말읍,11718
2023,5178025900,강원특별자치도,철원군,동송읍,14220
2023,5178031000,강원특별자치도,철원군,서면,1731
2023,5178031500,강원특별자치도,철원군,서면와수출장소,3526
2023,5178032000,강원특별자치도,철원군,근남면,2005
2023,5178033000,강원특별자치도,철원군,근북면,99
2023,5179025000,강원특별자치도,화천군,화천읍,8160
2023,5179031000,강원특별자치도,화천군,간동면,2569
2023,5179032000,강원특별자치도,화천군,하남면,2822
2023,5179033000,강원특별자치도,화천군,상서면,3643
2023,5179034000,강원특별자치도,화천군,사내면,5813
2023,5180025000,강원특별자치도,양구군,양구읍,13484
2023,5180031500,강원특별자치도,양구군,국토정중앙면,3261
2023,5180032000,강원특별자치도,양구군,동면,1937
2023,5180033000,강원특별자치도,양구군,방산면,1184
2023,5180034000,강원특별자치도,양구군,해안면,1190
2023,5181025000,강원특별자치도,인제군,인제읍,10146
2023,5181025100,강원특별자치도,인제군,인제읍귀둔출장소,498
2023,5181031000,강원특별자치도,인제군,남면,3795
2023,5181032000,강원특별자치도,인제군,북면,7872
2023,5181033000,강원특별자치도,인제군,기린면,5035
2023,5181034000,강원특별자치도,인제군,서화면,2618
2023,5181035000,강원특별자치도,인제군,상남면,2056
2023,5182025000,강원특별자치도,고성군,간성읍,7366
2023,5182025300,강원특별자치도,고성군,거진읍,5723
2023,5182031000,강원특별자치도,고성군,현내면,2229
2023,5182032000,강원특별자치도,고성군,죽왕면,3410
2023,5182033000,강원특별자치도,고성군,토성면,8577
2023,5183025000,강원특별자치도,양양군,양양읍,12506
2023,5183031000,강원특별자치도,양양군,서면,2700
2023,5183032000,강원특별자치도,양양군,손양면,2287
2023,5183033000,강원특별자치도,양양군,현북면,2629
2023,5183034000,강원특별자치도,양양군,현남면,3005
2023,5183035000,강원특별자치도,양양군,강현면,4583
2024,1111051500,서울특별시,종로구,청운효자동,11030
2024,1111053000,서울특별시,종로구,사직동,8962
2024,1111054000,서울특별시,종로구,삼청동,2219
2024,1111055000,서울특별시,종로구,부암동,9051
2024,1111056000,서울특별시,종로구,평창동,17251
2024,1111057000,서울특별시,종로구,무악동,7839
2024,1111058000,서울특별시,종로구,교남동,9552
2024,1111060000,서울특별시,종로구,가회동,3778
2024,1111061500,서울특별시,종로구,종로1.2.3.4가동,6668
2024,1111063000,서울특별시,종로구,종로5.6가동,5294
2024,1111064000,서울특별시,종로구,이화동,7009
2024,1111065000,서울특별시,종로구,혜화동,15822
2024,1111067000,서울특별시,종로구,창신제1동,4495
2024,1111068000,서울특별시,종로구,창신제2동,7333
2024,1111069000,서울특별시,종로구,창신제3동,6231
2024,1111070000,서울특별시,종로구,숭인제1동,5728
2024,1111071000,서울특별시,종로구,숭인제2동,10074
2024,1114052000,서울특별시,중구,소공동,2163
2024,1114054000,서울특별시,중구,회현동,4301
2024,1114055000,서울특별시,중구,명동,2529
2024,1114057000,서울특별시,중구,필동,4341
2024,1114058000,서울특별시,중구,장충동,4546
2024,1114059000,서울특별시,중구,광희동,5727
2024,1114060500,서울특별시,중구,을지로동,3095
2024,1114061500,서울특별시,중구,신당동,7411
2024,1114062500,서울특별시,중구,다산동,13030
2024,1114063500,서울특별시,중구,약수동,15935
2024,1114064500,서울특별시,중구,청구동,12397
2024,1114065000,서울특별시,중구,신당제5동,10080
2024,1114066500,서울특별시,중구,동화동,9828
2024,1114067000,서울특별시,중구,황학동,13101
2024,1114068000,서울특별시,중구,중림동,12060
2024,1117051000,서울특별시,용산구,후암동,15804
2024,1117052000,서울특별시,용산구,용산2가동,8690
2024,1117053000,서울특별시,용산구,남영동,6739
2024,1117055500,서울특별시,용산구,청파동,18603
2024,1117056000,서울특별시,용산구,원효로제1동,17020
2024,1117057000,서울특별시,용산구,원효로제2동,13522
2024,1117058000,서울특별시,용산구,효창동,10484
2024,1117059000,서울특별시,용산구,용문동,11161
2024,1117062500,서울특별시,용산구,한강로동,20901
2024,1117063000,서울특별시,용산구,이촌제1동,24955
2024,1117064000,서울특별시,용산구,이촌제2동,7711
2024,1117065000,서울특별시,용산구,이태원제1동,6030
2024,1117066000,서울특별시,용산구,이태원제2동,8507
2024,1117068500,서울특별시,용산구,한남동,14073
2024,1117069000,서울특별시,용산구,서빙고동,12467
2024,1117070000,서울특별시,용산구,보광동,7187
2024,1120052000,서울특별시,성동구,왕십리제2동,15950
2024,1120053500,서울특별시,성동구,왕십리도선동,26071
2024,1120054000,서울특별시,성동구,마장동,21344
2024,1120055000,서울특별시,성동구,사근동,11927
2024,1120056000,서울특별시,성동구,행당제1동,13736
2024,1120057000,서울특별시,성동구,행당제2동,22620
2024,1120058000,서울특별시,성동구,응봉동,14723
2024,1120059000,서울특별시,성동구,금호1가동,14580
2024,1120061500,서울특별시,성동구,금호2.3가동,21148
2024,1120062000,서울특별시,성동구,금호4가동,14074
2024,1120064500,서울특별시,성동구,옥수동,25289
2024,1120065000,서울특별시,성동구,성수1가제1동,15202
2024,1120066000,서울특별시,성동구,성수1가제2동,11696
2024,1120067000,서울특별시,성동구,성수2가제1동,14158
2024,1120069000,서울특별시,성동구,성수2가제3동,9643
2024,1120072000,서울특별시,성동구,송정동,9453
2024,1120079000,서울특별시,성동구,용답동,12055
2024,1121571000,서울특별시,광진구,화양동,22880
2024,1121573000,서울특별시,광진구,군자동,18729
2024,1121574000,서울특별시,광진구,중곡제1동,15111
2024,1121575000,서울특별시,광진구,중곡제2동,20172
2024,1121576000,서울특별시,광진구,중곡제3동,15379
2024,1121577000,서울특별시,광진구,중곡제4동,27284
2024,1121578000,서울특별시,광진구,능동,10903
2024,1121581000,서울특별시,광진구,광장동,33788
2024,1121582000,서울특별시,광진구,자양제1동,21762
2024,1121583000,서울특별시,광진구,자양제2동,23381
2024,1121584000,서울특별시,광진구,자양제3동,27010
2024,1121584700,서울특별시,광진구,자양제4동,19651
2024,1121585000,서울특별시,광진구,구의제1동,22961
2024,1121586000,서울특별시,광진구,구의제2동,25295
2024,1121587000,서울특별시,광진구,구의제3동,27657
2024,1123053600,서울특별시,동대문구,용신동,38619
2024,1123054500,서울특별시,동대문구,제기동,22895
2024,1123056000,서울특별시,동대문구,전농제1동,32864
2024,1123057000,서울특별시,동대문구,전농제2동,17664
2024,1123060000,서울특별시,동대문구,답십리제1동,27835
2024,1123061000,서울특별시,동대문구,답십리제2동,27059
2024,1123065000,서울특별시,동대문구,장안제1동,37110
2024,1123066000,서울특별시,동대문구,장안제2동,32917
2024,1123070500,서울특별시,동대문구,청량리동,18473
2024,1123071000,서울특별시,동대문구,회기동,10229
2024,1123072000,서울특별시,동대문구,휘경제1동,13427
2024,1123073000,서울특별시,동대문구,휘경제2동,24067
2024,1123074000,서울특별시,동대문구,이문제1동,16546
2024,1123075000,서울특별시,동대문구,이문제2동,19030
2024,1126052000,서울특별시,중랑구,면목제2동,23237
2024,1126054000,서울특별시,중랑구,면목제4동,17900
2024,1126055000,서울특별시,중랑구,면목제5동,14208
2024,1126056500,서울특별시,중랑구,면목본동,32345
2024,1126057000,서울특별시,중랑구,면목제7동,20974
2024,1126057500,서울특별시,중랑구,면목제3.8동,23884
2024,1126058000,서울특별시,중랑구,상봉제1동,22837
2024,1126059000,서울특별시,중랑구,상봉제2동,20842
2024,1126060000,서울특별시,중랑구,중화제1동,18312
2024,1126061000,서울특별시,중랑구,중화제2동,23461
2024,1126062000,서울특별시,중랑구,묵제1동,33310
2024,1126063000,서울특별시,중랑구,묵제2동,17921
2024,1126065500,서울특별시,중랑구,망우본동,38193
2024,1126066000,서울특별시,중랑구,망우제3동,15396
2024,1126068000,서울특별시,중랑구,신내1동,37124
2024,1126069000,서울특별시,중랑구,신내2동,19330
2024,1129052500,서울특별시,성북구,성북동,15827
2024,1129055500,서울특별시,성북구,삼선동,21913
2024,1129057500,서울특별시,성북구,동선동,14920
2024,1129058000,서울특별시,성북구,돈암제1동,14033
2024,1129059000,서울특별시,성북구,돈암제2동,23232
2024,1129060000,서울특별시,성북구,안암동,15250
2024,1129061000,서울특별시,성북구,보문동,16019
2024,1129062000,서울특별시,성북구,정릉제1동,17617
2024,1129063000,서울특별시,성북구,정릉제2동,22135
2024,1129064000,서울특별시,성북구,정릉제3동,14161
2024,1129065000,서울특별시,성북구,정릉제4동,23850
2024,1129066000,서울특별시,성북구,길음제1동,35547
2024,1129068500,서울특별시,성북구,길음제2동,21394
2024,1129070500,서울특별시,성북구,종암동,37051
2024,1129071500,서울특별시,성북구,월곡제1동,25182
2024,1129072500,서울특별시,성북구,월곡제2동,18693
2024,1129076000,서울특별시,성북구,장위제1동,23048
2024,1129077000,서울특별시,성북구,장위제2동,12856
2024,1129078000,서울특별시,성북구,장위제3동,15384
2024,1129081000,서울특별시,성북구,석관동,33448
2024,1130553400,서울특별시,강북구,삼양동,23945
2024,1130553500,서울특별시,강북구,미아동,20556
2024,1130554500,서울특별시,강북구,송중동,27896
2024,1130555500,서울특별시,강북구,송천동,23365
2024,1130557500,서울특별시,강북구,삼각산동,30257
2024,1130559500,서울특별시,강북구,번1동,16236
2024,1130560300,서울특별시,강북구,번2동,14573
2024,1130560800,서울특별시,강북구,번3동,16016
2024,1130561500,서울특별시,강북구,수유1동,19584
2024,1130562500,서울특별시,강북구,수유2동,20225
2024,1130563500,서울특별시,강북구,수유3동,22759
2024,1130564500,서울특별시,강북구,우이동,19604
2024,1130566000,서울특별시,강북구,인수동,28581
2024,1132051100,서울특별시,도봉구,창제1동,23739
2024,1132051200,서울특별시,도봉구,창제2동,27686
2024,1132051300,서울특별시,도봉구,창제3동,12912
2024,1132051400,서울특별시,도봉구,창제4동,26295
2024,1132051500,서울특별시,도봉구,창제5동,23623
2024,1132052100,서울특별시,도봉구,도봉제1동,19603
2024,1132052200,서울특별시,도봉구,도봉제2동,25994
2024,1132066000,서울특별시,도봉구,쌍문제1동,20581
2024,1132067000,서울특별시,도봉구,쌍문제2동,17617
2024,1132068000,서울특별시,도봉구,쌍문제3동,16154
2024,1132068100,서울특별시,도봉구,쌍문제4동,17866
2024,1132069000,서울특별시,도봉구,방학제1동,27240
2024,1132070000,서울특별시,도봉구,방학제2동,18085
2024,1132071000,서울특별시,도봉구,방학제3동,25833
2024,1135056000,서울특별시,노원구,월계1동,20318
2024,1135057000,서울특별시,노원구,월계2동,25179
2024,1135058000,서울특별시,노원구,월계3동,28257
2024,1135059500,서울특별시,노원구,공릉1동,35551
2024,1135060000,서울특별시,노원구,공릉2동,41322
2024,1135061100,서울특별시,노원구,하계1동,25747
2024,1135061200,서울특별시,노원구,하계2동,20868
2024,1135061900,서울특별시,노원구,중계본동,22606
2024,1135062100,서울특별시,노원구,중계1동,26153
2024,1135062400,서울특별시,노원구,중계4동,18863
2024,1135062500,서울특별시,노원구,중계2.3동,31733
2024,1135063000,서울특별시,노원구,상계1동,36418
2024,1135064000,서울특별시,노원구,상계2동,18837
2024,1135066500,서울특별시,노원구,상계3.4동,27152
2024,1135067000,서울특별시,노원구,상계5동,22578
2024,1135069500,서울특별시,노원구,상계6.7동,31000
2024,1135070000,서울특별시,노원구,상계8동,21533
2024,1135071000,서울특별시,노원구,상계9동,19223
2024,1135072000,서울특별시,노원구,상계10동,17909
2024,1138051000,서울특별시,은평구,녹번동,35578
2024,1138052000,서울특별시,은평구,불광제1동,37311
2024,1138053000,서울특별시,은평구,불광제2동,26566
2024,1138055100,서울특별시,은평구,갈현제1동,14180
2024,1138055200,서울특별시,은평구,갈현제2동,27308
2024,1138056000,서울특별시,은평구,구산동,31045
2024,1138057000,서울특별시,은평구,대조동,27248
2024,1138058000,서울특별시,은평구,응암제1동,32175
2024,1138059000,서울특별시,은평구,응암제2동,27142
2024,1138060000,서울특별시,은평구,응암제3동,23196
2024,1138062500,서울특별시,은평구,역촌동,43953
2024,1138063100,서울특별시,은평구,신사제1동,26030
2024,1138063200,서울특별시,은평구,신사제2동,18710
2024,1138064000,서울특별시,은평구,증산동,15850
2024,1138065000,서울특별시,은평구,수색동,21124
2024,1138069000,서울특별시,은평구,진관동,53503
2024,1141052000,서울특별시,서대문구,천연동,16522
2024,1141055500,서울특별시,서대문구,북아현동,15385
2024,1141056500,서울특별시,서대문구,충현동,19445
2024,1141058500,서울특별시,서대문구,신촌동,20266
2024,1141061500,서울특별시,서대문구,연희동,33637
2024,1141062000,서울특별시,서대문구,홍제제1동,24558
2024,1141064000,서울특별시,서대문구,홍제제3동,17447
2024,1141065500,서울특별시,서대문구,홍제제2동,12349
2024,1141066000,서울특별시,서대문구,홍은제1동,22034
2024,1141068500,서울특별시,서대문구,홍은제2동,28175
2024,1141069000,서울특별시,서대문구,남가좌제1동,16671
2024,1141070000,서울특별시,서대문구,남가좌제2동,28798
2024,1141071000,서울특별시,서대문구,북가좌제1동,17408
2024,1141072000,서울특별시,서대문구,북가좌제2동,30158
2024,1144055500,서울특별시,마포구,아현동,29141
2024,1144056500,서울특별시,마포구,공덕동,36133
2024,1144058500,서울특별시,마포구,도화동,20505
2024,1144059000,서울특별시,마포구,용강동,21269
2024,1144060000,서울특별시,마포구,대흥동,14295
2024,1144061000,서울특별시,마포구,염리동,16836
2024,1144063000,서울특별시,마포구,신수동,22161
2024,1144065500,서울특별시,마포구,서강동,24432
2024,1144066000,서울특별시,마포구,서교동,23761
2024,1144068000,서울특별시,마포구,합정동,16029
2024,1144069000,서울특별시,마포구,망원제1동,18751
2024,1144070000,서울특별시,마포구,망원제2동,17528
2024,1144071000,서울특별시,마포구,연남동,14106
2024,1144072000,서울특별시,마포구,성산제1동,18524
2024,1144073000,서울특별시,마포구,성산제2동,38519
2024,1144074000,서울특별시,마포구,상암동,29427
2024,1147051000,서울특별시,양천구,목1동,30146
2024,1147052000,서울특별시,양천구,목2동,28401
2024,1147053000,서울특별시,양천구,목3동,20934
2024,1147054000,서울특별시,양천구,목4동,24162
2024,1147055000,서울특별시,양천구,목5동,40624
2024,1147056000,서울특별시,양천구,신월1동,18934
2024,1147057000,서울특별시,양천구,신월2동,20561
2024,1147058000,서울특별시,양천구,신월3동,14039
2024,1147059000,서울특별시,양천구,신월4동,17126
2024,1147060000,서울특별시,양천구,신월5동,13887
2024,1147061000,서울특별시,양천구,신월6동,13739
2024,1147061100,서울특별시,양천구,신월7동,18251
2024,1147062000,서울특별시,양천구,신정1동,19584
2024,1147063000,서울특별시,양천구,신정2동,18576
2024,1147064000,서울특별시,양천구,신정3동,48617
2024,1147065000,서울특별시,양천구,신정4동,31419
2024,1147067000,서울특별시,양천구,신정6동,23958
2024,1147068000,서울특별시,양천구,신정7동,28018
2024,1150051000,서울특별시,강서구,염창동,41191
2024,1150052000,서울특별시,강서구,등촌제1동,24997
2024,1150053000,서울특별시,강서구,등촌제2동,19177
2024,1150053500,서울특별시,강서구,등촌제3동,29018
2024,1150054000,서울특별시,강서구,화곡제1동,49795
2024,1150055000,서울특별시,강서구,화곡제2동,16843
2024,1150056000,서울특별시,강서구,화곡제3동,20744
2024,1150057000,서울특별시,강서구,화곡제4동,19204
2024,1150059000,서울특별시,강서구,화곡본동,32186
2024,1150059100,서울특별시,강서구,화곡제6동,25663
2024,1150059300,서울특별시,강서구,화곡제8동,22750
2024,1150060300,서울특별시,강서구,가양제1동,33659
2024,1150060400,서울특별시,강서구,가양제2동,13185
2024,1150060500,서울특별시,강서구,가양제3동,13713
2024,1150061100,서울특별시,강서구,발산제1동,35157
2024,1150061500,서울특별시,강서구,우장산동,43428
2024,1150062000,서울특별시,강서구,공항동,29463
2024,1150063000,서울특별시,강서구,방화제1동,41479
2024,1150064000,서울특별시,강서구,방화제2동,22848
2024,1150064100,서울특별시,강서구,방화제3동,21671
2024,1153051000,서울특별시,구로구,신도림동,36001
2024,1153052000,서울특별시,구로구,구로제1동,20398
2024,1153053000,서울특별시,구로구,구로제2동,22133
2024,1153054000,서울특별시,구로구,구로제3동,22960
2024,1153055000,서울특별시,구로구,구로제4동,18203
2024,1153056000,서울특별시,구로구,구로제5동,28993
2024,1153059500,서울특별시,구로구,가리봉동,8737
2024,1153072000,서울특별시,구로구,고척제1동,26480
2024,1153073000,서울특별시,구로구,고척제2동,25420
2024,1153074000,서울특별시,구로구,개봉제1동,33088
2024,1153075000,서울특별시,구로구,개봉제2동,29197
2024,1153076000,서울특별시,구로구,개봉제3동,19304
2024,1153077000,서울특별시,구로구,오류제1동,22577
2024,1153078000,서울특별시,구로구,오류제2동,36108
2024,1153079000,서울특별시,구로구,수궁동,22399
2024,1153080000,서울특별시,구로구,항동,16171
2024,1154551000,서울특별시,금천구,가산동,24875
2024,1154561000,서울특별시,금천구,독산제1동,47155
2024,1154562000,서울특별시,금천구,독산제2동,17489
2024,1154563000,서울특별시,금천구,독산제3동,22986
2024,1154564000,서울특별시,금천구,독산제4동,14153
2024,1154567000,서울특별시,금천구,시흥제1동,31714
2024,1154568000,서울특별시,금천구,시흥제2동,20221
2024,1154569000,서울특별시,금천구,시흥제3동,10154
2024,1154570000,서울특별시,금천구,시흥제4동,18762
2024,1154571000,서울특별시,금천구,시흥제5동,17650
2024,1156051500,서울특별시,영등포구,영등포본동,20480
2024,1156053500,서울특별시,영등포구,영등포동,31272
2024,1156054000,서울특별시,영등포구,여의동,33905
2024,1156055000,서울특별시,영등포구,당산제1동,21187
2024,1156056000,서울특별시,영등포구,당산제2동,36425
2024,1156058500,서울특별시,영등포구,도림동,17624
2024,1156060500,서울특별시,영등포구,문래동,31512
2024,1156061000,서울특별시,영등포구,양평제1동,18202
2024,1156062000,서울특별시,영등포구,양평제2동,22712
2024,1156063000,서울특별시,영등포구,신길제1동,19089
2024,1156065000,서울특별시,영등포구,신길제3동,15950
2024,1156066000,서울특별시,영등포구,신길제4동,11931
2024,1156067000,서울특별시,영등포구,신길제5동,9638
2024,1156068000,서울특별시,영등포구,신길제6동,17921
2024,1156069000,서울특별시,영등포구,신길제7동,19637
2024,1156070000,서울특별시,영등포구,대림제1동,13505
2024,1156071000,서울특별시,영등포구,대림제2동,11619
2024,1156072000,서울특별시,영등포구,대림제3동,21164
2024,1159051000,서울특별시,동작구,노량진제1동,32644
2024,1159052000,서울특별시,동작구,노량진제2동,8060
2024,1159053000,서울특별시,동작구,상도제1동,43904
2024,1159054000,서울특별시,동작구,상도제2동,27250
2024,1159055000,서울특별시,동작구,상도제3동,23641
2024,1159056000,서울특별시,동작구,상도제4동,28913
2024,1159060500,서울특별시,동작구,흑석동,30087
2024,1159062000,서울특별시,동작구,사당제1동,22350
2024,1159063000,서울특별시,동작구,사당제2동,27866
2024,1159064000,서울특별시,동작구,사당제3동,23435
2024,1159065000,서울특별시,동작구,사당제4동,13698
2024,1159065100,서울특별시,동작구,사당제5동,14063
2024,1159066000,서울특별시,동작구,대방동,34969
2024,1159067000,서울특별시,동작구,신대방제1동,23081
2024,1159068000,서울특별시,동작구,신대방제2동,21838
2024,1162052500,서울특별시,관악구,보라매동,23337
2024,1162054500,서울특별시,관악구,청림동,14547
2024,1162056500,서울특별시,관악구,성현동,27922
2024,1162057500,서울특별시,관악구,행운동,28683
2024,1162058500,서울특별시,관악구,낙성대동,17403
2024,1162059500,서울특별시,관악구,청룡동,35865
2024,1162060500,서울특별시,관악구,은천동,31863
2024,1162061500,서울특별시,관악구,중앙동,15151
2024,1162062500,서울특별시,관악구,인헌동,25009
2024,1162063000,서울특별시,관악구,남현동,17507
2024,1162064500,서울특별시,관악구,서원동,22958
2024,1162065500,서울특별시,관악구,신원동,17376
2024,1162066500,서울특별시,관악구,서림동,23209
2024,1162068500,서울특별시,관악구,신사동,22171
2024,1162069500,서울특별시,관악구,신림동,22969
2024,1162071500,서울특별시,관악구,난향동,14618
2024,1162072500,서울특별시,관악구,조원동,19605
2024,1162073500,서울특별시,관악구,대학동,24378
2024,1162074500,서울특별시,관악구,삼성동,19518
2024,1162076500,서울특별시,관악구,미성동,28924
2024,1162077500,서울특별시,관악구,난곡동,24799
2024,1165051000,서울특별시,서초구,서초1동,20178
2024,1165052000,서울특별시,서초구,서초2동,24702
2024,1165053000,서울특별시,서초구,서초3동,31961
2024,1165053100,서울특별시,서초구,서초4동,30253
2024,1165054000,서울특별시,서초구,잠원동,26740
2024,1165055000,서울특별시,서초구,반포본동,226
2024,1165056000,서울특별시,서초구,반포1동,33690
2024,1165057000,서울특별시,서초구,반포2동,26446
2024,1165058000,서울특별시,서초구,반포3동,23940
2024,1165058100,서울특별시,서초구,반포4동,18407
2024,1165059000,서울특별시,서초구,방배본동,20080
2024,1165060000,서울특별시,서초구,방배1동,16443
2024,1165061000,서울특별시,서초구,방배2동,17870
2024,1165062000,서울특별시,서초구,방배3동,15668
2024,1165062100,서울특별시,서초구,방배4동,22697
2024,1165065100,서울특별시,서초구,양재1동,41170
2024,1165065200,서울특별시,서초구,양재2동,21042
2024,1165066000,서울특별시,서초구,내곡동,16863
2024,1168051000,서울특별시,강남구,신사동,15268
2024,1168052100,서울특별시,강남구,논현1동,20780
2024,1168053100,서울특별시,강남구,논현2동,20196
2024,1168054500,서울특별시,강남구,압구정동,25556
2024,1168056500,서울특별시,강남구,청담동,24000
2024,1168058000,서울특별시,강남구,삼성1동,11933
2024,1168059000,서울특별시,강남구,삼성2동,30509
2024,1168060000,서울특별시,강남구,대치1동,23938
2024,1168061000,서울특별시,강남구,대치2동,38311
2024,1168063000,서울특별시,강남구,대치4동,18272
2024,1168064000,서울특별시,강남구,역삼1동,34216
2024,1168065000,서울특별시,강남구,역삼2동,36216
2024,1168065500,서울특별시,강남구,도곡1동,20583
2024,1168065600,서울특별시,강남구,도곡2동,32252
2024,1168066000,서울특별시,강남구,개포1동,26341
2024,1168067000,서울특별시,강남구,개포2동,42395
2024,1168067500,서울특별시,강남구,개포3동,16700
2024,1168069000,서울특별시,강남구,개포4동,23123
2024,1168070000,서울특별시,강남구,세곡동,46260
2024,1168072000,서울특별시,강남구,일원본동,22592
2024,1168073000,서울특별시,강남구,일원1동,14285
2024,1168075000,서울특별시,강남구,수서동,13619
2024,1171051000,서울특별시,송파구,풍납1동,11277
2024,1171052000,서울특별시,송파구,풍납2동,23050
2024,1171053100,서울특별시,송파구,거여1동,11821
2024,1171053200,서울특별시,송파구,거여2동,23319
2024,1171054000,서울특별시,송파구,마천1동,16162
2024,1171055000,서울특별시,송파구,마천2동,17260
2024,1171056100,서울특별시,송파구,방이1동,14999
2024,1171056200,서울특별시,송파구,방이2동,26121
2024,1171056600,서울특별시,송파구,오륜동,17575
2024,1171057000,서울특별시,송파구,오금동,37913
2024,1171058000,서울특별시,송파구,송파1동,23101
2024,1171059000,서울특별시,송파구,송파2동,18564
2024,1171060000,서울특별시,송파구,석촌동,30392
2024,1171061000,서울특별시,송파구,삼전동,28703
2024,1171062000,서울특별시,송파구,가락본동,24777
2024,1171063100,서울특별시,송파구,가락1동,27348
2024,1171063200,서울특별시,송파구,가락2동,30763
2024,1171064100,서울특별시,송파구,문정1동,19691
2024,1171064200,서울특별시,송파구,문정2동,28737
2024,1171064600,서울특별시,송파구,장지동,30596
2024,1171064700,서울특별시,송파구,위례동,45048
2024,1171065000,서울특별시,송파구,잠실본동,27524
2024,1171067000,서울특별시,송파구,잠실2동,34823
2024,1171068000,서울특별시,송파구,잠실3동,33769
2024,1171069000,서울특별시,송파구,잠실4동,21028
2024,1171071000,서울특별시,송파구,잠실6동,16376
2024,1171072000,서울특별시,송파구,잠실7동,9373
2024,1174051500,서울특별시,강동구,강일동,34605
2024,1174052500,서울특별시,강동구,상일제1동,39239
2024,1174052600,서울특별시,강동구,상일제2동,13535
2024,1174053000,서울특별시,강동구,명일제1동,24830
2024,1174054000,서울특별시,강동구,명일제2동,16843
2024,1174055000,서울특별시,강동구,고덕제1동,23818
2024,1174056000,서울특별시,강동구,고덕제2동,25325
2024,1174057000,서울특별시,강동구,암사제1동,33194
2024,1174058000,서울특별시,강동구,암사제2동,14572
2024,1174059000,서울특별시,강동구,암사제3동,17087
2024,1174060000,서울특별시,강동구,천호제1동,25555
2024,1174061000,서울특별시,강동구,천호제2동,34307
2024,1174062000,서울특별시,강동구,천호제3동,26163
2024,1174064000,서울특별시,강동구,성내제1동,19095
2024,1174065000,서울특별시,강동구,성내제2동,23833
2024,1174066000,서울특별시,강동구,성내제3동,21777
2024,1174068500,서울특별시,강동구,길동,47553
2024,1174069000,서울특별시,강동구,둔촌제1동,10917
2024,1174070000,서울특별시,강동구,둔촌제2동,24694
2024,2611051000,부산광역시,중구,중앙동,3063
2024,2611052000,부산광역시,중구,동광동,2342
2024,2611053000,부산광역시,중구,대청동,5665
2024,2611054500,부산광역시,중구,보수동,10050
2024,2611056000,부산광역시,중구,부평동,4078
2024,2611057000,부산광역시,중구,광복동,859
2024,2611058000,부산광역시,중구,남포동,799
2024,2611059000,부산광역시,중구,영주제1동,4319
2024,2611060000,부산광역시,중구,영주제2동,6362
2024,2614051000,부산광역시,서구,동대신제1동,5174
2024,2614052000,부산광역시,서구,동대신제2동,6461
2024,2614053000,부산광역시,서구,동대신제3동,7055
2024,2614054000,부산광역시,서구,서대신제1동,14769
2024,2614056000,부산광역시,서구,서대신제3동,7351
2024,2614057000,부산광역시,서구,서대신제4동,7012
2024,2614059000,부산광역시,서구,부민동,7270
2024,2614061500,부산광역시,서구,아미동,6323
2024,2614063000,부산광역시,서구,초장동,3706
2024,2614064000,부산광역시,서구,충무동,9512
2024,2614065000,부산광역시,서구,남부민제1동,4364
2024,2614066000,부산광역시,서구,남부민제2동,7672
2024,2614068000,부산광역시,서구,암남동,16519
2024,2617051000,부산광역시,동구,초량제1동,4820
2024,2617052000,부산광역시,동구,초량제2동,5095
2024,2617053000,부산광역시,동구,초량제3동,12539
2024,2617055000,부산광역시,동구,초량제6동,5184
2024,2617056000,부산광역시,동구,수정제1동,3921
2024,2617057000,부산광역시,동구,수정제2동,8908
2024,2617059000,부산광역시,동구,수정제4동,3388
2024,2617060000,부산광역시,동구,수정제5동,4635
2024,2617064500,부산광역시,동구,좌천동,11028
2024,2617065000,부산광역시,동구,범일제1동,10469
2024,2617066000,부산광역시,동구,범일제2동,7069
2024,2617068000,부산광역시,동구,범일제5동,8855
2024,2620053000,부산광역시,영도구,남항동,9962
2024,2620054000,부산광역시,영도구,영선제1동,3621
2024,2620055000,부산광역시,영도구,영선제2동,7240
2024,2620058500,부산광역시,영도구,신선동,6876
2024,2620059000,부산광역시,영도구,봉래제1동,6128
2024,2620060500,부산광역시,영도구,봉래제2동,7164
2024,2620063000,부산광역시,영도구,청학제1동,5293
2024,2620064000,부산광역시,영도구,청학제2동,16132
2024,2620065000,부산광역시,영도구,동삼제1동,27699
2024,2620066000,부산광역시,영도구,동삼제2동,5030
2024,2620067000,부산광역시,영도구,동삼제3동,8592
2024,2623051000,부산광역시,부산진구,부전제1동,14234
2024,2623052000,부산광역시,부산진구,부전제2동,12202
2024,2623054000,부산광역시,부산진구,연지동,25555
2024,2623055000,부산광역시,부산진구,초읍동,21753
2024,2623056000,부산광역시,부산진구,양정제1동,18581
2024,2623057000,부산광역시,부산진구,양정제2동,14979
2024,2623060000,부산광역시,부산진구,전포제1동,20303
2024,2623061000,부산광역시,부산진구,전포제2동,23209
2024,2623064000,부산광역시,부산진구,부암제1동,23108
2024,2623066000,부산광역시,부산진구,부암제3동,21099
2024,2623067000,부산광역시,부산진구,당감제1동,20675
2024,2623068000,부산광역시,부산진구,당감제2동,11674
2024,2623070000,부산광역시,부산진구,당감제4동,10111
2024,2623071000,부산광역시,부산진구,가야제1동,16344
2024,2623072000,부산광역시,부산진구,가야제2동,17940
2024,2623074000,부산광역시,부산진구,개금제1동,18239
2024,2623075000,부산광역시,부산진구,개금제2동,9841
2024,2623076000,부산광역시,부산진구,개금제3동,26137
2024,2623077000,부산광역시,부산진구,범천제1동,12158
2024,2623078000,부산광역시,부산진구,범천제2동,21139
2024,2626051000,부산광역시,동래구,수민동,30521
2024,2626052000,부산광역시,동래구,복산동,8192
2024,2626054500,부산광역시,동래구,명륜동,26076
2024,2626055000,부산광역시,동래구,온천제1동,31313
2024,2626056000,부산광역시,동래구,온천제2동,23893
2024,2626057000,부산광역시,동래구,온천제3동,35741
2024,2626058000,부산광역시,동래구,사직제1동,11627
2024,2626059000,부산광역시,동래구,사직제2동,24507
2024,2626060000,부산광역시,동래구,사직제3동,16713
2024,2626074000,부산광역시,동래구,안락제1동,13191
2024,2626075000,부산광역시,동래구,안락제2동,25844
2024,2626076100,부산광역시,동래구,명장제1동,13237
2024,2626076200,부산광역시,동래구,명장제2동,13515
2024,2629051000,부산광역시,남구,대연제1동,15226
2024,2629053000,부산광역시,남구,대연제3동,36121
2024,2629054000,부산광역시,남구,대연제4동,13880
2024,2629055000,부산광역시,남구,대연제5동,16215
2024,2629056000,부산광역시,남구,대연제6동,15681
2024,2629057000,부산광역시,남구,용호제1동,42454
2024,2629058000,부산광역시,남구,용호제2동,19486
2024,2629059000,부산광역시,남구,용호제3동,10308
2024,2629060000,부산광역시,남구,용호제4동,7662
2024,2629061000,부산광역시,남구,용당동,7668
2024,2629062000,부산광역시,남구,감만제1동,7944
2024,2629063000,부산광역시,남구,감만제2동,6280
2024,2629064500,부산광역시,남구,우암동,11945
2024,2629068000,부산광역시,남구,문현제1동,10597
2024,2629069000,부산광역시,남구,문현제2동,8248
2024,2629070000,부산광역시,남구,문현제3동,16115
2024,2629071000,부산광역시,남구,문현제4동,8668
2024,2632051000,부산광역시,북구,구포제1동,15046
2024,2632052000,부산광역시,북구,구포제2동,23166
2024,2632052100,부산광역시,북구,구포제3동,17531
2024,2632053000,부산광역시,북구,금곡동,34752
2024,2632054100,부산광역시,북구,화명제1동,39212
2024,2632054200,부산광역시,북구,화명제2동,16784
2024,2632054300,부산광역시,북구,화명제3동,28092
2024,2632055000,부산광역시,북구,덕천제1동,13304
2024,2632056000,부산광역시,북구,덕천제2동,10816
2024,2632056100,부산광역시,북구,덕천제3동,9714
2024,2632057100,부산광역시,북구,만덕제1동,16068
2024,2632057200,부산광역시,북구,만덕제2동,26013
2024,2632057300,부산광역시,북구,만덕제3동,17194
2024,2635051000,부산광역시,해운대구,우제1동,23491
2024,2635052000,부산광역시,해운대구,우제2동,29585
2024,2635052500,부산광역시,해운대구,우제3동,27951
2024,2635053000,부산광역시,해운대구,중제1동,27114
2024,2635054000,부산광역시,해운대구,중제2동,15143
2024,2635055100,부산광역시,해운대구,좌제1동,17072
2024,2635055200,부산광역시,해운대구,좌제2동,30235
2024,2635055300,부산광역시,해운대구,좌제3동,14955
2024,2635055400,부산광역시,해운대구,좌제4동,21882
2024,2635056000,부산광역시,해운대구,송정동,9142
2024,2635057000,부산광역시,해운대구,반여제1동,35467
2024,2635058000,부산광역시,해운대구,반여제2동,11290
2024,2635059000,부산광역시,해운대구,반여제3동,7447
2024,2635059500,부산광역시,해운대구,반여제4동,14505
2024,2635061000,부산광역시,해운대구,반송제1동,12004
2024,2635062000,부산광역시,해운대구,반송제2동,20771
2024,2635065000,부산광역시,해운대구,재송제1동,36407
2024,2635066000,부산광역시,해운대구,재송제2동,21943
2024,2638051000,부산광역시,사하구,괴정제1동,17582
2024,2638052000,부산광역시,사하구,괴정제2동,14719
2024,2638053000,부산광역시,사하구,괴정제3동,11352
2024,2638054000,부산광역시,사하구,괴정제4동,14874
2024,2638055000,부산광역시,사하구,당리동,23630
2024,2638056100,부산광역시,사하구,하단제1동,20845
2024,2638056200,부산광역시,사하구,하단제2동,24809
2024,2638057100,부산광역시,사하구,신평제1동,15274
2024,2638057200,부산광역시,사하구,신평제2동,16936
2024,2638058000,부산광역시,사하구,장림제1동,12653
2024,2638059000,부산광역시,사하구,장림제2동,25173
2024,2638060100,부산광역시,사하구,다대제1동,35576
2024,2638060200,부산광역시,사하구,다대제2동,25091
2024,2638061000,부산광역시,사하구,구평동,12279
2024,2638062000,부산광역시,사하구,감천제1동,16574
2024,2638063000,부산광역시,사하구,감천제2동,5124
2024,2641051000,부산광역시,금정구,서제1동,4314
2024,2641052000,부산광역시,금정구,서제2동,8118
2024,2641053000,부산광역시,금정구,서제3동,9906
2024,2641055500,부산광역시,금정구,금사회동동,6929
2024,2641057000,부산광역시,금정구,부곡제1동,7255
2024,2641058000,부산광역시,금정구,부곡제2동,16716
2024,2641059000,부산광역시,금정구,부곡제3동,14711
2024,2641059100,부산광역시,금정구,부곡제4동,11524
2024,2641060000,부산광역시,금정구,장전제1동,17721
2024,2641061000,부산광역시,금정구,장전제2동,25860
2024,2641063500,부산광역시,금정구,선두구동,2016
2024,2641066500,부산광역시,금정구,청룡노포동,9189
2024,2641067000,부산광역시,금정구,남산동,25817
2024,2641068000,부산광역시,금정구,구서제1동,18327
2024,2641069000,부산광역시,금정구,구서제2동,30627
2024,2641070000,부산광역시,금정구,금성동,902
2024,2644051000,부산광역시,강서구,대저1동,5655
2024,2644052000,부산광역시,강서구,대저2동,6170
2024,2644053000,부산광역시,강서구,강동동,6662
2024,2644053500,부산광역시,강서구,명지1동,54275
2024,2644054500,부산광역시,강서구,명지2동,29920
2024,2644055000,부산광역시,강서구,가락동,2082
2024,2644056000,부산광역시,강서구,녹산동,33719
2024,2644058000,부산광역시,강서구,가덕도동,4306
2024,2647061000,부산광역시,연제구,거제제1동,27777
2024,2647062000,부산광역시,연제구,거제제2동,24868
2024,2647063000,부산광역시,연제구,거제제3동,9266
2024,2647064000,부산광역시,연제구,거제제4동,9433
2024,2647065000,부산광역시,연제구,연산제1동,15704
2024,2647066000,부산광역시,연제구,연산제2동,21731
2024,2647067000,부산광역시,연제구,연산제3동,10252
2024,2647068000,부산광역시,연제구,연산제4동,16340
2024,2647069000,부산광역시,연제구,연산제5동,16782
2024,2647070000,부산광역시,연제구,연산제6동,15370
2024,2647072000,부산광역시,연제구,연산제8동,13076
2024,2647073000,부산광역시,연제구,연산제9동,31990
2024,2650066000,부산광역시,수영구,남천제1동,16690
2024,2650067000,부산광역시,수영구,남천제2동,13398
2024,2650073000,부산광역시,수영구,수영동,13734
2024,2650074000,부산광역시,수영구,망미제1동,25637
2024,2650075000,부산광역시,수영구,망미제2동,9756
2024,2650076000,부산광역시,수영구,광안제1동,24807
2024,2650077000,부산광역시,수영구,광안제2동,18319
2024,2650078000,부산광역시,수영구,광안제3동,9148
2024,2650079000,부산광역시,수영구,광안제4동,13101
2024,2650080000,부산광역시,수영구,민락동,27328
2024,2653058000,부산광역시,사상구,삼락동,5012
2024,2653059100,부산광역시,사상구,모라제1동,25863
2024,2653059300,부산광역시,사상구,모라제3동,8991
2024,2653060000,부산광역시,사상구,덕포제1동,11687
2024,2653061000,부산광역시,사상구,덕포제2동,11850
2024,2653062000,부산광역시,사상구,괘법동,24292
2024,2653064500,부산광역시,사상구,감전동,11671
2024,2653065000,부산광역시,사상구,주례제1동,16344
2024,2653066000,부산광역시,사상구,주례제2동,21252
2024,2653066100,부산광역시,사상구,주례제3동,11863
2024,2653067000,부산광역시,사상구,학장동,25994
2024,2653068000,부산광역시,사상구,엄궁동,23816
2024,2671025000,부산광역시,기장군,기장읍,51101
2024,2671025300,부산광역시,기장군,장안읍,8607
2024,2671025600,부산광역시,기장군,정관읍,78483
2024,2671025900,부산광역시,기장군,일광읍,30029
2024,2671033000,부산광역시,기장군,철마면,7406
2024,2711051700,대구광역시,중구,동인동,10008
2024,2711054500,대구광역시,중구,삼덕동,7106
2024,2711056500,대구광역시,중구,성내1동,4837
2024,2711057500,대구광역시,중구,성내2동,7998
2024,2711058500,대구광역시,중구,성내3동,12826
2024,2711059500,대구광역시,중구,대신동,7357
2024,2711064000,대구광역시,중구,남산1동,4936
2024,2711065000,대구광역시,중구,남산2동,7150
2024,2711066000,대구광역시,중구,남산3동,5981
2024,2711067000,대구광역시,중구,남산4동,16336
2024,2711068000,대구광역시,중구,대봉1동,7735
2024,2711069000,대구광역시,중구,대봉2동,5441
2024,2714051000,대구광역시,동구,신암1동,11050
2024,2714052000,대구광역시,동구,신암2동,11733
2024,2714053000,대구광역시,동구,신암3동,11317
2024,2714054000,대구광역시,동구,신암4동,18271
2024,2714054100,대구광역시,동구,신암5동,7587
2024,2714055500,대구광역시,동구,신천1.2동,11365
2024,2714057000,대구광역시,동구,신천3동,14286
2024,2714058000,대구광역시,동구,신천4동,10303
2024,2714059000,대구광역시,동구,효목1동,11924
2024,2714060000,대구광역시,동구,효목2동,13940
2024,2714061500,대구광역시,동구,도평동,3599
2024,2714062000,대구광역시,동구,불로.봉무동,19892
2024,2714064000,대구광역시,동구,지저동,13022
2024,2714065500,대구광역시,동구,동촌동,14346
2024,2714067000,대구광역시,동구,방촌동,17250
2024,2714068500,대구광역시,동구,해안동,13629
2024,2714072000,대구광역시,동구,안심1동,38210
2024,2714073000,대구광역시,동구,안심2동,16329
2024,2714074200,대구광역시,동구,안심3동,20233
2024,2714074700,대구광역시,동구,안심4동,26783
2024,2714075500,대구광역시,동구,혁신동,16940
2024,2714076000,대구광역시,동구,공산동,20330
2024,2717051000,대구광역시,서구,내당1동,9501
2024,2717052500,대구광역시,서구,내당2.3동,8297
2024,2717054000,대구광역시,서구,내당4동,14589
2024,2717055000,대구광역시,서구,비산1동,8289
2024,2717056500,대구광역시,서구,비산2.3동,8036
2024,2717058000,대구광역시,서구,비산4동,8710
2024,2717059000,대구광역시,서구,비산5동,5100
2024,2717060000,대구광역시,서구,비산6동,6652
2024,2717061000,대구광역시,서구,비산7동,8438
2024,2717062000,대구광역시,서구,평리1동,6617
2024,2717063000,대구광역시,서구,평리2동,7165
2024,2717064000,대구광역시,서구,평리3동,12472
2024,2717065000,대구광역시,서구,평리4동,15848
2024,2717066000,대구광역시,서구,평리5동,9897
2024,2717066100,대구광역시,서구,평리6동,5549
2024,2717067500,대구광역시,서구,상중이동,17792
2024,2717069500,대구광역시,서구,원대동,10183
2024,2720051500,대구광역시,남구,이천동,13763
2024,2720053000,대구광역시,남구,봉덕1동,8022
2024,2720054000,대구광역시,남구,봉덕2동,13126
2024,2720055000,대구광역시,남구,봉덕3동,14639
2024,2720056000,대구광역시,남구,대명1동,9690
2024,2720057100,대구광역시,남구,대명2동,11770
2024,2720058600,대구광역시,남구,대명3동,9514
2024,2720059000,대구광역시,남구,대명4동,9648
2024,2720060000,대구광역시,남구,대명5동,5885
2024,2720061000,대구광역시,남구,대명6동,10853
2024,2720064000,대구광역시,남구,대명9동,13653
2024,2720065000,대구광역시,남구,대명10동,8218
2024,2720066000,대구광역시,남구,대명11동,7482
2024,2723051000,대구광역시,북구,고성동,12707
2024,2723052600,대구광역시,북구,칠성동,21576
2024,2723055000,대구광역시,북구,침산1동,3581
2024,2723056000,대구광역시,북구,침산2동,17253
2024,2723057000,대구광역시,북구,침산3동,18246
2024,2723061000,대구광역시,북구,산격1동,7869
2024,2723062000,대구광역시,북구,산격2동,9774
2024,2723063000,대구광역시,북구,산격3동,8299
2024,2723063100,대구광역시,북구,산격4동,7375
2024,2723064500,대구광역시,북구,대현동,15936
2024,2723067100,대구광역시,북구,복현1동,6900
2024,2723067200,대구광역시,북구,복현2동,29162
2024,2723068000,대구광역시,북구,검단동,5732
2024,2723069500,대구광역시,북구,무태조야동,33618
2024,2723071500,대구광역시,북구,관문동,33097
2024,2723072500,대구광역시,북구,태전1동,21589
2024,2723073500,대구광역시,북구,태전2동,22557
2024,2723074500,대구광역시,북구,구암동,31783
2024,2723075000,대구광역시,북구,관음동,14565
2024,2723077000,대구광역시,북구,읍내동,24265
2024,2723078000,대구광역시,북구,동천동,25670
2024,2723079000,대구광역시,북구,노원동,11199
2024,2723080000,대구광역시,북구,국우동,30257
2024,2726051000,대구광역시,수성구,범어1동,21005
2024,2726052000,대구광역시,수성구,범어2동,14264
2024,2726053000,대구광역시,수성구,범어3동,17449
2024,2726054000,대구광역시,수성구,범어4동,18956
2024,2726055000,대구광역시,수성구,만촌1동,20714
2024,2726056000,대구광역시,수성구,만촌2동,10996
2024,2726056100,대구광역시,수성구,만촌3동,21182
2024,2726057000,대구광역시,수성구,수성1가동,16954
2024,2726058000,대구광역시,수성구,수성2.3가동,10421
2024,2726059000,대구광역시,수성구,수성4가동,13357
2024,2726060100,대구광역시,수성구,황금1동,21904
2024,2726060200,대구광역시,수성구,황금2동,11255
2024,2726061000,대구광역시,수성구,중동,14536
2024,2726062000,대구광역시,수성구,상동,14464
2024,2726063000,대구광역시,수성구,파동,15332
2024,2726064000,대구광역시,수성구,두산동,14766
2024,2726065100,대구광역시,수성구,지산1동,19290
2024,2726065200,대구광역시,수성구,지산2동,18699
2024,2726066100,대구광역시,수성구,범물1동,10046
2024,2726066200,대구광역시,수성구,범물2동,15854
2024,2726067000,대구광역시,수성구,고산1동,31343
2024,2726068000,대구광역시,수성구,고산2동,26274
2024,2726069000,대구광역시,수성구,고산3동,30046
2024,2729051500,대구광역시,달서구,성당동,21059
2024,2729053500,대구광역시,달서구,두류1.2동,14288
2024,2729055000,대구광역시,달서구,두류3동,8521
2024,2729055500,대구광역시,달서구,감삼동,30613
2024,2729056300,대구광역시,달서구,죽전동,14363
2024,2729056800,대구광역시,달서구,장기동,15640
2024,2729057100,대구광역시,달서구,용산1동,28942
2024,2729057200,대구광역시,달서구,용산2동,25664
2024,2729057600,대구광역시,달서구,이곡1동,20485
2024,2729057700,대구광역시,달서구,이곡2동,14699
2024,2729058500,대구광역시,달서구,신당동,28624
2024,2729059000,대구광역시,달서구,본리동,22508
2024,2729060100,대구광역시,달서구,월성1동,40125
2024,2729060200,대구광역시,달서구,월성2동,14015
2024,2729061500,대구광역시,달서구,진천동,49729
2024,2729061700,대구광역시,달서구,유천동,33246
2024,2729062400,대구광역시,달서구,상인1동,33111
2024,2729062500,대구광역시,달서구,상인2동,17546
2024,2729062600,대구광역시,달서구,상인3동,9913
2024,2729062800,대구광역시,달서구,도원동,32154
2024,2729063000,대구광역시,달서구,송현1동,16601
2024,2729064000,대구광역시,달서구,송현2동,18351
2024,2729065000,대구광역시,달서구,본동,11824
2024,2771025000,대구광역시,달성군,화원읍,46090
2024,2771025300,대구광역시,달성군,논공읍,4327
2024,2771025400,대구광역시,달성군,논공읍공단출장소,11291
2024,2771025600,대구광역시,달성군,다사읍,52154
2024,2771025700,대구광역시,달성군,다사읍서재출장소,38383
2024,2771025900,대구광역시,달성군,유가읍,31134
2024,2771026200,대구광역시,달성군,옥포읍,23088
2024,2771026500,대구광역시,달성군,현풍읍,21759
2024,2771031000,대구광역시,달성군,가창면,7044
2024,2771033000,대구광역시,달성군,하빈면,3289
2024,2771038000,대구광역시,달성군,구지면,19021
2024,2772025000,대구광역시,군위군,군위읍,7803
2024,2772031000,대구광역시,군위군,소보면,2264
2024,2772032000,대구광역시,군위군,효령면,3657
2024,2772033000,대구광역시,군위군,부계면,2076
2024,2772034000,대구광역시,군위군,우보면,1917
2024,2772035000,대구광역시,군위군,의흥면,2257
2024,2772036000,대구광역시,군위군,산성면,1194
2024,2772037000,대구광역시,군위군,삼국유사면,1295
2024,2811052000,인천광역시,중구,연안동,5118
2024,2811053000,인천광역시,중구,신포동,4526
2024,2811054000,인천광역시,중구,신흥동,14118
2024,2811056000,인천광역시,중구,도원동,3573
2024,2811057000,인천광역시,중구,율목동,2896
2024,2811058500,인천광역시,중구,동인천동,5260
2024,2811061500,인천광역시,중구,개항동,6731
2024,2811062000,인천광역시,중구,영종동,22857
2024,2811062200,인천광역시,중구,영종1동,33627
2024,2811062300,인천광역시,중구,영종2동,25833
2024,2811062800,인천광역시,중구,운서동,39044
2024,2811063000,인천광역시,중구,용유동,3530
2024,2814051000,인천광역시,동구,만석동,6276
2024,2814052500,인천광역시,동구,화수1.화평동,5416
2024,2814053000,인천광역시,동구,화수2동,6869
2024,2814055500,인천광역시,동구,송현1.2동,9703
2024,2814057000,인천광역시,동구,송현3동,2754
2024,2814058000,인천광역시,동구,송림1동,6627
2024,2814059000,인천광역시,동구,송림2동,1225
2024,2814060500,인천광역시,동구,송림3.5동,5521
2024,2814061000,인천광역시,동구,송림4동,6025
2024,2814063000,인천광역시,동구,송림6동,5673
2024,2814064000,인천광역시,동구,금창동,2207
2024,2817751000,인천광역시,미추홀구,숭의2동,13511
2024,2817752000,인천광역시,미추홀구,숭의1.3동,15501
2024,2817753000,인천광역시,미추홀구,숭의4동,14442
2024,2817754000,인천광역시,미추홀구,용현1.4동,17109
2024,2817755000,인천광역시,미추홀구,용현2동,22716
2024,2817756000,인천광역시,미추홀구,용현3동,6883
2024,2817757000,인천광역시,미추홀구,용현5동,45008
2024,2817758000,인천광역시,미추홀구,학익1동,35809
2024,2817759000,인천광역시,미추홀구,학익2동,17160
2024,2817760000,인천광역시,미추홀구,도화1동,20769
2024,2817761000,인천광역시,미추홀구,도화2.3동,30876
2024,2817762000,인천광역시,미추홀구,주안1동,19724
2024,2817763000,인천광역시,미추홀구,주안2동,21897
2024,2817764000,인천광역시,미추홀구,주안3동,12271
2024,2817765000,인천광역시,미추홀구,주안4동,19816
2024,2817766000,인천광역시,미추홀구,주안5동,19561
2024,2817767000,인천광역시,미추홀구,주안6동,20592
2024,2817768000,인천광역시,미추홀구,주안7동,12014
2024,2817769000,인천광역시,미추홀구,주안8동,18921
2024,2817770000,인천광역시,미추홀구,관교동,13941
2024,2817771000,인천광역시,미추홀구,문학동,13753
2024,2818563000,인천광역시,연수구,옥련1동,17176
2024,2818564000,인천광역시,연수구,옥련2동,19279
2024,2818575000,인천광역시,연수구,선학동,17739
2024,2818576100,인천광역시,연수구,연수1동,16682
2024,2818576200,인천광역시,연수구,연수2동,19405
2024,2818576300,인천광역시,연수구,연수3동,14680
2024,2818576600,인천광역시,연수구,청학동,22425
2024,2818578000,인천광역시,연수구,동춘1동,25772
2024,2818579000,인천광역시,연수구,동춘2동,16918
2024,2818579500,인천광역시,연수구,동춘3동,17773
2024,2818582000,인천광역시,연수구,송도1동,37472
2024,2818583000,인천광역시,연수구,송도2동,37126
2024,2818584000,인천광역시,연수구,송도3동,48560
2024,2818585000,인천광역시,연수구,송도4동,42733
2024,2818586000,인천광역시,연수구,송도5동,46473
2024,2820051000,인천광역시,남동구,구월1동,30846
2024,2820052000,인천광역시,남동구,구월2동,36939
2024,2820052100,인천광역시,남동구,구월3동,28142
2024,2820052200,인천광역시,남동구,구월4동,13098
2024,2820053000,인천광역시,남동구,간석1동,17727
2024,2820054000,인천광역시,남동구,간석2동,20340
2024,2820055000,인천광역시,남동구,간석3동,25234
2024,2820055100,인천광역시,남동구,간석4동,27753
2024,2820056000,인천광역시,남동구,만수1동,15473
2024,2820057000,인천광역시,남동구,만수2동,22438
2024,2820058000,인천광역시,남동구,만수3동,16075
2024,2820058100,인천광역시,남동구,만수4동,18665
2024,2820058200,인천광역시,남동구,만수5동,14208
2024,2820058300,인천광역시,남동구,만수6동,22195
2024,2820065000,인천광역시,남동구,장수서창동,18553
2024,2820065500,인천광역시,남동구,서창2동,37639
2024,2820066000,인천광역시,남동구,남촌도림동,19269
2024,2820069000,인천광역시,남동구,논현1동,31264
2024,2820070000,인천광역시,남동구,논현2동,30953
2024,2820071000,인천광역시,남동구,논현고잔동,39414
2024,2823751000,인천광역시,부평구,부평1동,34918
2024,2823752000,인천광역시,부평구,부평2동,14653
2024,2823753000,인천광역시,부평구,부평3동,14958
2024,2823754000,인천광역시,부평구,부평4동,33583
2024,2823755000,인천광역시,부평구,부평5동,33235
2024,2823756000,인천광역시,부평구,부평6동,16076
2024,2823757000,인천광역시,부평구,산곡1동,14782
2024,2823758000,인천광역시,부평구,산곡2동,29181
2024,2823758100,인천광역시,부평구,산곡3동,20065
2024,2823758200,인천광역시,부평구,산곡4동,16483
2024,2823759100,인천광역시,부평구,청천1동,22465
2024,2823759200,인천광역시,부평구,청천2동,32879
2024,2823764100,인천광역시,부평구,갈산1동,14370
2024,2823764200,인천광역시,부평구,갈산2동,17364
2024,2823764600,인천광역시,부평구,삼산1동,32088
2024,2823764800,인천광역시,부평구,삼산2동,27371
2024,2823765000,인천광역시,부평구,부개1동,15250
2024,2823766000,인천광역시,부평구,부개2동,18890
2024,2823766100,인천광역시,부평구,부개3동,28065
2024,2823767000,인천광역시,부평구,일신동,11513
2024,2823768000,인천광역시,부평구,십정1동,24255
2024,2823769000,인천광역시,부평구,십정2동,20756
2024,2824560100,인천광역시,계양구,효성1동,26321
2024,2824560200,인천광역시,계양구,효성2동,26583
2024,2824561100,인천광역시,계양구,계산1동,17507
2024,2824561200,인천광역시,계양구,계산2동,14224
2024,2824561300,인천광역시,계양구,계산3동,17455
2024,2824561400,인천광역시,계양구,계산4동,22376
2024,2824562100,인천광역시,계양구,작전1동,25869
2024,2824562200,인천광역시,계양구,작전2동,23698
2024,2824564000,인천광역시,계양구,작전서운동,32530
2024,2824571000,인천광역시,계양구,계양1동,18833
2024,2824572000,인천광역시,계양구,계양2동,31303
2024,2824573000,인천광역시,계양구,계양3동,23528
2024,2826051500,인천광역시,서구,검암경서동,54333
2024,2826053000,인천광역시,서구,연희동,37081
2024,2826053600,인천광역시,서구,청라1동,30595
2024,2826053700,인천광역시,서구,청라2동,48045
2024,2826053900,인천광역시,서구,청라3동,36292
2024,2826054200,인천광역시,서구,가정1동,41769
2024,2826054300,인천광역시,서구,가정2동,17219
2024,2826054400,인천광역시,서구,가정3동,8557
2024,2826055000,인천광역시,서구,석남1동,19987
2024,2826056000,인천광역시,서구,석남2동,11827
2024,2826056100,인천광역시,서구,석남3동,12742
2024,2826057500,인천광역시,서구,신현원창동,29237
2024,2826058000,인천광역시,서구,가좌1동,12534
2024,2826059000,인천광역시,서구,가좌2동,18422
2024,2826060000,인천광역시,서구,가좌3동,15158
2024,2826061000,인천광역시,서구,가좌4동,12107
2024,2826068000,인천광역시,서구,검단동,32481
2024,2826069000,인천광역시,서구,불로대곡동,24461
2024,2826070000,인천광역시,서구,원당동,24650
2024,2826071000,인천광역시,서구,당하동,28737
2024,2826072000,인천광역시,서구,오류왕길동,24541
2024,2826073000,인천광역시,서구,마전동,21329
2024,2826074000,인천광역시,서구,아라동,71960
2024,2871025000,인천광역시,강화군,강화읍,21894
2024,2871031000,인천광역시,강화군,선원면,9006
2024,2871032000,인천광역시,강화군,불은면,5036
2024,2871033000,인천광역시,강화군,길상면,7205
2024,2871034000,인천광역시,강화군,화도면,4569
2024,2871035000,인천광역시,강화군,양도면,4226
2024,2871036000,인천광역시,강화군,내가면,2971
2024,2871037000,인천광역시,강화군,하점면,3990
2024,2871038000,인천광역시,강화군,양사면,1906
2024,2871039000,인천광역시,강화군,송해면,3189
2024,2871040000,인천광역시,강화군,교동면,2701
2024,2871041000,인천광역시,강화군,삼산면,2065
2024,2871042000,인천광역시,강화군,서도면,364
2024,2871042500,인천광역시,강화군,서도면볼음출장소,280
2024,2872031000,인천광역시,옹진군,북도면,1159
2024,2872031500,인천광역시,옹진군,북도면장봉출장소,961
2024,2872033000,인천광역시,옹진군,백령면,4722
2024,2872034000,인천광역시,옹진군,대청면,1205
2024,2872034500,인천광역시,옹진군,대청면소청출장소,231
2024,2872035000,인천광역시,옹진군,덕적면,1923
2024,2872036000,인천광역시,옹진군,영흥면,6498
2024,2872037000,인천광역시,옹진군,자월면,943
2024,2872037500,인천광역시,옹진군,자월면이작출장소,361
2024,2872038000,인천광역시,옹진군,연평면,1993
2024,2911052500,광주광역시,동구,충장동,5534
2024,2911054500,광주광역시,동구,동명동,3480
2024,2911056000,광주광역시,동구,계림1동,9995
2024,2911057000,광주광역시,동구,계림2동,13380
2024,2911059000,광주광역시,동구,산수1동,7802
2024,2911060000,광주광역시,동구,산수2동,9549
2024,2911062000,광주광역시,동구,지산1동,3989
2024,2911063000,광주광역시,동구,지산2동,4139
2024,2911065500,광주광역시,동구,서남동,3222
2024,2911068500,광주광역시,동구,학동,7136
2024,2911071000,광주광역시,동구,학운동,10689
2024,2911073000,광주광역시,동구,지원1동,8983
2024,2911074000,광주광역시,동구,지원2동,18305
2024,2914057500,광주광역시,서구,양동,2842
2024,2914059000,광주광역시,서구,양3동,4127
2024,2914065000,광주광역시,서구,농성1동,11581
2024,2914066000,광주광역시,서구,농성2동,4388
2024,2914073000,광주광역시,서구,광천동,5397
2024,2914074000,광주광역시,서구,유덕동,10182
2024,2914074500,광주광역시,서구,치평동,29060
2024,2914075100,광주광역시,서구,상무1동,23884
2024,2914075200,광주광역시,서구,상무2동,22263
2024,2914076000,광주광역시,서구,화정1동,15421
2024,2914077000,광주광역시,서구,화정2동,19479
2024,2914078000,광주광역시,서구,화정3동,8917
2024,2914079000,광주광역시,서구,화정4동,19294
2024,2914080000,광주광역시,서구,서창동,7056
2024,2914082100,광주광역시,서구,금호1동,19115
2024,2914082400,광주광역시,서구,금호2동,26655
2024,2914083000,광주광역시,서구,풍암동,34144
2024,2914084000,광주광역시,서구,동천동,15245
2024,2915551000,광주광역시,남구,양림동,6434
2024,2915552000,광주광역시,남구,방림1동,6573
2024,2915553000,광주광역시,남구,방림2동,9092
2024,2915553700,광주광역시,남구,봉선1동,13068
2024,2915553800,광주광역시,남구,봉선2동,27596
2024,2915554500,광주광역시,남구,사직동,4541
2024,2915560500,광주광역시,남구,월산동,8451
2024,2915563000,광주광역시,남구,월산4동,7853
2024,2915564000,광주광역시,남구,월산5동,5701
2024,2915567000,광주광역시,남구,백운1동,11416
2024,2915568000,광주광역시,남구,백운2동,6694
2024,2915569000,광주광역시,남구,주월1동,20699
2024,2915570000,광주광역시,남구,주월2동,7318
2024,2915570500,광주광역시,남구,진월동,27830
2024,2915571000,광주광역시,남구,효덕동,15088
2024,2915572000,광주광역시,남구,송암동,20991
2024,2915573000,광주광역시,남구,대촌동,8252
2024,2917051000,광주광역시,북구,중흥1동,4391
2024,2917053500,광주광역시,북구,중흥동,15086
2024,2917055500,광주광역시,북구,중앙동,3679
2024,2917057000,광주광역시,북구,임동,13853
2024,2917058000,광주광역시,북구,신안동,11998
2024,2917059000,광주광역시,북구,용봉동,36604
2024,2917060100,광주광역시,북구,운암1동,18265
2024,2917060200,광주광역시,북구,운암2동,10941
2024,2917060300,광주광역시,북구,운암3동,13116
2024,2917061500,광주광역시,북구,동림동,22395
2024,2917062000,광주광역시,북구,우산동,15646
2024,2917063500,광주광역시,북구,풍향동,5138
2024,2917065000,광주광역시,북구,문화동,22902
2024,2917065600,광주광역시,북구,문흥1동,15197
2024,2917065700,광주광역시,북구,문흥2동,14412
2024,2917066100,광주광역시,북구,두암1동,6992
2024,2917066200,광주광역시,북구,두암2동,14525
2024,2917066300,광주광역시,북구,두암3동,12038
2024,2917066600,광주광역시,북구,삼각동,13053
2024,2917066900,광주광역시,북구,일곡동,27691
2024,2917067300,광주광역시,북구,매곡동,12979
2024,2917067600,광주광역시,북구,오치1동,10022
2024,2917067700,광주광역시,북구,오치2동,11290
2024,2917068500,광주광역시,북구,석곡동,2235
2024,2917069500,광주광역시,북구,건국동,22550
2024,2917069600,광주광역시,북구,양산동,35126
2024,2917069700,광주광역시,북구,신용동,31837
2024,2920051500,광주광역시,광산구,송정1동,10067
2024,2920052500,광주광역시,광산구,송정2동,6027
2024,2920054000,광주광역시,광산구,도산동,14273
2024,2920055000,광주광역시,광산구,신흥동,4154
2024,2920056500,광주광역시,광산구,어룡동,33494
2024,2920058000,광주광역시,광산구,우산동,28396
2024,2920060000,광주광역시,광산구,월곡1동,9570
2024,2920061000,광주광역시,광산구,월곡2동,14473
2024,2920062000,광주광역시,광산구,비아동,7199
2024,2920062400,광주광역시,광산구,첨단1동,27829
2024,2920062600,광주광역시,광산구,첨단2동,41245
2024,2920063000,광주광역시,광산구,신가동,18797
2024,2920063500,광주광역시,광산구,운남동,28792
2024,2920063700,광주광역시,광산구,수완동,74042
2024,2920064000,광주광역시,광산구,하남동,27035
2024,2920065000,광주광역시,광산구,임곡동,1903
2024,2920066000,광주광역시,광산구,동곡동,1637
2024,2920067000,광주광역시,광산구,평동,5053
2024,2920068000,광주광역시,광산구,삼도동,2127
2024,2920069000,광주광역시,광산구,본량동,1812
2024,2920070000,광주광역시,광산구,신창동,33686
2024,3011051500,대전광역시,동구,중앙동,3607
2024,3011053000,대전광역시,동구,효동,25172
2024,3011054500,대전광역시,동구,신인동,14775
2024,3011055100,대전광역시,동구,판암1동,11852
2024,3011055200,대전광역시,동구,판암2동,7870
2024,3011056000,대전광역시,동구,용운동,20918
2024,3011058500,대전광역시,동구,대동,13684
2024,3011059000,대전광역시,동구,자양동,10824
2024,3011062000,대전광역시,동구,가양1동,12837
2024,3011063000,대전광역시,동구,가양2동,18525
2024,3011064000,대전광역시,동구,용전동,19904
2024,3011066500,대전광역시,동구,성남동,10759
2024,3011067000,대전광역시,동구,홍도동,11062
2024,3011069500,대전광역시,동구,삼성동,13393
2024,3011072500,대전광역시,동구,대청동,2153
2024,3011074000,대전광역시,동구,산내동,21178
2024,3014053500,대전광역시,중구,은행선화동,19109
2024,3014055000,대전광역시,중구,목동,17604
2024,3014056000,대전광역시,중구,중촌동,13419
2024,3014057500,대전광역시,중구,대흥동,12682
2024,3014060500,대전광역시,중구,문창동,4158
2024,3014062000,대전광역시,중구,석교동,14193
2024,3014063000,대전광역시,중구,대사동,5249
2024,3014064000,대전광역시,중구,부사동,6175
2024,3014065500,대전광역시,중구,용두동,9892
2024,3014067000,대전광역시,중구,오류동,10018
2024,3014068000,대전광역시,중구,태평1동,12496
2024,3014069000,대전광역시,중구,태평2동,24061
2024,3014070000,대전광역시,중구,유천1동,5838
2024,3014071000,대전광역시,중구,유천2동,12889
2024,3014072000,대전광역시,중구,문화1동,20553
2024,3014073000,대전광역시,중구,문화2동,11378
2024,3014074000,대전광역시,중구,산성동,25294
2024,3017051000,대전광역시,서구,복수동,21461
2024,3017052000,대전광역시,서구,도마1동,18599
2024,3017053000,대전광역시,서구,도마2동,16179
2024,3017053500,대전광역시,서구,정림동,15053
2024,3017054000,대전광역시,서구,변동,12817
2024,3017055000,대전광역시,서구,용문동,11629
2024,3017055500,대전광역시,서구,탄방동,26361
2024,3017056000,대전광역시,서구,괴정동,18449
2024,3017057000,대전광역시,서구,가장동,10680
2024,3017057500,대전광역시,서구,내동,22365
2024,3017058100,대전광역시,서구,갈마1동,20944
2024,3017058200,대전광역시,서구,갈마2동,23727
2024,3017058600,대전광역시,서구,월평1동,11149
2024,3017058700,대전광역시,서구,월평2동,13447
2024,3017058800,대전광역시,서구,월평3동,20138
2024,3017059000,대전광역시,서구,가수원동,10213
2024,3017059300,대전광역시,서구,도안동,36575
2024,3017059600,대전광역시,서구,관저1동,14649
2024,3017059700,대전광역시,서구,관저2동,47947
2024,3017060000,대전광역시,서구,기성동,3373
2024,3017063000,대전광역시,서구,둔산1동,16350
2024,3017064000,대전광역시,서구,둔산2동,34949
2024,3017065000,대전광역시,서구,만년동,12086
2024,3017066000,대전광역시,서구,둔산3동,18811
2024,3020052000,대전광역시,유성구,진잠동,25412
2024,3020052600,대전광역시,유성구,학하동,19606
2024,3020052700,대전광역시,유성구,상대동,25285
2024,3020053000,대전광역시,유성구,온천1동,26627
2024,3020054000,대전광역시,유성구,온천2동,40403
2024,3020054600,대전광역시,유성구,노은1동,20942
2024,3020054700,대전광역시,유성구,노은2동,23442
2024,3020054800,대전광역시,유성구,노은3동,36263
2024,3020055000,대전광역시,유성구,신성동,25443
2024,3020057000,대전광역시,유성구,전민동,25742
2024,3020058000,대전광역시,유성구,구즉동,32812
2024,3020060000,대전광역시,유성구,관평동,37352
2024,3020061000,대전광역시,유성구,원신흥동,30139
2024,3023051000,대전광역시,대덕구,오정동,13635
2024,3023052000,대전광역시,대덕구,대화동,5750
2024,3023052500,대전광역시,대덕구,회덕동,12640
2024,3023053300,대전광역시,대덕구,비래동,14923
2024,3023054300,대전광역시,대덕구,송촌동,25540
2024,3023054600,대전광역시,대덕구,중리동,18115
2024,3023055000,대전광역시,대덕구,신탄진동,16020
2024,3023056000,대전광역시,대덕구,석봉동,16022
2024,3023057000,대전광역시,대덕구,덕암동,12678
2024,3023058000,대전광역시,대덕구,목상동,5962
2024,3023060000,대전광역시,대덕구,법1동,12186
2024,3023061000,대전광역시,대덕구,법2동,14746
2024,3111051000,울산광역시,중구,학성동,10659
2024,3111052000,울산광역시,중구,반구1동,15483
2024,3111053000,울산광역시,중구,반구2동,8123
2024,3111055500,울산광역시,중구,복산동,21099
2024,3111058500,울산광역시,중구,중앙동,11187
2024,3111059000,울산광역시,중구,우정동,17913
2024,3111060000,울산광역시,중구,태화동,31286
2024,3111061000,울산광역시,중구,다운동,20972
2024,3111062000,울산광역시,중구,병영1동,20460
2024,3111063000,울산광역시,중구,병영2동,19240
2024,3111064000,울산광역시,중구,약사동,10492
2024,3111065000,울산광역시,중구,성안동,20086
2024,3114051000,울산광역시,남구,신정1동,17604
2024,3114052000,울산광역시,남구,신정2동,25174
2024,3114053000,울산광역시,남구,신정3동,15560
2024,3114054000,울산광역시,남구,신정4동,19479
2024,3114055000,울산광역시,남구,신정5동,8270
2024,3114056000,울산광역시,남구,달동,25642
2024,3114057000,울산광역시,남구,삼산동,47423
2024,3114058500,울산광역시,남구,삼호동,20243
2024,3114059500,울산광역시,남구,무거동,30872
2024,3114060000,울산광역시,남구,옥동,24830
2024,3114062500,울산광역시,남구,대현동,32227
2024,3114063500,울산광역시,남구,수암동,15822
2024,3114064000,울산광역시,남구,선암동,13194
2024,3114067000,울산광역시,남구,야음장생포동,8545
2024,3117051000,울산광역시,동구,방어동,37124
2024,3117052000,울산광역시,동구,일산동,5148
2024,3117053000,울산광역시,동구,화정동,17948
2024,3117054000,울산광역시,동구,대송동,10601
2024,3117055000,울산광역시,동구,전하1동,15299
2024,3117056000,울산광역시,동구,전하2동,19175
2024,3117058000,울산광역시,동구,남목1동,8034
2024,3117059000,울산광역시,동구,남목2동,26526
2024,3117060000,울산광역시,동구,남목3동,10981
2024,3120051000,울산광역시,북구,농소1동,35406
2024,3120052000,울산광역시,북구,농소2동,41891
2024,3120053000,울산광역시,북구,농소3동,36117
2024,3120054000,울산광역시,북구,강동동,15999
2024,3120056000,울산광역시,북구,효문동,29282
2024,3120057000,울산광역시,북구,송정동,36285
2024,3120058000,울산광역시,북구,양정동,11738
2024,3120059000,울산광역시,북구,염포동,9804
2024,3171025000,울산광역시,울주군,온산읍,19086
2024,3171025300,울산광역시,울주군,언양읍,29352
2024,3171025600,울산광역시,울주군,온양읍,28023
2024,3171025900,울산광역시,울주군,범서읍,66861
2024,3171026200,울산광역시,울주군,청량읍,20853
2024,3171026500,울산광역시,울주군,삼남읍,22066
2024,3171031000,울산광역시,울주군,서생면,8464
2024,3171034000,울산광역시,울주군,웅촌면,7427
2024,3171036000,울산광역시,울주군,두동면,4212
2024,3171037000,울산광역시,울주군,두서면,2930
2024,3171038000,울산광역시,울주군,상북면,7842
2024,3171040000,울산광역시,울주군,삼동면,1690
2024,3611025000,세종특별자치시, ,조치원읍,40859
2024,3611031000,세종특별자치시, ,연기면,2380
2024,3611032000,세종특별자치시, ,연동면,2700
2024,3611033000,세종특별자치시, ,부강면,5325
2024,3611034000,세종특별자치시, ,금남면,8142
2024,3611035000,세종특별자치시, ,장군면,6523
2024,3611036000,세종특별자치시, ,연서면,6686
2024,3611037000,세종특별자치시, ,전의면,5046
2024,3611038000,세종특별자치시, ,전동면,3040
2024,3611039000,세종특별자치시, ,소정면,2045
2024,3611051000,세종특별자치시, ,한솔동,17963
2024,3611051500,세종특별자치시,,새롬동,26470
2024,3611051800,세종특별자치시, ,나성동,13017
2024,3611052000,세종특별자치시, ,도담동,24647
2024,3611052300,세종특별자치시, ,어진동,11110
2024,3611052500,세종특별자치시, ,해밀동,19637
2024,3611053000,세종특별자치시, ,아름동,23247
2024,3611054000,세종특별자치시, ,종촌동,27698
2024,3611055000,세종특별자치시, ,고운동,35602
2024,3611055500,세종특별자치시,,소담동,21632
2024,3611055600,세종특별자치시,,반곡동,28619
2024,3611056000,세종특별자치시, ,보람동,18762
2024,3611057000,세종특별자치시,,대평동,11264
2024,3611058000,세종특별자치시,,다정동,28271
2024,4111156000,경기도,수원시 장안구,파장동,24770
2024,4111156600,경기도,수원시 장안구,율천동,39864
2024,4111157100,경기도,수원시 장안구,정자1동,33481
2024,4111157200,경기도,수원시 장안구,정자2동,38552
2024,4111157300,경기도,수원시 장안구,정자3동,39016
2024,4111158000,경기도,수원시 장안구,영화동,18026
2024,4111159100,경기도,수원시 장안구,송죽동,18232
2024,4111159700,경기도,수원시 장안구,조원1동,27857
2024,4111159800,경기도,수원시 장안구,조원2동,17581
2024,4111160000,경기도,수원시 장안구,연무동,17282
2024,4111352000,경기도,수원시 권선구,세류1동,9611
2024,4111353000,경기도,수원시 권선구,세류2동,22285
2024,4111354000,경기도,수원시 권선구,세류3동,17397
2024,4111355000,경기도,수원시 권선구,평동,40623
2024,4111356000,경기도,수원시 권선구,서둔동,37039
2024,4111365000,경기도,수원시 권선구,구운동,22757
2024,4111366200,경기도,수원시 권선구,금곡동,44754
2024,4111366400,경기도,수원시 권선구,호매실동,44128
2024,4111367000,경기도,수원시 권선구,권선1동,24090
2024,4111368000,경기도,수원시 권선구,권선2동,45800
2024,4111369000,경기도,수원시 권선구,곡선동,34461
2024,4111370000,경기도,수원시 권선구,입북동,19697
2024,4111565000,경기도,수원시 팔달구,매교동,21617
2024,4111566000,경기도,수원시 팔달구,매산동,9856
2024,4111567000,경기도,수원시 팔달구,고등동,19168
2024,4111568000,경기도,수원시 팔달구,화서1동,21000
2024,4111569000,경기도,수원시 팔달구,화서2동,24217
2024,4111570000,경기도,수원시 팔달구,지동,9476
2024,4111571000,경기도,수원시 팔달구,우만1동,18200
2024,4111572000,경기도,수원시 팔달구,우만2동,16639
2024,4111573000,경기도,수원시 팔달구,인계동,45031
2024,4111574000,경기도,수원시 팔달구,행궁동,9193
2024,4111751000,경기도,수원시 영통구,매탄1동,11443
2024,4111752000,경기도,수원시 영통구,매탄2동,13629
2024,4111753000,경기도,수원시 영통구,매탄3동,34207
2024,4111754000,경기도,수원시 영통구,매탄4동,19784
2024,4111755000,경기도,수원시 영통구,원천동,45637
2024,4111757000,경기도,수원시 영통구,영통1동,32840
2024,4111758000,경기도,수원시 영통구,영통2동,25049
2024,4111758500,경기도,수원시 영통구,영통3동,31455
2024,4111759300,경기도,수원시 영통구,망포1동,31484
2024,4111759600,경기도,수원시 영통구,망포2동,33555
2024,4111760000,경기도,수원시 영통구,광교1동,53732
2024,4111761000,경기도,수원시 영통구,광교2동,28490
2024,4113151000,경기도,성남시 수정구,신흥1동,12292
2024,4113152000,경기도,성남시 수정구,신흥2동,31411
2024,4113153000,경기도,성남시 수정구,신흥3동,10755
2024,4113154000,경기도,성남시 수정구,태평1동,13906
2024,4113155000,경기도,성남시 수정구,태평2동,14007
2024,4113156000,경기도,성남시 수정구,태평3동,11980
2024,4113156100,경기도,성남시 수정구,태평4동,11256
2024,4113157000,경기도,성남시 수정구,수진1동,11117
2024,4113158000,경기도,성남시 수정구,수진2동,14572
2024,4113159000,경기도,성남시 수정구,단대동,14351
2024,4113160000,경기도,성남시 수정구,산성동,4561
2024,4113161000,경기도,성남시 수정구,양지동,9070
2024,4113162000,경기도,성남시 수정구,복정동,10192
2024,4113162500,경기도,성남시 수정구,위례동,45787
2024,4113163000,경기도,성남시 수정구,신촌동,4512
2024,4113164000,경기도,성남시 수정구,고등동,11709
2024,4113165000,경기도,성남시 수정구,시흥동,3399
2024,4113351000,경기도,성남시 중원구,성남동,32207
2024,4113352500,경기도,성남시 중원구,중앙동,16738
2024,4113353000,경기도,성남시 중원구,금광1동,19607
2024,4113354000,경기도,성남시 중원구,금광2동,24117
2024,4113355000,경기도,성남시 중원구,은행1동,9401
2024,4113356000,경기도,성남시 중원구,은행2동,21442
2024,4113357000,경기도,성남시 중원구,상대원1동,23768
2024,4113358000,경기도,성남시 중원구,상대원2동,3048
2024,4113359000,경기도,성남시 중원구,상대원3동,11338
2024,4113366000,경기도,성남시 중원구,하대원동,19238
2024,4113367000,경기도,성남시 중원구,도촌동,26074
2024,4113551000,경기도,성남시 분당구,분당동,24497
2024,4113552000,경기도,성남시 분당구,수내1동,17801
2024,4113553000,경기도,성남시 분당구,수내2동,10455
2024,4113554000,경기도,성남시 분당구,수내3동,13300
2024,4113554500,경기도,성남시 분당구,정자동,13977
2024,4113555000,경기도,성남시 분당구,정자1동,30148
2024,4113556000,경기도,성남시 분당구,정자2동,14277
2024,4113557000,경기도,성남시 분당구,정자3동,16698
2024,4113558000,경기도,성남시 분당구,서현1동,30904
2024,4113559000,경기도,성남시 분당구,서현2동,17469
2024,4113560000,경기도,성남시 분당구,이매1동,24794
2024,4113561000,경기도,성남시 분당구,이매2동,12998
2024,4113562000,경기도,성남시 분당구,야탑1동,16647
2024,4113563000,경기도,성남시 분당구,야탑2동,15703
2024,4113564000,경기도,성남시 분당구,야탑3동,26215
2024,4113565000,경기도,성남시 분당구,판교동,26572
2024,4113565500,경기도,성남시 분당구,삼평동,23777
2024,4113565700,경기도,성남시 분당구,백현동,26472
2024,4113566200,경기도,성남시 분당구,금곡동,26904
2024,4113566500,경기도,성남시 분당구,구미1동,16182
2024,4113567000,경기도,성남시 분당구,구미동,28182
2024,4113568000,경기도,성남시 분당구,운중동,37182
2024,4115051000,경기도,의정부시,의정부1동,40063
2024,4115052000,경기도,의정부시,의정부2동,29433
2024,4115054500,경기도,의정부시,호원1동,33829
2024,4115055500,경기도,의정부시,호원2동,32388
2024,4115056100,경기도,의정부시,장암동,18567
2024,4115056700,경기도,의정부시,신곡1동,41314
2024,4115056800,경기도,의정부시,신곡2동,44252
2024,4115057300,경기도,의정부시,송산1동,30540
2024,4115057600,경기도,의정부시,송산2동,31258
2024,4115057800,경기도,의정부시,송산3동,44777
2024,4115058000,경기도,의정부시,자금동,25175
2024,4115059500,경기도,의정부시,가능동,23654
2024,4115061500,경기도,의정부시,흥선동,18694
2024,4115062000,경기도,의정부시,녹양동,19423
2024,4115063000,경기도,의정부시,고산동,27904
2024,4117151000,경기도,안양시 만안구,안양1동,16550
2024,4117152000,경기도,안양시 만안구,안양2동,22543
2024,4117153000,경기도,안양시 만안구,안양3동,15218
2024,4117154000,경기도,안양시 만안구,안양4동,6541
2024,4117155000,경기도,안양시 만안구,안양5동,9924
2024,4117156000,경기도,안양시 만안구,안양6동,26327
2024,4117157000,경기도,안양시 만안구,안양7동,14599
2024,4117158000,경기도,안양시 만안구,안양8동,8123
2024,4117158100,경기도,안양시 만안구,안양9동,15937
2024,4117159000,경기도,안양시 만안구,석수1동,18656
2024,4117160000,경기도,안양시 만안구,석수2동,29280
2024,4117161100,경기도,안양시 만안구,충훈동,12056
2024,4117162100,경기도,안양시 만안구,박달1동,13756
2024,4117163000,경기도,안양시 만안구,박달2동,20461
2024,4117351000,경기도,안양시 동안구,비산1동,28439
2024,4117352000,경기도,안양시 동안구,비산2동,14491
2024,4117353000,경기도,안양시 동안구,비산3동,17650
2024,4117354000,경기도,안양시 동안구,부흥동,16041
2024,4117354600,경기도,안양시 동안구,달안동,9530
2024,4117355200,경기도,안양시 동안구,관양동,32683
2024,4117355900,경기도,안양시 동안구,인덕원동,17936
2024,4117356600,경기도,안양시 동안구,부림동,26070
2024,4117357000,경기도,안양시 동안구,평촌동,14078
2024,4117357600,경기도,안양시 동안구,평안동,22560
2024,4117357800,경기도,안양시 동안구,귀인동,16015
2024,4117358000,경기도,안양시 동안구,호계1동,26369
2024,4117359000,경기도,안양시 동안구,호계2동,24195
2024,4117360000,경기도,안양시 동안구,호계3동,22871
2024,4117361000,경기도,안양시 동안구,범계동,15068
2024,4117362000,경기도,안양시 동안구,신촌동,12173
2024,4117363000,경기도,안양시 동안구,갈산동,10352
2024,4119251000,경기도,부천시 원미구,심곡1동,11969
2024,4119252000,경기도,부천시 원미구,심곡2동,18326
2024,4119253000,경기도,부천시 원미구,심곡3동,10790
2024,4119254000,경기도,부천시 원미구,원미1동,16650
2024,4119255000,경기도,부천시 원미구,원미2동,11375
2024,4119256000,경기도,부천시 원미구,소사동,5945
2024,4119257000,경기도,부천시 원미구,역곡1동,16312
2024,4119258000,경기도,부천시 원미구,역곡2동,16825
2024,4119259000,경기도,부천시 원미구,춘의동,13785
2024,4119260000,경기도,부천시 원미구,도당동,20228
2024,4119261000,경기도,부천시 원미구,약대동,17153
2024,4119262000,경기도,부천시 원미구,중동,21686
2024,4119263000,경기도,부천시 원미구,중1동,40709
2024,4119264000,경기도,부천시 원미구,중2동,29493
2024,4119265000,경기도,부천시 원미구,중3동,22000
2024,4119266000,경기도,부천시 원미구,중4동,17228
2024,4119267000,경기도,부천시 원미구,상동,17591
2024,4119268000,경기도,부천시 원미구,상1동,23674
2024,4119269000,경기도,부천시 원미구,상2동,28093
2024,4119270000,경기도,부천시 원미구,상3동,30151
2024,4119451000,경기도,부천시 소사구,심곡본1동,15898
2024,4119452000,경기도,부천시 소사구,심곡본동,14500
2024,4119453000,경기도,부천시 소사구,소사본동,24961
2024,4119454000,경기도,부천시 소사구,소사본1동,28152
2024,4119455000,경기도,부천시 소사구,범박동,28378
2024,4119456000,경기도,부천시 소사구,옥길동,31309
2024,4119457000,경기도,부천시 소사구,괴안동,18315
2024,4119458000,경기도,부천시 소사구,역곡3동,21951
2024,4119459000,경기도,부천시 소사구,송내1동,20288
2024,4119460000,경기도,부천시 소사구,송내2동,24159
2024,4119651000,경기도,부천시 오정구,성곡동,38239
2024,4119652000,경기도,부천시 오정구,원종1동,21342
2024,4119653000,경기도,부천시 오정구,원종2동,18509
2024,4119654000,경기도,부천시 오정구,고강본동,25537
2024,4119655000,경기도,부천시 오정구,고강1동,12523
2024,4119656000,경기도,부천시 오정구,오정동,19204
2024,4119657000,경기도,부천시 오정구,신흥동,16670
2024,4121051000,경기도,광명시,광명1동,167
2024,4121052000,경기도,광명시,광명2동,2887
2024,4121054000,경기도,광명시,광명3동,9523
2024,4121055000,경기도,광명시,광명4동,7471
2024,4121056000,경기도,광명시,광명5동,11759
2024,4121057000,경기도,광명시,광명6동,12030
2024,4121058000,경기도,광명시,광명7동,25863
2024,4121059000,경기도,광명시,철산1동,10445
2024,4121060000,경기도,광명시,철산2동,5099
2024,4121061000,경기도,광명시,철산3동,36467
2024,4121062000,경기도,광명시,철산4동,9255
2024,4121063100,경기도,광명시,하안1동,25015
2024,4121063200,경기도,광명시,하안2동,12926
2024,4121063300,경기도,광명시,하안3동,18739
2024,4121063400,경기도,광명시,하안4동,11675
2024,4121064000,경기도,광명시,소하1동,29738
2024,4121065000,경기도,광명시,소하2동,25782
2024,4121065500,경기도,광명시,일직동,21583
2024,4121066000,경기도,광명시,학온동,1743
2024,4122025000,경기도,평택시,팽성읍,27548
2024,4122025300,경기도,평택시,안중읍,43321
2024,4122025600,경기도,평택시,포승읍,22758
2024,4122025900,경기도,평택시,청북읍,25988
2024,4122031000,경기도,평택시,진위면,10725
2024,4122032000,경기도,평택시,서탄면,3445
2024,4122033000,경기도,평택시,고덕면,12805
2024,4122034000,경기도,평택시,오성면,6236
2024,4122037000,경기도,평택시,현덕면,5723
2024,4122051000,경기도,평택시,중앙동,42765
2024,4122052000,경기도,평택시,서정동,24958
2024,4122053500,경기도,평택시,송탄동,23498
2024,4122055000,경기도,평택시,지산동,12312
2024,4122056000,경기도,평택시,송북동,20759
2024,4122057000,경기도,평택시,신장1동,6757
2024,4122058000,경기도,평택시,신장2동,4910
2024,4122059000,경기도,평택시,신평동,19868
2024,4122060000,경기도,평택시,원평동,12967
2024,4122061000,경기도,평택시,통복동,5272
2024,4122062000,경기도,평택시,비전1동,50881
2024,4122063000,경기도,평택시,비전2동,56637
2024,4122063500,경기도,평택시,용이동,25758
2024,4122064000,경기도,평택시,세교동,37428
2024,4122065000,경기도,평택시,동삭동,42252
2024,4122066000,경기도,평택시,고덕동,52985
2024,4125051000,경기도,동두천시,생연1동,6182
2024,4125052000,경기도,동두천시,생연2동,10781
2024,4125053500,경기도,동두천시,중앙동,4418
2024,4125055000,경기도,동두천시,보산동,2640
2024,4125056500,경기도,동두천시,불현동,24818
2024,4125056600,경기도,동두천시,송내동,24873
2024,4125058000,경기도,동두천시,소요동,8379
2024,4125060000,경기도,동두천시,상패동,4747
2024,4127151000,경기도,안산시 상록구,일동,22752
2024,4127151500,경기도,안산시 상록구,이동,22498
2024,4127152500,경기도,안산시 상록구,사동,29292
2024,4127153200,경기도,안산시 상록구,사이동,30362
2024,4127153700,경기도,안산시 상록구,해양동,39748
2024,4127154000,경기도,안산시 상록구,본오1동,34738
2024,4127155000,경기도,안산시 상록구,본오2동,24335
2024,4127156000,경기도,안산시 상록구,본오3동,18120
2024,4127157000,경기도,안산시 상록구,부곡동,20217
2024,4127158000,경기도,안산시 상록구,월피동,35574
2024,4127159000,경기도,안산시 상록구,성포동,24626
2024,4127160000,경기도,안산시 상록구,반월동,16559
2024,4127161000,경기도,안산시 상록구,안산동,8370
2024,4127351000,경기도,안산시 단원구,와동,35711
2024,4127352500,경기도,안산시 단원구,고잔동,19918
2024,4127353200,경기도,안산시 단원구,중앙동,24288
2024,4127353500,경기도,안산시 단원구,호수동,42215
2024,4127354500,경기도,안산시 단원구,원곡동,5367
2024,4127355500,경기도,안산시 단원구,백운동,24061
2024,4127356500,경기도,안산시 단원구,신길동,20787
2024,4127357000,경기도,안산시 단원구,초지동,45437
2024,4127358000,경기도,안산시 단원구,선부1동,16820
2024,4127359000,경기도,안산시 단원구,선부2동,17258
2024,4127360000,경기도,안산시 단원구,선부3동,32358
2024,4127361000,경기도,안산시 단원구,대부동,9168
2024,4128151000,경기도,고양시 덕양구,주교동,10594
2024,4128152000,경기도,고양시 덕양구,원신동,22533
2024,4128153000,경기도,고양시 덕양구,흥도동,29703
2024,4128154000,경기도,고양시 덕양구,성사1동,23371
2024,4128155000,경기도,고양시 덕양구,성사2동,10412
2024,4128156000,경기도,고양시 덕양구,효자동,26170
2024,4128157600,경기도,고양시 덕양구,삼송1동,22278
2024,4128157700,경기도,고양시 덕양구,삼송2동,28254
2024,4128158000,경기도,고양시 덕양구,창릉동,23271
2024,4128159000,경기도,고양시 덕양구,고양동,27776
2024,4128160000,경기도,고양시 덕양구,관산동,34065
2024,4128161000,경기도,고양시 덕양구,능곡동,17956
2024,4128162100,경기도,고양시 덕양구,화정1동,35241
2024,4128162200,경기도,고양시 덕양구,화정2동,31371
2024,4128163000,경기도,고양시 덕양구,행주동,13883
2024,4128164000,경기도,고양시 덕양구,행신1동,20238
2024,4128165000,경기도,고양시 덕양구,행신2동,29791
2024,4128165500,경기도,고양시 덕양구,행신3동,22503
2024,4128165600,경기도,고양시 덕양구,행신4동,19103
2024,4128166000,경기도,고양시 덕양구,화전동,27926
2024,4128167000,경기도,고양시 덕양구,대덕동,16658
2024,4128551000,경기도,고양시 일산동구,식사동,40707
2024,4128552500,경기도,고양시 일산동구,중산1동,20391
2024,4128552600,경기도,고양시 일산동구,중산2동,23376
2024,4128553000,경기도,고양시 일산동구,정발산동,21473
2024,4128554000,경기도,고양시 일산동구,풍산동,36727
2024,4128555100,경기도,고양시 일산동구,백석1동,28608
2024,4128555200,경기도,고양시 일산동구,백석2동,20040
2024,4128556000,경기도,고양시 일산동구,마두1동,22730
2024,4128557000,경기도,고양시 일산동구,마두2동,15409
2024,4128558000,경기도,고양시 일산동구,장항1동,16694
2024,4128559000,경기도,고양시 일산동구,장항2동,26612
2024,4128560000,경기도,고양시 일산동구,고봉동,21356
2024,4128751000,경기도,고양시 일산서구,일산1동,25182
2024,4128752000,경기도,고양시 일산서구,일산2동,18798
2024,4128753000,경기도,고양시 일산서구,일산3동,33535
2024,4128754500,경기도,고양시 일산서구,탄현1동,29602
2024,4128754600,경기도,고양시 일산서구,탄현2동,18887
2024,4128755000,경기도,고양시 일산서구,주엽1동,26294
2024,4128756000,경기도,고양시 일산서구,주엽2동,26984
2024,4128757000,경기도,고양시 일산서구,대화동,34060
2024,4128758000,경기도,고양시 일산서구,송포동,20306
2024,4128760000,경기도,고양시 일산서구,덕이동,30799
2024,4128761000,경기도,고양시 일산서구,가좌동,18453
2024,4129051000,경기도,과천시,중앙동,11270
2024,4129051500,경기도,과천시,원문동,16112
2024,4129052000,경기도,과천시,갈현동,16707
2024,4129053000,경기도,과천시,별양동,14736
2024,4129054000,경기도,과천시,부림동,13937
2024,4129055000,경기도,과천시,과천동,6201
2024,4129056000,경기도,과천시,문원동,6549
2024,4131051000,경기도,구리시,갈매동,30406
2024,4131052000,경기도,구리시,동구동,35388
2024,4131053000,경기도,구리시,인창동,23686
2024,4131054100,경기도,구리시,교문1동,14696
2024,4131054200,경기도,구리시,교문2동,20865
2024,4131057000,경기도,구리시,수택1동,16630
2024,4131058000,경기도,구리시,수택2동,24190
2024,4131059000,경기도,구리시,수택3동,21021
2024,4136025000,경기도,남양주시,와부읍,58146
2024,4136025300,경기도,남양주시,진접읍,95374
2024,4136025600,경기도,남양주시,화도읍,63839
2024,4136025700,경기도,남양주시,화도읍동부출장소,13092
2024,4136025800,경기도,남양주시,화도읍남부출장소,35587
2024,4136025900,경기도,남양주시,진건읍,20236
2024,4136026200,경기도,남양주시,오남읍,51163
2024,4136026500,경기도,남양주시,퇴계원읍,26960
2024,4136031000,경기도,남양주시,별내면,18115
2024,4136034000,경기도,남양주시,수동면,8512
2024,4136036000,경기도,남양주시,조안면,3792
2024,4136051000,경기도,남양주시,호평동,55809
2024,4136052000,경기도,남양주시,평내동,37487
2024,4136053000,경기도,남양주시,금곡동,17141
2024,4136054000,경기도,남양주시,양정동,2413
2024,4136054500,경기도,남양주시,다산1동,105470
2024,4136056500,경기도,남양주시,다산2동,36533
2024,4136057000,경기도,남양주시,별내동,82813
2024,4137051000,경기도,오산시,중앙동,33547
2024,4137052300,경기도,오산시,대원1동,45786
2024,4137052600,경기도,오산시,대원2동,24479
2024,4137053000,경기도,오산시,남촌동,28081
2024,4137054300,경기도,오산시,신장1동,34836
2024,4137054600,경기도,오산시,신장2동,22899
2024,4137055000,경기도,오산시,세마동,31489
2024,4137056000,경기도,오산시,초평동,20948
2024,4139051000,경기도,시흥시,대야동,42001
2024,4139052000,경기도,시흥시,신천동,33217
2024,4139053100,경기도,시흥시,신현동,9074
2024,4139054000,경기도,시흥시,은행동,54652
2024,4139055000,경기도,시흥시,매화동,11277
2024,4139057000,경기도,시흥시,목감동,41009
2024,4139058100,경기도,시흥시,군자동,21697
2024,4139058200,경기도,시흥시,월곶동,17502
2024,4139058900,경기도,시흥시,정왕본동,17871
2024,4139059100,경기도,시흥시,정왕1동,20994
2024,4139059200,경기도,시흥시,정왕2동,27070
2024,4139059300,경기도,시흥시,정왕3동,21517
2024,4139059400,경기도,시흥시,정왕4동,19669
2024,4139059600,경기도,시흥시,배곧1동,35362
2024,4139059700,경기도,시흥시,배곧2동,35554
2024,4139062100,경기도,시흥시,과림동,1781
2024,4139063000,경기도,시흥시,연성동,23925
2024,4139063100,경기도,시흥시,장곡동,46814
2024,4139064000,경기도,시흥시,능곡동,26270
2024,4139065000,경기도,시흥시,거북섬동,10876
2024,4141051000,경기도,군포시,군포1동,31467
2024,4141052000,경기도,군포시,군포2동,41397
2024,4141054000,경기도,군포시,산본1동,14480
2024,4141055000,경기도,군포시,산본2동,25064
2024,4141056000,경기도,군포시,금정동,18961
2024,4141057000,경기도,군포시,재궁동,17092
2024,4141058000,경기도,군포시,오금동,19999
2024,4141059000,경기도,군포시,수리동,15110
2024,4141060000,경기도,군포시,궁내동,19561
2024,4141061000,경기도,군포시,대야동,9121
2024,4141062000,경기도,군포시,광정동,23283
2024,4141063000,경기도,군포시,송부동,20396
2024,4143051000,경기도,의왕시,고천동,13701
2024,4143052000,경기도,의왕시,부곡동,29232
2024,4143053000,경기도,의왕시,오전동,33584
2024,4143054000,경기도,의왕시,내손1동,19874
2024,4143055000,경기도,의왕시,내손2동,21215
2024,4143056000,경기도,의왕시,청계동,36882
2024,4145051000,경기도,하남시,천현동,5937
2024,4145052000,경기도,하남시,신장1동,6897
2024,4145053000,경기도,하남시,신장2동,45130
2024,4145054000,경기도,하남시,덕풍1동,14114
2024,4145055000,경기도,하남시,덕풍2동,17419
2024,4145056000,경기도,하남시,덕풍3동,27608
2024,4145058000,경기도,하남시,감북동,3045
2024,4145058200,경기도,하남시,감일동,39686
2024,4145058500,경기도,하남시,위례동,35297
2024,4145059000,경기도,하남시,춘궁동,1159
2024,4145060000,경기도,하남시,초이동,3068
2024,4145061000,경기도,하남시,미사1동,53637
2024,4145062000,경기도,하남시,미사2동,46514
2024,4145063000,경기도,하남시,미사3동,29609
2024,4146125000,경기도,용인시 처인구,포곡읍,31300
2024,4146125300,경기도,용인시 처인구,모현읍,27529
2024,4146125600,경기도,용인시 처인구,이동읍,19464
2024,4146125900,경기도,용인시 처인구,남사읍,23644
2024,4146134000,경기도,용인시 처인구,원삼면,7737
2024,4146135000,경기도,용인시 처인구,백암면,7901
2024,4146136000,경기도,용인시 처인구,양지면,19751
2024,4146151000,경기도,용인시 처인구,중앙동,26751
2024,4146152500,경기도,용인시 처인구,역북동,34747
2024,4146152600,경기도,용인시 처인구,삼가동,12053
2024,4146153000,경기도,용인시 처인구,유림동,50982
2024,4146154000,경기도,용인시 처인구,동부동,12303
2024,4146351000,경기도,용인시 기흥구,신갈동,36624
2024,4146351600,경기도,용인시 기흥구,영덕1동,34273
2024,4146351700,경기도,용인시 기흥구,영덕2동,19232
2024,4146352000,경기도,용인시 기흥구,구갈동,40300
2024,4146353000,경기도,용인시 기흥구,상갈동,12584
2024,4146353500,경기도,용인시 기흥구,보라동,32688
2024,4146354000,경기도,용인시 기흥구,기흥동,20924
2024,4146355000,경기도,용인시 기흥구,서농동,25005
2024,4146356000,경기도,용인시 기흥구,구성동,38760
2024,4146357000,경기도,용인시 기흥구,마북동,33564
2024,4146357200,경기도,용인시 기흥구,동백1동,31398
2024,4146357500,경기도,용인시 기흥구,동백2동,26490
2024,4146357700,경기도,용인시 기흥구,동백3동,26823
2024,4146358600,경기도,용인시 기흥구,상하동,23229
2024,4146359000,경기도,용인시 기흥구,보정동,34457
2024,4146551000,경기도,용인시 수지구,풍덕천1동,34797
2024,4146552000,경기도,용인시 수지구,풍덕천2동,41320
2024,4146553000,경기도,용인시 수지구,신봉동,41248
2024,4146554000,경기도,용인시 수지구,죽전1동,28162
2024,4146555000,경기도,용인시 수지구,죽전2동,17805
2024,4146555500,경기도,용인시 수지구,죽전3동,26441
2024,4146556000,경기도,용인시 수지구,동천동,50597
2024,4146557000,경기도,용인시 수지구,상현1동,19960
2024,4146558000,경기도,용인시 수지구,상현2동,32874
2024,4146558500,경기도,용인시 수지구,상현3동,27480
2024,4146559000,경기도,용인시 수지구,성복동,54667
2024,4148025000,경기도,파주시,문산읍,48413
2024,4148025300,경기도,파주시,파주읍,13612
2024,4148025600,경기도,파주시,법원읍,9391
2024,4148026200,경기도,파주시,조리읍,27704
2024,4148031000,경기도,파주시,월롱면,8253
2024,4148032000,경기도,파주시,탄현면,12694
2024,4148035000,경기도,파주시,광탄면,10314
2024,4148036000,경기도,파주시,파평면,3525
2024,4148037000,경기도,파주시,적성면,6625
2024,4148039000,경기도,파주시,장단면,687
2024,4148051000,경기도,파주시,금촌1동,21073
2024,4148052000,경기도,파주시,금촌2동,30613
2024,4148053000,경기도,파주시,금촌3동,24757
2024,4148054000,경기도,파주시,교하동,7131
2024,4148055000,경기도,파주시,운정1동,51824
2024,4148056000,경기도,파주시,운정2동,63984
2024,4148057000,경기도,파주시,운정3동,68374
2024,4148058000,경기도,파주시,운정4동,23719
2024,4148059000,경기도,파주시,운정5동,53658
2024,4148060000,경기도,파주시,운정6동,24957
2024,4150025000,경기도,이천시,장호원읍,14344
2024,4150025300,경기도,이천시,부발읍,37083
2024,4150031000,경기도,이천시,신둔면,13842
2024,4150032000,경기도,이천시,백사면,11798
2024,4150033000,경기도,이천시,호법면,5820
2024,4150034000,경기도,이천시,마장면,16191
2024,4150035000,경기도,이천시,대월면,14544
2024,4150036000,경기도,이천시,모가면,4070
2024,4150037000,경기도,이천시,설성면,4392
2024,4150038000,경기도,이천시,율면,2505
2024,4150051000,경기도,이천시,창전동,15664
2024,4150051500,경기도,이천시,증포동,56504
2024,4150052000,경기도,이천시,중리동,15301
2024,4150053000,경기도,이천시,관고동,10385
2024,4155025000,경기도,안성시,공도읍,66154
2024,4155031000,경기도,안성시,보개면,4945
2024,4155032000,경기도,안성시,금광면,6993
2024,4155033000,경기도,안성시,서운면,3002
2024,4155034000,경기도,안성시,미양면,5402
2024,4155035000,경기도,안성시,대덕면,14424
2024,4155036000,경기도,안성시,양성면,5013
2024,4155038000,경기도,안성시,원곡면,6271
2024,4155039000,경기도,안성시,일죽면,7027
2024,4155040000,경기도,안성시,죽산면,6567
2024,4155041000,경기도,안성시,삼죽면,3610
2024,4155042000,경기도,안성시,고삼면,1833
2024,4155051000,경기도,안성시,안성1동,11315
2024,4155052000,경기도,안성시,안성2동,26330
2024,4155053000,경기도,안성시,안성3동,25063
2024,4157025000,경기도,김포시,통진읍,34897
2024,4157025300,경기도,김포시,고촌읍,50476
2024,4157025600,경기도,김포시,양촌읍,30514
2024,4157034000,경기도,김포시,대곶면,9299
2024,4157035000,경기도,김포시,월곶면,5165
2024,4157036000,경기도,김포시,하성면,7783
2024,4157051500,경기도,김포시,김포본동,57881
2024,4157052500,경기도,김포시,장기본동,38978
2024,4157054000,경기도,김포시,사우동,20996
2024,4157055000,경기도,김포시,풍무동,59902
2024,4157056000,경기도,김포시,장기동,40517
2024,4157057000,경기도,김포시,구래동,45480
2024,4157057500,경기도,김포시,마산동,35609
2024,4157058000,경기도,김포시,운양동,49356
2024,4159025300,경기도,화성시,봉담읍,107073
2024,4159025600,경기도,화성시,우정읍,17123
2024,4159025900,경기도,화성시,향남읍,85654
2024,4159026200,경기도,화성시,남양읍,59873
2024,4159031000,경기도,화성시,매송면,6446
2024,4159032000,경기도,화성시,비봉면,8829
2024,4159033000,경기도,화성시,마도면,6623
2024,4159034000,경기도,화성시,송산면,10593
2024,4159035000,경기도,화성시,서신면,7178
2024,4159036000,경기도,화성시,팔탄면,9411
2024,4159037000,경기도,화성시,장안면,9610
2024,4159040000,경기도,화성시,양감면,3890
2024,4159041000,경기도,화성시,정남면,10621
2024,4159051500,경기도,화성시,새솔동,26950
2024,4159052000,경기도,화성시,진안동,49829
2024,4159053000,경기도,화성시,병점1동,36283
2024,4159054000,경기도,화성시,병점2동,22523
2024,4159055000,경기도,화성시,반월동,37130
2024,4159056000,경기도,화성시,기배동,15922
2024,4159057000,경기도,화성시,화산동,27763
2024,4159058500,경기도,화성시,동탄1동,50082
2024,4159058600,경기도,화성시,동탄2동,34228
2024,4159058700,경기도,화성시,동탄3동,40399
2024,4159058800,경기도,화성시,동탄4동,53359
2024,4159059000,경기도,화성시,동탄5동,47759
2024,4159060000,경기도,화성시,동탄6동,44191
2024,4159061000,경기도,화성시,동탄7동,56970
2024,4159062000,경기도,화성시,동탄8동,37298
2024,4159063000,경기도,화성시,동탄9동,45211
2024,4161025300,경기도,광주시,초월읍,51761
2024,4161025900,경기도,광주시,곤지암읍,21474
2024,4161033000,경기도,광주시,도척면,9096
2024,4161034000,경기도,광주시,퇴촌면,15543
2024,4161035000,경기도,광주시,남종면,1385
2024,4161037000,경기도,광주시,남한산성면,2241
2024,4161051000,경기도,광주시,경안동,28096
2024,4161052000,경기도,광주시,송정동,22818
2024,4161054000,경기도,광주시,쌍령동,17409
2024,4161055000,경기도,광주시,탄벌동,42275
2024,4161056000,경기도,광주시,광남1동,31589
2024,4161057000,경기도,광주시,광남2동,33120
2024,4161058000,경기도,광주시,오포1동,30058
2024,4161059000,경기도,광주시,오포2동,32473
2024,4161060000,경기도,광주시,신현동,35708
2024,4161061000,경기도,광주시,능평동,22559
2024,4163025000,경기도,양주시,백석읍,25418
2024,4163031000,경기도,양주시,은현면,5173
2024,4163032000,경기도,양주시,남면,6151
2024,4163033000,경기도,양주시,광적면,10681
2024,4163034000,경기도,양주시,장흥면,11913
2024,4163051000,경기도,양주시,양주1동,4538
2024,4163052000,경기도,양주시,양주2동,49331
2024,4163053000,경기도,양주시,회천1동,8694
2024,4163054000,경기도,양주시,회천2동,45211
2024,4163055000,경기도,양주시,회천3동,24986
2024,4163057000,경기도,양주시,옥정1동,39307
2024,4163058000,경기도,양주시,옥정2동,57602
2024,4165025000,경기도,포천시,소흘읍,42483
2024,4165031000,경기도,포천시,군내면,9845
2024,4165032000,경기도,포천시,내촌면,4187
2024,4165033000,경기도,포천시,가산면,6967
2024,4165034000,경기도,포천시,신북면,11258
2024,4165035000,경기도,포천시,창수면,2025
2024,4165036000,경기도,포천시,영중면,4526
2024,4165037000,경기도,포천시,일동면,8827
2024,4165038000,경기도,포천시,이동면,5569
2024,4165039000,경기도,포천시,영북면,7418
2024,4165040000,경기도,포천시,관인면,2527
2024,4165041000,경기도,포천시,화현면,2413
2024,4165051000,경기도,포천시,포천동,19330
2024,4165052000,경기도,포천시,선단동,14088
2024,4167025000,경기도,여주시,가남읍,14167
2024,4167031000,경기도,여주시,점동면,4647
2024,4167032000,경기도,여주시,흥천면,4936
2024,4167033000,경기도,여주시,금사면,2861
2024,4167034500,경기도,여주시,세종대왕면,5759
2024,4167035000,경기도,여주시,대신면,6551
2024,4167036000,경기도,여주시,북내면,4674
2024,4167037000,경기도,여주시,강천면,4312
2024,4167038000,경기도,여주시,산북면,2479
2024,4167051000,경기도,여주시,여흥동,20632
2024,4167052000,경기도,여주시,중앙동,25405
2024,4167053000,경기도,여주시,오학동,18187
2024,4180025000,경기도,연천군,연천읍,7829
2024,4180025300,경기도,연천군,전곡읍,17655
2024,4180031000,경기도,연천군,군남면,2960
2024,4180032000,경기도,연천군,청산면,4068
2024,4180033000,경기도,연천군,백학면,2455
2024,4180034000,경기도,연천군,미산면,1659
2024,4180035000,경기도,연천군,왕징면,967
2024,4180036000,경기도,연천군,신서면,2401
2024,4180037000,경기도,연천군,중면,165
2024,4180038000,경기도,연천군,장남면,707
2024,4182025000,경기도,가평군,가평읍,21282
2024,4182031000,경기도,가평군,설악면,9683
2024,4182032500,경기도,가평군,청평면,13405
2024,4182033000,경기도,가평군,상면,5399
2024,4182034500,경기도,가평군,조종면,9205
2024,4182035000,경기도,가평군,북면,3553
2024,4183025000,경기도,양평군,양평읍,37683
2024,4183031000,경기도,양평군,강상면,10144
2024,4183032000,경기도,양평군,강하면,4847
2024,4183033000,경기도,양평군,양서면,13847
2024,4183034000,경기도,양평군,옥천면,8021
2024,4183035000,경기도,양평군,서종면,9884
2024,4183036000,경기도,양평군,단월면,3916
2024,4183037000,경기도,양평군,청운면,3726
2024,4183038000,경기도,양평군,양동면,4534
2024,4183039500,경기도,양평군,지평면,6638
2024,4183040000,경기도,양평군,용문면,18462
2024,4183041000,경기도,양평군,개군면,5102
2024,4311131000,충청북도,청주시 상당구,낭성면,2096
2024,4311132000,충청북도,청주시 상당구,미원면,4569
2024,4311133000,충청북도,청주시 상당구,가덕면,3674
2024,4311134000,충청북도,청주시 상당구,남일면,6430
2024,4311135000,충청북도,청주시 상당구,문의면,3586
2024,4311152500,충청북도,청주시 상당구,중앙동,6466
2024,4311154500,충청북도,청주시 상당구,성안동,6311
2024,4311162000,충청북도,청주시 상당구,탑대성동,11374
2024,4311167000,충청북도,청주시 상당구,영운동,9836
2024,4311168000,충청북도,청주시 상당구,금천동,29121
2024,4311169000,충청북도,청주시 상당구,용담명암산성동,12640
2024,4311172000,충청북도,청주시 상당구,용암1동,57520
2024,4311173000,충청북도,청주시 상당구,용암2동,44329
2024,4311231000,충청북도,청주시 서원구,남이면,9740
2024,4311232000,충청북도,청주시 서원구,현도면,2990
2024,4311251000,충청북도,청주시 서원구,사직1동,4092
2024,4311252000,충청북도,청주시 서원구,사직2동,11560
2024,4311253000,충청북도,청주시 서원구,사창동,14129
2024,4311254000,충청북도,청주시 서원구,모충동,16632
2024,4311255000,충청북도,청주시 서원구,산남동,25054
2024,4311256000,충청북도,청주시 서원구,분평동,28203
2024,4311257000,충청북도,청주시 서원구,수곡1동,12613
2024,4311258000,충청북도,청주시 서원구,수곡2동,14883
2024,4311259000,충청북도,청주시 서원구,성화개신죽림동,41725
2024,4311325000,충청북도,청주시 흥덕구,오송읍,41899
2024,4311331000,충청북도,청주시 흥덕구,강내면,10173
2024,4311332000,충청북도,청주시 흥덕구,옥산면,17214
2024,4311370000,충청북도,청주시 흥덕구,운천신봉동,13801
2024,4311374100,충청북도,청주시 흥덕구,복대1동,51137
2024,4311374200,충청북도,청주시 흥덕구,복대2동,15067
2024,4311374700,충청북도,청주시 흥덕구,가경동,53379
2024,4311375100,충청북도,청주시 흥덕구,봉명1동,12860
2024,4311375600,충청북도,청주시 흥덕구,봉명2송정동,23311
2024,4311376000,충청북도,청주시 흥덕구,강서1동,30661
2024,4311377000,충청북도,청주시 흥덕구,강서2동,16336
2024,4311425000,충청북도,청주시 청원구,내수읍,18976
2024,4311425300,충청북도,청주시 청원구,오창읍,68626
2024,4311431000,충청북도,청주시 청원구,북이면,4172
2024,4311451000,충청북도,청주시 청원구,우암동,12011
2024,4311452000,충청북도,청주시 청원구,내덕1동,7779
2024,4311453000,충청북도,청주시 청원구,내덕2동,12839
2024,4311454000,충청북도,청주시 청원구,율량사천동,47107
2024,4311455000,충청북도,청주시 청원구,오근장동,17616
2024,4313025000,충청북도,충주시,주덕읍,6395
2024,4313031000,충청북도,충주시,살미면,1923
2024,4313032500,충청북도,충주시,수안보면,2763
2024,4313033500,충청북도,충주시,대소원면,9868
2024,4313035000,충청북도,충주시,신니면,2703
2024,4313036000,충청북도,충주시,노은면,2159
2024,4313037000,충청북도,충주시,앙성면,3879
2024,4313038500,충청북도,충주시,중앙탑면,14720
2024,4313039000,충청북도,충주시,금가면,3835
2024,4313040000,충청북도,충주시,동량면,3395
2024,4313041000,충청북도,충주시,산척면,2162
2024,4313042000,충청북도,충주시,엄정면,2986
2024,4313043000,충청북도,충주시,소태면,1839
2024,4313051500,충청북도,충주시,성내.충인동,2402
2024,4313053500,충청북도,충주시,교현.안림동,22188
2024,4313054000,충청북도,충주시,교현2동,6231
2024,4313055000,충청북도,충주시,용산동,13956
2024,4313056000,충청북도,충주시,지현동,4868
2024,4313057100,충청북도,충주시,문화동,8774
2024,4313058000,충청북도,충주시,호암.직동,22243
2024,4313060500,충청북도,충주시,달천동,3991
2024,4313061000,충청북도,충주시,봉방동,9186
2024,4313062500,충청북도,충주시,칠금.금릉동,13640
2024,4313063000,충청북도,충주시,연수동,34912
2024,4313064000,충청북도,충주시,목행.용탄동,6223
2024,4315025000,충청북도,제천시,봉양읍,6579
2024,4315031000,충청북도,제천시,금성면,1764
2024,4315032000,충청북도,제천시,청풍면,1261
2024,4315033000,충청북도,제천시,수산면,1981
2024,4315034000,충청북도,제천시,덕산면,2088
2024,4315035000,충청북도,제천시,한수면,664
2024,4315036000,충청북도,제천시,백운면,3312
2024,4315038000,충청북도,제천시,송학면,4634
2024,4315051000,충청북도,제천시,교동,18395
2024,4315051800,충청북도,제천시,의림지동,9796
2024,4315052800,충청북도,제천시,중앙동,5338
2024,4315053700,충청북도,제천시,남현동,4655
2024,4315054700,충청북도,제천시,영서동,9775
2024,4315056000,충청북도,제천시,용두동,18504
2024,4315057700,충청북도,제천시,신백동,10475
2024,4315059000,충청북도,제천시,청전동,14699
2024,4315060500,충청북도,제천시,화산동,14649
2024,4372025000,충청북도,보은군,보은읍,14195
2024,4372031500,충청북도,보은군,속리산면,1690
2024,4372032500,충청북도,보은군,장안면,1392
2024,4372033000,충청북도,보은군,마로면,2062
2024,4372034000,충청북도,보은군,탄부면,1547
2024,4372035000,충청북도,보은군,삼승면,2179
2024,4372036000,충청북도,보은군,수한면,1772
2024,4372037000,충청북도,보은군,회남면,715
2024,4372038500,충청북도,보은군,회인면,1678
2024,4372039000,충청북도,보은군,내북면,1617
2024,4372040000,충청북도,보은군,산외면,1680
2024,4373025000,충청북도,옥천군,옥천읍,28072
2024,4373031000,충청북도,옥천군,동이면,3062
2024,4373032000,충청북도,옥천군,안남면,1334
2024,4373033000,충청북도,옥천군,안내면,1874
2024,4373034000,충청북도,옥천군,청성면,2271
2024,4373035000,충청북도,옥천군,청산면,2795
2024,4373036000,충청북도,옥천군,이원면,3860
2024,4373037000,충청북도,옥천군,군서면,2064
2024,4373038000,충청북도,옥천군,군북면,2872
2024,4374025000,충청북도,영동군,영동읍,19245
2024,4374031000,충청북도,영동군,용산면,3204
2024,4374032000,충청북도,영동군,황간면,3906
2024,4374033500,충청북도,영동군,추풍령면,2137
2024,4374034000,충청북도,영동군,매곡면,1796
2024,4374035000,충청북도,영동군,상촌면,2141
2024,4374036000,충청북도,영동군,양강면,2946
2024,4374037000,충청북도,영동군,용화면,914
2024,4374038000,충청북도,영동군,학산면,2591
2024,4374039000,충청북도,영동군,양산면,1732
2024,4374040000,충청북도,영동군,심천면,2939
2024,4374525000,충청북도,증평군,증평읍,35496
2024,4374531000,충청북도,증평군,도안면,1675
2024,4375025000,충청북도,진천군,진천읍,29558
2024,4375025300,충청북도,진천군,덕산읍,31357
2024,4375032000,충청북도,진천군,초평면,2941
2024,4375033000,충청북도,진천군,문백면,3333
2024,4375034000,충청북도,진천군,백곡면,2051
2024,4375035000,충청북도,진천군,이월면,6398
2024,4375037000,충청북도,진천군,광혜원면,10899
2024,4376025000,충청북도,괴산군,괴산읍,9218
2024,4376031000,충청북도,괴산군,감물면,2011
2024,4376032000,충청북도,괴산군,장연면,1892
2024,4376033000,충청북도,괴산군,연풍면,2196
2024,4376034000,충청북도,괴산군,칠성면,3093
2024,4376035000,충청북도,괴산군,문광면,2151
2024,4376036000,충청북도,괴산군,청천면,5057
2024,4376037000,충청북도,괴산군,청안면,3282
2024,4376039000,충청북도,괴산군,사리면,2555
2024,4376040000,충청북도,괴산군,소수면,2149
2024,4376041000,충청북도,괴산군,불정면,2648
2024,4377025000,충청북도,음성군,음성읍,16118
2024,4377025300,충청북도,음성군,금왕읍,18837
2024,4377031000,충청북도,음성군,소이면,2759
2024,4377032000,충청북도,음성군,원남면,3014
2024,4377033000,충청북도,음성군,맹동면,13022
2024,4377034000,충청북도,음성군,대소면,17015
2024,4377035000,충청북도,음성군,삼성면,6383
2024,4377036000,충청북도,음성군,생극면,4398
2024,4377037000,충청북도,음성군,감곡면,9690
2024,4380025000,충청북도,단양군,단양읍,10187
2024,4380025300,충청북도,단양군,매포읍,4853
2024,4380031000,충청북도,단양군,대강면,2314
2024,4380032000,충청북도,단양군,가곡면,1995
2024,4380033000,충청북도,단양군,영춘면,3082
2024,4380034000,충청북도,단양군,어상천면,1841
2024,4380035000,충청북도,단양군,적성면,1453
2024,4380036000,충청북도,단양군,단성면,1627
2024,4413125000,충청남도,천안시 동남구,목천읍,22472
2024,4413131000,충청남도,천안시 동남구,풍세면,9964
2024,4413132000,충청남도,천안시 동남구,광덕면,4060
2024,4413133000,충청남도,천안시 동남구,북면,4189
2024,4413134000,충청남도,천안시 동남구,성남면,2865
2024,4413135000,충청남도,천안시 동남구,수신면,2100
2024,4413136000,충청남도,천안시 동남구,병천면,6045
2024,4413137000,충청남도,천안시 동남구,동면,1927
2024,4413151000,충청남도,천안시 동남구,중앙동,4766
2024,4413152000,충청남도,천안시 동남구,문성동,7836
2024,4413153000,충청남도,천안시 동남구,원성1동,7843
2024,4413154000,충청남도,천안시 동남구,원성2동,8949
2024,4413155000,충청남도,천안시 동남구,봉명동,16238
2024,4413156000,충청남도,천안시 동남구,일봉동,23264
2024,4413157000,충청남도,천안시 동남구,신방동,43069
2024,4413158000,충청남도,천안시 동남구,청룡동,58233
2024,4413159000,충청남도,천안시 동남구,신안동,37352
2024,4413325000,충청남도,천안시 서북구,성환읍,22136
2024,4413325300,충청남도,천안시 서북구,성거읍,21779
2024,4413325600,충청남도,천안시 서북구,직산읍,19473
2024,4413331000,충청남도,천안시 서북구,입장면,7776
2024,4413351000,충청남도,천안시 서북구,성정1동,16785
2024,4413352000,충청남도,천안시 서북구,성정2동,24909
2024,4413353000,충청남도,천안시 서북구,쌍용1동,12726
2024,4413354000,충청남도,천안시 서북구,쌍용2동,34724
2024,4413355000,충청남도,천안시 서북구,쌍용3동,17318
2024,4413356000,충청남도,천안시 서북구,백석동,39464
2024,4413356600,충청남도,천안시 서북구,불당1동,31709
2024,4413356700,충청남도,천안시 서북구,불당2동,37213
2024,4413358000,충청남도,천안시 서북구,부성1동,50670
2024,4413359000,충청남도,천안시 서북구,부성2동,62066
2024,4415025000,충청남도,공주시,유구읍,6836
2024,4415031000,충청남도,공주시,이인면,2950
2024,4415032000,충청남도,공주시,탄천면,2732
2024,4415033000,충청남도,공주시,계룡면,5116
2024,4415034000,충청남도,공주시,반포면,4013
2024,4415036000,충청남도,공주시,의당면,4329
2024,4415037000,충청남도,공주시,정안면,4570
2024,4415038000,충청남도,공주시,우성면,4830
2024,4415039000,충청남도,공주시,사곡면,2721
2024,4415040000,충청남도,공주시,신풍면,3017
2024,4415051000,충청남도,공주시,중학동,4224
2024,4415054000,충청남도,공주시,웅진동,7409
2024,4415055000,충청남도,공주시,금학동,5268
2024,4415056000,충청남도,공주시,옥룡동,7089
2024,4415057000,충청남도,공주시,신관동,19447
2024,4415059000,충청남도,공주시,월송동,16734
2024,4418025000,충청남도,보령시,웅천읍,5630
2024,4418031000,충청남도,보령시,주포면,1497
2024,4418032000,충청남도,보령시,오천면,1993
2024,4418032500,충청남도,보령시,오천면어항출장소,1486
2024,4418032900,충청남도,보령시,원산출장소,1017
2024,4418033000,충청남도,보령시,천북면,3143
2024,4418034000,충청남도,보령시,청소면,2328
2024,4418035000,충청남도,보령시,청라면,3505
2024,4418036000,충청남도,보령시,남포면,4753
2024,4418038000,충청남도,보령시,주산면,2201
2024,4418039000,충청남도,보령시,미산면,1602
2024,4418040000,충청남도,보령시,성주면,1928
2024,4418041000,충청남도,보령시,주교면,4851
2024,4418051500,충청남도,보령시,대천1동,12761
2024,4418052500,충청남도,보령시,대천2동,6110
2024,4418053500,충청남도,보령시,대천3동,15462
2024,4418054500,충청남도,보령시,대천4동,17730
2024,4418056500,충청남도,보령시,대천5동,5783
2024,4420025000,충청남도,아산시,염치읍,5792
2024,4420025300,충청남도,아산시,배방읍,90338
2024,4420031000,충청남도,아산시,송악면,3995
2024,4420033000,충청남도,아산시,탕정면,46251
2024,4420035000,충청남도,아산시,음봉면,23095
2024,4420036000,충청남도,아산시,둔포면,23696
2024,4420037000,충청남도,아산시,영인면,5248
2024,4420038000,충청남도,아산시,인주면,5653
2024,4420039000,충청남도,아산시,선장면,2842
2024,4420040000,충청남도,아산시,도고면,4191
2024,4420041000,충청남도,아산시,신창면,22379
2024,4420057000,충청남도,아산시,온양1동,9675
2024,4420058000,충청남도,아산시,온양2동,9732
2024,4420059000,충청남도,아산시,온양3동,38816
2024,4420060000,충청남도,아산시,온양4동,15866
2024,4420061000,충청남도,아산시,온양5동,21050
2024,4420062000,충청남도,아산시,온양6동,26395
2024,4421025000,충청남도,서산시,대산읍,12507
2024,4421031000,충청남도,서산시,인지면,7013
2024,4421032000,충청남도,서산시,부석면,5065
2024,4421033000,충청남도,서산시,팔봉면,3218
2024,4421034000,충청남도,서산시,지곡면,7732
2024,4421036000,충청남도,서산시,성연면,16916
2024,4421037000,충청남도,서산시,음암면,9027
2024,4421038000,충청남도,서산시,운산면,4871
2024,4421039000,충청남도,서산시,해미면,7024
2024,4421040000,충청남도,서산시,고북면,5689
2024,4421051000,충청남도,서산시,부춘동,17700
2024,4421052500,충청남도,서산시,동문1동,17397
2024,4421053500,충청남도,서산시,동문2동,8181
2024,4421054000,충청남도,서산시,수석동,17502
2024,4421055000,충청남도,서산시,석남동,34603
2024,4423025000,충청남도,논산시,강경읍,7261
2024,4423025300,충청남도,논산시,연무읍,12559
2024,4423031000,충청남도,논산시,성동면,3735
2024,4423032000,충청남도,논산시,광석면,3882
2024,4423033000,충청남도,논산시,노성면,2707
2024,4423034000,충청남도,논산시,상월면,3336
2024,4423035000,충청남도,논산시,부적면,3277
2024,4423036000,충청남도,논산시,연산면,5703
2024,4423038000,충청남도,논산시,벌곡면,2303
2024,4423039000,충청남도,논산시,양촌면,5808
2024,4423040000,충청남도,논산시,가야곡면,3130
2024,4423041000,충청남도,논산시,은진면,3746
2024,4423042000,충청남도,논산시,채운면,2044
2024,4423051000,충청남도,논산시,취암동,34145
2024,4423052000,충청남도,논산시,부창동,14893
2024,4425031000,충청남도,계룡시,두마면,14074
2024,4425031500,충청남도,계룡시,엄사면,16804
2024,4425033000,충청남도,계룡시,신도안면,7589
2024,4425051000,충청남도,계룡시,금암동,8073
2024,4427025000,충청남도,당진시,합덕읍,7858
2024,4427025300,충청남도,당진시,송악읍,28983
2024,4427031000,충청남도,당진시,고대면,5834
2024,4427032000,충청남도,당진시,석문면,8245
2024,4427033000,충청남도,당진시,대호지면,2224
2024,4427034000,충청남도,당진시,정미면,3452
2024,4427035000,충청남도,당진시,면천면,3286
2024,4427036000,충청남도,당진시,순성면,4684
2024,4427037000,충청남도,당진시,우강면,5225
2024,4427038000,충청남도,당진시,신평면,14426
2024,4427039000,충청남도,당진시,송산면,11285
2024,4427051000,충청남도,당진시,당진1동,38651
2024,4427052000,충청남도,당진시,당진2동,21981
2024,4427053000,충청남도,당진시,당진3동,15797
2024,4471025000,충청남도,금산군,금산읍,22600
2024,4471031000,충청남도,금산군,금성면,3039
2024,4471032000,충청남도,금산군,제원면,2708
2024,4471033000,충청남도,금산군,부리면,2345
2024,4471034000,충청남도,금산군,군북면,2317
2024,4471035000,충청남도,금산군,남일면,2761
2024,4471036000,충청남도,금산군,남이면,1971
2024,4471037000,충청남도,금산군,진산면,3100
2024,4471038000,충청남도,금산군,복수면,2857
2024,4471039000,충청남도,금산군,추부면,5917
2024,4476025000,충청남도,부여군,부여읍,18022
2024,4476031000,충청남도,부여군,규암면,11433
2024,4476032000,충청남도,부여군,은산면,3522
2024,4476033000,충청남도,부여군,외산면,2159
2024,4476034000,충청남도,부여군,내산면,1454
2024,4476035000,충청남도,부여군,구룡면,2178
2024,4476036000,충청남도,부여군,홍산면,2576
2024,4476037000,충청남도,부여군,옥산면,1335
2024,4476038000,충청남도,부여군,남면,1716
2024,4476039000,충청남도,부여군,충화면,1054
2024,4476040000,충청남도,부여군,양화면,1559
2024,4476041000,충청남도,부여군,임천면,2617
2024,4476042000,충청남도,부여군,장암면,2471
2024,4476043000,충청남도,부여군,세도면,2885
2024,4476044000,충청남도,부여군,석성면,2637
2024,4476045000,충청남도,부여군,초촌면,1932
2024,4477025000,충청남도,서천군,장항읍,10739
2024,4477025300,충청남도,서천군,서천읍,12741
2024,4477031000,충청남도,서천군,마서면,4504
2024,4477032000,충청남도,서천군,화양면,2049
2024,4477033000,충청남도,서천군,기산면,1457
2024,4477034000,충청남도,서천군,한산면,2300
2024,4477035000,충청남도,서천군,마산면,1386
2024,4477036000,충청남도,서천군,시초면,1156
2024,4477037000,충청남도,서천군,문산면,1179
2024,4477038000,충청남도,서천군,판교면,1915
2024,4477039000,충청남도,서천군,종천면,1963
2024,4477040000,충청남도,서천군,비인면,2791
2024,4477041000,충청남도,서천군,서면,4024
2024,4479025000,충청남도,청양군,청양읍,10098
2024,4479031000,충청남도,청양군,운곡면,1982
2024,4479032000,충청남도,청양군,대치면,2167
2024,4479033000,충청남도,청양군,정산면,3364
2024,4479034000,충청남도,청양군,목면,1442
2024,4479035000,충청남도,청양군,청남면,1752
2024,4479036000,충청남도,청양군,장평면,2197
2024,4479037000,충청남도,청양군,남양면,2575
2024,4479038000,충청남도,청양군,화성면,2017
2024,4479039000,충청남도,청양군,비봉면,2064
2024,4480025000,충청남도,홍성군,홍성읍,35162
2024,4480025300,충청남도,홍성군,광천읍,7424
2024,4480025600,충청남도,홍성군,홍북읍,33771
2024,4480032000,충청남도,홍성군,금마면,3248
2024,4480033000,충청남도,홍성군,홍동면,3276
2024,4480034000,충청남도,홍성군,장곡면,2714
2024,4480035000,충청남도,홍성군,은하면,2057
2024,4480036000,충청남도,홍성군,결성면,1941
2024,4480037000,충청남도,홍성군,서부면,2991
2024,4480038000,충청남도,홍성군,갈산면,3334
2024,4480039000,충청남도,홍성군,구항면,3280
2024,4481025000,충청남도,예산군,예산읍,30000
2024,4481025300,충청남도,예산군,삽교읍,17185
2024,4481031000,충청남도,예산군,대술면,2283
2024,4481032000,충청남도,예산군,신양면,2863
2024,4481033000,충청남도,예산군,광시면,2849
2024,4481034000,충청남도,예산군,대흥면,1649
2024,4481035000,충청남도,예산군,응봉면,2324
2024,4481036000,충청남도,예산군,덕산면,6234
2024,4481037000,충청남도,예산군,봉산면,2313
2024,4481038000,충청남도,예산군,고덕면,4116
2024,4481039000,충청남도,예산군,신암면,3143
2024,4481040000,충청남도,예산군,오가면,3813
2024,4482525000,충청남도,태안군,태안읍,28864
2024,4482525300,충청남도,태안군,안면읍,7944
2024,4482531000,충청남도,태안군,고남면,2241
2024,4482532000,충청남도,태안군,남면,4198
2024,4482533000,충청남도,태안군,근흥면,5328
2024,4482534000,충청남도,태안군,소원면,5122
2024,4482535000,충청남도,태안군,원북면,4281
2024,4482536000,충청남도,태안군,이원면,2155
2024,4611051000,전라남도,목포시,용당1동,9362
2024,4611052000,전라남도,목포시,용당2동,4467
2024,4611053500,전라남도,목포시,연동,3908
2024,4611054500,전라남도,목포시,산정동,8893
2024,4611055400,전라남도,목포시,연산동,10135
2024,4611055800,전라남도,목포시,원산동,11556
2024,4611056500,전라남도,목포시,대성동,4751
2024,4611059500,전라남도,목포시,목원동,6230
2024,4611064000,전라남도,목포시,동명동,4597
2024,4611064500,전라남도,목포시,삼학동,5544
2024,4611065500,전라남도,목포시,만호동,2356
2024,4611066000,전라남도,목포시,유달동,3793
2024,4611069500,전라남도,목포시,죽교동,2704
2024,4611070500,전라남도,목포시,북항동,8423
2024,4611074500,전라남도,목포시,용해동,15853
2024,4611075000,전라남도,목포시,이로동,10111
2024,4611075600,전라남도,목포시,상동,21816
2024,4611075700,전라남도,목포시,하당동,14041
2024,4611075800,전라남도,목포시,신흥동,16136
2024,4611078000,전라남도,목포시,삼향동,4360
2024,4611079000,전라남도,목포시,옥암동,10658
2024,4611080000,전라남도,목포시,부흥동,7947
2024,4611081000,전라남도,목포시,부주동,22249
2024,4613025000,전라남도,여수시,돌산읍,2366
2024,4613025100,전라남도,여수시,돌산읍우두출장소,8007
2024,4613025200,전라남도,여수시,돌산읍죽포출장소,1793
2024,4613031000,전라남도,여수시,소라면,21565
2024,4613032000,전라남도,여수시,율촌면,5965
2024,4613033000,전라남도,여수시,화양면,6051
2024,4613034000,전라남도,여수시,남면,2654
2024,4613035000,전라남도,여수시,화정면,1265
2024,4613035600,전라남도,여수시,화정면개도출장소,756
2024,4613036000,전라남도,여수시,삼산면,1960
2024,4613051500,전라남도,여수시,동문동,3959
2024,4613053500,전라남도,여수시,한려동,2667
2024,4613057000,전라남도,여수시,중앙동,3749
2024,4613060000,전라남도,여수시,충무동,3410
2024,4613062500,전라남도,여수시,광림동,5396
2024,4613063500,전라남도,여수시,서강동,3831
2024,4613065500,전라남도,여수시,대교동,4586
2024,4613067000,전라남도,여수시,국동,10212
2024,4613068500,전라남도,여수시,월호동,7165
2024,4613070000,전라남도,여수시,여서동,15972
2024,4613071000,전라남도,여수시,문수동,18752
2024,4613073000,전라남도,여수시,미평동,11185
2024,4613074000,전라남도,여수시,둔덕동,9505
2024,4613076500,전라남도,여수시,만덕동,10162
2024,4613078000,전라남도,여수시,쌍봉동,31342
2024,4613079000,전라남도,여수시,시전동,43596
2024,4613080000,전라남도,여수시,여천동,19265
2024,4613081000,전라남도,여수시,주삼동,7574
2024,4613082000,전라남도,여수시,삼일동,2030
2024,4613083000,전라남도,여수시,묘도동,1076
2024,4615025000,전라남도,순천시,승주읍,2393
2024,4615031000,전라남도,순천시,해룡면,4152
2024,4615031500,전라남도,순천시,해룡면상삼출장소,18194
2024,4615031600,전라남도,순천시,해룡면신대출장소,32680
2024,4615032000,전라남도,순천시,서면,15342
2024,4615033000,전라남도,순천시,황전면,2660
2024,4615034000,전라남도,순천시,월등면,1626
2024,4615035000,전라남도,순천시,주암면,2879
2024,4615036000,전라남도,순천시,송광면,1360
2024,4615037000,전라남도,순천시,외서면,759
2024,4615038000,전라남도,순천시,낙안면,2874
2024,4615039000,전라남도,순천시,별량면,5173
2024,4615040000,전라남도,순천시,상사면,2802
2024,4615051500,전라남도,순천시,향동,3194
2024,4615054000,전라남도,순천시,매곡동,6340
2024,4615055000,전라남도,순천시,삼산동,29027
2024,4615056000,전라남도,순천시,조곡동,7156
2024,4615057000,전라남도,순천시,덕연동,39899
2024,4615058000,전라남도,순천시,풍덕동,6849
2024,4615059000,전라남도,순천시,남제동,7627
2024,4615060000,전라남도,순천시,저전동,2533
2024,4615061000,전라남도,순천시,장천동,1877
2024,4615062000,전라남도,순천시,중앙동,2536
2024,4615063500,전라남도,순천시,도사동,17043
2024,4615066100,전라남도,순천시,왕조1동,42370
2024,4615066500,전라남도,순천시,왕조2동,16984
2024,4617025000,전라남도,나주시,남평읍,11711
2024,4617031000,전라남도,나주시,세지면,2336
2024,4617032000,전라남도,나주시,왕곡면,2584
2024,4617033000,전라남도,나주시,반남면,1264
2024,4617034000,전라남도,나주시,공산면,2134
2024,4617035000,전라남도,나주시,동강면,2252
2024,4617036000,전라남도,나주시,다시면,3322
2024,4617037000,전라남도,나주시,문평면,1764
2024,4617038000,전라남도,나주시,노안면,4199
2024,4617039000,전라남도,나주시,금천면,6850
2024,4617040000,전라남도,나주시,산포면,3087
2024,4617042000,전라남도,나주시,다도면,1788
2024,4617043000,전라남도,나주시,봉황면,3842
2024,4617051000,전라남도,나주시,송월동,7946
2024,4617052000,전라남도,나주시,영강동,2608
2024,4617054000,전라남도,나주시,금남동,4401
2024,4617055000,전라남도,나주시,성북동,8212
2024,4617058000,전라남도,나주시,영산동,2784
2024,4617060000,전라남도,나주시,이창동,3183
2024,4617062000,전라남도,나주시,빛가람동,40387
2024,4623025000,전라남도,광양시,광양읍,47953
2024,4623031000,전라남도,광양시,봉강면,1998
2024,4623032000,전라남도,광양시,옥룡면,2848
2024,4623033000,전라남도,광양시,옥곡면,4714
2024,4623034000,전라남도,광양시,진상면,2507
2024,4623035000,전라남도,광양시,진월면,2507
2024,4623036000,전라남도,광양시,다압면,1612
2024,4623051500,전라남도,광양시,골약동,11939
2024,4623053000,전라남도,광양시,중마동,57034
2024,4623054000,전라남도,광양시,광영동,10376
2024,4623055000,전라남도,광양시,금호동,9729
2024,4623057000,전라남도,광양시,태인동,1475
2024,4671025000,전라남도,담양군,담양읍,14964
2024,4671031000,전라남도,담양군,봉산면,2575
2024,4671032000,전라남도,담양군,고서면,2903
2024,4671033500,전라남도,담양군,가사문학면,1181
2024,4671034000,전라남도,담양군,창평면,3509
2024,4671035000,전라남도,담양군,대덕면,1851
2024,4671036000,전라남도,담양군,무정면,2343
2024,4671037000,전라남도,담양군,금성면,2431
2024,4671038000,전라남도,담양군,용면,1764
2024,4671039000,전라남도,담양군,월산면,2276
2024,4671040000,전라남도,담양군,수북면,4733
2024,4671041000,전라남도,담양군,대전면,4093
2024,4672025000,전라남도,곡성군,곡성읍,7595
2024,4672031000,전라남도,곡성군,오곡면,1762
2024,4672032000,전라남도,곡성군,삼기면,1618
2024,4672033000,전라남도,곡성군,석곡면,2142
2024,4672034000,전라남도,곡성군,목사동면,1303
2024,4672035000,전라남도,곡성군,죽곡면,1863
2024,4672036000,전라남도,곡성군,고달면,1080
2024,4672037000,전라남도,곡성군,옥과면,3922
2024,4672038000,전라남도,곡성군,입면,2256
2024,4672039000,전라남도,곡성군,겸면,1591
2024,4672040000,전라남도,곡성군,오산면,1434
2024,4673025000,전라남도,구례군,구례읍,10262
2024,4673031000,전라남도,구례군,문척면,1279
2024,4673032000,전라남도,구례군,간전면,1408
2024,4673033000,전라남도,구례군,토지면,2419
2024,4673034000,전라남도,구례군,마산면,2383
2024,4673035000,전라남도,구례군,광의면,2145
2024,4673036000,전라남도,구례군,용방면,1314
2024,4673037000,전라남도,구례군,산동면,2815
2024,4677025000,전라남도,고흥군,고흥읍,12425
2024,4677025300,전라남도,고흥군,도양읍,9369
2024,4677025400,전라남도,고흥군,도양읍소록출장소,522
2024,4677025500,전라남도,고흥군,도양읍시산출장소,191
2024,4677031000,전라남도,고흥군,풍양면,2879
2024,4677032000,전라남도,고흥군,도덕면,2713
2024,4677033000,전라남도,고흥군,금산면,4008
2024,4677034000,전라남도,고흥군,도화면,3584
2024,4677035000,전라남도,고흥군,포두면,4548
2024,4677036000,전라남도,고흥군,봉래면,1814
2024,4677037000,전라남도,고흥군,점암면,2528
2024,4677038000,전라남도,고흥군,과역면,3042
2024,4677039000,전라남도,고흥군,남양면,2156
2024,4677040000,전라남도,고흥군,동강면,2893
2024,4677041000,전라남도,고흥군,대서면,2091
2024,4677042000,전라남도,고흥군,두원면,2824
2024,4677044000,전라남도,고흥군,영남면,1195
2024,4677045000,전라남도,고흥군,동일면,1408
2024,4678025000,전라남도,보성군,보성읍,8394
2024,4678025300,전라남도,보성군,벌교읍,10859
2024,4678031000,전라남도,보성군,노동면,1061
2024,4678032000,전라남도,보성군,미력면,1309
2024,4678033000,전라남도,보성군,겸백면,1057
2024,4678034000,전라남도,보성군,율어면,1115
2024,4678035000,전라남도,보성군,복내면,1496
2024,4678036000,전라남도,보성군,문덕면,899
2024,4678037000,전라남도,보성군,조성면,3377
2024,4678038000,전라남도,보성군,득량면,2505
2024,4678038500,전라남도,보성군,득량면예당출장소,1095
2024,4678039000,전라남도,보성군,회천면,2849
2024,4678040000,전라남도,보성군,웅치면,1029
2024,4679025000,전라남도,화순군,화순읍,39132
2024,4679031000,전라남도,화순군,한천면,897
2024,4679031500,전라남도,화순군,한천면영외출장소,404
2024,4679032000,전라남도,화순군,춘양면,1699
2024,4679033000,전라남도,화순군,청풍면,938
2024,4679034000,전라남도,화순군,이양면,1705
2024,4679035000,전라남도,화순군,능주면,2902
2024,4679036000,전라남도,화순군,도곡면,2696
2024,4679037000,전라남도,화순군,도암면,1351
2024,4679038000,전라남도,화순군,이서면,937
2024,4679039500,전라남도,화순군,백아면,1521
2024,4679040000,전라남도,화순군,동복면,1499
2024,4679041500,전라남도,화순군,사평면,2079
2024,4679042000,전라남도,화순군,동면,2975
2024,4680025000,전라남도,장흥군,장흥읍,14419
2024,4680025300,전라남도,장흥군,관산읍,4462
2024,4680025600,전라남도,장흥군,대덕읍,3006
2024,4680031000,전라남도,장흥군,용산면,2105
2024,4680032000,전라남도,장흥군,안양면,2611
2024,4680033000,전라남도,장흥군,장동면,1123
2024,4680034000,전라남도,장흥군,장평면,1952
2024,4680035000,전라남도,장흥군,유치면,945
2024,4680036000,전라남도,장흥군,부산면,1328
2024,4680037000,전라남도,장흥군,회진면,2500
2024,4681025000,전라남도,강진군,강진읍,12823
2024,4681031000,전라남도,강진군,군동면,4302
2024,4681032000,전라남도,강진군,칠량면,2074
2024,4681033000,전라남도,강진군,대구면,1017
2024,4681034000,전라남도,강진군,도암면,2326
2024,4681035000,전라남도,강진군,신전면,1625
2024,4681036000,전라남도,강진군,성전면,2589
2024,4681037000,전라남도,강진군,작천면,1710
2024,4681038000,전라남도,강진군,병영면,1487
2024,4681039000,전라남도,강진군,옴천면,577
2024,4681040000,전라남도,강진군,마량면,1659
2024,4682025000,전라남도,해남군,해남읍,23504
2024,4682031000,전라남도,해남군,삼산면,2704
2024,4682032000,전라남도,해남군,화산면,2914
2024,4682033000,전라남도,해남군,현산면,2618
2024,4682034000,전라남도,해남군,송지면,5555
2024,4682035000,전라남도,해남군,북평면,2519
2024,4682036000,전라남도,해남군,북일면,1877
2024,4682037000,전라남도,해남군,옥천면,2784
2024,4682038000,전라남도,해남군,계곡면,2022
2024,4682039000,전라남도,해남군,마산면,2234
2024,4682040000,전라남도,해남군,황산면,4223
2024,4682041000,전라남도,해남군,산이면,3370
2024,4682042000,전라남도,해남군,문내면,3578
2024,4682043000,전라남도,해남군,화원면,3218
2024,4683025000,전라남도,영암군,영암읍,7771
2024,4683025300,전라남도,영암군,삼호읍,15359
2024,4683025400,전라남도,영암군,삼호읍서부출장소,6211
2024,4683031000,전라남도,영암군,덕진면,1693
2024,4683032000,전라남도,영암군,금정면,1972
2024,4683033000,전라남도,영암군,신북면,3391
2024,4683034000,전라남도,영암군,시종면,3247
2024,4683035000,전라남도,영암군,도포면,2075
2024,4683036000,전라남도,영암군,군서면,3025
2024,4683037000,전라남도,영암군,서호면,1773
2024,4683038000,전라남도,영암군,학산면,2812
2024,4683039000,전라남도,영암군,미암면,2062
2024,4684025000,전라남도,무안군,무안읍,10776
2024,4684025300,전라남도,무안군,일로읍,21135
2024,4684025600,전라남도,무안군,삼향읍,5041
2024,4684025800,전라남도,무안군,삼향읍남악출장소,33297
2024,4684032000,전라남도,무안군,몽탄면,2765
2024,4684033000,전라남도,무안군,청계면,6319
2024,4684034000,전라남도,무안군,현경면,4306
2024,4684035000,전라남도,무안군,망운면,1795
2024,4684036000,전라남도,무안군,해제면,4528
2024,4684037000,전라남도,무안군,운남면,2725
2024,4686025000,전라남도,함평군,함평읍,8196
2024,4686031000,전라남도,함평군,손불면,3118
2024,4686032000,전라남도,함평군,신광면,1694
2024,4686033000,전라남도,함평군,학교면,3416
2024,4686034000,전라남도,함평군,엄다면,1810
2024,4686035000,전라남도,함평군,대동면,2949
2024,4686036000,전라남도,함평군,나산면,2630
2024,4686037000,전라남도,함평군,해보면,2688
2024,4686038000,전라남도,함평군,월야면,3509
2024,4687025000,전라남도,영광군,영광읍,22619
2024,4687025300,전라남도,영광군,백수읍,4363
2024,4687025600,전라남도,영광군,홍농읍,6760
2024,4687031000,전라남도,영광군,대마면,1575
2024,4687032000,전라남도,영광군,묘량면,1709
2024,4687033000,전라남도,영광군,불갑면,1404
2024,4687034000,전라남도,영광군,군서면,2219
2024,4687035000,전라남도,영광군,군남면,2225
2024,4687036000,전라남도,영광군,염산면,3777
2024,4687037000,전라남도,영광군,법성면,4823
2024,4687038000,전라남도,영광군,낙월면,418
2024,4687038500,전라남도,영광군,낙월면안마출장소,206
2024,4688025000,전라남도,장성군,장성읍,13492
2024,4688031000,전라남도,장성군,진원면,3610
2024,4688032000,전라남도,장성군,남면,3632
2024,4688033000,전라남도,장성군,동화면,1803
2024,4688034000,전라남도,장성군,삼서면,3003
2024,4688035000,전라남도,장성군,삼계면,5206
2024,4688036000,전라남도,장성군,황룡면,3823
2024,4688037000,전라남도,장성군,서삼면,1504
2024,4688038000,전라남도,장성군,북일면,1328
2024,4688039000,전라남도,장성군,북이면,2653
2024,4688040000,전라남도,장성군,북하면,1972
2024,4689025000,전라남도,완도군,완도읍,17054
2024,4689025300,전라남도,완도군,금일읍,3426
2024,4689025600,전라남도,완도군,노화읍,3890
2024,4689029000,전라남도,완도군,노화읍넙도출장소,705
2024,4689031000,전라남도,완도군,군외면,2923
2024,4689032000,전라남도,완도군,신지면,3131
2024,4689033000,전라남도,완도군,고금면,3858
2024,4689034000,전라남도,완도군,약산면,2172
2024,4689035000,전라남도,완도군,청산면,1926
2024,4689035500,전라남도,완도군,청산면모도출장소,216
2024,4689036000,전라남도,완도군,소안면,2263
2024,4689037000,전라남도,완도군,금당면,858
2024,4689038000,전라남도,완도군,보길면,2470
2024,4689039000,전라남도,완도군,생일면,739
2024,4690025000,전라남도,진도군,진도읍,10356
2024,4690031000,전라남도,진도군,군내면,2780
2024,4690032000,전라남도,진도군,고군면,3330
2024,4690033000,전라남도,진도군,의신면,3247
2024,4690034000,전라남도,진도군,임회면,3167
2024,4690035000,전라남도,진도군,지산면,2879
2024,4690036000,전라남도,진도군,조도면,2101
2024,4690036500,전라남도,진도군,조도면가사출장소,237
2024,4690036600,전라남도,진도군,조도면거차출장소,381
2024,4691025000,전라남도,신안군,지도읍,4408
2024,4691025100,전라남도,신안군,지도읍선도출장소,223
2024,4691025300,전라남도,신안군,압해읍,5577
2024,4691025400,전라남도,신안군,압해읍매화출장소,243
2024,4691025500,전라남도,신안군,압해읍고이도출장소,208
2024,4691031000,전라남도,신안군,증도면,1417
2024,4691031500,전라남도,신안군,증도면병풍출장소,300
2024,4691032000,전라남도,신안군,임자면,3219
2024,4691033000,전라남도,신안군,자은면,2267
2024,4691034000,전라남도,신안군,비금면,3619
2024,4691035000,전라남도,신안군,도초면,2372
2024,4691035500,전라남도,신안군,도초면우이도출장소,220
2024,4691036000,전라남도,신안군,흑산면,2067
2024,4691036500,전라남도,신안군,흑산면가거도출장소,353
2024,4691036600,전라남도,신안군,흑산면태도출장소,200
2024,4691036700,전라남도,신안군,흑산면홍도출장소,435
2024,4691036800,전라남도,신안군,흑산면대둔도출장소,277
2024,4691037000,전라남도,신안군,하의면,1611
2024,4691038000,전라남도,신안군,신의면,1475
2024,4691039000,전라남도,신안군,장산면,1473
2024,4691040000,전라남도,신안군,안좌면,3051
2024,4691040500,전라남도,신안군,안좌면자라출장소,336
2024,4691041000,전라남도,신안군,팔금면,902
2024,4691042000,전라남도,신안군,암태면,1920
2024,4711125000,경상북도,포항시 남구,구룡포읍,6629
2024,4711125300,경상북도,포항시 남구,연일읍,28096
2024,4711125600,경상북도,포항시 남구,오천읍,57405
2024,4711131000,경상북도,포항시 남구,대송면,3102
2024,4711132000,경상북도,포항시 남구,동해면,9234
2024,4711133000,경상북도,포항시 남구,장기면,3737
2024,4711135000,경상북도,포항시 남구,호미곶면,1689
2024,4711152500,경상북도,포항시 남구,상대동,22943
2024,4711154500,경상북도,포항시 남구,해도동,15994
2024,4711155000,경상북도,포항시 남구,송도동,11214
2024,4711156000,경상북도,포항시 남구,청림동,4654
2024,4711157000,경상북도,포항시 남구,제철동,2313
2024,4711158000,경상북도,포항시 남구,효곡동,29450
2024,4711159000,경상북도,포항시 남구,대이동,24153
2024,4711325000,경상북도,포항시 북구,흥해읍,53661
2024,4711331000,경상북도,포항시 북구,신광면,2746
2024,4711332000,경상북도,포항시 북구,청하면,4440
2024,4711333000,경상북도,포항시 북구,송라면,2324
2024,4711334000,경상북도,포항시 북구,기계면,4767
2024,4711335000,경상북도,포항시 북구,죽장면,2038
2024,4711335500,경상북도,포항시 북구,죽장면상옥출장소,605
2024,4711336000,경상북도,포항시 북구,기북면,1292
2024,4711352000,경상북도,포항시 북구,중앙동,13874
2024,4711363000,경상북도,포항시 북구,양학동,16547
2024,4711365500,경상북도,포항시 북구,죽도동,18760
2024,4711366500,경상북도,포항시 북구,용흥동,19981
2024,4711368000,경상북도,포항시 북구,우창동,31644
2024,4711369000,경상북도,포항시 북구,두호동,21360
2024,4711370000,경상북도,포항시 북구,장량동,68177
2024,4711371000,경상북도,포항시 북구,환여동,8752
2024,4713025000,경상북도,경주시,감포읍,5163
2024,4713025300,경상북도,경주시,안강읍,22506
2024,4713025600,경상북도,경주시,건천읍,10138
2024,4713025900,경상북도,경주시,외동읍,21567
2024,4713031500,경상북도,경주시,문무대왕면,4066
2024,4713032000,경상북도,경주시,양남면,6369
2024,4713033000,경상북도,경주시,내남면,4434
2024,4713034000,경상북도,경주시,산내면,3173
2024,4713035000,경상북도,경주시,서면,2978
2024,4713036000,경상북도,경주시,현곡면,21874
2024,4713037000,경상북도,경주시,강동면,5925
2024,4713038000,경상북도,경주시,천북면,5532
2024,4713051500,경상북도,경주시,중부동,4585
2024,4713053000,경상북도,경주시,황오동,5666
2024,4713055000,경상북도,경주시,성건동,12947
2024,4713057000,경상북도,경주시,황남동,3815
2024,4713059000,경상북도,경주시,선도동,14145
2024,4713060500,경상북도,경주시,월성동,5445
2024,4713061500,경상북도,경주시,용강동,25228
2024,4713062100,경상북도,경주시,황성동,27197
2024,4713063000,경상북도,경주시,동천동,20630
2024,4713065000,경상북도,경주시,불국동,9744
2024,4713066000,경상북도,경주시,보덕동,1642
2024,4715025000,경상북도,김천시,아포읍,7563
2024,4715031000,경상북도,김천시,농소면,3105
2024,4715032000,경상북도,김천시,남면,2916
2024,4715034000,경상북도,김천시,개령면,2218
2024,4715035000,경상북도,김천시,감문면,3099
2024,4715036000,경상북도,김천시,어모면,3997
2024,4715037000,경상북도,김천시,봉산면,2851
2024,4715038000,경상북도,김천시,대항면,3177
2024,4715039000,경상북도,김천시,감천면,1784
2024,4715040000,경상북도,김천시,조마면,2074
2024,4715041000,경상북도,김천시,구성면,2613
2024,4715042000,경상북도,김천시,지례면,1379
2024,4715043000,경상북도,김천시,부항면,1212
2024,4715044000,경상북도,김천시,대덕면,2144
2024,4715045000,경상북도,김천시,증산면,955
2024,4715051600,경상북도,김천시,자산동,5922
2024,4715053600,경상북도,김천시,평화남산동,6939
2024,4715056500,경상북도,김천시,양금동,3460
2024,4715057500,경상북도,김천시,대신동,23672
2024,4715059500,경상북도,김천시,대곡동,20356
2024,4715061000,경상북도,김천시,지좌동,10568
2024,4715064000,경상북도,김천시,율곡동,23442
2024,4717025000,경상북도,안동시,풍산읍,7647
2024,4717031000,경상북도,안동시,와룡면,3737
2024,4717032000,경상북도,안동시,북후면,2760
2024,4717033000,경상북도,안동시,서후면,3658
2024,4717034000,경상북도,안동시,풍천면,7244
2024,4717035000,경상북도,안동시,일직면,2415
2024,4717036000,경상북도,안동시,남후면,1608
2024,4717037000,경상북도,안동시,남선면,1967
2024,4717038000,경상북도,안동시,임하면,2566
2024,4717039000,경상북도,안동시,길안면,2559
2024,4717040000,경상북도,안동시,임동면,1609
2024,4717041000,경상북도,안동시,예안면,1652
2024,4717042000,경상북도,안동시,도산면,1405
2024,4717043000,경상북도,안동시,녹전면,1601
2024,4717051000,경상북도,안동시,중구동,4768
2024,4717052000,경상북도,안동시,명륜동,4575
2024,4717055500,경상북도,안동시,용상동,24163
2024,4717058500,경상북도,안동시,서구동,8282
2024,4717060000,경상북도,안동시,태화동,11964
2024,4717062000,경상북도,안동시,평화동,5752
2024,4717063000,경상북도,안동시,안기동,5792
2024,4717065000,경상북도,안동시,옥동,19911
2024,4717066000,경상북도,안동시,송하동,15181
2024,4717069000,경상북도,안동시,강남동,10343
2024,4719025000,경상북도,구미시,선산읍,13557
2024,4719025300,경상북도,구미시,고아읍,39055
2024,4719025600,경상북도,구미시,산동읍,30662
2024,4719031000,경상북도,구미시,무을면,1770
2024,4719032000,경상북도,구미시,옥성면,1617
2024,4719033000,경상북도,구미시,도개면,2032
2024,4719034000,경상북도,구미시,해평면,3655
2024,4719036000,경상북도,구미시,장천면,2781
2024,4719051000,경상북도,구미시,송정동,23372
2024,4719053500,경상북도,구미시,원평동,9526
2024,4719055100,경상북도,구미시,도량동,26938
2024,4719055500,경상북도,구미시,지산동,1860
2024,4719056500,경상북도,구미시,선주원남동,36752
2024,4719058200,경상북도,구미시,형곡1동,12721
2024,4719058300,경상북도,구미시,형곡2동,15266
2024,4719059000,경상북도,구미시,신평1동,4606
2024,4719060000,경상북도,구미시,신평2동,2946
2024,4719061000,경상북도,구미시,비산동,12350
2024,4719063000,경상북도,구미시,광평동,4071
2024,4719064500,경상북도,구미시,상모사곡동,29348
2024,4719066000,경상북도,구미시,임오동,17368
2024,4719067000,경상북도,구미시,인동동,46012
2024,4719068000,경상북도,구미시,진미동,16352
2024,4719069000,경상북도,구미시,양포동,46194
2024,4719070000,경상북도,구미시,공단동,4009
2024,4721025000,경상북도,영주시,풍기읍,10413
2024,4721031000,경상북도,영주시,이산면,2183
2024,4721032000,경상북도,영주시,평은면,1377
2024,4721033000,경상북도,영주시,문수면,1875
2024,4721034000,경상북도,영주시,장수면,2007
2024,4721035000,경상북도,영주시,안정면,2784
2024,4721036000,경상북도,영주시,봉현면,2527
2024,4721037000,경상북도,영주시,순흥면,1869
2024,4721038000,경상북도,영주시,단산면,1710
2024,4721039000,경상북도,영주시,부석면,2817
2024,4721051000,경상북도,영주시,상망동,7041
2024,4721052500,경상북도,영주시,하망동,5791
2024,4721055000,경상북도,영주시,영주1동,3526
2024,4721056000,경상북도,영주시,영주2동,4549
2024,4721059000,경상북도,영주시,휴천1동,6131
2024,4721060000,경상북도,영주시,휴천2동,9628
2024,4721061000,경상북도,영주시,휴천3동,7154
2024,4721062000,경상북도,영주시,가흥1동,15311
2024,4721063000,경상북도,영주시,가흥2동,10177
2024,4723025000,경상북도,영천시,금호읍,10240
2024,4723031000,경상북도,영천시,청통면,3915
2024,4723032000,경상북도,영천시,신녕면,3581
2024,4723033000,경상북도,영천시,화산면,2984
2024,4723034000,경상북도,영천시,화북면,2192
2024,4723035000,경상북도,영천시,화남면,3161
2024,4723036000,경상북도,영천시,자양면,1308
2024,4723037000,경상북도,영천시,임고면,4121
2024,4723038000,경상북도,영천시,고경면,5658
2024,4723039000,경상북도,영천시,북안면,4318
2024,4723040000,경상북도,영천시,대창면,2982
2024,4723051000,경상북도,영천시,동부동,26503
2024,4723052000,경상북도,영천시,중앙동,9054
2024,4723053500,경상북도,영천시,서부동,4432
2024,4723054000,경상북도,영천시,완산동,9909
2024,4723055500,경상북도,영천시,남부동,3785
2024,4725025000,경상북도,상주시,함창읍,6099
2024,4725031000,경상북도,상주시,중동면,1292
2024,4725032500,경상북도,상주시,사벌국면,3604
2024,4725033000,경상북도,상주시,낙동면,2791
2024,4725033500,경상북도,상주시,낙동면동부출장소,921
2024,4725034000,경상북도,상주시,청리면,2378
2024,4725035000,경상북도,상주시,공성면,3815
2024,4725036000,경상북도,상주시,외남면,1512
2024,4725037000,경상북도,상주시,내서면,1789
2024,4725038000,경상북도,상주시,모동면,2511
2024,4725039000,경상북도,상주시,모서면,1625
2024,4725039500,경상북도,상주시,모서면서부출장소,707
2024,4725040000,경상북도,상주시,화동면,1862
2024,4725041000,경상북도,상주시,화서면,2795
2024,4725042000,경상북도,상주시,화북면,1117
2024,4725042600,경상북도,상주시,화북면서부출장소,323
2024,4725043000,경상북도,상주시,외서면,2491
2024,4725044000,경상북도,상주시,은척면,1096
2024,4725044500,경상북도,상주시,은척면북부출장소,354
2024,4725045000,경상북도,상주시,공검면,1995
2024,4725046000,경상북도,상주시,이안면,1937
2024,4725047000,경상북도,상주시,화남면,792
2024,4725052000,경상북도,상주시,남원동,11032
2024,4725053000,경상북도,상주시,북문동,9139
2024,4725054000,경상북도,상주시,계림동,8845
2024,4725055000,경상북도,상주시,동문동,7429
2024,4725056000,경상북도,상주시,동성동,3221
2024,4725057000,경상북도,상주시,신흥동,8378
2024,4728025000,경상북도,문경시,문경읍,5592
2024,4728025100,경상북도,문경시,문경읍갈평출장소,1068
2024,4728025300,경상북도,문경시,가은읍,3031
2024,4728025400,경상북도,문경시,가은읍북부출장소,853
2024,4728031000,경상북도,문경시,영순면,2271
2024,4728032000,경상북도,문경시,산양면,2909
2024,4728033000,경상북도,문경시,호계면,2283
2024,4728034000,경상북도,문경시,산북면,2569
2024,4728035000,경상북도,문경시,동로면,1916
2024,4728036000,경상북도,문경시,마성면,3279
2024,4728037000,경상북도,문경시,농암면,2508
2024,4728057000,경상북도,문경시,점촌1동,5330
2024,4728058000,경상북도,문경시,점촌2동,6480
2024,4728059000,경상북도,문경시,점촌3동,8435
2024,4728060000,경상북도,문경시,점촌4동,2948
2024,4728061000,경상북도,문경시,점촌5동,15785
2024,4729025000,경상북도,경산시,하양읍,32761
2024,4729025300,경상북도,경산시,진량읍,33318
2024,4729025600,경상북도,경산시,압량읍,21833
2024,4729031000,경상북도,경산시,와촌면,5216
2024,4729033000,경상북도,경산시,자인면,5163
2024,4729034000,경상북도,경산시,용성면,3235
2024,4729035000,경상북도,경산시,남산면,3553
2024,4729037000,경상북도,경산시,남천면,2704
2024,4729051000,경상북도,경산시,중방동,10784
2024,4729052000,경상북도,경산시,중앙동,5755
2024,4729053000,경상북도,경산시,남부동,18445
2024,4729054100,경상북도,경산시,서부1동,30187
2024,4729054200,경상북도,경산시,서부2동,41316
2024,4729055000,경상북도,경산시,북부동,16212
2024,4729056000,경상북도,경산시,동부동,35916
2024,4773025000,경상북도,의성군,의성읍,12296
2024,4773031000,경상북도,의성군,단촌면,1826
2024,4773032000,경상북도,의성군,점곡면,1506
2024,4773033000,경상북도,의성군,옥산면,1697
2024,4773034000,경상북도,의성군,사곡면,1518
2024,4773035000,경상북도,의성군,춘산면,1482
2024,4773036000,경상북도,의성군,가음면,1428
2024,4773037000,경상북도,의성군,금성면,4068
2024,4773038000,경상북도,의성군,봉양면,3832
2024,4773039000,경상북도,의성군,비안면,2539
2024,4773040000,경상북도,의성군,구천면,1682
2024,4773041000,경상북도,의성군,단밀면,1606
2024,4773042000,경상북도,의성군,단북면,1670
2024,4773043000,경상북도,의성군,안계면,4251
2024,4773044000,경상북도,의성군,다인면,3596
2024,4773045000,경상북도,의성군,신평면,791
2024,4773046000,경상북도,의성군,안평면,2048
2024,4773047000,경상북도,의성군,안사면,854
2024,4775025000,경상북도,청송군,청송읍,4849
2024,4775031500,경상북도,청송군,주왕산면,1785
2024,4775032000,경상북도,청송군,부남면,2360
2024,4775033000,경상북도,청송군,현동면,2013
2024,4775034000,경상북도,청송군,현서면,2400
2024,4775035000,경상북도,청송군,안덕면,2455
2024,4775036000,경상북도,청송군,파천면,1669
2024,4775037000,경상북도,청송군,진보면,6185
2024,4776025000,경상북도,영양군,영양읍,6685
2024,4776031000,경상북도,영양군,입암면,1969
2024,4776032000,경상북도,영양군,청기면,1551
2024,4776033000,경상북도,영양군,일월면,1655
2024,4776034000,경상북도,영양군,수비면,1573
2024,4776035000,경상북도,영양군,석보면,1895
2024,4777025000,경상북도,영덕군,영덕읍,10208
2024,4777031000,경상북도,영덕군,강구면,5604
2024,4777032000,경상북도,영덕군,남정면,2220
2024,4777033000,경상북도,영덕군,달산면,1067
2024,4777034000,경상북도,영덕군,지품면,1356
2024,4777034500,경상북도,영덕군,지품면원전출장소,510
2024,4777035000,경상북도,영덕군,축산면,855
2024,4777035500,경상북도,영덕군,축산면축산출장소,1486
2024,4777036000,경상북도,영덕군,영해면,5851
2024,4777037000,경상북도,영덕군,병곡면,2539
2024,4777038000,경상북도,영덕군,창수면,1514
2024,4782025000,경상북도,청도군,화양읍,6947
2024,4782025100,경상북도,청도군,화양읍남성현출장소,1092
2024,4782025300,경상북도,청도군,청도읍,9670
2024,4782025400,경상북도,청도군,청도읍유호출장소,1490
2024,4782031000,경상북도,청도군,각남면,2118
2024,4782032000,경상북도,청도군,풍각면,3677
2024,4782033000,경상북도,청도군,각북면,2296
2024,4782034000,경상북도,청도군,이서면,4454
2024,4782035000,경상북도,청도군,운문면,1924
2024,4782036000,경상북도,청도군,금천면,3193
2024,4782037000,경상북도,청도군,매전면,3721
2024,4783025300,경상북도,고령군,대가야읍,9404
2024,4783031000,경상북도,고령군,덕곡면,1449
2024,4783032000,경상북도,고령군,운수면,1734
2024,4783033000,경상북도,고령군,성산면,2469
2024,4783034000,경상북도,고령군,다산면,8453
2024,4783035000,경상북도,고령군,개진면,1813
2024,4783036000,경상북도,고령군,우곡면,1528
2024,4783037000,경상북도,고령군,쌍림면,3212
2024,4784025000,경상북도,성주군,성주읍,13272
2024,4784031000,경상북도,성주군,선남면,5924
2024,4784032000,경상북도,성주군,용암면,3506
2024,4784033000,경상북도,성주군,수륜면,3169
2024,4784034000,경상북도,성주군,가천면,1922
2024,4784035500,경상북도,성주군,금수강산면,1167
2024,4784036000,경상북도,성주군,대가면,2219
2024,4784037000,경상북도,성주군,벽진면,2887
2024,4784038000,경상북도,성주군,초전면,4241
2024,4784039000,경상북도,성주군,월항면,3145
2024,4785025000,경상북도,칠곡군,왜관읍,30595
2024,4785025300,경상북도,칠곡군,북삼읍,23107
2024,4785025600,경상북도,칠곡군,석적읍,30016
2024,4785031000,경상북도,칠곡군,지천면,3802
2024,4785032000,경상북도,칠곡군,동명면,5059
2024,4785033000,경상북도,칠곡군,가산면,3198
2024,4785036000,경상북도,칠곡군,약목면,8679
2024,4785037000,경상북도,칠곡군,기산면,2927
2024,4790025000,경상북도,예천군,예천읍,13729
2024,4790025300,경상북도,예천군,호명읍,20864
2024,4790031000,경상북도,예천군,용문면,2110
2024,4790034000,경상북도,예천군,감천면,2450
2024,4790035000,경상북도,예천군,보문면,1557
2024,4790037000,경상북도,예천군,유천면,2448
2024,4790038000,경상북도,예천군,용궁면,2220
2024,4790039000,경상북도,예천군,개포면,1447
2024,4790040000,경상북도,예천군,지보면,2542
2024,4790041000,경상북도,예천군,풍양면,2796
2024,4790042000,경상북도,예천군,효자면,1171
2024,4790043000,경상북도,예천군,은풍면,1275
2024,4792025000,경상북도,봉화군,봉화읍,9083
2024,4792031000,경상북도,봉화군,물야면,2808
2024,4792032000,경상북도,봉화군,봉성면,1907
2024,4792033000,경상북도,봉화군,법전면,1883
2024,4792034000,경상북도,봉화군,춘양면,4170
2024,4792035000,경상북도,봉화군,소천면,2076
2024,4792036000,경상북도,봉화군,재산면,1404
2024,4792037000,경상북도,봉화군,명호면,2095
2024,4792038000,경상북도,봉화군,상운면,1642
2024,4792039000,경상북도,봉화군,석포면,1768
2024,4793025000,경상북도,울진군,울진읍,13374
2024,4793025300,경상북도,울진군,평해읍,2488
2024,4793031000,경상북도,울진군,북면,6895
2024,4793031500,경상북도,울진군,북면하당출장소,636
2024,4793033000,경상북도,울진군,근남면,2697
2024,4793035000,경상북도,울진군,기성면,2318
2024,4793036000,경상북도,울진군,온정면,1547
2024,4793037000,경상북도,울진군,죽변면,6079
2024,4793038000,경상북도,울진군,후포면,6980
2024,4793039000,경상북도,울진군,금강송면,1191
2024,4793040000,경상북도,울진군,매화면,1919
2024,4794025000,경상북도,울릉군,울릉읍,6355
2024,4794031000,경상북도,울릉군,서면,942
2024,4794031500,경상북도,울릉군,서면태하출장소,448
2024,4794032000,경상북도,울릉군,북면,1354
2024,4812125000,경상남도,창원시 의창구,동읍,18279
2024,4812131000,경상남도,창원시 의창구,북면,42941
2024,4812132000,경상남도,창원시 의창구,대산면,6674
2024,4812151000,경상남도,창원시 의창구,의창동,48537
2024,4812152000,경상남도,창원시 의창구,팔룡동,24886
2024,4812153000,경상남도,창원시 의창구,명곡동,39104
2024,4812154000,경상남도,창원시 의창구,봉림동,29274
2024,4812351000,경상남도,창원시 성산구,반송동,39004
2024,4812351500,경상남도,창원시 성산구,용지동,26167
2024,4812352000,경상남도,창원시 성산구,중앙동,37763
2024,4812353000,경상남도,창원시 성산구,상남동,26359
2024,4812354000,경상남도,창원시 성산구,사파동,44547
2024,4812355000,경상남도,창원시 성산구,가음정동,37505
2024,4812356000,경상남도,창원시 성산구,성주동,26113
2024,4812357000,경상남도,창원시 성산구,웅남동,7031
2024,4812531000,경상남도,창원시 마산합포구,구산면,3919
2024,4812532000,경상남도,창원시 마산합포구,진동면,11551
2024,4812533000,경상남도,창원시 마산합포구,진북면,3110
2024,4812534000,경상남도,창원시 마산합포구,진전면,3630
2024,4812551000,경상남도,창원시 마산합포구,현동,13605
2024,4812552000,경상남도,창원시 마산합포구,가포동,4982
2024,4812553000,경상남도,창원시 마산합포구,월영동,40977
2024,4812554000,경상남도,창원시 마산합포구,문화동,10762
2024,4812556500,경상남도,창원시 마산합포구,반월중앙동,13247
2024,4812557000,경상남도,창원시 마산합포구,완월동,8354
2024,4812558000,경상남도,창원시 마산합포구,자산동,8945
2024,4812561000,경상남도,창원시 마산합포구,교방동,18963
2024,4812563000,경상남도,창원시 마산합포구,오동동,18197
2024,4812564000,경상남도,창원시 마산합포구,합포동,6555
2024,4812565000,경상남도,창원시 마산합포구,산호동,11414
2024,4812725000,경상남도,창원시 마산회원구,내서읍,59388
2024,4812751000,경상남도,창원시 마산회원구,회원1동,9536
2024,4812752000,경상남도,창원시 마산회원구,회원2동,9505
2024,4812754500,경상남도,창원시 마산회원구,석전동,15821
2024,4812755000,경상남도,창원시 마산회원구,회성동,5168
2024,4812756000,경상남도,창원시 마산회원구,양덕1동,10290
2024,4812757000,경상남도,창원시 마산회원구,양덕2동,32384
2024,4812758000,경상남도,창원시 마산회원구,합성1동,8605
2024,4812759000,경상남도,창원시 마산회원구,합성2동,8336
2024,4812760000,경상남도,창원시 마산회원구,구암1동,8116
2024,4812761000,경상남도,창원시 마산회원구,구암2동,8735
2024,4812762000,경상남도,창원시 마산회원구,봉암동,2840
2024,4812953000,경상남도,창원시 진해구,충무동,15495
2024,4812954000,경상남도,창원시 진해구,여좌동,7811
2024,4812955000,경상남도,창원시 진해구,태백동,3459
2024,4812956000,경상남도,창원시 진해구,경화동,10466
2024,4812957000,경상남도,창원시 진해구,병암동,6862
2024,4812958000,경상남도,창원시 진해구,석동,17098
2024,4812959000,경상남도,창원시 진해구,이동,8221
2024,4812960000,경상남도,창원시 진해구,자은동,20215
2024,4812961000,경상남도,창원시 진해구,덕산동,9248
2024,4812962000,경상남도,창원시 진해구,풍호동,24805
2024,4812963000,경상남도,창원시 진해구,웅천동,13886
2024,4812964000,경상남도,창원시 진해구,웅동1동,7657
2024,4812965000,경상남도,창원시 진해구,웅동2동,43516
2024,4817025000,경상남도,진주시,문산읍,7593
2024,4817031000,경상남도,진주시,내동면,3921
2024,4817032000,경상남도,진주시,정촌면,8722
2024,4817033000,경상남도,진주시,금곡면,2034
2024,4817035000,경상남도,진주시,진성면,1767
2024,4817036000,경상남도,진주시,일반성면,2370
2024,4817037000,경상남도,진주시,이반성면,1488
2024,4817038000,경상남도,진주시,사봉면,1387
2024,4817039000,경상남도,진주시,지수면,1334
2024,4817040000,경상남도,진주시,대곡면,2903
2024,4817041000,경상남도,진주시,금산면,19983
2024,4817042000,경상남도,진주시,집현면,4377
2024,4817043000,경상남도,진주시,미천면,1485
2024,4817044000,경상남도,진주시,명석면,3750
2024,4817045000,경상남도,진주시,대평면,967
2024,4817046000,경상남도,진주시,수곡면,2096
2024,4817051500,경상남도,진주시,천전동,26886
2024,4817055500,경상남도,진주시,성북동,9604
2024,4817056500,경상남도,진주시,중앙동,10243
2024,4817059500,경상남도,진주시,상봉동,12889
2024,4817067300,경상남도,진주시,상대동,18241
2024,4817067800,경상남도,진주시,하대동,22809
2024,4817068000,경상남도,진주시,상평동,10670
2024,4817069500,경상남도,진주시,초장동,25746
2024,4817071000,경상남도,진주시,평거동,25688
2024,4817071500,경상남도,진주시,신안동,11032
2024,4817072000,경상남도,진주시,이현동,10012
2024,4817073000,경상남도,진주시,판문동,20229
2024,4817074000,경상남도,진주시,가호동,34734
2024,4817075000,경상남도,진주시,충무공동,33825
2024,4822025000,경상남도,통영시,산양읍,4278
2024,4822031000,경상남도,통영시,용남면,11698
2024,4822033000,경상남도,통영시,도산면,2676
2024,4822034000,경상남도,통영시,광도면,30561
2024,4822035000,경상남도,통영시,욕지면,1919
2024,4822036000,경상남도,통영시,한산면,1883
2024,4822037000,경상남도,통영시,사량면,1355
2024,4822051000,경상남도,통영시,도천동,8157
2024,4822053000,경상남도,통영시,명정동,2501
2024,4822055000,경상남도,통영시,중앙동,3373
2024,4822059000,경상남도,통영시,정량동,7927
2024,4822060000,경상남도,통영시,북신동,9840
2024,4822066500,경상남도,통영시,미수동,10128
2024,4822067000,경상남도,통영시,봉평동,9146
2024,4822070000,경상남도,통영시,무전동,13039
2024,4824025000,경상남도,사천시,사천읍,17155
2024,4824031000,경상남도,사천시,정동면,13533
2024,4824032000,경상남도,사천시,사남면,17739
2024,4824033000,경상남도,사천시,용현면,7052
2024,4824034000,경상남도,사천시,축동면,1485
2024,4824035000,경상남도,사천시,곤양면,3086
2024,4824036000,경상남도,사천시,곤명면,2653
2024,4824037000,경상남도,사천시,서포면,3314
2024,4824051000,경상남도,사천시,동서동,5255
2024,4824052000,경상남도,사천시,선구동,4698
2024,4824053000,경상남도,사천시,동서금동,6057
2024,4824055000,경상남도,사천시,벌용동,14692
2024,4824057000,경상남도,사천시,향촌동,6718
2024,4824059500,경상남도,사천시,남양동,4842
2024,4824089000,경상남도,사천시,신수출장소,225
2024,4825025000,경상남도,김해시,진영읍,53793
2024,4825032000,경상남도,김해시,주촌면,19815
2024,4825033000,경상남도,김해시,진례면,5712
2024,4825034000,경상남도,김해시,한림면,6534
2024,4825035000,경상남도,김해시,생림면,3460
2024,4825036000,경상남도,김해시,상동면,2961
2024,4825037000,경상남도,김해시,대동면,5107
2024,4825051000,경상남도,김해시,동상동,8733
2024,4825052000,경상남도,김해시,회현동,8191
2024,4825053000,경상남도,김해시,부원동,8946
2024,4825054000,경상남도,김해시,내외동,69448
2024,4825055000,경상남도,김해시,북부동,81205
2024,4825056500,경상남도,김해시,칠산서부동,8895
2024,4825058000,경상남도,김해시,활천동,36625
2024,4825059000,경상남도,김해시,삼안동,35598
2024,4825060000,경상남도,김해시,불암동,6652
2024,4825061000,경상남도,김해시,장유1동,58557
2024,4825062000,경상남도,김해시,장유2동,37542
2024,4825063000,경상남도,김해시,장유3동,73902
2024,4827025000,경상남도,밀양시,삼랑진읍,4932
2024,4827025100,경상남도,밀양시,삼랑진임천출장소,1289
2024,4827025300,경상남도,밀양시,하남읍,6632
2024,4827031000,경상남도,밀양시,부북면,5294
2024,4827032000,경상남도,밀양시,상동면,3087
2024,4827033000,경상남도,밀양시,산외면,2727
2024,4827034000,경상남도,밀양시,산내면,3643
2024,4827035000,경상남도,밀양시,단장면,4240
2024,4827036000,경상남도,밀양시,상남면,7641
2024,4827037000,경상남도,밀양시,초동면,3249
2024,4827038000,경상남도,밀양시,무안면,4618
2024,4827039000,경상남도,밀양시,청도면,1691
2024,4827051000,경상남도,밀양시,내일동,2505
2024,4827052000,경상남도,밀양시,내이동,17177
2024,4827053000,경상남도,밀양시,삼문동,19187
2024,4827054000,경상남도,밀양시,가곡동,7423
2024,4827055000,경상남도,밀양시,교동,5356
2024,4831031000,경상남도,거제시,일운면,7832
2024,4831032000,경상남도,거제시,동부면,2846
2024,4831033000,경상남도,거제시,남부면,1448
2024,4831034000,경상남도,거제시,거제면,6860
2024,4831035000,경상남도,거제시,둔덕면,2644
2024,4831036000,경상남도,거제시,사등면,10845
2024,4831036600,경상남도,거제시,사등면가조출장소,1050
2024,4831037000,경상남도,거제시,연초면,8322
2024,4831038000,경상남도,거제시,하청면,3139
2024,4831038500,경상남도,거제시,하청면칠천출장소,1022
2024,4831039000,경상남도,거제시,장목면,2740
2024,4831039500,경상남도,거제시,장목면외포출장소,1265
2024,4831051000,경상남도,거제시,장승포동,5235
2024,4831053000,경상남도,거제시,능포동,8461
2024,4831054000,경상남도,거제시,아주동,25141
2024,4831055000,경상남도,거제시,옥포1동,7027
2024,4831056000,경상남도,거제시,옥포2동,24095
2024,4831057000,경상남도,거제시,장평동,19785
2024,4831058000,경상남도,거제시,고현동,36352
2024,4831059000,경상남도,거제시,상문동,34356
2024,4831060000,경상남도,거제시,수양동,22507
2024,4833025300,경상남도,양산시,물금읍,116836
2024,4833031000,경상남도,양산시,동면,55030
2024,4833032000,경상남도,양산시,원동면,3191
2024,4833033000,경상남도,양산시,상북면,13435
2024,4833034000,경상남도,양산시,하북면,7462
2024,4833051000,경상남도,양산시,중앙동,10695
2024,4833051500,경상남도,양산시,양주동,30015
2024,4833052000,경상남도,양산시,삼성동,19815
2024,4833053000,경상남도,양산시,강서동,8197
2024,4833054000,경상남도,양산시,서창동,26333
2024,4833055000,경상남도,양산시,소주동,19838
2024,4833056000,경상남도,양산시,평산동,28340
2024,4833057000,경상남도,양산시,덕계동,20344
2024,4872025000,경상남도,의령군,의령읍,9033
2024,4872031000,경상남도,의령군,가례면,1582
2024,4872032000,경상남도,의령군,칠곡면,1135
2024,4872033000,경상남도,의령군,대의면,1024
2024,4872034000,경상남도,의령군,화정면,1462
2024,4872035000,경상남도,의령군,용덕면,1439
2024,4872036000,경상남도,의령군,정곡면,1314
2024,4872037000,경상남도,의령군,지정면,1760
2024,4872038000,경상남도,의령군,낙서면,684
2024,4872039000,경상남도,의령군,부림면,2623
2024,4872040000,경상남도,의령군,봉수면,936
2024,4872041500,경상남도,의령군,궁류면,1049
2024,4872042000,경상남도,의령군,유곡면,1109
2024,4873025000,경상남도,함안군,가야읍,17026
2024,4873025300,경상남도,함안군,칠원읍,17923
2024,4873031000,경상남도,함안군,함안면,2331
2024,4873032000,경상남도,함안군,군북면,5670
2024,4873033000,경상남도,함안군,법수면,2678
2024,4873034000,경상남도,함안군,대산면,3025
2024,4873035000,경상남도,함안군,칠서면,4906
2024,4873036000,경상남도,함안군,칠북면,1812
2024,4873038000,경상남도,함안군,산인면,2586
2024,4873039000,경상남도,함안군,여항면,885
2024,4874025000,경상남도,창녕군,창녕읍,15493
2024,4874025300,경상남도,창녕군,남지읍,11490
2024,4874031000,경상남도,창녕군,고암면,1744
2024,4874032000,경상남도,창녕군,성산면,1514
2024,4874033000,경상남도,창녕군,대합면,3515
2024,4874034000,경상남도,창녕군,이방면,2289
2024,4874035000,경상남도,창녕군,유어면,1614
2024,4874036000,경상남도,창녕군,대지면,2317
2024,4874037000,경상남도,창녕군,계성면,2091
2024,4874038000,경상남도,창녕군,영산면,4896
2024,4874039000,경상남도,창녕군,장마면,1800
2024,4874040000,경상남도,창녕군,도천면,2478
2024,4874041000,경상남도,창녕군,길곡면,1434
2024,4874042000,경상남도,창녕군,부곡면,3410
2024,4882025000,경상남도,고성군,고성읍,22770
2024,4882031000,경상남도,고성군,삼산면,1698
2024,4882032000,경상남도,고성군,하일면,1740
2024,4882033000,경상남도,고성군,하이면,2558
2024,4882034000,경상남도,고성군,상리면,1520
2024,4882035000,경상남도,고성군,대가면,1565
2024,4882036000,경상남도,고성군,영현면,843
2024,4882037000,경상남도,고성군,영오면,1330
2024,4882038000,경상남도,고성군,개천면,1031
2024,4882039000,경상남도,고성군,구만면,955
2024,4882040000,경상남도,고성군,회화면,3318
2024,4882041000,경상남도,고성군,마암면,1629
2024,4882042000,경상남도,고성군,동해면,2977
2024,4882043000,경상남도,고성군,거류면,4071
2024,4884025000,경상남도,남해군,남해읍,12257
2024,4884031000,경상남도,남해군,이동면,3576
2024,4884032000,경상남도,남해군,상주면,1544
2024,4884033000,경상남도,남해군,삼동면,3648
2024,4884034000,경상남도,남해군,미조면,2045
2024,4884035000,경상남도,남해군,남면,3256
2024,4884036000,경상남도,남해군,서면,2404
2024,4884037000,경상남도,남해군,고현면,3232
2024,4884038000,경상남도,남해군,설천면,2620
2024,4884039000,경상남도,남해군,창선면,5250
2024,4885025000,경상남도,하동군,하동읍,9229
2024,4885031000,경상남도,하동군,화개면,2801
2024,4885032000,경상남도,하동군,악양면,3324
2024,4885033000,경상남도,하동군,적량면,1851
2024,4885034000,경상남도,하동군,횡천면,1783
2024,4885035000,경상남도,하동군,고전면,1958
2024,4885036000,경상남도,하동군,금남면,3139
2024,4885037000,경상남도,하동군,진교면,5530
2024,4885038000,경상남도,하동군,양보면,1600
2024,4885039000,경상남도,하동군,북천면,1511
2024,4885040000,경상남도,하동군,청암면,1324
2024,4885041000,경상남도,하동군,옥종면,4014
2024,4885042000,경상남도,하동군,금성면,2701
2024,4886025000,경상남도,산청군,산청읍,6527
2024,4886031000,경상남도,산청군,차황면,1356
2024,4886032000,경상남도,산청군,오부면,990
2024,4886033000,경상남도,산청군,생초면,1831
2024,4886034000,경상남도,산청군,금서면,2820
2024,4886035000,경상남도,산청군,삼장면,1750
2024,4886036000,경상남도,산청군,시천면,3908
2024,4886037000,경상남도,산청군,단성면,5516
2024,4886038000,경상남도,산청군,신안면,5488
2024,4886039000,경상남도,산청군,생비량면,1135
2024,4886040000,경상남도,산청군,신등면,1938
2024,4887025000,경상남도,함양군,함양읍,17110
2024,4887031000,경상남도,함양군,마천면,2005
2024,4887032000,경상남도,함양군,휴천면,1443
2024,4887033000,경상남도,함양군,유림면,1538
2024,4887034000,경상남도,함양군,수동면,2230
2024,4887035000,경상남도,함양군,지곡면,1939
2024,4887036000,경상남도,함양군,안의면,4108
2024,4887037000,경상남도,함양군,서하면,1313
2024,4887038000,경상남도,함양군,서상면,1694
2024,4887039000,경상남도,함양군,백전면,1511
2024,4887040000,경상남도,함양군,병곡면,1240
2024,4888025000,경상남도,거창군,거창읍,39699
2024,4888031000,경상남도,거창군,주상면,1462
2024,4888032000,경상남도,거창군,웅양면,1761
2024,4888033000,경상남도,거창군,고제면,1338
2024,4888034000,경상남도,거창군,북상면,1527
2024,4888035000,경상남도,거창군,위천면,1886
2024,4888036000,경상남도,거창군,마리면,1910
2024,4888037000,경상남도,거창군,남상면,2279
2024,4888038000,경상남도,거창군,남하면,1440
2024,4888039000,경상남도,거창군,신원면,1488
2024,4888040000,경상남도,거창군,가조면,3468
2024,4888041000,경상남도,거창군,가북면,1330
2024,4889025000,경상남도,합천군,합천읍,10649
2024,4889031000,경상남도,합천군,봉산면,1352
2024,4889032000,경상남도,합천군,묘산면,1413
2024,4889033000,경상남도,합천군,가야면,3863
2024,4889034000,경상남도,합천군,야로면,2246
2024,4889035000,경상남도,합천군,율곡면,2027
2024,4889036000,경상남도,합천군,초계면,2168
2024,4889037000,경상남도,합천군,쌍책면,1161
2024,4889038000,경상남도,합천군,덕곡면,781
2024,4889039000,경상남도,합천군,청덕면,1467
2024,4889040000,경상남도,합천군,적중면,1273
2024,4889041000,경상남도,합천군,대양면,1693
2024,4889042000,경상남도,합천군,쌍백면,1602
2024,4889043000,경상남도,합천군,삼가면,2967
2024,4889044000,경상남도,합천군,가회면,1677
2024,4889045000,경상남도,합천군,대병면,1833
2024,4889046000,경상남도,합천군,용주면,2053
2024,5011025000,제주특별자치도,제주시,한림읍,20473
2024,5011025300,제주특별자치도,제주시,애월읍,38117
2024,5011025600,제주특별자치도,제주시,구좌읍,15177
2024,5011025900,제주특별자치도,제주시,조천읍,25880
2024,5011031000,제주특별자치도,제주시,한경면,9561
2024,5011032000,제주특별자치도,제주시,추자면,1554
2024,5011033000,제주특별자치도,제주시,우도면,1572
2024,5011051000,제주특별자치도,제주시,일도1동,2120
2024,5011052000,제주특별자치도,제주시,일도2동,31170
2024,5011053000,제주특별자치도,제주시,이도1동,7689
2024,5011054000,제주특별자치도,제주시,이도2동,47094
2024,5011055000,제주특별자치도,제주시,삼도1동,12745
2024,5011056000,제주특별자치도,제주시,삼도2동,7692
2024,5011057000,제주특별자치도,제주시,용담1동,6446
2024,5011058000,제주특별자치도,제주시,용담2동,13753
2024,5011059000,제주특별자치도,제주시,건입동,8596
2024,5011060000,제주특별자치도,제주시,화북동,23075
2024,5011061000,제주특별자치도,제주시,삼양동,26245
2024,5011062000,제주특별자치도,제주시,봉개동,5150
2024,5011063000,제주특별자치도,제주시,아라동,40675
2024,5011064000,제주특별자치도,제주시,오라동,16038
2024,5011065000,제주특별자치도,제주시,연동,42629
2024,5011066000,제주특별자치도,제주시,노형동,54892
2024,5011067000,제주특별자치도,제주시,외도동,22399
2024,5011068000,제주특별자치도,제주시,이호동,4344
2024,5011069000,제주특별자치도,제주시,도두동,3262
2024,5013025000,제주특별자치도,서귀포시,대정읍,22006
2024,5013025300,제주특별자치도,서귀포시,남원읍,18124
2024,5013025900,제주특별자치도,서귀포시,성산읍,14994
2024,5013031000,제주특별자치도,서귀포시,안덕면,12375
2024,5013032000,제주특별자치도,서귀포시,표선면,12762
2024,5013051000,제주특별자치도,서귀포시,송산동,3814
2024,5013052000,제주특별자치도,서귀포시,정방동,2122
2024,5013053000,제주특별자치도,서귀포시,중앙동,3113
2024,5013054000,제주특별자치도,서귀포시,천지동,3394
2024,5013055000,제주특별자치도,서귀포시,효돈동,5342
2024,5013056000,제주특별자치도,서귀포시,영천동,5124
2024,5013057000,제주특별자치도,서귀포시,동홍동,22877
2024,5013058000,제주특별자치도,서귀포시,서홍동,11122
2024,5013059000,제주특별자치도,서귀포시,대륜동,15082
2024,5013060000,제주특별자치도,서귀포시,대천동,13710
2024,5013061000,제주특별자치도,서귀포시,중문동,12247
2024,5013062000,제주특별자치도,서귀포시,예래동,3812
2024,5111025000,강원특별자치도,춘천시,신북읍,7091
2024,5111031000,강원특별자치도,춘천시,동면,18965
2024,5111032000,강원특별자치도,춘천시,동산면,1356
2024,5111033000,강원특별자치도,춘천시,신동면,2562
2024,5111034000,강원특별자치도,춘천시,남면,1050
2024,5111035000,강원특별자치도,춘천시,서면,3604
2024,5111036000,강원특별자치도,춘천시,사북면,2351
2024,5111038000,강원특별자치도,춘천시,북산면,945
2024,5111039000,강원특별자치도,춘천시,동내면,18388
2024,5111040000,강원특별자치도,춘천시,남산면,3251
2024,5111052000,강원특별자치도,춘천시,교동,3838
2024,5111053000,강원특별자치도,춘천시,조운동,2516
2024,5111054500,강원특별자치도,춘천시,약사명동,5422
2024,5111057000,강원특별자치도,춘천시,근화동,9027
2024,5111058000,강원특별자치도,춘천시,소양동,8851
2024,5111060000,강원특별자치도,춘천시,후평1동,11189
2024,5111061000,강원특별자치도,춘천시,후평2동,13984
2024,5111061100,강원특별자치도,춘천시,후평3동,19531
2024,5111062000,강원특별자치도,춘천시,효자1동,4047
2024,5111063000,강원특별자치도,춘천시,효자2동,12619
2024,5111064000,강원특별자치도,춘천시,효자3동,4381
2024,5111065000,강원특별자치도,춘천시,석사동,33251
2024,5111066000,강원특별자치도,춘천시,퇴계동,46822
2024,5111067500,강원특별자치도,춘천시,강남동,25472
2024,5111070500,강원특별자치도,춘천시,신사우동,25556
2024,5113025000,강원특별자치도,원주시,문막읍,17269
2024,5113031000,강원특별자치도,원주시,소초면,8085
2024,5113032000,강원특별자치도,원주시,호저면,3346
2024,5113033000,강원특별자치도,원주시,지정면,32761
2024,5113035000,강원특별자치도,원주시,부론면,2126
2024,5113036000,강원특별자치도,원주시,귀래면,2099
2024,5113037000,강원특별자치도,원주시,흥업면,9557
2024,5113038000,강원특별자치도,원주시,판부면,7073
2024,5113039000,강원특별자치도,원주시,신림면,3582
2024,5113051500,강원특별자치도,원주시,중앙동,2252
2024,5113052000,강원특별자치도,원주시,원인동,3828
2024,5113053000,강원특별자치도,원주시,개운동,12025
2024,5113054100,강원특별자치도,원주시,명륜1동,7766
2024,5113054200,강원특별자치도,원주시,명륜2동,18375
2024,5113055000,강원특별자치도,원주시,단구동,42628
2024,5113056000,강원특별자치도,원주시,일산동,8189
2024,5113057500,강원특별자치도,원주시,학성동,4240
2024,5113059000,강원특별자치도,원주시,단계동,27629
2024,5113060000,강원특별자치도,원주시,우산동,13200
2024,5113061000,강원특별자치도,원주시,태장1동,12731
2024,5113062000,강원특별자치도,원주시,태장2동,23682
2024,5113063500,강원특별자치도,원주시,봉산동,7348
2024,5113065000,강원특별자치도,원주시,행구동,8686
2024,5113066000,강원특별자치도,원주시,무실동,36530
2024,5113067500,강원특별자치도,원주시,반곡관설동,47157
2024,5115025000,강원특별자치도,강릉시,주문진읍,15435
2024,5115031000,강원특별자치도,강릉시,성산면,3413
2024,5115032000,강원특별자치도,강릉시,왕산면,1509
2024,5115033000,강원특별자치도,강릉시,구정면,4145
2024,5115034000,강원특별자치도,강릉시,강동면,3794
2024,5115035000,강원특별자치도,강릉시,옥계면,3290
2024,5115036000,강원특별자치도,강릉시,사천면,5335
2024,5115037000,강원특별자치도,강릉시,연곡면,6435
2024,5115051000,강원특별자치도,강릉시,홍제동,14365
2024,5115052000,강원특별자치도,강릉시,중앙동,4311
2024,5115054000,강원특별자치도,강릉시,옥천동,3051
2024,5115055000,강원특별자치도,강릉시,교1동,25974
2024,5115056000,강원특별자치도,강릉시,교2동,8248
2024,5115057100,강원특별자치도,강릉시,포남1동,10518
2024,5115057200,강원특별자치도,강릉시,포남2동,11627
2024,5115058000,강원특별자치도,강릉시,초당동,4318
2024,5115059000,강원특별자치도,강릉시,송정동,9389
2024,5115060000,강원특별자치도,강릉시,내곡동,18381
2024,5115061500,강원특별자치도,강릉시,강남동,16344
2024,5115064500,강원특별자치도,강릉시,성덕동,26742
2024,5115066500,강원특별자치도,강릉시,경포동,11107
2024,5117051000,강원특별자치도,동해시,천곡동,29012
2024,5117052000,강원특별자치도,동해시,송정동,3420
2024,5117053000,강원특별자치도,동해시,북삼동,21373
2024,5117054000,강원특별자치도,동해시,부곡동,4653
2024,5117055000,강원특별자치도,동해시,동호동,4711
2024,5117057000,강원특별자치도,동해시,발한동,3009
2024,5117059000,강원특별자치도,동해시,묵호동,2706
2024,5117060000,강원특별자치도,동해시,북평동,13091
2024,5117063000,강원특별자치도,동해시,망상동,3213
2024,5117065000,강원특별자치도,동해시,삼화동,2487
2024,5119051500,강원특별자치도,태백시,황지동,7404
2024,5119052500,강원특별자치도,태백시,황연동,3738
2024,5119053500,강원특별자치도,태백시,삼수동,4941
2024,5119054000,강원특별자치도,태백시,상장동,11526
2024,5119058500,강원특별자치도,태백시,문곡소도동,3346
2024,5119059500,강원특별자치도,태백시,장성동,3116
2024,5119060500,강원특별자치도,태백시,구문소동,2109
2024,5119061500,강원특별자치도,태백시,철암동,1756
2024,5121051000,강원특별자치도,속초시,영랑동,4374
2024,5121052000,강원특별자치도,속초시,동명동,5276
2024,5121054000,강원특별자치도,속초시,금호동,5527
2024,5121056000,강원특별자치도,속초시,교동,8801
2024,5121057000,강원특별자치도,속초시,노학동,20378
2024,5121058000,강원특별자치도,속초시,조양동,29052
2024,5121059000,강원특별자치도,속초시,청호동,4646
2024,5121060000,강원특별자치도,속초시,대포동,2879
2024,5123025000,강원특별자치도,삼척시,도계읍,8808
2024,5123025300,강원특별자치도,삼척시,원덕읍,3069
2024,5123025400,강원특별자치도,삼척시,원덕읍임원출장소,1498
2024,5123031000,강원특별자치도,삼척시,근덕면,4661
2024,5123032000,강원특별자치도,삼척시,하장면,1195
2024,5123033000,강원특별자치도,삼척시,노곡면,682
2024,5123034000,강원특별자치도,삼척시,미로면,1722
2024,5123035000,강원특별자치도,삼척시,가곡면,663
2024,5123036000,강원특별자치도,삼척시,신기면,638
2024,5123051000,강원특별자치도,삼척시,남양동,6629
2024,5123053000,강원특별자치도,삼척시,교동,15218
2024,5123054000,강원특별자치도,삼척시,정라동,9646
2024,5123057000,강원특별자치도,삼척시,성내동,7306
2024,5172025000,강원특별자치도,홍천군,홍천읍,33708
2024,5172031000,강원특별자치도,홍천군,화촌면,4210
2024,5172032000,강원특별자치도,홍천군,두촌면,2368
2024,5172033000,강원특별자치도,홍천군,내촌면,2415
2024,5172034000,강원특별자치도,홍천군,서석면,3636
2024,5172035200,강원특별자치도,홍천군,영귀미면,4035
2024,5172036000,강원특별자치도,홍천군,남면,5610
2024,5172037000,강원특별자치도,홍천군,서면,3756
2024,5172038000,강원특별자치도,홍천군,북방면,4043
2024,5172039000,강원특별자치도,홍천군,내면,2936
2024,5173025000,강원특별자치도,횡성군,횡성읍,20694
2024,5173031000,강원특별자치도,횡성군,우천면,4321
2024,5173032000,강원특별자치도,횡성군,안흥면,3125
2024,5173033000,강원특별자치도,횡성군,둔내면,5961
2024,5173034000,강원특별자치도,횡성군,갑천면,2452
2024,5173035000,강원특별자치도,횡성군,청일면,2369
2024,5173036000,강원특별자치도,횡성군,공근면,3421
2024,5173037000,강원특별자치도,횡성군,서원면,2024
2024,5173038000,강원특별자치도,횡성군,강림면,1744
2024,5175025000,강원특별자치도,영월군,영월읍,19838
2024,5175025300,강원특별자치도,영월군,상동읍,1009
2024,5175031200,강원특별자치도,영월군,산솔면,1394
2024,5175032500,강원특별자치도,영월군,김삿갓면,1779
2024,5175033000,강원특별자치도,영월군,북면,2006
2024,5175034000,강원특별자치도,영월군,남면,2109
2024,5175035500,강원특별자치도,영월군,한반도면,1145
2024,5175035900,강원특별자치도,영월군,한반도면쌍용출장소,1543
2024,5175036000,강원특별자치도,영월군,주천면,3793
2024,5175038000,강원특별자치도,영월군,무릉도원면,2105
2024,5176025000,강원특별자치도,평창군,평창읍,8342
2024,5176031000,강원특별자치도,평창군,미탄면,1533
2024,5176032000,강원특별자치도,평창군,방림면,796
2024,5176032500,강원특별자치도,평창군,방림면계촌출장소,1701
2024,5176033000,강원특별자치도,평창군,대화면,4967
2024,5176034000,강원특별자치도,평창군,봉평면,5614
2024,5176035000,강원특별자치도,평창군,용평면,3006
2024,5176036000,강원특별자치도,평창군,진부면,8528
2024,5176038000,강원특별자치도,평창군,대관령면,5909
2024,5177025000,강원특별자치도,정선군,정선읍,9811
2024,5177025300,강원특별자치도,정선군,고한읍,4139
2024,5177025600,강원특별자치도,정선군,사북읍,4213
2024,5177025900,강원특별자치도,정선군,신동읍,1692
2024,5177026000,강원특별자치도,정선군,신동읍함백출장소,1503
2024,5177032000,강원특별자치도,정선군,남면,3086
2024,5177034000,강원특별자치도,정선군,북평면,2393
2024,5177035000,강원특별자치도,정선군,임계면,3291
2024,5177036000,강원특별자치도,정선군,화암면,1519
2024,5177037000,강원특별자치도,정선군,여량면,1868
2024,5178025000,강원특별자치도,철원군,철원읍,4781
2024,5178025300,강원특별자치도,철원군,김화읍,3042
2024,5178025600,강원특별자치도,철원군,갈말읍,11423
2024,5178025900,강원특별자치도,철원군,동송읍,14185
2024,5178031000,강원특별자치도,철원군,서면,1631
2024,5178031500,강원특별자치도,철원군,서면와수출장소,3426
2024,5178032000,강원특별자치도,철원군,근남면,1916
2024,5178033000,강원특별자치도,철원군,근북면,93
2024,5179025000,강원특별자치도,화천군,화천읍,8288
2024,5179031000,강원특별자치도,화천군,간동면,2573
2024,5179032000,강원특별자치도,화천군,하남면,2814
2024,5179033000,강원특별자치도,화천군,상서면,3526
2024,5179034000,강원특별자치도,화천군,사내면,5721
2024,5180025000,강원특별자치도,양구군,양구읍,13175
2024,5180031500,강원특별자치도,양구군,국토정중앙면,3248
2024,5180032000,강원특별자치도,양구군,동면,1873
2024,5180033000,강원특별자치도,양구군,방산면,1153
2024,5180034000,강원특별자치도,양구군,해안면,1172
2024,5181025000,강원특별자치도,인제군,인제읍,10018
2024,5181025100,강원특별자치도,인제군,인제읍귀둔출장소,495
2024,5181031000,강원특별자치도,인제군,남면,3745
2024,5181032000,강원특별자치도,인제군,북면,7716
2024,5181033000,강원특별자치도,인제군,기린면,5039
2024,5181034000,강원특별자치도,인제군,서화면,2481
2024,5181035000,강원특별자치도,인제군,상남면,2041
2024,5182025000,강원특별자치도,고성군,간성읍,7398
2024,5182025300,강원특별자치도,고성군,거진읍,5570
2024,5182031000,강원특별자치도,고성군,현내면,2164
2024,5182032000,강원특별자치도,고성군,죽왕면,3301
2024,5182033000,강원특별자치도,고성군,토성면,8566
2024,5183025000,강원특별자치도,양양군,양양읍,12405
2024,5183031000,강원특별자치도,양양군,서면,2703
2024,5183032000,강원특별자치도,양양군,손양면,2210
2024,5183033000,강원특별자치도,양양군,현북면,2600
2024,5183034000,강원특별자치도,양양군,현남면,2956
2024,5183035000,강원특별자치도,양양군,강현면,4615
2024,5211151000,전북특별자치도,전주시 완산구,중앙동,9591
2024,5211153000,전북특별자치도,전주시 완산구,풍남동,3509
2024,5211160500,전북특별자치도,전주시 완산구,노송동,10296
2024,5211163500,전북특별자치도,전주시 완산구,완산동,4808
2024,5211165000,전북특별자치도,전주시 완산구,동서학동,5793
2024,5211166000,전북특별자치도,전주시 완산구,서서학동,7890
2024,5211167100,전북특별자치도,전주시 완산구,중화산1동,13445
2024,5211167200,전북특별자치도,전주시 완산구,중화산2동,18803
2024,5211168000,전북특별자치도,전주시 완산구,서신동,38725
2024,5211169100,전북특별자치도,전주시 완산구,평화1동,11738
2024,5211169200,전북특별자치도,전주시 완산구,평화2동,42931
2024,5211170100,전북특별자치도,전주시 완산구,삼천1동,11509
2024,5211170200,전북특별자치도,전주시 완산구,삼천2동,12164
2024,5211170300,전북특별자치도,전주시 완산구,삼천3동,20663
2024,5211171100,전북특별자치도,전주시 완산구,효자1동,12708
2024,5211171200,전북특별자치도,전주시 완산구,효자2동,9026
2024,5211171300,전북특별자치도,전주시 완산구,효자3동,13721
2024,5211171400,전북특별자치도,전주시 완산구,효자4동,38626
2024,5211173000,전북특별자치도,전주시 완산구,효자5동,35964
2024,5211352500,전북특별자치도,전주시 덕진구,진북동,12316
2024,5211354000,전북특별자치도,전주시 덕진구,인후1동,17129
2024,5211355000,전북특별자치도,전주시 덕진구,인후2동,10125
2024,5211356000,전북특별자치도,전주시 덕진구,인후3동,29840
2024,5211357000,전북특별자치도,전주시 덕진구,덕진동,20532
2024,5211358000,전북특별자치도,전주시 덕진구,금암1동,8117
2024,5211359000,전북특별자치도,전주시 덕진구,금암2동,9418
2024,5211360000,전북특별자치도,전주시 덕진구,팔복동,7304
2024,5211361100,전북특별자치도,전주시 덕진구,우아1동,11828
2024,5211361200,전북특별자치도,전주시 덕진구,우아2동,13783
2024,5211362000,전북특별자치도,전주시 덕진구,호성동,18481
2024,5211364100,전북특별자치도,전주시 덕진구,송천1동,64662
2024,5211364200,전북특별자치도,전주시 덕진구,송천2동,26338
2024,5211365000,전북특별자치도,전주시 덕진구,조촌동,12237
2024,5211366500,전북특별자치도,전주시 덕진구,여의동,15691
2024,5211367000,전북특별자치도,전주시 덕진구,혁신동,35940
2024,5213025000,전북특별자치도,군산시,옥구읍,2883
2024,5213031000,전북특별자치도,군산시,옥산면,4381
2024,5213032000,전북특별자치도,군산시,회현면,3133
2024,5213033000,전북특별자치도,군산시,임피면,2413
2024,5213034000,전북특별자치도,군산시,서수면,2321
2024,5213035000,전북특별자치도,군산시,대야면,4477
2024,5213036000,전북특별자치도,군산시,개정면,2743
2024,5213037000,전북특별자치도,군산시,성산면,2513
2024,5213038000,전북특별자치도,군산시,나포면,2015
2024,5213039000,전북특별자치도,군산시,옥도면,2851
2024,5213040000,전북특별자치도,군산시,옥서면,2610
2024,5213051500,전북특별자치도,군산시,해신동,1987
2024,5213053000,전북특별자치도,군산시,월명동,4578
2024,5213055000,전북특별자치도,군산시,신풍동,6056
2024,5213056000,전북특별자치도,군산시,삼학동,5096
2024,5213060500,전북특별자치도,군산시,중앙동,3940
2024,5213064000,전북특별자치도,군산시,흥남동,11439
2024,5213065000,전북특별자치도,군산시,조촌동,26309
2024,5213066000,전북특별자치도,군산시,경암동,6811
2024,5213067000,전북특별자치도,군산시,구암동,12234
2024,5213068000,전북특별자치도,군산시,개정동,2441
2024,5213069000,전북특별자치도,군산시,수송동,53628
2024,5213070100,전북특별자치도,군산시,나운1동,12990
2024,5213070200,전북특별자치도,군산시,나운2동,21110
2024,5213070300,전북특별자치도,군산시,나운3동,30021
2024,5213071000,전북특별자치도,군산시,소룡동,16372
2024,5213072000,전북특별자치도,군산시,미성동,10695
2024,5214025000,전북특별자치도,익산시,함열읍,6194
2024,5214031000,전북특별자치도,익산시,오산면,6848
2024,5214032000,전북특별자치도,익산시,황등면,6579
2024,5214033000,전북특별자치도,익산시,함라면,2011
2024,5214034000,전북특별자치도,익산시,웅포면,1460
2024,5214035000,전북특별자치도,익산시,성당면,1758
2024,5214036000,전북특별자치도,익산시,용안면,2401
2024,5214037000,전북특별자치도,익산시,낭산면,2744
2024,5214038000,전북특별자치도,익산시,망성면,2710
2024,5214039000,전북특별자치도,익산시,여산면,3007
2024,5214040000,전북특별자치도,익산시,금마면,5120
2024,5214041000,전북특별자치도,익산시,왕궁면,5061
2024,5214042000,전북특별자치도,익산시,춘포면,4321
2024,5214043000,전북특별자치도,익산시,삼기면,2460
2024,5214044000,전북특별자치도,익산시,용동면,1403
2024,5214052000,전북특별자치도,익산시,중앙동,2938
2024,5214053000,전북특별자치도,익산시,평화동,4201
2024,5214056000,전북특별자치도,익산시,인화동,6101
2024,5214057000,전북특별자치도,익산시,동산동,20340
2024,5214058000,전북특별자치도,익산시,마동,14073
2024,5214059500,전북특별자치도,익산시,남중동,10627
2024,5214061000,전북특별자치도,익산시,모현동,36872
2024,5214062000,전북특별자치도,익산시,송학동,11256
2024,5214064600,전북특별자치도,익산시,영등1동,20858
2024,5214064700,전북특별자치도,익산시,영등2동,12789
2024,5214065200,전북특별자치도,익산시,어양동,22652
2024,5214065600,전북특별자치도,익산시,신동,14610
2024,5214067000,전북특별자치도,익산시,팔봉동,6342
2024,5214069000,전북특별자치도,익산시,삼성동,30265
2024,5218025000,전북특별자치도,정읍시,신태인읍,5009
2024,5218031000,전북특별자치도,정읍시,북면,3913
2024,5218032000,전북특별자치도,정읍시,입암면,2592
2024,5218033000,전북특별자치도,정읍시,소성면,1921
2024,5218034000,전북특별자치도,정읍시,고부면,2619
2024,5218035000,전북특별자치도,정읍시,영원면,1622
2024,5218036000,전북특별자치도,정읍시,덕천면,1630
2024,5218037000,전북특별자치도,정읍시,이평면,1857
2024,5218038000,전북특별자치도,정읍시,정우면,2298
2024,5218039000,전북특별자치도,정읍시,태인면,3174
2024,5218040000,전북특별자치도,정읍시,감곡면,2551
2024,5218041000,전북특별자치도,정읍시,옹동면,1562
2024,5218042000,전북특별자치도,정읍시,칠보면,2107
2024,5218043000,전북특별자치도,정읍시,산내면,1181
2024,5218044000,전북특별자치도,정읍시,산외면,1909
2024,5218051000,전북특별자치도,정읍시,수성동,16158
2024,5218052000,전북특별자치도,정읍시,장명동,2689
2024,5218053500,전북특별자치도,정읍시,내장상동,20773
2024,5218054500,전북특별자치도,정읍시,시기동,3040
2024,5218056500,전북특별자치도,정읍시,초산동,9909
2024,5218057000,전북특별자치도,정읍시,연지동,5748
2024,5218058000,전북특별자치도,정읍시,농소동,3709
2024,5218059500,전북특별자치도,정읍시,상교동,4156
2024,5219025000,전북특별자치도,남원시,운봉읍,3555
2024,5219031000,전북특별자치도,남원시,주천면,2445
2024,5219032000,전북특별자치도,남원시,수지면,1024
2024,5219033000,전북특별자치도,남원시,송동면,1830
2024,5219034000,전북특별자치도,남원시,주생면,1688
2024,5219035000,전북특별자치도,남원시,금지면,2101
2024,5219036000,전북특별자치도,남원시,대강면,1421
2024,5219037000,전북특별자치도,남원시,대산면,1501
2024,5219038000,전북특별자치도,남원시,사매면,1460
2024,5219039000,전북특별자치도,남원시,덕과면,906
2024,5219040000,전북특별자치도,남원시,보절면,1324
2024,5219041000,전북특별자치도,남원시,산동면,1627
2024,5219042000,전북특별자치도,남원시,이백면,2100
2024,5219045000,전북특별자치도,남원시,아영면,1808
2024,5219046000,전북특별자치도,남원시,산내면,2006
2024,5219047000,전북특별자치도,남원시,인월면,2685
2024,5219051000,전북특별자치도,남원시,동충동,2959
2024,5219052000,전북특별자치도,남원시,죽항동,2925
2024,5219054000,전북특별자치도,남원시,노암동,5841
2024,5219055000,전북특별자치도,남원시,금동,5995
2024,5219056000,전북특별자치도,남원시,왕정동,5403
2024,5219057000,전북특별자치도,남원시,향교동,6501
2024,5219059000,전북특별자치도,남원시,도통동,16542
2024,5221025000,전북특별자치도,김제시,만경읍,2503
2024,5221032000,전북특별자치도,김제시,죽산면,2308
2024,5221033000,전북특별자치도,김제시,백산면,3398
2024,5221034000,전북특별자치도,김제시,용지면,3329
2024,5221035000,전북특별자치도,김제시,백구면,3574
2024,5221036000,전북특별자치도,김제시,부량면,1257
2024,5221038000,전북특별자치도,김제시,공덕면,2405
2024,5221039000,전북특별자치도,김제시,청하면,1656
2024,5221040000,전북특별자치도,김제시,성덕면,1676
2024,5221041000,전북특별자치도,김제시,진봉면,2429
2024,5221042000,전북특별자치도,김제시,금구면,4888
2024,5221043000,전북특별자치도,김제시,봉남면,2109
2024,5221044000,전북특별자치도,김제시,황산면,1821
2024,5221045000,전북특별자치도,김제시,금산면,4392
2024,5221046000,전북특별자치도,김제시,광활면,1271
2024,5221051000,전북특별자치도,김제시,요촌동,10776
2024,5221052000,전북특별자치도,김제시,신풍동,12478
2024,5221054000,전북특별자치도,김제시,검산동,12148
2024,5221058000,전북특별자치도,김제시,교월동,6217
2024,5271025000,전북특별자치도,완주군,삼례읍,21814
2024,5271025300,전북특별자치도,완주군,봉동읍,24204
2024,5271025600,전북특별자치도,완주군,용진읍,10702
2024,5271032000,전북특별자치도,완주군,상관면,3990
2024,5271033000,전북특별자치도,완주군,이서면,15106
2024,5271034000,전북특별자치도,완주군,소양면,5605
2024,5271035000,전북특별자치도,완주군,구이면,5453
2024,5271036000,전북특별자치도,완주군,고산면,4286
2024,5271037000,전북특별자치도,완주군,비봉면,1715
2024,5271038000,전북특별자치도,완주군,운주면,1863
2024,5271039000,전북특별자치도,완주군,화산면,2563
2024,5271040000,전북특별자치도,완주군,동상면,1034
2024,5271041000,전북특별자치도,완주군,경천면,944
2024,5272025000,전북특별자치도,진안군,진안읍,9605
2024,5272031000,전북특별자치도,진안군,용담면,838
2024,5272032000,전북특별자치도,진안군,안천면,1055
2024,5272033000,전북특별자치도,진안군,동향면,1320
2024,5272034000,전북특별자치도,진안군,상전면,791
2024,5272035000,전북특별자치도,진안군,백운면,1872
2024,5272036000,전북특별자치도,진안군,성수면,1701
2024,5272037000,전북특별자치도,진안군,마령면,1704
2024,5272038000,전북특별자치도,진안군,부귀면,2825
2024,5272039000,전북특별자치도,진안군,정천면,1038
2024,5272040000,전북특별자치도,진안군,주천면,1412
2024,5273025000,전북특별자치도,무주군,무주읍,9326
2024,5273031000,전북특별자치도,무주군,무풍면,2119
2024,5273032000,전북특별자치도,무주군,설천면,3769
2024,5273033000,전북특별자치도,무주군,적상면,2507
2024,5273034000,전북특별자치도,무주군,안성면,3972
2024,5273035000,전북특별자치도,무주군,부남면,1339
2024,5274025000,전북특별자치도,장수군,장수읍,6937
2024,5274031000,전북특별자치도,장수군,산서면,1916
2024,5274032000,전북특별자치도,장수군,번암면,2158
2024,5274033500,전북특별자치도,장수군,장계면,4134
2024,5274034000,전북특별자치도,장수군,천천면,2010
2024,5274035000,전북특별자치도,장수군,계남면,2042
2024,5274036000,전북특별자치도,장수군,계북면,1466
2024,5275025000,전북특별자치도,임실군,임실읍,7192
2024,5275031000,전북특별자치도,임실군,청웅면,1198
2024,5275032000,전북특별자치도,임실군,운암면,1542
2024,5275033000,전북특별자치도,임실군,신평면,1361
2024,5275034000,전북특별자치도,임실군,성수면,1534
2024,5275035500,전북특별자치도,임실군,오수면,3352
2024,5275036000,전북특별자치도,임실군,신덕면,1238
2024,5275037000,전북특별자치도,임실군,삼계면,1409
2024,5275038000,전북특별자치도,임실군,관촌면,3084
2024,5275039000,전북특별자치도,임실군,강진면,1377
2024,5275040000,전북특별자치도,임실군,덕치면,1126
2024,5275041000,전북특별자치도,임실군,지사면,1164
2024,5277025000,전북특별자치도,순창군,순창읍,10425
2024,5277031000,전북특별자치도,순창군,인계면,1433
2024,5277032000,전북특별자치도,순창군,동계면,1903
2024,5277033000,전북특별자치도,순창군,풍산면,1607
2024,5277034000,전북특별자치도,순창군,금과면,1719
2024,5277035000,전북특별자치도,순창군,팔덕면,1376
2024,5277036000,전북특별자치도,순창군,쌍치면,1867
2024,5277037000,전북특별자치도,순창군,복흥면,2035
2024,5277038000,전북특별자치도,순창군,적성면,1243
2024,5277039000,전북특별자치도,순창군,유등면,1002
2024,5277040000,전북특별자치도,순창군,구림면,2212
2024,5279025000,전북특별자치도,고창군,고창읍,20416
2024,5279031000,전북특별자치도,고창군,고수면,2276
2024,5279032000,전북특별자치도,고창군,아산면,2434
2024,5279033000,전북특별자치도,고창군,무장면,2659
2024,5279034000,전북특별자치도,고창군,공음면,2272
2024,5279035000,전북특별자치도,고창군,상하면,2211
2024,5279036000,전북특별자치도,고창군,해리면,2502
2024,5279037000,전북특별자치도,고창군,성송면,1656
2024,5279038000,전북특별자치도,고창군,대산면,2899
2024,5279039000,전북특별자치도,고창군,심원면,2285
2024,5279040000,전북특별자치도,고창군,흥덕면,2884
2024,5279041000,전북특별자치도,고창군,성내면,1814
2024,5279042000,전북특별자치도,고창군,신림면,2040
2024,5279043000,전북특별자치도,고창군,부안면,2634
2024,5280025000,전북특별자치도,부안군,부안읍,20138
2024,5280031000,전북특별자치도,부안군,주산면,1725
2024,5280032000,전북특별자치도,부안군,동진면,2521
2024,5280033000,전북특별자치도,부안군,행안면,2043
2024,5280034000,전북특별자치도,부안군,계화면,2937
2024,5280035000,전북특별자치도,부안군,보안면,2219
2024,5280036000,전북특별자치도,부안군,변산면,4078
2024,5280037000,전북특별자치도,부안군,진서면,2167
2024,5280038000,전북특별자치도,부안군,백산면,2322
2024,5280039000,전북특별자치도,부안군,상서면,2046
2024,5280040000,전북특별자치도,부안군,하서면,2363
2024,5280041000,전북특별자치도,부안군,줄포면,2416
2024,5280042000,전북특별자치도,부안군,위도면,1091
