school_code,school_name,school_level,establishment,office_name,sido_name,region_name,excluded
S090000881,가평마장초등학교,초등학교,공립,경기도가평교육지원청,경기도교육청,경기도 가평군,False
S090000882,가평초등학교,초등학교,공립,경기도가평교육지원청,경기도교육청,경기도 가평군,False
S090000885,대성초등학교,초등학교,공립,경기도가평교육지원청,경기도교육청,경기도 가평군,False
S090000890,목동초등학교,초등학교,공립,경기도가평교육지원청,경기도교육청,경기도 가평군,False
S090000892,목동초등학교명지분교장,초등학교,공립,경기도가평교육지원청,경기도교육청,경기도 가평군,False
S090000895,미원초등학교,초등학교,공립,경기도가평교육지원청,경기도교육청,경기도 가평군,False
S090000899,미원초등학교위곡분교장,초등학교,공립,경기도가평교육지원청,경기도교육청,경기도 가평군,False
S090000900,미원초등학교장락분교장,초등학교,공립,경기도가평교육지원청,경기도교육청,경기도 가평군,False
S090000901,방일초등학교,초등학교,공립,경기도가평교육지원청,경기도교육청,경기도 가평군,False
S090000905,상면초등학교,초등학교,공립,경기도가평교육지원청,경기도교육청,경기도 가평군,False
S090000906,상색초등학교,초등학교,공립,경기도가평교육지원청,경기도교육청,경기도 가평군,False
S090000908,상천초등학교,초등학교,공립,경기도가평교육지원청,경기도교육청,경기도 가평군,False
S090000910,연하초등학교,초등학교,공립,경기도가평교육지원청,경기도교육청,경기도 가평군,False
S090000914,율길초등학교,초등학교,공립,경기도가평교육지원청,경기도교육청,경기도 가평군,False
S090000916,조종초등학교,초등학교,공립,경기도가평교육지원청,경기도교육청,경기도 가평군,False
S090000920,청평초등학교,초등학교,공립,경기도가평교육지원청,경기도교육청,경기도 가평군,False
S090000974,가람초등학교,초등학교,공립,경기도고양교육지원청,경기도교육청,경기도 고양시 덕양구,False
S090000975,강선초등학교,초등학교,공립,경기도고양교육지원청,경기도교육청,경기도 고양시 일산서구,False
S090000976,고봉초등학교,초등학교,공립,경기도고양교육지원청,경기도교육청,경기도 고양시 일산동구,False
S090000977,고양백석초등학교,초등학교,공립,경기도고양교육지원청,경기도교육청,경기도 고양시 일산동구,False
S090000978,고양신일초등학교,초등학교,공립,경기도고양교육지원청,경기도교육청,경기도 고양시 일산서구,False
S090000979,고양용현초등학교,초등학교,공립,경기도고양교육지원청,경기도교육청,경기도 고양시 덕양구,False
S090000980,고양초등학교,초등학교,공립,경기도고양교육지원청,경기도교육청,경기도 고양시 덕양구,False
S090000981,고양화수초등학교,초등학교,공립,경기도고양교육지원청,경기도교육청,경기도 고양시 덕양구,False
S090000982,고양화정초등학교,초등학교,공립,경기도고양교육지원청,경기도교육청,경기도 고양시 덕양구,False
S090000983,금계초등학교,초등학교,공립,경기도고양교육지원청,경기도교육청,경기도 고양시 일산동구,False
S090000984,낙민초등학교,초등학교,공립,경기도고양교육지원청,경기도교육청,경기도 고양시 일산동구,False
S090000985,내유초등학교,초등학교,공립,경기도고양교육지원청,경기도교육청,경기도 고양시 덕양구,False
S090000986,냉천초등학교,초등학교,공립,경기도고양교육지원청,경기도교육청,경기도 고양시 일산동구,False
S090000987,능곡초등학교,초등학교,공립,경기도고양교육지원청,경기도교육청,경기도 고양시 덕양구,False
S090000988,대곡초등학교,초등학교,공립,경기도고양교육지원청,경기도교육청,경기도 고양시 덕양구,False
S090000989,대화초등학교,초등학교,공립,경기도고양교육지원청,경기도교육청,경기도 고양시 일산서구,False
S090000990,덕은초등학교,초등학교,공립,경기도고양교육지원청,경기도교육청,경기도 고양시 덕양구,False
S090000991,덕이초등학교,초등학교,공립,경기도고양교육지원청,경기도교육청,경기도 고양시 일산서구,False
S090000992,무원초등학교,초등학교,공립,경기도고양교육지원청,경기도교육청,경기도 고양시 덕양구,False
S090000993,문촌초등학교,초등학교,공립,경기도고양교육지원청,경기도교육청,경기도 고양시 일산서구,False
S090000994,문화초등학교,초등학교,공립,경기도고양교육지원청,경기도교육청,경기도 고양시 일산서구,False
S090000995,백마초등학교,초등학교,공립,경기도고양교육지원청,경기도교육청,경기도 고양시 일산동구,False
S090000998,백신초등학교,초등학교,공립,경기도고양교육지원청,경기도교육청,경기도 고양시 일산동구,False
S090000999,백양초등학교,초등학교,공립,경기도고양교육지원청,경기도교육청,경기도 고양시 덕양구,False
S090001000,벽제초등학교,초등학교,공립,경기도고양교육지원청,경기도교육청,경기도 고양시 일산동구,False
S090001001,삼송초등학교,초등학교,공립,경기도고양교육지원청,경기도교육청,경기도 고양시 덕양구,False
S090001002,상탄초등학교,초등학교,공립,경기도고양교육지원청,경기도교육청,경기도 고양시 일산서구,False
S090001003,성라초등학교,초등학교,공립,경기도고양교육지원청,경기도교육청,경기도 고양시 덕양구,False
S090001004,성사초등학교,초등학교,공립,경기도고양교육지원청,경기도교육청,경기도 고양시 덕양구,False
S090001005,성석초등학교,초등학교,공립,경기도고양교육지원청,경기도교육청,경기도 고양시 일산동구,False
S090001006,성신초등학교,초등학교,공립,경기도고양교육지원청,경기도교육청,경기도 고양시 덕양구,False
S090001007,성저초등학교,초등학교,공립,경기도고양교육지원청,경기도교육청,경기도 고양시 일산서구,False
S090001008,소만초등학교,초등학교,공립,경기도고양교육지원청,경기도교육청,경기도 고양시 덕양구,False
S090001009,송포초등학교,초등학교,공립,경기도고양교육지원청,경기도교육청,경기도 고양시 일산서구,False
S090001010,일산은행초등학교,초등학교,공립,경기도고양교육지원청,경기도교육청,경기도 고양시 일산동구,False
S090001011,신능초등학교,초등학교,공립,경기도고양교육지원청,경기도교육청,경기도 고양시 덕양구,False
S090001012,신원초등학교,초등학교,공립,경기도고양교육지원청,경기도교육청,경기도 고양시 덕양구,False
S090001014,신촌초등학교,초등학교,공립,경기도고양교육지원청,경기도교육청,경기도 고양시 일산서구,False
S090001015,안곡초등학교,초등학교,공립,경기도고양교육지원청,경기도교육청,경기도 고양시 일산동구,False
S090001016,오마초등학교,초등학교,공립,경기도고양교육지원청,경기도교육청,경기도 고양시 일산서구,False
S090001017,용두초등학교,초등학교,공립,경기도고양교육지원청,경기도교육청,경기도 고양시 덕양구,False
S090001018,용정초등학교,초등학교,공립,경기도고양교육지원청,경기도교육청,경기도 고양시 덕양구,False
S090001019,원당초등학교,초등학교,공립,경기도고양교육지원청,경기도교육청,경기도 고양시 덕양구,False
S090001020,원중초등학교,초등학교,공립,경기도고양교육지원청,경기도교육청,경기도 고양시 일산동구,False
S090001021,율동초등학교,초등학교,공립,경기도고양교육지원청,경기도교육청,경기도 고양시 일산동구,False
S090001023,일산초등학교,초등학교,공립,경기도고양교육지원청,경기도교육청,경기도 고양시 일산서구,False
S090001024,장성초등학교,초등학교,공립,경기도고양교육지원청,경기도교육청,경기도 고양시 일산서구,False
S090001025,장촌초등학교,초등학교,공립,경기도고양교육지원청,경기도교육청,경기도 고양시 일산서구,False
S090001026,저동초등학교,초등학교,공립,경기도고양교육지원청,경기도교육청,경기도 고양시 일산동구,False
S090001027,정발초등학교,초등학교,공립,경기도고양교육지원청,경기도교육청,경기도 고양시 일산동구,False
S090001028,주엽초등학교,초등학교,공립,경기도고양교육지원청,경기도교육청,경기도 고양시 일산서구,False
S090001029,중산초등학교,초등학교,공립,경기도고양교육지원청,경기도교육청,경기도 고양시 일산동구,False
S090001030,지도초등학교,초등학교,공립,경기도고양교육지원청,경기도교육청,경기도 고양시 덕양구,False
S090001032,토당초등학교,초등학교,공립,경기도고양교육지원청,경기도교육청,경기도 고양시 덕양구,False
S090001033,풍산초등학교,초등학교,공립,경기도고양교육지원청,경기도교육청,경기도 고양시 일산동구,False
S090001034,한수초등학교,초등학교,공립,경기도고양교육지원청,경기도교육청,경기도 고양시 일산서구,False
S090001035,행남초등학교,초등학교,공립,경기도고양교육지원청,경기도교육청,경기도 고양시 덕양구,False
S090001036,행신초등학교,초등학교,공립,경기도고양교육지원청,경기도교육청,경기도 고양시 덕양구,False
S090001037,행주초등학교,초등학교,공립,경기도고양교육지원청,경기도교육청,경기도 고양시 덕양구,False
S090001038,현산초등학교,초등학교,공립,경기도고양교육지원청,경기도교육청,경기도 고양시 일산서구,False
S090001039,호곡초등학교,초등학교,공립,경기도고양교육지원청,경기도교육청,경기도 고양시 일산서구,False
S090001040,호수초등학교,초등학교,공립,경기도고양교육지원청,경기도교육청,경기도 고양시 일산동구,False
S090001041,화중초등학교,초등학교,공립,경기도고양교육지원청,경기도교육청,경기도 고양시 덕양구,False
S090001042,황룡초등학교,초등학교,공립,경기도고양교육지원청,경기도교육청,경기도 고양시 일산서구,False
S090001043,흥도초등학교,초등학교,공립,경기도고양교육지원청,경기도교육청,경기도 고양시 덕양구,False
S090001199,가림초등학교,초등학교,공립,경기도광명교육지원청,경기도교육청,경기도 광명시,False
S090001201,광명광덕초등학교,초등학교,공립,경기도광명교육지원청,경기도교육청,경기도 광명시,False
S090001202,광명광성초등학교,초등학교,공립,경기도광명교육지원청,경기도교육청,경기도 광명시,False
S090001203,광명남초등학교,초등학교,공립,경기도광명교육지원청,경기도교육청,경기도 광명시,False
S090001204,광명동초등학교,초등학교,공립,경기도광명교육지원청,경기도교육청,경기도 광명시,False
S090001205,광명북초등학교,초등학교,공립,경기도광명교육지원청,경기도교육청,경기도 광명시,False
S090001206,광명서초등학교,초등학교,공립,경기도광명교육지원청,경기도교육청,경기도 광명시,False
S090001207,광명초등학교,초등학교,공립,경기도광명교육지원청,경기도교육청,경기도 광명시,False
S090001208,광문초등학교,초등학교,공립,경기도광명교육지원청,경기도교육청,경기도 광명시,False
S090001210,광일초등학교,초등학교,공립,경기도광명교육지원청,경기도교육청,경기도 광명시,False
S090001211,도덕초등학교,초등학교,공립,경기도광명교육지원청,경기도교육청,경기도 광명시,False
S090001212,서면초등학교,초등학교,공립,경기도광명교육지원청,경기도교육청,경기도 광명시,False
S090001213,소하초등학교,초등학교,공립,경기도광명교육지원청,경기도교육청,경기도 광명시,False
S090001214,안서초등학교,초등학교,공립,경기도광명교육지원청,경기도교육청,경기도 광명시,False
S090001215,연서초등학교,초등학교,공립,경기도광명교육지원청,경기도교육청,경기도 광명시,False
S090001216,온신초등학교,초등학교,공립,경기도광명교육지원청,경기도교육청,경기도 광명시,False
S090001217,철산초등학교,초등학교,공립,경기도광명교육지원청,경기도교육청,경기도 광명시,False
S090001218,하안남초등학교,초등학교,공립,경기도광명교육지원청,경기도교육청,경기도 광명시,False
S090001219,하안북초등학교,초등학교,공립,경기도광명교육지원청,경기도교육청,경기도 광명시,False
S090001220,하안초등학교,초등학교,공립,경기도광명교육지원청,경기도교육청,경기도 광명시,False
S090001221,하일초등학교,초등학교,공립,경기도광명교육지원청,경기도교육청,경기도 광명시,False
S090001279,경안초등학교,초등학교,공립,경기도광주하남교육지원청,경기도교육청,경기도 광주시,False
S090001281,곤지암초등학교,초등학교,공립,경기도광주하남교육지원청,경기도교육청,경기도 광주시,False
S090001282,광남초등학교,초등학교,공립,경기도광주하남교육지원청,경기도교육청,경기도 광주시,False
S090001284,광주광명초등학교,초등학교,공립,경기도광주하남교육지원청,경기도교육청,경기도 광주시,False
S090001285,광주매곡초등학교,초등학교,공립,경기도광주하남교육지원청,경기도교육청,경기도 광주시,False
S090001286,광주초등학교,초등학교,공립,경기도광주하남교육지원청,경기도교육청,경기도 광주시,False
S090001288,광지원초등학교,초등학교,공립,경기도광주하남교육지원청,경기도교육청,경기도 광주시,False
S090001289,남한산초등학교,초등학교,공립,경기도광주하남교육지원청,경기도교육청,경기도 광주시,False
S090001290,덕풍초등학교,초등학교,공립,경기도광주하남교육지원청,경기도교육청,경기도 하남시,False
S090001291,도곡초등학교,초등학교,공립,경기도광주하남교육지원청,경기도교육청,경기도 광주시,False
S090001292,도궁초등학교,초등학교,공립,경기도광주하남교육지원청,경기도교육청,경기도 광주시,False
S090001293,도수초등학교,초등학교,공립,경기도광주하남교육지원청,경기도교육청,경기도 광주시,False
S090001294,도심초등학교,초등학교,공립,경기도구리남양주교육지원청,경기도교육청,경기도 남양주시,False
S090001295,도척초등학교,초등학교,공립,경기도광주하남교육지원청,경기도교육청,경기도 광주시,False
S090001296,동부초등학교,초등학교,공립,경기도광주하남교육지원청,경기도교육청,경기도 하남시,False
S090001298,만선초등학교,초등학교,공립,경기도광주하남교육지원청,경기도교육청,경기도 광주시,False
S090001299,망월초등학교,초등학교,공립,경기도광주하남교육지원청,경기도교육청,경기도 하남시,False
S090001301,번천초등학교,초등학교,공립,경기도광주하남교육지원청,경기도교육청,경기도 광주시,False
S090001302,분원초등학교,초등학교,공립,경기도광주하남교육지원청,경기도교육청,경기도 광주시,False
S090001305,산곡초등학교,초등학교,공립,경기도광주하남교육지원청,경기도교육청,경기도 하남시,False
S090001306,삼리초등학교,초등학교,공립,경기도광주하남교육지원청,경기도교육청,경기도 광주시,False
S090001307,서부초등학교,초등학교,공립,경기도광주하남교육지원청,경기도교육청,경기도 하남시,False
S090001308,선동초등학교,초등학교,공립,경기도광주하남교육지원청,경기도교육청,경기도 광주시,False
S090001309,신장초등학교,초등학교,공립,경기도광주하남교육지원청,경기도교육청,경기도 하남시,False
S090001310,쌍령초등학교,초등학교,공립,경기도광주하남교육지원청,경기도교육청,경기도 광주시,False
S090001311,오포초등학교,초등학교,공립,경기도광주하남교육지원청,경기도교육청,경기도 광주시,False
S090001312,창우초등학교,초등학교,공립,경기도광주하남교육지원청,경기도교육청,경기도 하남시,False
S090001314,초월초등학교,초등학교,공립,경기도광주하남교육지원청,경기도교육청,경기도 광주시,False
S090001315,탄벌초등학교,초등학교,공립,경기도광주하남교육지원청,경기도교육청,경기도 광주시,False
S090001316,태전초등학교,초등학교,공립,경기도광주하남교육지원청,경기도교육청,경기도 광주시,False
S090001317,하남천현초등학교,초등학교,공립,경기도광주하남교육지원청,경기도교육청,경기도 하남시,False
S090001318,하남초등학교,초등학교,공립,경기도광주하남교육지원청,경기도교육청,경기도 하남시,False
S090001380,갈뫼초등학교,초등학교,공립,경기도군포의왕교육지원청,경기도교육청,경기도 의왕시,False
S090001381,고천초등학교,초등학교,공립,경기도군포의왕교육지원청,경기도교육청,경기도 의왕시,False
S090001382,곡란초등학교,초등학교,공립,경기도군포의왕교육지원청,경기도교육청,경기도 군포시,False
S090001383,관모초등학교,초등학교,공립,경기도군포의왕교육지원청,경기도교육청,경기도 군포시,False
S090001384,광정초등학교,초등학교,공립,경기도군포의왕교육지원청,경기도교육청,경기도 군포시,False
S090001385,군포양정초등학교,초등학교,공립,경기도군포의왕교육지원청,경기도교육청,경기도 군포시,False
S090001386,군포옥천초등학교,초등학교,공립,경기도군포의왕교육지원청,경기도교육청,경기도 군포시,False
S090001387,군포초등학교,초등학교,공립,경기도군포의왕교육지원청,경기도교육청,경기도 군포시,False
S090001388,군포화산초등학교,초등학교,공립,경기도군포의왕교육지원청,경기도교육청,경기도 군포시,False
S090001389,궁내초등학교,초등학교,공립,경기도군포의왕교육지원청,경기도교육청,경기도 군포시,False
S090001390,금정초등학교,초등학교,공립,경기도군포의왕교육지원청,경기도교육청,경기도 군포시,False
S090001391,내손초등학교,초등학교,공립,경기도군포의왕교육지원청,경기도교육청,경기도 의왕시,False
S090001392,능내초등학교,초등학교,공립,경기도군포의왕교육지원청,경기도교육청,경기도 군포시,False
S090001393,덕장초등학교,초등학교,공립,경기도군포의왕교육지원청,경기도교육청,경기도 의왕시,False
S090001394,도장초등학교,초등학교,공립,경기도군포의왕교육지원청,경기도교육청,경기도 군포시,False
S090001395,둔대초등학교,초등학교,공립,경기도군포의왕교육지원청,경기도교육청,경기도 군포시,False
S090001396,둔전초등학교,초등학교,공립,경기도군포의왕교육지원청,경기도교육청,경기도 군포시,False
S090001397,백운초등학교,초등학교,공립,경기도군포의왕교육지원청,경기도교육청,경기도 의왕시,False
S090001399,산본초등학교,초등학교,공립,경기도군포의왕교육지원청,경기도교육청,경기도 군포시,False
S090001400,수리초등학교,초등학교,공립,경기도군포의왕교육지원청,경기도교육청,경기도 군포시,False
S090001401,신흥초등학교,초등학교,공립,경기도군포의왕교육지원청,경기도교육청,경기도 군포시,False
S090001403,오금초등학교,초등학교,공립,경기도군포의왕교육지원청,경기도교육청,경기도 군포시,False
S090001404,오전초등학교,초등학교,공립,경기도군포의왕교육지원청,경기도교육청,경기도 의왕시,False
S090001405,왕곡초등학교,초등학교,공립,경기도군포의왕교육지원청,경기도교육청,경기도 의왕시,False
S090001406,용호초등학교,초등학교,공립,경기도군포의왕교육지원청,경기도교육청,경기도 군포시,False
S090001407,의왕덕성초등학교,초등학교,공립,경기도군포의왕교육지원청,경기도교육청,경기도 의왕시,False
S090001408,의왕부곡초등학교,초등학교,공립,경기도군포의왕교육지원청,경기도교육청,경기도 의왕시,False
S090001409,의왕초등학교,초등학교,공립,경기도군포의왕교육지원청,경기도교육청,경기도 의왕시,False
S090001410,태을초등학교,초등학교,공립,경기도군포의왕교육지원청,경기도교육청,경기도 군포시,False
S090001413,흥진초등학교,초등학교,공립,경기도군포의왕교육지원청,경기도교육청,경기도 군포시,False
S090001498,감정초등학교,초등학교,공립,경기도김포교육지원청,경기도교육청,경기도 김포시,False
S090001499,개곡초등학교,초등학교,공립,경기도김포교육지원청,경기도교육청,경기도 김포시,False
S090001501,고창초등학교,초등학교,공립,경기도김포교육지원청,경기도교육청,경기도 김포시,False
S090001502,고촌초등학교,초등학교,공립,경기도김포교육지원청,경기도교육청,경기도 김포시,False
S090001503,금란초등학교,초등학교,공립,경기도김포교육지원청,경기도교육청,경기도 김포시,False
S090001504,금성초등학교,초등학교,공립,경기도김포교육지원청,경기도교육청,경기도 김포시,False
S090001505,금파초등학교,초등학교,공립,경기도김포교육지원청,경기도교육청,경기도 김포시,False
S090001506,양도초등학교,초등학교,공립,경기도김포교육지원청,경기도교육청,경기도 김포시,False
S090001507,김포대명초등학교,초등학교,공립,경기도김포교육지원청,경기도교육청,경기도 김포시,False
S090001508,김포서초등학교,초등학교,공립,경기도김포교육지원청,경기도교육청,경기도 김포시,False
S090001509,김포초등학교,초등학교,공립,경기도김포교육지원청,경기도교육청,경기도 김포시,False
S090001512,대곶초등학교,초등학교,공립,경기도김포교육지원청,경기도교육청,경기도 김포시,False
S090001514,마송초등학교,초등학교,공립,경기도김포교육지원청,경기도교육청,경기도 김포시,False
S090001516,사우초등학교,초등학교,공립,경기도김포교육지원청,경기도교육청,경기도 김포시,False
S090001517,서암초등학교,초등학교,공립,경기도김포교육지원청,경기도교육청,경기도 김포시,False
S090001518,석정초등학교,초등학교,공립,경기도김포교육지원청,경기도교육청,경기도 김포시,False
S090001519,수남초등학교,초등학교,공립,경기도김포교육지원청,경기도교육청,경기도 김포시,False
S090001520,양곡초등학교,초등학교,공립,경기도김포교육지원청,경기도교육청,경기도 김포시,False
S090001521,옹정초등학교,초등학교,공립,경기도김포교육지원청,경기도교육청,경기도 김포시,False
S090001522,운양초등학교,초등학교,공립,경기도김포교육지원청,경기도교육청,경기도 김포시,False
S090001523,월곶초등학교,초등학교,공립,경기도김포교육지원청,경기도교육청,경기도 김포시,False
S090001525,유현초등학교,초등학교,공립,경기도김포교육지원청,경기도교육청,경기도 김포시,False
S090001527,풍무초등학교,초등학교,공립,경기도김포교육지원청,경기도교육청,경기도 김포시,False
S090001528,하성초등학교,초등학교,공립,경기도김포교육지원청,경기도교육청,경기도 김포시,False
S090001529,학운초등학교,초등학교,공립,경기도김포교육지원청,경기도교육청,경기도 김포시,False
S090001600,가곡초등학교,초등학교,공립,경기도구리남양주교육지원청,경기도교육청,경기도 남양주시,False
S090001601,가양초등학교,초등학교,공립,경기도구리남양주교육지원청,경기도교육청,경기도 남양주시,False
S090001603,갈매초등학교,초등학교,공립,경기도구리남양주교육지원청,경기도교육청,경기도 구리시,False
S090001604,광릉초등학교,초등학교,공립,경기도구리남양주교육지원청,경기도교육청,경기도 남양주시,False
S090001605,교문초등학교,초등학교,공립,경기도구리남양주교육지원청,경기도교육청,경기도 구리시,False
S090001606,구리초등학교,초등학교,공립,경기도구리남양주교육지원청,경기도교육청,경기도 구리시,False
S090001607,구지초등학교,초등학교,공립,경기도구리남양주교육지원청,경기도교육청,경기도 구리시,False
S090001608,금교초등학교,초등학교,공립,경기도구리남양주교육지원청,경기도교육청,경기도 남양주시,False
S090001609,금남초등학교,초등학교,공립,경기도구리남양주교육지원청,경기도교육청,경기도 남양주시,False
S090001611,남양주금곡초등학교,초등학교,공립,경기도구리남양주교육지원청,경기도교육청,경기도 남양주시,False
S090001612,남양주도곡초등학교,초등학교,공립,경기도구리남양주교육지원청,경기도교육청,경기도 남양주시,False
S090001613,남양주동곡초등학교,초등학교,공립,경기도구리남양주교육지원청,경기도교육청,경기도 남양주시,False
S090001614,남양주미금초등학교,초등학교,공립,경기도구리남양주교육지원청,경기도교육청,경기도 남양주시,False
S090001615,남양주송라초등학교,초등학교,공립,경기도구리남양주교육지원청,경기도교육청,경기도 남양주시,False
S090001616,남양주송촌초등학교,초등학교,공립,경기도구리남양주교육지원청,경기도교육청,경기도 남양주시,False
S090001617,남양주양정초등학교,초등학교,공립,경기도구리남양주교육지원청,경기도교육청,경기도 남양주시,False
S090001618,남양주양지초등학교,초등학교,공립,경기도구리남양주교육지원청,경기도교육청,경기도 남양주시,False
S090001619,남양주월문초등학교,초등학교,공립,경기도구리남양주교육지원청,경기도교육청,경기도 남양주시,False
S090001620,내양초등학교,초등학교,공립,경기도구리남양주교육지원청,경기도교육청,경기도 구리시,False
S090001621,답내초등학교,초등학교,공립,경기도구리남양주교육지원청,경기도교육청,경기도 남양주시,False
S090001622,덕소초등학교,초등학교,공립,경기도구리남양주교육지원청,경기도교육청,경기도 남양주시,False
S090001624,도농초등학교,초등학교,공립,경기도구리남양주교육지원청,경기도교육청,경기도 남양주시,False
S090001625,도림초등학교,초등학교,공립,경기도구리남양주교육지원청,경기도교육청,경기도 구리시,False
S090001626,도제원초등학교,초등학교,공립,경기도구리남양주교육지원청,경기도교육청,경기도 남양주시,False
S090001627,동구초등학교,초등학교,공립,경기도구리남양주교육지원청,경기도교육청,경기도 구리시,False
S090001628,동인초등학교,초등학교,공립,경기도구리남양주교육지원청,경기도교육청,경기도 구리시,False
S090001629,마석초등학교,초등학교,공립,경기도구리남양주교육지원청,경기도교육청,경기도 남양주시,False
S090001632,백문초등학교,초등학교,공립,경기도구리남양주교육지원청,경기도교육청,경기도 구리시,False
S090001634,별내초등학교,초등학교,공립,경기도구리남양주교육지원청,경기도교육청,경기도 남양주시,False
S090001635,부양초등학교,초등학교,공립,경기도구리남양주교육지원청,경기도교육청,경기도 구리시,False
S090001638,수동초등학교,초등학교,공립,경기도구리남양주교육지원청,경기도교육청,경기도 남양주시,False
S090001639,수동초등학교송천분교장,초등학교,공립,경기도구리남양주교육지원청,경기도교육청,경기도 남양주시,False
S090001640,수택초등학교,초등학교,공립,경기도구리남양주교육지원청,경기도교육청,경기도 구리시,False
S090001641,심석초등학교,초등학교,사립,경기도구리남양주교육지원청,경기도교육청,경기도 남양주시,False
S090001644,오남초등학교,초등학교,공립,경기도구리남양주교육지원청,경기도교육청,경기도 남양주시,False
S090001645,와부초등학교,초등학교,공립,경기도구리남양주교육지원청,경기도교육청,경기도 남양주시,False
S090001646,용신초등학교,초등학교,공립,경기도구리남양주교육지원청,경기도교육청,경기도 남양주시,False
S090001648,인창초등학교,초등학교,공립,경기도구리남양주교육지원청,경기도교육청,경기도 구리시,False
S090001649,장승초등학교,초등학교,공립,경기도구리남양주교육지원청,경기도교육청,경기도 남양주시,False
S090001650,장자초등학교,초등학교,공립,경기도구리남양주교육지원청,경기도교육청,경기도 구리시,False
S090001651,장현초등학교,초등학교,공립,경기도구리남양주교육지원청,경기도교육청,경기도 남양주시,False
S090001652,조안초등학교,초등학교,공립,경기도구리남양주교육지원청,경기도교육청,경기도 남양주시,False
S090001653,진건초등학교,초등학교,공립,경기도구리남양주교육지원청,경기도교육청,경기도 남양주시,False
S090001654,창현초등학교,초등학교,공립,경기도구리남양주교육지원청,경기도교육청,경기도 남양주시,False
S090001655,천마초등학교,초등학교,공립,경기도구리남양주교육지원청,경기도교육청,경기도 남양주시,False
S090001657,토평초등학교,초등학교,공립,경기도구리남양주교육지원청,경기도교육청,경기도 구리시,False
S090001658,퇴계원초등학교,초등학교,공립,경기도구리남양주교육지원청,경기도교육청,경기도 남양주시,False
S090001660,평내초등학교,초등학교,공립,경기도구리남양주교육지원청,경기도교육청,경기도 남양주시,False
S090001661,풍양초등학교,초등학교,공립,경기도구리남양주교육지원청,경기도교육청,경기도 남양주시,False
S090001662,호평초등학교,초등학교,공립,경기도구리남양주교육지원청,경기도교육청,경기도 남양주시,False
S090001663,화접초등학교,초등학교,공립,경기도구리남양주교육지원청,경기도교육청,경기도 남양주시,False
S090001782,가납초등학교,초등학교,공립,경기도동두천양주교육지원청,경기도교육청,경기도 양주시,False
S090001784,고암초등학교,초등학교,공립,경기도동두천양주교육지원청,경기도교육청,경기도 양주시,False
S090001785,남면초등학교,초등학교,공립,경기도동두천양주교육지원청,경기도교육청,경기도 양주시,False
S090001786,남면초등학교양덕분교장,초등학교,공립,경기도동두천양주교육지원청,경기도교육청,경기도 양주시,False
S090001787,덕도초등학교,초등학교,공립,경기도동두천양주교육지원청,경기도교육청,경기도 양주시,False
S090001789,덕정초등학교,초등학교,공립,경기도동두천양주교육지원청,경기도교육청,경기도 양주시,False
S090001791,동두천초등학교,초등학교,공립,경기도동두천양주교육지원청,경기도교육청,경기도 동두천시,False
S090001793,동보초등학교,초등학교,공립,경기도동두천양주교육지원청,경기도교육청,경기도 동두천시,False
S090001795,보산초등학교,초등학교,공립,경기도동두천양주교육지원청,경기도교육청,경기도 동두천시,False
S090001796,봉암초등학교,초등학교,공립,경기도동두천양주교육지원청,경기도교육청,경기도 양주시,False
S090001797,사동초등학교,초등학교,공립,경기도동두천양주교육지원청,경기도교육청,경기도 동두천시,False
S090001798,산북초등학교,초등학교,공립,경기도동두천양주교육지원청,경기도교육청,경기도 양주시,False
S090001799,삼상초등학교,초등학교,공립,경기도동두천양주교육지원청,경기도교육청,경기도 양주시,False
S090001800,상수초등학교,초등학교,공립,경기도동두천양주교육지원청,경기도교육청,경기도 양주시,False
S090001801,상패초등학교,초등학교,공립,경기도동두천양주교육지원청,경기도교육청,경기도 양주시,False
S090001802,생연초등학교,초등학교,공립,경기도동두천양주교육지원청,경기도교육청,경기도 동두천시,False
S090001803,소요초등학교,초등학교,공립,경기도동두천양주교육지원청,경기도교육청,경기도 동두천시,False
S090001804,송추초등학교,초등학교,공립,경기도동두천양주교육지원청,경기도교육청,경기도 양주시,False
S090001806,양주덕산초등학교,초등학교,공립,경기도동두천양주교육지원청,경기도교육청,경기도 양주시,False
S090001807,양주덕현초등학교,초등학교,공립,경기도동두천양주교육지원청,경기도교육청,경기도 양주시,False
S090001808,양주백석초등학교,초등학교,공립,경기도동두천양주교육지원청,경기도교육청,경기도 양주시,False
S090001809,연곡초등학교,초등학교,공립,경기도동두천양주교육지원청,경기도교육청,경기도 양주시,False
S090001810,유양초등학교,초등학교,공립,경기도동두천양주교육지원청,경기도교육청,경기도 양주시,False
S090001812,은봉초등학교,초등학교,공립,경기도동두천양주교육지원청,경기도교육청,경기도 양주시,False
S090001813,은현초등학교,초등학교,공립,경기도동두천양주교육지원청,경기도교육청,경기도 양주시,False
S090001814,지행초등학교,초등학교,공립,경기도동두천양주교육지원청,경기도교육청,경기도 동두천시,False
S090001815,천보초등학교,초등학교,공립,경기도동두천양주교육지원청,경기도교육청,경기도 양주시,False
S090001816,칠봉초등학교,초등학교,공립,경기도동두천양주교육지원청,경기도교육청,경기도 양주시,False
S090001817,탑동초등학교,초등학교,공립,경기도동두천양주교육지원청,경기도교육청,경기도 동두천시,False
S090001819,회정초등학교,초등학교,공립,경기도동두천양주교육지원청,경기도교육청,경기도 양주시,False
S090001820,회천초등학교,초등학교,공립,경기도동두천양주교육지원청,경기도교육청,경기도 양주시,False
S090001821,효촌초등학교,초등학교,공립,경기도동두천양주교육지원청,경기도교육청,경기도 양주시,False
S090001914,계남초등학교,초등학교,공립,경기도부천교육지원청,경기도교육청,경기도 부천시 원미구,False
S090001915,고강초등학교,초등학교,공립,경기도부천교육지원청,경기도교육청,경기도 부천시 오정구,False
S090001916,고리울초등학교,초등학교,공립,경기도부천교육지원청,경기도교육청,경기도 부천시 오정구,False
S090001918,까치울초등학교,초등학교,공립,경기도부천교육지원청,경기도교육청,경기도 부천시 오정구,False
S090001944,도당초등학교,초등학교,공립,경기도부천교육지원청,경기도교육청,경기도 부천시 원미구,False
S090001945,도원초등학교,초등학교,공립,경기도부천교육지원청,경기도교육청,경기도 부천시 소사구,False
S090001946,동곡초등학교,초등학교,공립,경기도부천교육지원청,경기도교육청,경기도 부천시 원미구,False
S090001953,범박초등학교,초등학교,공립,경기도부천교육지원청,경기도교육청,경기도 부천시 소사구,False
S090001954,복사초등학교,초등학교,공립,경기도부천교육지원청,경기도교육청,경기도 부천시 소사구,False
S090001956,부광초등학교,초등학교,공립,경기도부천교육지원청,경기도교육청,경기도 부천시 원미구,False
S090001957,부명초등학교,초등학교,공립,경기도부천교육지원청,경기도교육청,경기도 부천시 원미구,False
S090001959,부원초등학교,초등학교,공립,경기도부천교육지원청,경기도교육청,경기도 부천시 소사구,False
S090001960,부인초등학교,초등학교,공립,경기도부천교육지원청,경기도교육청,경기도 부천시 원미구,False
S090001961,부일초등학교,초등학교,공립,경기도부천교육지원청,경기도교육청,경기도 부천시 원미구,False
S090001962,부천남초등학교,초등학교,공립,경기도부천교육지원청,경기도교육청,경기도 부천시 소사구,False
S090001963,부천대명초등학교,초등학교,공립,경기도부천교육지원청,경기도교육청,경기도 부천시 오정구,False
S090001964,부천덕산초등학교,초등학교,공립,경기도부천교육지원청,경기도교육청,경기도 부천시 오정구,False
S090001966,부천동초등학교,초등학교,공립,경기도부천교육지원청,경기도교육청,경기도 부천시 원미구,False
S090001967,부천부곡초등학교,초등학교,공립,경기도부천교육지원청,경기도교육청,경기도 부천시 원미구,False
S090001968,부천부안초등학교,초등학교,공립,경기도부천교육지원청,경기도교육청,경기도 부천시 소사구,False
S090001969,부천부흥초등학교,초등학교,공립,경기도부천교육지원청,경기도교육청,경기도 부천시 원미구,False
S090001970,부천북초등학교,초등학교,공립,경기도부천교육지원청,경기도교육청,경기도 부천시 원미구,False
S090001971,부천삼정초등학교,초등학교,공립,경기도부천교육지원청,경기도교육청,경기도 부천시 오정구,False
S090001972,부천서초등학교,초등학교,공립,경기도부천교육지원청,경기도교육청,경기도 부천시 원미구,False
S090001973,부천수주초등학교,초등학교,공립,경기도부천교육지원청,경기도교육청,경기도 부천시 오정구,False
S090001974,부천신흥초등학교,초등학교,공립,경기도부천교육지원청,경기도교육청,경기도 부천시 원미구,False
S090001975,부천여월초등학교,초등학교,공립,경기도부천교육지원청,경기도교육청,경기도 부천시 오정구,False
S090001976,부천역곡초등학교,초등학교,공립,경기도부천교육지원청,경기도교육청,경기도 부천시 원미구,False
S090001977,부천원일초등학교,초등학교,공립,경기도부천교육지원청,경기도교육청,경기도 부천시 오정구,False
S090001978,부천중앙초등학교,초등학교,공립,경기도부천교육지원청,경기도교육청,경기도 부천시 원미구,False
S090001979,부천중원초등학교,초등학교,공립,경기도부천교육지원청,경기도교육청,경기도 부천시 원미구,False
S090001980,부천초등학교,초등학교,공립,경기도부천교육지원청,경기도교육청,경기도 부천시 원미구,False
S090001987,상도초등학교,초등학교,공립,경기도부천교육지원청,경기도교육청,경기도 부천시 원미구,False
S090001988,상동초등학교,초등학교,공립,경기도부천교육지원청,경기도교육청,경기도 부천시 원미구,False
S090001989,상원초등학교,초등학교,공립,경기도부천교육지원청,경기도교육청,경기도 부천시 원미구,False
S090001990,상인초등학교,초등학교,공립,경기도부천교육지원청,경기도교육청,경기도 부천시 원미구,False
S090001991,상일초등학교,초등학교,공립,경기도부천교육지원청,경기도교육청,경기도 부천시 원미구,False
S090001992,상지초등학교,초등학교,공립,경기도부천교육지원청,경기도교육청,경기도 부천시 원미구,False
S090002001,성주초등학교,초등학교,공립,경기도부천교육지원청,경기도교육청,경기도 부천시 소사구,False
S090002002,소사초등학교,초등학교,공립,경기도부천교육지원청,경기도교육청,경기도 부천시 소사구,False
S090002003,송내초등학교,초등학교,공립,경기도부천교육지원청,경기도교육청,경기도 부천시 원미구,False
S090002007,신도초등학교,초등학교,공립,경기도부천교육지원청,경기도교육청,경기도 부천시 원미구,False
S090002011,소일초등학교,초등학교,공립,경기도부천교육지원청,경기도교육청,경기도 부천시 소사구,False
S090002015,심곡초등학교,초등학교,공립,경기도부천교육지원청,경기도교육청,경기도 부천시 원미구,False
S090002016,심원초등학교,초등학교,공립,경기도부천교육지원청,경기도교육청,경기도 부천시 원미구,False
S090002017,약대초등학교,초등학교,공립,경기도부천교육지원청,경기도교육청,경기도 부천시 원미구,False
S090002022,오정초등학교,초등학교,공립,경기도부천교육지원청,경기도교육청,경기도 부천시 오정구,False
S090002026,원미초등학교,초등학교,공립,경기도부천교육지원청,경기도교육청,경기도 부천시 원미구,False
S090002027,원종초등학교,초등학교,공립,경기도부천교육지원청,경기도교육청,경기도 부천시 오정구,False
S090002038,중흥초등학교,초등학교,공립,경기도부천교육지원청,경기도교육청,경기도 부천시 원미구,False
S090002039,창영초등학교,초등학교,공립,경기도부천교육지원청,경기도교육청,경기도 부천시 소사구,False
S090002210,검단초등학교,초등학교,공립,경기도성남교육지원청,경기도교육청,경기도 성남시 중원구,False
S090002211,구미초등학교,초등학교,공립,경기도성남교육지원청,경기도교육청,경기도 성남시 분당구,False
S090002214,금빛초등학교,초등학교,공립,경기도성남교육지원청,경기도교육청,경기도 성남시 수정구,False
S090002215,금상초등학교,초등학교,공립,경기도성남교육지원청,경기도교육청,경기도 성남시 중원구,False
S090002216,낙생초등학교,초등학교,공립,경기도성남교육지원청,경기도교육청,경기도 성남시 분당구,False
S090002217,내정초등학교,초등학교,공립,경기도성남교육지원청,경기도교육청,경기도 성남시 분당구,False
S090002218,단남초등학교,초등학교,공립,경기도성남교육지원청,경기도교육청,경기도 성남시 중원구,False
S090002219,단대초등학교,초등학교,공립,경기도성남교육지원청,경기도교육청,경기도 성남시 수정구,False
S090002221,당촌초등학교,초등학교,공립,경기도성남교육지원청,경기도교육청,경기도 성남시 분당구,False
S090002223,대일초등학교,초등학교,공립,경기도성남교육지원청,경기도교육청,경기도 성남시 중원구,False
S090002224,대하초등학교,초등학교,공립,경기도성남교육지원청,경기도교육청,경기도 성남시 중원구,False
S090002225,돌마초등학교,초등학교,공립,경기도성남교육지원청,경기도교육청,경기도 성남시 분당구,False
S090002227,백현초등학교,초등학교,공립,경기도성남교육지원청,경기도교육청,경기도 성남시 분당구,False
S090002228,복정초등학교,초등학교,공립,경기도성남교육지원청,경기도교육청,경기도 성남시 수정구,False
S090002229,분당초등학교,초등학교,공립,경기도성남교육지원청,경기도교육청,경기도 성남시 분당구,False
S090002230,불곡초등학교,초등학교,공립,경기도성남교육지원청,경기도교육청,경기도 성남시 분당구,False
S090002231,불정초등학교,초등학교,공립,경기도성남교육지원청,경기도교육청,경기도 성남시 분당구,False
S090002232,상대원초등학교,초등학교,공립,경기도성남교육지원청,경기도교육청,경기도 성남시 중원구,False
S090002234,상원초등학교,초등학교,공립,경기도성남교육지원청,경기도교육청,경기도 성남시 중원구,False
S090002235,상탑초등학교,초등학교,공립,경기도성남교육지원청,경기도교육청,경기도 성남시 분당구,False
S090002236,서당초등학교,초등학교,공립,경기도성남교육지원청,경기도교육청,경기도 성남시 분당구,False
S090002237,서현초등학교,초등학교,공립,경기도성남교육지원청,경기도교육청,경기도 성남시 분당구,False
S090002238,성남동초등학교,초등학교,공립,경기도성남교육지원청,경기도교육청,경기도 성남시 중원구,False
S090002239,성남매송초등학교,초등학교,공립,경기도성남교육지원청,경기도교육청,경기도 성남시 분당구,False
S090002240,성남미금초등학교,초등학교,공립,경기도성남교육지원청,경기도교육청,경기도 성남시 분당구,False
S090002241,성남북초등학교,초등학교,공립,경기도성남교육지원청,경기도교육청,경기도 성남시 수정구,False
S090002242,성남서초등학교,초등학교,공립,경기도성남교육지원청,경기도교육청,경기도 성남시 수정구,False
S090002243,성남신기초등학교,초등학교,공립,경기도성남교육지원청,경기도교육청,경기도 성남시 분당구,False
S090002244,성남신흥초등학교,초등학교,공립,경기도성남교육지원청,경기도교육청,경기도 성남시 수정구,False
S090002245,성남은행초등학교,초등학교,공립,경기도성남교육지원청,경기도교육청,경기도 성남시 중원구,False
S090002246,성남장안초등학교,초등학교,공립,경기도성남교육지원청,경기도교육청,경기도 성남시 분당구,False
S090002247,성남제일초등학교,초등학교,공립,경기도성남교육지원청,경기도교육청,경기도 성남시 중원구,False
S090002248,성남수정초등학교,초등학교,공립,경기도성남교육지원청,경기도교육청,경기도 성남시 수정구,False
S090002249,성남중앙초등학교,초등학교,공립,경기도성남교육지원청,경기도교육청,경기도 성남시 중원구,False
S090002250,성남초등학교,초등학교,공립,경기도성남교육지원청,경기도교육청,경기도 성남시 수정구,False
S090002251,성수초등학교,초등학교,공립,경기도성남교육지원청,경기도교육청,경기도 성남시 수정구,False
S090002252,수내초등학교,초등학교,공립,경기도성남교육지원청,경기도교육청,경기도 성남시 분당구,False
S090002253,수진초등학교,초등학교,공립,경기도성남교육지원청,경기도교육청,경기도 성남시 수정구,False
S090002256,안말초등학교,초등학교,공립,경기도성남교육지원청,경기도교육청,경기도 성남시 분당구,False
S090002257,야탑초등학교,초등학교,공립,경기도성남교육지원청,경기도교육청,경기도 성남시 분당구,False
S090002258,양영초등학교,초등학교,공립,경기도성남교육지원청,경기도교육청,경기도 성남시 분당구,False
S090002259,오리초등학교,초등학교,공립,경기도성남교육지원청,경기도교육청,경기도 성남시 분당구,False
S090002260,왕남초등학교,초등학교,공립,경기도성남교육지원청,경기도교육청,경기도 성남시 수정구,False
S090002262,이매초등학교,초등학교,공립,경기도성남교육지원청,경기도교육청,경기도 성남시 분당구,False
S090002267,중부초등학교,초등학교,공립,경기도성남교육지원청,경기도교육청,경기도 성남시 중원구,False
S090002269,중원초등학교,초등학교,공립,경기도성남교육지원청,경기도교육청,경기도 성남시 중원구,False
S090002270,중탑초등학교,초등학교,공립,경기도성남교육지원청,경기도교육청,경기도 성남시 분당구,False
S090002271,청솔초등학교,초등학교,공립,경기도성남교육지원청,경기도교육청,경기도 성남시 분당구,False
S090002272,초림초등학교,초등학교,공립,경기도성남교육지원청,경기도교육청,경기도 성남시 분당구,False
S090002273,탄천초등학교,초등학교,공립,경기도성남교육지원청,경기도교육청,경기도 성남시 분당구,False
S090002274,태평초등학교,초등학교,공립,경기도성남교육지원청,경기도교육청,경기도 성남시 수정구,False
S090002275,하원초등학교,초등학교,공립,경기도성남교육지원청,경기도교육청,경기도 성남시 중원구,False
S090002276,하탑초등학교,초등학교,공립,경기도성남교육지원청,경기도교육청,경기도 성남시 분당구,False
S090002277,한솔초등학교,초등학교,공립,경기도성남교육지원청,경기도교육청,경기도 성남시 분당구,False
S090002278,희망대초등학교,초등학교,공립,경기도성남교육지원청,경기도교육청,경기도 성남시 수정구,False
S090002444,고색초등학교,초등학교,공립,경기도수원교육지원청,경기도교육청,경기도 수원시 권선구,False
S090002445,고현초등학교,초등학교,공립,경기도수원교육지원청,경기도교육청,경기도 수원시 권선구,False
S090002446,곡반초등학교,초등학교,공립,경기도수원교육지원청,경기도교육청,경기도 수원시 권선구,False
S090002447,곡선초등학교,초등학교,공립,경기도수원교육지원청,경기도교육청,경기도 수원시 권선구,False
S090002448,구운초등학교,초등학교,공립,경기도수원교육지원청,경기도교육청,경기도 수원시 권선구,False
S090002449,권선초등학교,초등학교,공립,경기도수원교육지원청,경기도교육청,경기도 수원시 권선구,False
S090002450,남수원초등학교,초등학교,공립,경기도수원교육지원청,경기도교육청,경기도 수원시 권선구,False
S090002451,남창초등학교,초등학교,공립,경기도수원교육지원청,경기도교육청,경기도 수원시 팔달구,False
S090002452,당수초등학교,초등학교,공립,경기도수원교육지원청,경기도교육청,경기도 수원시 권선구,False
S090002453,대평초등학교,초등학교,공립,경기도수원교육지원청,경기도교육청,경기도 수원시 장안구,False
S090002454,동수원초등학교,초등학교,공립,경기도수원교육지원청,경기도교육청,경기도 수원시 영통구,False
S090002455,수원동신초등학교,초등학교,공립,경기도수원교육지원청,경기도교육청,경기도 수원시 장안구,False
S090002456,매산초등학교,초등학교,공립,경기도수원교육지원청,경기도교육청,경기도 수원시 팔달구,False
S090002457,매원초등학교,초등학교,공립,경기도수원교육지원청,경기도교육청,경기도 수원시 영통구,False
S090002458,매탄초등학교,초등학교,공립,경기도수원교육지원청,경기도교육청,경기도 수원시 영통구,False
S090002459,매현초등학교,초등학교,공립,경기도수원교육지원청,경기도교육청,경기도 수원시 영통구,False
S090002460,명당초등학교,초등학교,공립,경기도수원교육지원청,경기도교육청,경기도 수원시 권선구,False
S090002461,명인초등학교,초등학교,공립,경기도수원교육지원청,경기도교육청,경기도 수원시 장안구,False
S090002462,산남초등학교,초등학교,공립,경기도수원교육지원청,경기도교육청,경기도 수원시 영통구,False
S090002463,산의초등학교,초등학교,공립,경기도수원교육지원청,경기도교육청,경기도 수원시 영통구,False
S090002464,상률초등학교,초등학교,공립,경기도수원교육지원청,경기도교육청,경기도 수원시 장안구,False
S090002465,상촌초등학교,초등학교,공립,경기도수원교육지원청,경기도교육청,경기도 수원시 권선구,False
S090002466,서호초등학교,초등학교,공립,경기도수원교육지원청,경기도교육청,경기도 수원시 권선구,False
S090002467,세곡초등학교,초등학교,공립,경기도수원교육지원청,경기도교육청,경기도 수원시 권선구,False
S090002468,세류초등학교,초등학교,공립,경기도수원교육지원청,경기도교육청,경기도 수원시 권선구,False
S090002469,소화초등학교,초등학교,사립,경기도수원교육지원청,경기도교육청,경기도 수원시 영통구,False
S090002470,송림초등학교,초등학교,공립,경기도수원교육지원청,경기도교육청,경기도 수원시 장안구,False
S090002471,송원초등학교,초등학교,공립,경기도수원교육지원청,경기도교육청,경기도 수원시 장안구,False
S090002472,송정초등학교,초등학교,공립,경기도수원교육지원청,경기도교육청,경기도 수원시 장안구,False
S090002473,송죽초등학교,초등학교,공립,경기도수원교육지원청,경기도교육청,경기도 수원시 장안구,False
S090002474,수성초등학교,초등학교,공립,경기도수원교육지원청,경기도교육청,경기도 수원시 장안구,False
S090002475,수원금곡초등학교,초등학교,공립,경기도수원교육지원청,경기도교육청,경기도 수원시 권선구,False
S090002477,수원선일초등학교,초등학교,공립,경기도수원교육지원청,경기도교육청,경기도 수원시 권선구,False
S090002478,수원신곡초등학교,초등학교,공립,경기도수원교육지원청,경기도교육청,경기도 수원시 권선구,False
S090002479,수원초등학교,초등학교,공립,경기도수원교육지원청,경기도교육청,경기도 수원시 팔달구,False
S090002480,숙지초등학교,초등학교,공립,경기도수원교육지원청,경기도교육청,경기도 수원시 팔달구,False
S090002482,신성초등학교,초등학교,공립,경기도수원교육지원청,경기도교육청,경기도 수원시 영통구,False
S090002483,신영초등학교,초등학교,공립,경기도수원교육지원청,경기도교육청,경기도 수원시 영통구,False
S090002484,신풍초등학교,초등학교,공립,경기도수원교육지원청,경기도교육청,경기도 수원시 영통구,False
S090002485,안룡초등학교,초등학교,공립,경기도수원교육지원청,경기도교육청,경기도 수원시 권선구,False
S090002486,연무초등학교,초등학교,공립,경기도수원교육지원청,경기도교육청,경기도 수원시 팔달구,False
S090002487,영덕초등학교,초등학교,공립,경기도수원교육지원청,경기도교육청,경기도 수원시 영통구,False
S090002488,영동초등학교,초등학교,공립,경기도수원교육지원청,경기도교육청,경기도 수원시 영통구,False
S090002489,영일초등학교,초등학교,공립,경기도수원교육지원청,경기도교육청,경기도 수원시 영통구,False
S090002490,영통초등학교,초등학교,공립,경기도수원교육지원청,경기도교육청,경기도 수원시 영통구,False
S090002491,영화초등학교,초등학교,공립,경기도수원교육지원청,경기도교육청,경기도 수원시 장안구,False
S090002492,오목초등학교,초등학교,공립,경기도수원교육지원청,경기도교육청,경기도 수원시 권선구,False
S090002493,우만초등학교,초등학교,공립,경기도수원교육지원청,경기도교육청,경기도 수원시 팔달구,False
S090002494,원일초등학교,초등학교,공립,경기도수원교육지원청,경기도교육청,경기도 수원시 영통구,False
S090002495,원천초등학교,초등학교,공립,경기도수원교육지원청,경기도교육청,경기도 수원시 영통구,False
S090002496,율전초등학교,초등학교,공립,경기도수원교육지원청,경기도교육청,경기도 수원시 장안구,False
S090002497,율현초등학교,초등학교,공립,경기도수원교육지원청,경기도교육청,경기도 수원시 팔달구,False
S090002498,인계초등학교,초등학교,공립,경기도수원교육지원청,경기도교육청,경기도 수원시 팔달구,False
S090002499,일월초등학교,초등학교,공립,경기도수원교육지원청,경기도교육청,경기도 수원시 권선구,False
S090002500,잠원초등학교,초등학교,공립,경기도수원교육지원청,경기도교육청,경기도 수원시 영통구,False
S090002501,정자초등학교,초등학교,공립,경기도수원교육지원청,경기도교육청,경기도 수원시 장안구,False
S090002502,정천초등학교,초등학교,공립,경기도수원교육지원청,경기도교육청,경기도 수원시 장안구,False
S090002503,조원초등학교,초등학교,공립,경기도수원교육지원청,경기도교육청,경기도 수원시 장안구,False
S090002504,중앙기독초등학교,초등학교,사립,경기도수원교육지원청,경기도교육청,경기도 수원시 영통구,False
S090002506,지동초등학교,초등학교,공립,경기도수원교육지원청,경기도교육청,경기도 수원시 팔달구,False
S090002507,창용초등학교,초등학교,공립,경기도수원교육지원청,경기도교육청,경기도 수원시 장안구,False
S090002508,천일초등학교,초등학교,공립,경기도수원교육지원청,경기도교육청,경기도 수원시 장안구,False
S090002509,천천초등학교,초등학교,공립,경기도수원교육지원청,경기도교육청,경기도 수원시 장안구,False
S090002510,청명초등학교,초등학교,공립,경기도수원교육지원청,경기도교육청,경기도 수원시 영통구,False
S090002511,칠보초등학교,초등학교,공립,경기도수원교육지원청,경기도교육청,경기도 수원시 권선구,False
S090002512,탑동초등학교,초등학교,공립,경기도수원교육지원청,경기도교육청,경기도 수원시 권선구,False
S090002513,태장초등학교,초등학교,공립,경기도수원교육지원청,경기도교육청,경기도 수원시 영통구,False
S090002514,파장초등학교,초등학교,공립,경기도수원교육지원청,경기도교육청,경기도 수원시 장안구,False
S090002515,한일초등학교,초등학교,공립,경기도수원교육지원청,경기도교육청,경기도 수원시 장안구,False
S090002516,호매실초등학교,초등학교,공립,경기도수원교육지원청,경기도교육청,경기도 수원시 권선구,False
S090002517,화서초등학교,초등학교,공립,경기도수원교육지원청,경기도교육청,경기도 수원시 팔달구,False
S090002518,화양초등학교,초등학교,공립,경기도수원교육지원청,경기도교육청,경기도 수원시 팔달구,False
S090002519,화홍초등학교,초등학교,공립,경기도수원교육지원청,경기도교육청,경기도 수원시 팔달구,False
S090002520,황곡초등학교,초등학교,공립,경기도수원교육지원청,경기도교육청,경기도 수원시 영통구,False
S090002521,효동초등학교,초등학교,공립,경기도수원교육지원청,경기도교육청,경기도 수원시 영통구,False
S090002522,효성초등학교,초등학교,공립,경기도수원교육지원청,경기도교육청,경기도 수원시 팔달구,False
S090002523,효원초등학교,초등학교,공립,경기도수원교육지원청,경기도교육청,경기도 수원시 영통구,False
S090002524,효정초등학교,초등학교,공립,경기도수원교육지원청,경기도교육청,경기도 수원시 권선구,False
S090002525,효천초등학교,초등학교,공립,경기도수원교육지원청,경기도교육청,경기도 수원시 장안구,False
S090002715,각골초등학교,초등학교,공립,경기도안산교육지원청,경기도교육청,경기도 안산시 상록구,False
S090002716,검바위초등학교,초등학교,공립,경기도시흥교육지원청,경기도교육청,경기도 시흥시,False
S090002718,경일초등학교,초등학교,공립,경기도안산교육지원청,경기도교육청,경기도 안산시 상록구,False
S090002719,계수초등학교,초등학교,공립,경기도시흥교육지원청,경기도교육청,경기도 시흥시,False
S090002720,고잔초등학교,초등학교,공립,경기도안산교육지원청,경기도교육청,경기도 안산시 단원구,False
S090002721,관산초등학교,초등학교,공립,경기도안산교육지원청,경기도교육청,경기도 안산시 단원구,False
S090002722,군서초등학교,초등학교,공립,경기도시흥교육지원청,경기도교육청,경기도 시흥시,False
S090002723,군자초등학교,초등학교,공립,경기도시흥교육지원청,경기도교육청,경기도 시흥시,False
S090002724,금모래초등학교,초등학교,공립,경기도시흥교육지원청,경기도교육청,경기도 시흥시,False
S090002725,냉정초등학교,초등학교,공립,경기도시흥교육지원청,경기도교육청,경기도 시흥시,False
S090002726,능길초등학교,초등학교,공립,경기도안산교육지원청,경기도교육청,경기도 안산시 단원구,False
S090002727,대남초등학교,초등학교,공립,경기도안산교육지원청,경기도교육청,경기도 안산시 단원구,False
S090002729,대동초등학교,초등학교,공립,경기도안산교육지원청,경기도교육청,경기도 안산시 단원구,False
S090002730,대부초등학교,초등학교,공립,경기도안산교육지원청,경기도교육청,경기도 안산시 단원구,False
S090002731,대야초등학교,초등학교,공립,경기도시흥교육지원청,경기도교육청,경기도 시흥시,False
S090002732,덕성초등학교,초등학교,공립,경기도안산교육지원청,경기도교육청,경기도 안산시 단원구,False
S090002733,도일초등학교,초등학교,공립,경기도시흥교육지원청,경기도교육청,경기도 시흥시,False
S090002734,도창초등학교,초등학교,공립,경기도시흥교육지원청,경기도교육청,경기도 시흥시,False
S090002735,매화초등학교,초등학교,공립,경기도안산교육지원청,경기도교육청,경기도 안산시 상록구,False
S090002736,목감초등학교,초등학교,공립,경기도시흥교육지원청,경기도교육청,경기도 시흥시,False
S090002737,반월초등학교,초등학교,공립,경기도안산교육지원청,경기도교육청,경기도 안산시 상록구,False
S090002738,별망초등학교,초등학교,공립,경기도안산교육지원청,경기도교육청,경기도 안산시 단원구,False
S090002739,본오초등학교,초등학교,공립,경기도안산교육지원청,경기도교육청,경기도 안산시 상록구,False
S090002740,본원초등학교,초등학교,공립,경기도안산교육지원청,경기도교육청,경기도 안산시 상록구,False
S090002741,삼일초등학교,초등학교,공립,경기도안산교육지원청,경기도교육청,경기도 안산시 상록구,False
S090002742,상록초등학교,초등학교,공립,경기도안산교육지원청,경기도교육청,경기도 안산시 상록구,False
S090002743,서촌초등학교,초등학교,공립,경기도시흥교육지원청,경기도교육청,경기도 시흥시,False
S090002744,서해초등학교,초등학교,공립,경기도시흥교육지원청,경기도교육청,경기도 시흥시,False
S090002745,석호초등학교,초등학교,공립,경기도안산교육지원청,경기도교육청,경기도 안산시 상록구,False
S090002746,선부초등학교,초등학교,공립,경기도안산교육지원청,경기도교육청,경기도 안산시 단원구,False
S090002747,선일초등학교,초등학교,공립,경기도안산교육지원청,경기도교육청,경기도 안산시 단원구,False
S090002749,성안초등학교,초등학교,공립,경기도안산교육지원청,경기도교육청,경기도 안산시 상록구,False
S090002750,성포초등학교,초등학교,공립,경기도안산교육지원청,경기도교육청,경기도 안산시 상록구,False
S090002751,소래초등학교,초등학교,공립,경기도시흥교육지원청,경기도교육청,경기도 시흥시,False
S090002752,송운초등학교,초등학교,공립,경기도시흥교육지원청,경기도교육청,경기도 시흥시,False
S090002753,송호초등학교,초등학교,공립,경기도안산교육지원청,경기도교육청,경기도 안산시 단원구,False
S090002755,슬기초등학교,초등학교,공립,경기도안산교육지원청,경기도교육청,경기도 안산시 단원구,False
S090002756,시곡초등학교,초등학교,공립,경기도안산교육지원청,경기도교육청,경기도 안산시 상록구,False
S090002757,시랑초등학교,초등학교,공립,경기도안산교육지원청,경기도교육청,경기도 안산시 상록구,False
S090002758,시화초등학교,초등학교,공립,경기도시흥교육지원청,경기도교육청,경기도 시흥시,False
S090002759,시흥매화초등학교,초등학교,공립,경기도시흥교육지원청,경기도교육청,경기도 시흥시,False
S090002760,시흥신일초등학교,초등학교,공립,경기도시흥교육지원청,경기도교육청,경기도 시흥시,False
S090002761,시흥은행초등학교,초등학교,공립,경기도시흥교육지원청,경기도교육청,경기도 시흥시,False
S090002762,시흥초등학교,초등학교,공립,경기도시흥교육지원청,경기도교육청,경기도 시흥시,False
S090002764,신천초등학교,초등학교,공립,경기도시흥교육지원청,경기도교육청,경기도 시흥시,False
S090002765,안산광덕초등학교,초등학교,공립,경기도안산교육지원청,경기도교육청,경기도 안산시 상록구,False
S090002766,안산부곡초등학교,초등학교,공립,경기도안산교육지원청,경기도교육청,경기도 안산시 상록구,False
S090002767,안산서초등학교,초등학교,공립,경기도안산교육지원청,경기도교육청,경기도 안산시 단원구,False
S090002768,안산석수초등학교,초등학교,공립,경기도안산교육지원청,경기도교육청,경기도 안산시 단원구,False
S090002769,안산양지초등학교,초등학교,공립,경기도안산교육지원청,경기도교육청,경기도 안산시 단원구,False
S090002770,안산원곡초등학교,초등학교,공립,경기도안산교육지원청,경기도교육청,경기도 안산시 단원구,False
S090002771,안산중앙초등학교,초등학교,공립,경기도안산교육지원청,경기도교육청,경기도 안산시 단원구,False
S090002772,안산초등학교,초등학교,공립,경기도안산교육지원청,경기도교육청,경기도 안산시 상록구,False
S090002773,안산화정초등학교,초등학교,공립,경기도안산교육지원청,경기도교육청,경기도 안산시 단원구,False
S090002774,연성초등학교,초등학교,공립,경기도시흥교육지원청,경기도교육청,경기도 시흥시,False
S090002775,옥터초등학교,초등학교,공립,경기도시흥교육지원청,경기도교육청,경기도 시흥시,False
S090002776,와동초등학교,초등학교,공립,경기도안산교육지원청,경기도교육청,경기도 안산시 단원구,False
S090002778,원일초등학교,초등학교,공립,경기도안산교육지원청,경기도교육청,경기도 안산시 단원구,False
S090002779,은계초등학교,초등학교,공립,경기도시흥교육지원청,경기도교육청,경기도 시흥시,False
S090002780,이호초등학교,초등학교,공립,경기도안산교육지원청,경기도교육청,경기도 안산시 상록구,False
S090002781,장곡초등학교,초등학교,공립,경기도시흥교육지원청,경기도교육청,경기도 시흥시,False
S090002782,정왕초등학교,초등학교,공립,경기도시흥교육지원청,경기도교육청,경기도 시흥시,False
S090002783,정재초등학교,초등학교,공립,경기도안산교육지원청,경기도교육청,경기도 안산시 상록구,False
S090002784,정지초등학교,초등학교,공립,경기도안산교육지원청,경기도교육청,경기도 안산시 단원구,False
S090002786,진말초등학교,초등학교,공립,경기도시흥교육지원청,경기도교육청,경기도 시흥시,False
S090002787,초당초등학교,초등학교,공립,경기도안산교육지원청,경기도교육청,경기도 안산시 상록구,False
S090002788,초지초등학교,초등학교,공립,경기도안산교육지원청,경기도교육청,경기도 안산시 단원구,False
S090002789,포리초등학교,초등학교,공립,경기도시흥교육지원청,경기도교육청,경기도 시흥시,False
S090002790,하중초등학교,초등학교,공립,경기도시흥교육지원청,경기도교육청,경기도 시흥시,False
S090002791,함현초등학교,초등학교,공립,경기도시흥교육지원청,경기도교육청,경기도 시흥시,False
S090002792,호동초등학교,초등학교,공립,경기도안산교육지원청,경기도교육청,경기도 안산시 상록구,False
S090002793,화랑초등학교,초등학교,공립,경기도안산교육지원청,경기도교육청,경기도 안산시 단원구,False
S090002927,개산초등학교,초등학교,공립,경기도안성교육지원청,경기도교육청,경기도 안성시,False
S090002928,개정초등학교,초등학교,공립,경기도안성교육지원청,경기도교육청,경기도 안성시,False
S090002929,고삼초등학교,초등학교,공립,경기도안성교육지원청,경기도교육청,경기도 안성시,False
S090002931,공도초등학교,초등학교,공립,경기도안성교육지원청,경기도교육청,경기도 안성시,False
S090002933,광덕초등학교,초등학교,공립,경기도안성교육지원청,경기도교육청,경기도 안성시,False
S090002934,광선초등학교,초등학교,공립,경기도안성교육지원청,경기도교육청,경기도 안성시,False
S090002935,금광초등학교,초등학교,공립,경기도안성교육지원청,경기도교육청,경기도 안성시,False
S090002936,금광초등학교조령분교장,초등학교,공립,경기도안성교육지원청,경기도교육청,경기도 안성시,False
S090002937,내혜홀초등학교,초등학교,공립,경기도안성교육지원청,경기도교육청,경기도 안성시,False
S090002938,대덕초등학교,초등학교,공립,경기도안성교육지원청,경기도교육청,경기도 안성시,False
S090002940,동신초등학교,초등학교,공립,경기도안성교육지원청,경기도교육청,경기도 안성시,False
S090002941,마전초등학교,초등학교,공립,경기도안성교육지원청,경기도교육청,경기도 안성시,False
S090002942,명덕초등학교,초등학교,공립,경기도안성교육지원청,경기도교육청,경기도 안성시,False
S090002943,문기초등학교,초등학교,공립,경기도안성교육지원청,경기도교육청,경기도 안성시,False
S090002944,미곡초등학교,초등학교,공립,경기도안성교육지원청,경기도교육청,경기도 안성시,False
S090002945,미양초등학교,초등학교,공립,경기도안성교육지원청,경기도교육청,경기도 안성시,False
S090002947,백성초등학교,초등학교,공립,경기도안성교육지원청,경기도교육청,경기도 안성시,False
S090002948,보개초등학교,초등학교,공립,경기도안성교육지원청,경기도교육청,경기도 안성시,False
S090002949,보체초등학교,초등학교,공립,경기도안성교육지원청,경기도교육청,경기도 안성시,False
S090002950,비룡초등학교,초등학교,공립,경기도안성교육지원청,경기도교육청,경기도 안성시,False
S090002951,산평초등학교,초등학교,공립,경기도안성교육지원청,경기도교육청,경기도 안성시,False
S090002952,삼죽초등학교,초등학교,공립,경기도안성교육지원청,경기도교육청,경기도 안성시,False
S090002954,서운초등학교,초등학교,공립,경기도안성교육지원청,경기도교육청,경기도 안성시,False
S090002956,안성초등학교,초등학교,공립,경기도안성교육지원청,경기도교육청,경기도 안성시,False
S090002957,양성초등학교,초등학교,공립,경기도안성교육지원청,경기도교육청,경기도 안성시,False
S090002959,양진초등학교,초등학교,공립,경기도안성교육지원청,경기도교육청,경기도 안성시,False
S090002960,용머리초등학교,초등학교,공립,경기도안성교육지원청,경기도교육청,경기도 안성시,False
S090002961,원곡초등학교,초등학교,공립,경기도안성교육지원청,경기도교육청,경기도 안성시,False
S090002963,일죽초등학교,초등학교,공립,경기도안성교육지원청,경기도교육청,경기도 안성시,False
S090002967,죽산초등학교,초등학교,공립,경기도안성교육지원청,경기도교육청,경기도 안성시,False
S090002968,죽화초등학교,초등학교,공립,경기도안성교육지원청,경기도교육청,경기도 안성시,False
S090002969,현매초등학교,초등학교,공립,경기도안성교육지원청,경기도교육청,경기도 안성시,False
S090003042,과천초등학교,초등학교,공립,경기도안양과천교육지원청,경기도교육청,경기도 과천시,False
S090003043,관문초등학교,초등학교,공립,경기도안양과천교육지원청,경기도교육청,경기도 과천시,False
S090003044,관양초등학교,초등학교,공립,경기도안양과천교육지원청,경기도교육청,경기도 안양시 동안구,False
S090003045,귀인초등학교,초등학교,공립,경기도안양과천교육지원청,경기도교육청,경기도 안양시 동안구,False
S090003046,달안초등학교,초등학교,공립,경기도안양과천교육지원청,경기도교육청,경기도 안양시 동안구,False
S090003047,덕천초등학교,초등학교,공립,경기도안양과천교육지원청,경기도교육청,경기도 안양시 만안구,False
S090003049,동안초등학교,초등학교,공립,경기도안양과천교육지원청,경기도교육청,경기도 안양시 동안구,False
S090003050,만안초등학교,초등학교,공립,경기도안양과천교육지원청,경기도교육청,경기도 안양시 만안구,False
S090003051,명학초등학교,초등학교,공립,경기도안양과천교육지원청,경기도교육청,경기도 안양시 만안구,False
S090003052,문원초등학교,초등학교,공립,경기도안양과천교육지원청,경기도교육청,경기도 과천시,False
S090003053,민백초등학교,초등학교,공립,경기도안양과천교육지원청,경기도교육청,경기도 안양시 동안구,False
S090003054,박달초등학교,초등학교,공립,경기도안양과천교육지원청,경기도교육청,경기도 안양시 만안구,False
S090003055,벌말초등학교,초등학교,공립,경기도안양과천교육지원청,경기도교육청,경기도 안양시 동안구,False
S090003056,범계초등학교,초등학교,공립,경기도안양과천교육지원청,경기도교육청,경기도 안양시 동안구,False
S090003057,부림초등학교,초등학교,공립,경기도안양과천교육지원청,경기도교육청,경기도 안양시 동안구,False
S090003060,비산초등학교,초등학교,공립,경기도안양과천교육지원청,경기도교육청,경기도 안양시 동안구,False
S090003061,삼봉초등학교,초등학교,공립,경기도안양과천교육지원청,경기도교육청,경기도 안양시 만안구,False
S090003062,삼성초등학교,초등학교,공립,경기도안양과천교육지원청,경기도교육청,경기도 안양시 만안구,False
S090003063,석수초등학교,초등학교,공립,경기도안양과천교육지원청,경기도교육청,경기도 안양시 만안구,False
S090003065,신안초등학교,초등학교,공립,경기도안양과천교육지원청,경기도교육청,경기도 안양시 만안구,False
S090003066,안양관악초등학교,초등학교,공립,경기도안양과천교육지원청,경기도교육청,경기도 안양시 동안구,False
S090003067,안양남초등학교,초등학교,공립,경기도안양과천교육지원청,경기도교육청,경기도 안양시 동안구,False
S090003068,안양덕현초등학교,초등학교,공립,경기도안양과천교육지원청,경기도교육청,경기도 안양시 동안구,False
S090003069,안양동초등학교,초등학교,공립,경기도안양과천교육지원청,경기도교육청,경기도 안양시 동안구,False
S090003070,안양부안초등학교,초등학교,공립,경기도안양과천교육지원청,경기도교육청,경기도 안양시 동안구,False
S090003071,안양부흥초등학교,초등학교,공립,경기도안양과천교육지원청,경기도교육청,경기도 안양시 동안구,False
S090003072,안양서초등학교,초등학교,공립,경기도안양과천교육지원청,경기도교육청,경기도 안양시 만안구,False
S090003073,안양신기초등학교,초등학교,공립,경기도안양과천교육지원청,경기도교육청,경기도 안양시 동안구,False
S090003074,안양양지초등학교,초등학교,공립,경기도안양과천교육지원청,경기도교육청,경기도 안양시 만안구,False
S090003075,안양중앙초등학교,초등학교,공립,경기도안양과천교육지원청,경기도교육청,경기도 안양시 동안구,False
S090003076,안양초등학교,초등학교,공립,경기도안양과천교육지원청,경기도교육청,경기도 안양시 만안구,False
S090003077,안일초등학교,초등학교,공립,경기도안양과천교육지원청,경기도교육청,경기도 안양시 만안구,False
S090003079,연현초등학교,초등학교,공립,경기도안양과천교육지원청,경기도교육청,경기도 안양시 만안구,False
S090003080,인덕원초등학교,초등학교,공립,경기도안양과천교육지원청,경기도교육청,경기도 안양시 동안구,False
S090003082,청계초등학교,초등학교,공립,경기도안양과천교육지원청,경기도교육청,경기도 과천시,False
S090003083,평촌초등학교,초등학교,공립,경기도안양과천교육지원청,경기도교육청,경기도 안양시 동안구,False
S090003084,호계초등학교,초등학교,공립,경기도안양과천교육지원청,경기도교육청,경기도 안양시 동안구,False
S090003085,호성초등학교,초등학교,공립,경기도안양과천교육지원청,경기도교육청,경기도 안양시 동안구,False
S090003086,호원초등학교,초등학교,공립,경기도안양과천교육지원청,경기도교육청,경기도 안양시 동안구,False
S090003088,희성초등학교,초등학교,공립,경기도안양과천교육지원청,경기도교육청,경기도 안양시 동안구,False
S090003216,강상초등학교,초등학교,공립,경기도양평교육지원청,경기도교육청,경기도 양평군,False
S090003217,강하초등학교,초등학교,공립,경기도양평교육지원청,경기도교육청,경기도 양평군,False
S090003218,개군초등학교,초등학교,공립,경기도양평교육지원청,경기도교육청,경기도 양평군,False
S090003220,곡수초등학교,초등학교,공립,경기도양평교육지원청,경기도교육청,경기도 양평군,False
S090003223,다문초등학교,초등학교,공립,경기도양평교육지원청,경기도교육청,경기도 양평군,False
S090003230,대아초등학교,초등학교,공립,경기도양평교육지원청,경기도교육청,경기도 양평군,False
S090003240,서종초등학교,초등학교,공립,경기도양평교육지원청,경기도교육청,경기도 양평군,False
S090003244,세월초등학교,초등학교,공립,경기도양평교육지원청,경기도교육청,경기도 양평군,False
S090003245,수입초등학교,초등학교,공립,경기도양평교육지원청,경기도교육청,경기도 양평군,False
S090003247,양동초등학교,초등학교,공립,경기도양평교육지원청,경기도교육청,경기도 양평군,False
S090003248,양동초등학교고송분교장,초등학교,공립,경기도양평교육지원청,경기도교육청,경기도 양평군,False
S090003251,양서초등학교,초등학교,공립,경기도양평교육지원청,경기도교육청,경기도 양평군,False
S090003252,양수초등학교,초등학교,공립,경기도양평교육지원청,경기도교육청,경기도 양평군,False
S090003253,양평단월초등학교,초등학교,공립,경기도양평교육지원청,경기도교육청,경기도 양평군,False
S090003255,양평동초등학교,초등학교,공립,경기도양평교육지원청,경기도교육청,경기도 양평군,False
S090003257,양평초등학교,초등학교,공립,경기도양평교육지원청,경기도교육청,경기도 양평군,False
S090003259,옥천초등학교,초등학교,공립,경기도양평교육지원청,경기도교육청,경기도 양평군,False
S090003261,용문초등학교,초등학교,공립,경기도양평교육지원청,경기도교육청,경기도 양평군,False
S090003262,원덕초등학교,초등학교,공립,경기도양평교육지원청,경기도교육청,경기도 양평군,False
S090003267,조현초등학교,초등학교,공립,경기도양평교육지원청,경기도교육청,경기도 양평군,False
S090003268,지평초등학교,초등학교,공립,경기도양평교육지원청,경기도교육청,경기도 양평군,False
S090003270,청운초등학교,초등학교,공립,경기도양평교육지원청,경기도교육청,경기도 양평군,False
S090003326,가남초등학교,초등학교,공립,경기도여주교육지원청,경기도교육청,경기도 여주시,False
S090003328,강천초등학교,초등학교,공립,경기도여주교육지원청,경기도교육청,경기도 여주시,False
S090003333,금당초등학교,초등학교,공립,경기도여주교육지원청,경기도교육청,경기도 여주시,False
S090003335,능북초등학교,초등학교,공립,경기도여주교육지원청,경기도교육청,경기도 여주시,False
S090003336,능서초등학교,초등학교,공립,경기도여주교육지원청,경기도교육청,경기도 여주시,False
S090003338,대신초등학교,초등학교,공립,경기도여주교육지원청,경기도교육청,경기도 여주시,False
S090003340,매류초등학교,초등학교,공립,경기도여주교육지원청,경기도교육청,경기도 여주시,False
S090003341,문장초등학교,초등학교,공립,경기도여주교육지원청,경기도교육청,경기도 여주시,False
S090003342,북내초등학교,초등학교,공립,경기도여주교육지원청,경기도교육청,경기도 여주시,False
S090003343,북내초등학교도전분교장,초등학교,공립,경기도여주교육지원청,경기도교육청,경기도 여주시,False
S090003346,상품초등학교,초등학교,공립,경기도여주교육지원청,경기도교육청,경기도 여주시,False
S090003348,송삼초등학교,초등학교,공립,경기도여주교육지원청,경기도교육청,경기도 여주시,False
S090003349,송촌초등학교,초등학교,공립,경기도여주교육지원청,경기도교육청,경기도 여주시,False
S090003351,여주초등학교,초등학교,공립,경기도여주교육지원청,경기도교육청,경기도 여주시,False
S090003352,여흥초등학교,초등학교,공립,경기도여주교육지원청,경기도교육청,경기도 여주시,False
S090003353,연라초등학교,초등학교,공립,경기도여주교육지원청,경기도교육청,경기도 여주시,False
S090003354,오산초등학교,초등학교,공립,경기도여주교육지원청,경기도교육청,경기도 여주시,False
S090003355,오학초등학교,초등학교,공립,경기도여주교육지원청,경기도교육청,경기도 여주시,False
S090003358,이포초등학교,초등학교,공립,경기도여주교육지원청,경기도교육청,경기도 여주시,False
S090003359,이포초등학교하호분교장,초등학교,공립,경기도여주교육지원청,경기도교육청,경기도 여주시,False
S090003360,점동초등학교,초등학교,공립,경기도여주교육지원청,경기도교육청,경기도 여주시,False
S090003363,점봉초등학교,초등학교,공립,경기도여주교육지원청,경기도교육청,경기도 여주시,False
S090003365,천남초등학교,초등학교,공립,경기도여주교육지원청,경기도교육청,경기도 여주시,False
S090003368,흥천초등학교,초등학교,공립,경기도여주교육지원청,경기도교육청,경기도 여주시,False
S090003414,군남초등학교,초등학교,공립,경기도연천교육지원청,경기도교육청,경기도 연천군,False
S090003417,궁평초등학교,초등학교,공립,경기도연천교육지원청,경기도교육청,경기도 연천군,False
S090003419,대광초등학교,초등학교,공립,경기도연천교육지원청,경기도교육청,경기도 연천군,False
S090003423,백의초등학교,초등학교,공립,경기도연천교육지원청,경기도교육청,경기도 연천군,False
S090003424,백학초등학교,초등학교,공립,경기도연천교육지원청,경기도교육청,경기도 연천군,False
S090003426,상리초등학교,초등학교,공립,경기도연천교육지원청,경기도교육청,경기도 연천군,False
S090003428,연천노곡초등학교,초등학교,공립,경기도연천교육지원청,경기도교육청,경기도 연천군,False
S090003429,연천왕산초등학교,초등학교,공립,경기도연천교육지원청,경기도교육청,경기도 연천군,False
S090003431,연천초등학교,초등학교,공립,경기도연천교육지원청,경기도교육청,경기도 연천군,False
S090003437,은대초등학교,초등학교,공립,경기도연천교육지원청,경기도교육청,경기도 연천군,False
S090003438,전곡초등학교,초등학교,공립,경기도연천교육지원청,경기도교육청,경기도 연천군,False
S090003441,초성초등학교,초등학교,공립,경기도연천교육지원청,경기도교육청,경기도 연천군,False
S090003442,화진초등학교,초등학교,공립,경기도연천교육지원청,경기도교육청,경기도 연천군,False
S090003495,고기초등학교,초등학교,공립,경기도용인교육지원청,경기도교육청,경기도 용인시 수지구,False
S090003496,고림초등학교,초등학교,공립,경기도용인교육지원청,경기도교육청,경기도 용인시 처인구,False
S090003497,관곡초등학교,초등학교,공립,경기도용인교육지원청,경기도교육청,경기도 용인시 기흥구,False
S090003498,구갈초등학교,초등학교,공립,경기도용인교육지원청,경기도교육청,경기도 용인시 기흥구,False
S090003499,구성초등학교,초등학교,공립,경기도용인교육지원청,경기도교육청,경기도 용인시 기흥구,False
S090003500,기흥초등학교,초등학교,공립,경기도용인교육지원청,경기도교육청,경기도 용인시 기흥구,False
S090003501,남곡초등학교,초등학교,공립,경기도용인교육지원청,경기도교육청,경기도 용인시 처인구,False
S090003502,남사초등학교,초등학교,공립,경기도용인교육지원청,경기도교육청,경기도 용인시 처인구,False
S090003504,남촌초등학교,초등학교,공립,경기도용인교육지원청,경기도교육청,경기도 용인시 처인구,False
S090003505,능원초등학교,초등학교,공립,경기도용인교육지원청,경기도교육청,경기도 용인시 처인구,False
S090003506,용인대일초등학교,초등학교,공립,경기도용인교육지원청,경기도교육청,경기도 용인시 수지구,False
S090003507,대지초등학교,초등학교,공립,경기도용인교육지원청,경기도교육청,경기도 용인시 수지구,False
S090003508,대현초등학교,초등학교,공립,경기도용인교육지원청,경기도교육청,경기도 용인시 수지구,False
S090003509,동천초등학교,초등학교,공립,경기도용인교육지원청,경기도교육청,경기도 용인시 수지구,False
S090003511,마북초등학교,초등학교,공립,경기도용인교육지원청,경기도교육청,경기도 용인시 기흥구,False
S090003512,마성초등학교,초등학교,공립,경기도용인교육지원청,경기도교육청,경기도 용인시 기흥구,False
S090003513,용인심곡초등학교,초등학교,공립,경기도용인교육지원청,경기도교육청,경기도 용인시 수지구,False
S090003514,모현초등학교,초등학교,공립,경기도용인교육지원청,경기도교육청,경기도 용인시 처인구,False
S090003515,백봉초등학교,초등학교,공립,경기도용인교육지원청,경기도교육청,경기도 용인시 처인구,False
S090003516,백암초등학교,초등학교,공립,경기도용인교육지원청,경기도교육청,경기도 용인시 처인구,False
S090003517,백암초등학교수정분교장,초등학교,공립,경기도용인교육지원청,경기도교육청,경기도 용인시 처인구,False
S090003518,보라초등학교,초등학교,공립,경기도용인교육지원청,경기도교육청,경기도 용인시 기흥구,False
S090003519,보정초등학교,초등학교,공립,경기도용인교육지원청,경기도교육청,경기도 용인시 기흥구,False
S090003520,산양초등학교,초등학교,공립,경기도용인교육지원청,경기도교육청,경기도 용인시 기흥구,False
S090003521,상갈초등학교,초등학교,공립,경기도용인교육지원청,경기도교육청,경기도 용인시 기흥구,False
S090003522,상하초등학교,초등학교,공립,경기도용인교육지원청,경기도교육청,경기도 용인시 기흥구,False
S090003523,상현초등학교,초등학교,공립,경기도용인교육지원청,경기도교육청,경기도 용인시 수지구,False
S090003524,서룡초등학교,초등학교,공립,경기도용인교육지원청,경기도교육청,경기도 용인시 처인구,False
S090003525,서원초등학교,초등학교,공립,경기도용인교육지원청,경기도교육청,경기도 용인시 수지구,False
S090003526,서천초등학교,초등학교,공립,경기도용인교육지원청,경기도교육청,경기도 용인시 기흥구,False
S090003527,성복초등학교,초등학교,공립,경기도용인교육지원청,경기도교육청,경기도 용인시 수지구,False
S090003528,소현초등학교,초등학교,공립,경기도용인교육지원청,경기도교육청,경기도 용인시 수지구,False
S090003529,솔개초등학교,초등학교,공립,경기도용인교육지원청,경기도교육청,경기도 용인시 수지구,False
S090003530,송전초등학교,초등학교,공립,경기도용인교육지원청,경기도교육청,경기도 용인시 처인구,False
S090003532,수지초등학교,초등학교,공립,경기도용인교육지원청,경기도교육청,경기도 용인시 수지구,False
S090003534,신갈초등학교,초등학교,공립,경기도용인교육지원청,경기도교육청,경기도 용인시 기흥구,False
S090003535,신월초등학교,초등학교,공립,경기도용인교육지원청,경기도교육청,경기도 용인시 수지구,False
S090003536,양지초등학교,초등학교,공립,경기도용인교육지원청,경기도교육청,경기도 용인시 처인구,False
S090003537,어정초등학교,초등학교,공립,경기도용인교육지원청,경기도교육청,경기도 용인시 기흥구,False
S090003539,언동초등학교,초등학교,공립,경기도용인교육지원청,경기도교육청,경기도 용인시 기흥구,False
S090003540,역북초등학교,초등학교,공립,경기도용인교육지원청,경기도교육청,경기도 용인시 처인구,False
S090003541,왕산초등학교,초등학교,공립,경기도용인교육지원청,경기도교육청,경기도 용인시 처인구,False
S090003542,용마초등학교,초등학교,공립,경기도용인교육지원청,경기도교육청,경기도 용인시 처인구,False
S090003543,용인둔전초등학교,초등학교,공립,경기도용인교육지원청,경기도교육청,경기도 용인시 처인구,False
S090003544,용인초등학교,초등학교,공립,경기도용인교육지원청,경기도교육청,경기도 용인시 처인구,False
S090003545,용천초등학교,초등학교,공립,경기도용인교육지원청,경기도교육청,경기도 용인시 처인구,False
S090003546,운학초등학교,초등학교,공립,경기도용인교육지원청,경기도교육청,경기도 용인시 처인구,False
S090003547,원삼초등학교,초등학교,공립,경기도용인교육지원청,경기도교육청,경기도 용인시 처인구,False
S090003550,이현초등학교,초등학교,공립,경기도용인교육지원청,경기도교육청,경기도 용인시 기흥구,False
S090003551,장평초등학교,초등학교,공립,경기도용인교육지원청,경기도교육청,경기도 용인시 처인구,False
S090003552,정평초등학교,초등학교,공립,경기도용인교육지원청,경기도교육청,경기도 용인시 수지구,False
S090003553,제일초등학교,초등학교,공립,경기도용인교육지원청,경기도교육청,경기도 용인시 처인구,False
S090003554,좌항초등학교,초등학교,공립,경기도용인교육지원청,경기도교육청,경기도 용인시 처인구,False
S090003555,죽전초등학교,초등학교,공립,경기도용인교육지원청,경기도교육청,경기도 용인시 수지구,False
S090003556,청곡초등학교,초등학교,공립,경기도용인교육지원청,경기도교육청,경기도 용인시 기흥구,False
S090003558,토월초등학교,초등학교,공립,경기도용인교육지원청,경기도교육청,경기도 용인시 수지구,False
S090003559,포곡초등학교,초등학교,공립,경기도용인교육지원청,경기도교육청,경기도 용인시 처인구,False
S090003560,풍덕초등학교,초등학교,공립,경기도용인교육지원청,경기도교육청,경기도 용인시 수지구,False
S090003561,풍천초등학교,초등학교,공립,경기도용인교육지원청,경기도교육청,경기도 용인시 수지구,False
S090003562,한터초등학교,초등학교,공립,경기도용인교육지원청,경기도교육청,경기도 용인시 처인구,False
S090003563,홍천초등학교,초등학교,공립,경기도용인교육지원청,경기도교육청,경기도 용인시 수지구,False
S090003656,가능초등학교,초등학교,공립,경기도의정부교육지원청,경기도교육청,경기도 의정부시,False
S090003657,경의초등학교,초등학교,공립,경기도의정부교육지원청,경기도교육청,경기도 의정부시,False
S090003658,고산초등학교,초등학교,공립,경기도의정부교육지원청,경기도교육청,경기도 의정부시,False
S090003659,금오초등학교,초등학교,공립,경기도의정부교육지원청,경기도교육청,경기도 의정부시,False
S090003660,녹양초등학교,초등학교,공립,경기도의정부교육지원청,경기도교육청,경기도 의정부시,False
S090003661,동오초등학교,초등학교,공립,경기도의정부교육지원청,경기도교육청,경기도 의정부시,False
S090003662,민락초등학교,초등학교,공립,경기도의정부교육지원청,경기도교육청,경기도 의정부시,False
S090003663,발곡초등학교,초등학교,공립,경기도의정부교육지원청,경기도교육청,경기도 의정부시,False
S090003664,배영초등학교,초등학교,공립,경기도의정부교육지원청,경기도교육청,경기도 의정부시,False
S090003665,새말초등학교,초등학교,공립,경기도의정부교육지원청,경기도교육청,경기도 의정부시,False
S090003666,솔뫼초등학교,초등학교,공립,경기도의정부교육지원청,경기도교육청,경기도 의정부시,False
S090003667,송양초등학교,초등학교,공립,경기도의정부교육지원청,경기도교육청,경기도 의정부시,False
S090003669,신동초등학교,초등학교,공립,경기도의정부교육지원청,경기도교육청,경기도 의정부시,False
S090003670,어룡초등학교,초등학교,공립,경기도의정부교육지원청,경기도교육청,경기도 의정부시,False
S090003671,오동초등학교,초등학교,공립,경기도의정부교육지원청,경기도교육청,경기도 의정부시,False
S090003673,의순초등학교,초등학교,공립,경기도의정부교육지원청,경기도교육청,경기도 의정부시,False
S090003674,의정부부용초등학교,초등학교,공립,경기도의정부교육지원청,경기도교육청,경기도 의정부시,False
S090003675,의정부서초등학교,초등학교,공립,경기도의정부교육지원청,경기도교육청,경기도 의정부시,False
S090003676,의정부신곡초등학교,초등학교,공립,경기도의정부교육지원청,경기도교육청,경기도 의정부시,False
S090003677,의정부용현초등학교,초등학교,공립,경기도의정부교육지원청,경기도교육청,경기도 의정부시,False
S090003678,의정부장암초등학교,초등학교,공립,경기도의정부교육지원청,경기도교육청,경기도 의정부시,False
S090003679,의정부중앙초등학교,초등학교,공립,경기도의정부교육지원청,경기도교육청,경기도 의정부시,False
S090003680,의정부청룡초등학교,초등학교,공립,경기도의정부교육지원청,경기도교육청,경기도 의정부시,False
S090003681,의정부초등학교,초등학교,공립,경기도의정부교육지원청,경기도교육청,경기도 의정부시,False
S090003682,의정부호동초등학교,초등학교,공립,경기도의정부교육지원청,경기도교육청,경기도 의정부시,False
S090003685,호암초등학교,초등학교,공립,경기도의정부교육지원청,경기도교육청,경기도 의정부시,False
S090003686,회룡초등학교,초등학교,공립,경기도의정부교육지원청,경기도교육청,경기도 의정부시,False
S090003758,나래초등학교,초등학교,공립,경기도이천교육지원청,경기도교육청,경기도 이천시,False
S090003760,대서초등학교,초등학교,공립,경기도이천교육지원청,경기도교육청,경기도 이천시,False
S090003762,대월초등학교,초등학교,공립,경기도이천교육지원청,경기도교육청,경기도 이천시,False
S090003763,도암초등학교,초등학교,공립,경기도이천교육지원청,경기도교육청,경기도 이천시,False
S090003764,도지초등학교,초등학교,공립,경기도이천교육지원청,경기도교육청,경기도 이천시,False
S090003766,마장초등학교,초등학교,공립,경기도이천교육지원청,경기도교육청,경기도 이천시,False
S090003772,백사초등학교,초등학교,공립,경기도이천교육지원청,경기도교육청,경기도 이천시,False
S090003774,부발초등학교,초등학교,공립,경기도이천교육지원청,경기도교육청,경기도 이천시,False
S090003776,설봉초등학교,초등학교,공립,경기도이천교육지원청,경기도교육청,경기도 이천시,False
S090003777,설성초등학교,초등학교,공립,경기도이천교육지원청,경기도교육청,경기도 이천시,False
S090003778,송곡초등학교,초등학교,공립,경기도이천교육지원청,경기도교육청,경기도 이천시,False
S090003779,신둔초등학교,초등학교,공립,경기도이천교육지원청,경기도교육청,경기도 이천시,False
S090003780,신하초등학교,초등학교,공립,경기도이천교육지원청,경기도교육청,경기도 이천시,False
S090003781,아미초등학교,초등학교,공립,경기도이천교육지원청,경기도교육청,경기도 이천시,False
S090003782,안흥초등학교,초등학교,공립,경기도이천교육지원청,경기도교육청,경기도 이천시,False
S090003784,율면초등학교,초등학교,공립,경기도이천교육지원청,경기도교육청,경기도 이천시,False
S090003786,이천가산초등학교,초등학교,공립,경기도이천교육지원청,경기도교육청,경기도 이천시,False
S090003787,이천남초등학교,초등학교,공립,경기도이천교육지원청,경기도교육청,경기도 이천시,False
S090003788,이천단월초등학교,초등학교,공립,경기도이천교육지원청,경기도교육청,경기도 이천시,False
S090003789,이천매곡초등학교,초등학교,공립,경기도이천교육지원청,경기도교육청,경기도 이천시,False
S090003790,이천송정초등학교,초등학교,공립,경기도이천교육지원청,경기도교육청,경기도 이천시,False
S090003791,이천초등학교,초등학교,공립,경기도이천교육지원청,경기도교육청,경기도 이천시,False
S090003792,이황초등학교,초등학교,공립,경기도이천교육지원청,경기도교육청,경기도 이천시,False
S090003793,장천초등학교,초등학교,공립,경기도이천교육지원청,경기도교육청,경기도 이천시,False
S090003794,장호원초등학교,초등학교,공립,경기도이천교육지원청,경기도교육청,경기도 이천시,False
S090003795,진가초등학교,초등학교,공립,경기도이천교육지원청,경기도교육청,경기도 이천시,False
S090003798,표교초등학교,초등학교,공립,경기도이천교육지원청,경기도교육청,경기도 이천시,False
S090003799,한내초등학교,초등학교,공립,경기도이천교육지원청,경기도교육청,경기도 이천시,False
S090003800,호법초등학교,초등학교,공립,경기도이천교육지원청,경기도교육청,경기도 이천시,False
S090003876,갈현초등학교,초등학교,공립,경기도파주교육지원청,경기도교육청,경기도 파주시,False
S090003877,검산초등학교,초등학교,공립,경기도파주교육지원청,경기도교육청,경기도 파주시,False
S090003878,교하초등학교,초등학교,공립,경기도파주교육지원청,경기도교육청,경기도 파주시,False
S090003879,군내초등학교,초등학교,공립,경기도파주교육지원청,경기도교육청,경기도 파주시,False
S090003881,금신초등학교,초등학교,공립,경기도파주교육지원청,경기도교육청,경기도 파주시,False
S090003882,금촌초등학교,초등학교,공립,경기도파주교육지원청,경기도교육청,경기도 파주시,False
S090003883,능안초등학교,초등학교,공립,경기도파주교육지원청,경기도교육청,경기도 파주시,False
S090003884,대성동초등학교,초등학교,공립,경기도파주교육지원청,경기도교육청,경기도 파주시,False
S090003885,덕암초등학교,초등학교,공립,경기도파주교육지원청,경기도교육청,경기도 파주시,False
S090003886,마정초등학교,초등학교,공립,경기도파주교육지원청,경기도교육청,경기도 파주시,False
S090003887,마지초등학교,초등학교,공립,경기도파주교육지원청,경기도교육청,경기도 파주시,False
S090003888,도마산초등학교,초등학교,공립,경기도파주교육지원청,경기도교육청,경기도 파주시,False
S090003889,문산동초등학교,초등학교,공립,경기도파주교육지원청,경기도교육청,경기도 파주시,False
S090003890,문산초등학교,초등학교,공립,경기도파주교육지원청,경기도교육청,경기도 파주시,False
S090003892,봉일천초등학교,초등학교,공립,경기도파주교육지원청,경기도교육청,경기도 파주시,False
S090003893,삼성초등학교,초등학교,공립,경기도파주교육지원청,경기도교육청,경기도 파주시,False
S090003894,신산초등학교,초등학교,공립,경기도파주교육지원청,경기도교육청,경기도 파주시,False
S090003896,심학초등학교,초등학교,공립,경기도파주교육지원청,경기도교육청,경기도 파주시,False
S090003897,연풍초등학교,초등학교,공립,경기도파주교육지원청,경기도교육청,경기도 파주시,False
S090003898,영도초등학교,초등학교,공립,경기도파주교육지원청,경기도교육청,경기도 파주시,False
S090003900,용미초등학교,초등학교,공립,경기도파주교육지원청,경기도교육청,경기도 파주시,False
S090003901,용연초등학교,초등학교,공립,경기도파주교육지원청,경기도교육청,경기도 파주시,False
S090003903,웅담초등학교,초등학교,공립,경기도파주교육지원청,경기도교육청,경기도 파주시,False
S090003904,월롱초등학교,초등학교,공립,경기도파주교육지원청,경기도교육청,경기도 파주시,False
S090003905,장파초등학교,초등학교,공립,경기도파주교육지원청,경기도교육청,경기도 파주시,False
S090003906,적서초등학교,초등학교,공립,경기도파주교육지원청,경기도교육청,경기도 파주시,False
S090003908,적암초등학교,초등학교,공립,경기도파주교육지원청,경기도교육청,경기도 파주시,False
S090003909,지산초등학교,초등학교,공립,경기도파주교육지원청,경기도교육청,경기도 파주시,False
S090003911,천현초등학교,초등학교,공립,경기도파주교육지원청,경기도교육청,경기도 파주시,False
S090003913,청석초등학교,초등학교,공립,경기도파주교육지원청,경기도교육청,경기도 파주시,False
S090003914,청암초등학교,초등학교,공립,경기도파주교육지원청,경기도교육청,경기도 파주시,False
S090003915,탄현초등학교,초등학교,공립,경기도파주교육지원청,경기도교육청,경기도 파주시,False
S090003916,통일초등학교,초등학교,공립,경기도파주교육지원청,경기도교육청,경기도 파주시,False
S090003917,파양초등학교,초등학교,공립,경기도파주교육지원청,경기도교육청,경기도 파주시,False
S090003919,파주대원초등학교,초등학교,공립,경기도파주교육지원청,경기도교육청,경기도 파주시,False
S090003920,파주송화초등학교,초등학교,공립,경기도파주교육지원청,경기도교육청,경기도 파주시,False
S090003921,파주와동초등학교,초등학교,공립,경기도파주교육지원청,경기도교육청,경기도 파주시,False
S090003922,파주초등학교,초등학교,공립,경기도파주교육지원청,경기도교육청,경기도 파주시,False
S090003923,파평초등학교,초등학교,공립,경기도파주교육지원청,경기도교육청,경기도 파주시,False
S090004009,가사초등학교,초등학교,공립,경기도평택교육지원청,경기도교육청,경기도 평택시,False
S090004010,갈곶초등학교,초등학교,공립,경기도평택교육지원청,경기도교육청,경기도 평택시,False
S090004011,계성초등학교,초등학교,공립,경기도평택교육지원청,경기도교육청,경기도 평택시,False
S090004013,고덕초등학교,초등학교,공립,경기도평택교육지원청,경기도교육청,경기도 평택시,False
S090004015,군문초등학교,초등학교,공립,경기도평택교육지원청,경기도교육청,경기도 평택시,False
S090004017,내기초등학교,초등학교,공립,경기도평택교육지원청,경기도교육청,경기도 평택시,False
S090004022,덕동초등학교,초등학교,공립,경기도평택교육지원청,경기도교육청,경기도 평택시,False
S090004023,동삭초등학교,초등학교,공립,경기도평택교육지원청,경기도교육청,경기도 평택시,False
S090004024,복창초등학교,초등학교,공립,경기도평택교육지원청,경기도교육청,경기도 평택시,False
S090004025,부용초등학교,초등학교,공립,경기도평택교육지원청,경기도교육청,경기도 평택시,False
S090004027,비전초등학교,초등학교,공립,경기도평택교육지원청,경기도교육청,경기도 평택시,False
S090004029,삼덕초등학교,초등학교,공립,경기도평택교육지원청,경기도교육청,경기도 평택시,False
S090004030,서정리초등학교,초등학교,공립,경기도평택교육지원청,경기도교육청,경기도 평택시,False
S090004031,서탄초등학교,초등학교,공립,경기도평택교육지원청,경기도교육청,경기도 평택시,False
S090004033,서탄초등학교내수분교장,초등학교,공립,경기도평택교육지원청,경기도교육청,경기도 평택시,False
S090004035,세교초등학교,초등학교,공립,경기도평택교육지원청,경기도교육청,경기도 평택시,False
S090004036,소사벌초등학교,초등학교,공립,경기도평택교육지원청,경기도교육청,경기도 평택시,False
S090004037,송북초등학교,초등학교,공립,경기도평택교육지원청,경기도교육청,경기도 평택시,False
S090004038,송신초등학교,초등학교,공립,경기도평택교육지원청,경기도교육청,경기도 평택시,False
S090004039,송일초등학교,초등학교,공립,경기도평택교육지원청,경기도교육청,경기도 평택시,False
S090004040,송탄초등학교,초등학교,공립,경기도평택교육지원청,경기도교육청,경기도 평택시,False
S090004042,안중초등학교,초등학교,공립,경기도평택교육지원청,경기도교육청,경기도 평택시,False
S090004043,어연초등학교,초등학교,공립,경기도평택교육지원청,경기도교육청,경기도 평택시,False
S090004044,오성초등학교,초등학교,공립,경기도평택교육지원청,경기도교육청,경기도 평택시,False
S090004045,원정초등학교,초등학교,공립,경기도평택교육지원청,경기도교육청,경기도 평택시,False
S090004046,이충초등학교,초등학교,공립,경기도평택교육지원청,경기도교육청,경기도 평택시,False
S090004047,종덕초등학교,초등학교,공립,경기도평택교육지원청,경기도교육청,경기도 평택시,False
S090004049,죽백초등학교,초등학교,공립,경기도평택교육지원청,경기도교육청,경기도 평택시,False
S090004052,지장초등학교,초등학교,공립,경기도평택교육지원청,경기도교육청,경기도 평택시,False
S090004053,진위초등학교,초등학교,공립,경기도평택교육지원청,경기도교육청,경기도 평택시,False
S090004054,진위초등학교산대분교장,초등학교,공립,경기도평택교육지원청,경기도교육청,경기도 평택시,False
S090004055,창신초등학교,초등학교,공립,경기도평택교육지원청,경기도교육청,경기도 평택시,False
S090004056,청북초등학교,초등학교,공립,경기도평택교육지원청,경기도교육청,경기도 평택시,False
S090004057,팽성초등학교,초등학교,공립,경기도평택교육지원청,경기도교육청,경기도 평택시,False
S090004058,평일초등학교,초등학교,공립,경기도평택교육지원청,경기도교육청,경기도 평택시,False
S090004059,평택성동초등학교,초등학교,공립,경기도평택교육지원청,경기도교육청,경기도 평택시,False
S090004060,평택중앙초등학교,초등학교,공립,경기도평택교육지원청,경기도교육청,경기도 평택시,False
S090004061,평택지산초등학교,초등학교,공립,경기도평택교육지원청,경기도교육청,경기도 평택시,False
S090004062,평택초등학교,초등학교,공립,경기도평택교육지원청,경기도교육청,경기도 평택시,False
S090004063,합정초등학교,초등학교,공립,경기도평택교육지원청,경기도교육청,경기도 평택시,False
S090004064,현덕초등학교,초등학교,공립,경기도평택교육지원청,경기도교육청,경기도 평택시,False
S090004065,현덕초등학교광덕분교장,초등학교,공립,경기도평택교육지원청,경기도교육청,경기도 평택시,False
S090004066,현화초등학교,초등학교,공립,경기도평택교육지원청,경기도교육청,경기도 평택시,False
S090004067,홍원초등학교,초등학교,공립,경기도평택교육지원청,경기도교육청,경기도 평택시,False
S090004068,효덕초등학교,초등학교,공립,경기도평택교육지원청,경기도교육청,경기도 평택시,False
S090004176,가산초등학교,초등학교,공립,경기도포천교육지원청,경기도교육청,경기도 포천시,False
S090004177,관인초등학교,초등학교,공립,경기도포천교육지원청,경기도교육청,경기도 포천시,False
S090004180,내촌초등학교,초등학교,공립,경기도포천교육지원청,경기도교육청,경기도 포천시,False
S090004183,도평초등학교,초등학교,공립,경기도포천교육지원청,경기도교육청,경기도 포천시,False
S090004189,선단초등학교,초등학교,공립,경기도포천교육지원청,경기도교육청,경기도 포천시,False
S090004190,송우초등학교,초등학교,공립,경기도포천교육지원청,경기도교육청,경기도 포천시,False
S090004191,신북초등학교,초등학교,공립,경기도포천교육지원청,경기도교육청,경기도 포천시,False
S090004193,영북초등학교,초등학교,공립,경기도포천교육지원청,경기도교육청,경기도 포천시,False
S090004198,왕방초등학교,초등학교,공립,경기도포천교육지원청,경기도교육청,경기도 포천시,False
S090004199,외북초등학교,초등학교,공립,경기도포천교육지원청,경기도교육청,경기도 포천시,False
S090004200,운담초등학교,초등학교,공립,경기도포천교육지원청,경기도교육청,경기도 포천시,False
S090004201,유암초등학교,초등학교,공립,경기도포천교육지원청,경기도교육청,경기도 포천시,False
S090004202,이곡초등학교,초등학교,공립,경기도포천교육지원청,경기도교육청,경기도 포천시,False
S090004203,이동초등학교,초등학교,공립,경기도포천교육지원청,경기도교육청,경기도 포천시,False
S090004204,일동초등학교,초등학교,공립,경기도포천교육지원청,경기도교육청,경기도 포천시,False
S090004205,정교초등학교,초등학교,공립,경기도포천교육지원청,경기도교육청,경기도 포천시,False
S090004208,지현초등학교,초등학교,공립,경기도포천교육지원청,경기도교육청,경기도 포천시,False
S090004209,창수초등학교,초등학교,공립,경기도포천교육지원청,경기도교육청,경기도 포천시,False
S090004210,청성초등학교,초등학교,공립,경기도포천교육지원청,경기도교육청,경기도 포천시,False
S090004211,추산초등학교,초등학교,공립,경기도포천교육지원청,경기도교육청,경기도 포천시,False
S090004212,축석초등학교,초등학교,공립,경기도포천교육지원청,경기도교육청,경기도 포천시,False
S090004213,포천노곡초등학교,초등학교,공립,경기도포천교육지원청,경기도교육청,경기도 포천시,False
S090004214,포천삼정초등학교,초등학교,공립,경기도포천교육지원청,경기도교육청,경기도 포천시,False
S090004215,포천초등학교,초등학교,공립,경기도포천교육지원청,경기도교육청,경기도 포천시,False
S090004216,화현초등학교,초등학교,공립,경기도포천교육지원청,경기도교육청,경기도 포천시,False
S090004282,갈담초등학교,초등학교,공립,경기도화성오산교육지원청,경기도교육청,경기도 화성시 효행구,False
S090004283,갈천초등학교,초등학교,공립,경기도화성오산교육지원청,경기도교육청,경기도 화성시 만세구,False
S090004284,고정초등학교,초등학교,공립,경기도화성오산교육지원청,경기도교육청,경기도 화성시 만세구,False
S090004286,광성초등학교,초등학교,공립,경기도화성오산교육지원청,경기도교육청,경기도 오산시,False
S090004287,기안초등학교,초등학교,공립,경기도화성오산교육지원청,경기도교육청,경기도 화성시 효행구,False
S090004288,남양초등학교,초등학교,공립,경기도화성오산교육지원청,경기도교육청,경기도 화성시 만세구,False
S090004289,노진초등학교,초등학교,공립,경기도화성오산교육지원청,경기도교육청,경기도 화성시 만세구,False
S090004292,동탄초등학교,초등학교,공립,경기도화성오산교육지원청,경기도교육청,경기도 화성시,False
S090004294,동학초등학교,초등학교,공립,경기도화성오산교육지원청,경기도교육청,경기도 화성시 병점구,False
S090004296,마도초등학교,초등학교,공립,경기도화성오산교육지원청,경기도교육청,경기도 화성시 만세구,False
S090004297,마산초등학교,초등학교,공립,경기도화성오산교육지원청,경기도교육청,경기도 화성시 만세구,False
S090004301,매홀초등학교,초등학교,공립,경기도화성오산교육지원청,경기도교육청,경기도 오산시,False
S090004302,삼미초등학교,초등학교,공립,경기도화성오산교육지원청,경기도교육청,경기도 오산시,False
S090004304,발안초등학교,초등학교,공립,경기도화성오산교육지원청,경기도교육청,경기도 화성시 만세구,False
S090004305,병점초등학교,초등학교,공립,경기도화성오산교육지원청,경기도교육청,경기도 화성시 병점구,False
S090004306,봉담초등학교,초등학교,공립,경기도화성오산교육지원청,경기도교육청,경기도 화성시 효행구,False
S090004308,비봉초등학교,초등학교,공립,경기도화성오산교육지원청,경기도교육청,경기도 화성시 효행구,False
S090004310,사창초등학교,초등학교,공립,경기도화성오산교육지원청,경기도교육청,경기도 화성시 만세구,False
S090004312,상신초등학교,초등학교,공립,경기도화성오산교육지원청,경기도교육청,경기도 화성시 만세구,False
S090004313,서신초등학교,초등학교,공립,경기도화성오산교육지원청,경기도교육청,경기도 화성시 만세구,False
S090004315,석천초등학교,초등학교,공립,경기도화성오산교육지원청,경기도교육청,경기도 화성시 만세구,False
S090004317,성산초등학교,초등학교,공립,경기도화성오산교육지원청,경기도교육청,경기도 오산시,False
S090004318,성호초등학교,초등학교,공립,경기도화성오산교육지원청,경기도교육청,경기도 오산시,False
S090004319,송라초등학교,초등학교,공립,경기도화성오산교육지원청,경기도교육청,경기도 화성시 효행구,False
S090004320,송산초등학교,초등학교,공립,경기도화성오산교육지원청,경기도교육청,경기도 화성시 만세구,False
S090004321,송화초등학교,초등학교,공립,경기도화성오산교육지원청,경기도교육청,경기도 화성시 병점구,False
S090004322,수기초등학교,초등학교,공립,경기도화성오산교육지원청,경기도교육청,경기도 화성시 효행구,False
S090004324,양감초등학교,초등학교,공립,경기도화성오산교육지원청,경기도교육청,경기도 화성시 만세구,False
S090004325,오산초등학교,초등학교,공립,경기도화성오산교육지원청,경기도교육청,경기도 오산시,False
S090004326,우정초등학교,초등학교,공립,경기도화성오산교육지원청,경기도교육청,경기도 화성시 만세구,False
S090004328,운산초등학교,초등학교,공립,경기도화성오산교육지원청,경기도교육청,경기도 오산시,False
S090004329,운암초등학교,초등학교,공립,경기도화성오산교육지원청,경기도교육청,경기도 오산시,False
S090004330,운천초등학교,초등학교,공립,경기도화성오산교육지원청,경기도교육청,경기도 오산시,False
S090004331,원동초등학교,초등학교,공립,경기도화성오산교육지원청,경기도교육청,경기도 오산시,False
S090004333,장명초등학교,초등학교,공립,경기도화성오산교육지원청,경기도교육청,경기도 화성시 만세구,False
S090004336,정남초등학교,초등학교,공립,경기도화성오산교육지원청,경기도교육청,경기도 화성시 효행구,False
S090004337,정림초등학교,초등학교,공립,경기도화성오산교육지원청,경기도교육청,경기도 화성시 효행구,False
S090004340,청룡초등학교,초등학교,공립,경기도화성오산교육지원청,경기도교육청,경기도 화성시 효행구,False
S090004341,청원초등학교,초등학교,공립,경기도화성오산교육지원청,경기도교육청,경기도 화성시 만세구,False
S090004344,팔탄초등학교,초등학교,공립,경기도화성오산교육지원청,경기도교육청,경기도 화성시 만세구,False
S090004345,팔탄초등학교대방분교장,초등학교,공립,경기도화성오산교육지원청,경기도교육청,경기도 화성시 만세구,False
S090004347,해운초등학교,초등학교,공립,경기도화성오산교육지원청,경기도교육청,경기도 화성시 만세구,False
S090004348,향남초등학교,초등학교,공립,경기도화성오산교육지원청,경기도교육청,경기도 화성시 만세구,False
S090004349,화남초등학교,초등학교,공립,경기도화성오산교육지원청,경기도교육청,경기도 화성시 동탄구,False
S090004350,화산초등학교,초등학교,공립,경기도화성오산교육지원청,경기도교육청,경기도 화성시 병점구,False
S090004351,화성매송초등학교,초등학교,공립,경기도화성오산교육지원청,경기도교육청,경기도 화성시 효행구,False
S090004352,화성월문초등학교,초등학교,공립,경기도화성오산교육지원청,경기도교육청,경기도 화성시 만세구,False
S090004353,화성장안초등학교,초등학교,공립,경기도화성오산교육지원청,경기도교육청,경기도 화성시 만세구,False
S090004354,화성초등학교,초등학교,공립,경기도화성오산교육지원청,경기도교육청,경기도 오산시,False
S090004355,화성장안초등학교석포분교장,초등학교,공립,경기도화성오산교육지원청,경기도교육청,경기도 화성시 만세구,False
S090004356,화성화수초등학교,초등학교,공립,경기도화성오산교육지원청,경기도교육청,경기도 화성시 만세구,False
S090004358,활초초등학교,초등학교,공립,경기도화성오산교육지원청,경기도교육청,경기도 화성시 만세구,False
S090004797,교동초등학교,초등학교,공립,경기도용인교육지원청,경기도교육청,경기도 용인시 기흥구,False
S090004804,나곡초등학교,초등학교,공립,경기도용인교육지원청,경기도교육청,경기도 용인시 기흥구,False
S090004824,석천초등학교,초등학교,공립,경기도부천교육지원청,경기도교육청,경기도 부천시 원미구,False
S090004836,효자초등학교,초등학교,공립,경기도용인교육지원청,경기도교육청,경기도 용인시 수지구,False
S090004841,늘푸른초등학교,초등학교,공립,경기도성남교육지원청,경기도교육청,경기도 성남시 분당구,False
S090004842,의정부호원초등학교,초등학교,공립,경기도의정부교육지원청,경기도교육청,경기도 의정부시,False
S090004843,부천일신초등학교,초등학교,공립,경기도부천교육지원청,경기도교육청,경기도 부천시 소사구,False
S090004844,솔안초등학교,초등학교,공립,경기도부천교육지원청,경기도교육청,경기도 부천시 소사구,False
S090004845,동두천신천초등학교,초등학교,공립,경기도동두천양주교육지원청,경기도교육청,경기도 동두천시,False
S090004846,동두천송내초등학교,초등학교,공립,경기도동두천양주교육지원청,경기도교육청,경기도 동두천시,False
S090004847,안산진흥초등학교,초등학교,공립,경기도안산교육지원청,경기도교육청,경기도 안산시 단원구,False
S090004848,학현초등학교,초등학교,공립,경기도안산교육지원청,경기도교육청,경기도 안산시 상록구,False
S090004849,시흥도원초등학교,초등학교,공립,경기도시흥교육지원청,경기도교육청,경기도 시흥시,False
S090004850,시흥월곶초등학교,초등학교,공립,경기도시흥교육지원청,경기도교육청,경기도 시흥시,False
S090004851,시흥장현초등학교,초등학교,공립,경기도시흥교육지원청,경기도교육청,경기도 시흥시,False
S090004852,당동초등학교,초등학교,공립,경기도군포의왕교육지원청,경기도교육청,경기도 군포시,False
S090004853,당정초등학교,초등학교,공립,경기도군포의왕교육지원청,경기도교육청,경기도 군포시,False
S090004854,제암초등학교,초등학교,공립,경기도화성오산교육지원청,경기도교육청,경기도 화성시 만세구,False
S090004855,오산대원초등학교,초등학교,공립,경기도화성오산교육지원청,경기도교육청,경기도 오산시,False
S090004856,동패초등학교,초등학교,공립,경기도파주교육지원청,경기도교육청,경기도 파주시,False
S090004857,고양관산초등학교,초등학교,공립,경기도고양교육지원청,경기도교육청,경기도 고양시 덕양구,False
S090004858,고양한내초등학교,초등학교,공립,경기도고양교육지원청,경기도교육청,경기도 고양시 일산서구,False
S090004859,한뫼초등학교,초등학교,공립,경기도고양교육지원청,경기도교육청,경기도 고양시 일산서구,False
S090004881,임진초등학교,초등학교,공립,경기도파주교육지원청,경기도교육청,경기도 파주시,False
S090004891,지석초등학교,초등학교,공립,경기도용인교육지원청,경기도교육청,경기도 용인시 기흥구,False
S090004892,옥산초등학교,초등학교,공립,경기도부천교육지원청,경기도교육청,경기도 부천시 원미구,False
S090004940,증포초등학교,초등학교,공립,경기도이천교육지원청,경기도교육청,경기도 이천시,False
S090004941,양벌초등학교,초등학교,공립,경기도광주하남교육지원청,경기도교육청,경기도 광주시,False
S090004942,광주도평초등학교,초등학교,공립,경기도광주하남교육지원청,경기도교육청,경기도 광주시,False
S090004946,성남정자초등학교,초등학교,공립,경기도성남교육지원청,경기도교육청,경기도 성남시 분당구,False
S090004953,지곡초등학교,초등학교,공립,경기도용인교육지원청,경기도교육청,경기도 용인시 기흥구,False
S090004954,언남초등학교,초등학교,공립,경기도용인교육지원청,경기도교육청,경기도 용인시 기흥구,False
S090004955,용인이동초등학교,초등학교,공립,경기도용인교육지원청,경기도교육청,경기도 용인시 처인구,False
S090004958,현암초등학교,초등학교,공립,경기도용인교육지원청,경기도교육청,경기도 용인시 수지구,False
S090004960,독정초등학교,초등학교,공립,경기도용인교육지원청,경기도교육청,경기도 용인시 기흥구,False
S090004961,용인대덕초등학교,초등학교,공립,경기도용인교육지원청,경기도교육청,경기도 용인시 수지구,False
S090004962,신리초등학교,초등학교,공립,경기도용인교육지원청,경기도교육청,경기도 용인시 수지구,False
S090004963,손곡초등학교,초등학교,공립,경기도용인교육지원청,경기도교육청,경기도 용인시 수지구,False
S090004964,갈곡초등학교,초등학교,공립,경기도용인교육지원청,경기도교육청,경기도 용인시 기흥구,False
S090004965,성지초등학교,초등학교,공립,경기도용인교육지원청,경기도교육청,경기도 용인시 기흥구,False
S090004966,삼가초등학교,초등학교,공립,경기도용인교육지원청,경기도교육청,경기도 용인시 처인구,False
S090004967,용인성산초등학교,초등학교,공립,경기도용인교육지원청,경기도교육청,경기도 용인시 처인구,False
S090004978,용인신촌초등학교,초등학교,공립,경기도용인교육지원청,경기도교육청,경기도 용인시 수지구,False
S090004980,금화초등학교,초등학교,공립,경기도파주교육지원청,경기도교육청,경기도 파주시,False
S090004981,금릉초등학교,초등학교,공립,경기도파주교육지원청,경기도교육청,경기도 파주시,False
S090004998,신봉초등학교,초등학교,공립,경기도포천교육지원청,경기도교육청,경기도 포천시,False
S090005003,수일초등학교,초등학교,공립,경기도수원교육지원청,경기도교육청,경기도 수원시 장안구,False
S090005004,입북초등학교,초등학교,공립,경기도수원교육지원청,경기도교육청,경기도 수원시 권선구,False
S090005005,대선초등학교,초등학교,공립,경기도수원교육지원청,경기도교육청,경기도 수원시 영통구,False
S090005006,수원매화초등학교,초등학교,공립,경기도수원교육지원청,경기도교육청,경기도 수원시 영통구,False
S090005007,팔달초등학교,초등학교,공립,경기도수원교육지원청,경기도교육청,경기도 수원시 팔달구,False
S090005008,성남양지초등학교,초등학교,공립,경기도성남교육지원청,경기도교육청,경기도 성남시 수정구,False
S090005009,샘모루초등학교,초등학교,공립,경기도안양과천교육지원청,경기도교육청,경기도 안양시 동안구,False
S090005010,화창초등학교,초등학교,공립,경기도안양과천교육지원청,경기도교육청,경기도 안양시 만안구,False
S090005011,부천송일초등학교,초등학교,공립,경기도부천교육지원청,경기도교육청,경기도 부천시 소사구,False
S090005012,이담초등학교,초등학교,공립,경기도동두천양주교육지원청,경기도교육청,경기도 동두천시,False
S090005013,구봉초등학교,초등학교,공립,경기도화성오산교육지원청,경기도교육청,경기도 화성시 병점구,False
S090005014,기산초등학교,초등학교,공립,경기도화성오산교육지원청,경기도교육청,경기도 화성시 병점구,False
S090005015,안화초등학교,초등학교,공립,경기도화성오산교육지원청,경기도교육청,경기도 화성시 병점구,False
S090005016,진안초등학교,초등학교,공립,경기도화성오산교육지원청,경기도교육청,경기도 화성시 병점구,False
S090005017,태안초등학교,초등학교,공립,경기도화성오산교육지원청,경기도교육청,경기도 화성시 병점구,False
S090005018,화성벌말초등학교,초등학교,공립,경기도화성오산교육지원청,경기도교육청,경기도 화성시 병점구,False
S090005019,대호초등학교,초등학교,공립,경기도화성오산교육지원청,경기도교육청,경기도 오산시,False
S090005023,덕계초등학교,초등학교,공립,경기도동두천양주교육지원청,경기도교육청,경기도 양주시,False
S090005024,안산호원초등학교,초등학교,공립,경기도안산교육지원청,경기도교육청,경기도 안산시 단원구,False
S090005025,웃터골초등학교,초등학교,공립,경기도시흥교육지원청,경기도교육청,경기도 시흥시,False
S090005026,남양주신촌초등학교,초등학교,공립,경기도구리남양주교육지원청,경기도교육청,경기도 남양주시,False
S090005027,장내초등학교,초등학교,공립,경기도구리남양주교육지원청,경기도교육청,경기도 남양주시,False
S090005028,판곡초등학교,초등학교,공립,경기도구리남양주교육지원청,경기도교육청,경기도 남양주시,False
S090005029,평동초등학교,초등학교,공립,경기도구리남양주교육지원청,경기도교육청,경기도 남양주시,False
S090005030,금향초등학교,초등학교,공립,경기도파주교육지원청,경기도교육청,경기도 파주시,False
S090005031,목암초등학교,초등학교,공립,경기도고양교육지원청,경기도교육청,경기도 고양시 덕양구,False
S090005032,김포신풍초등학교,초등학교,공립,경기도김포교육지원청,경기도교육청,경기도 김포시,False
S090005036,대청초등학교,초등학교,공립,경기도용인교육지원청,경기도교육청,경기도 용인시 수지구,False
S090005037,용인신릉초등학교,초등학교,공립,경기도용인교육지원청,경기도교육청,경기도 용인시 기흥구,False
S090005041,신일초등학교,초등학교,공립,경기도용인교육지원청,경기도교육청,경기도 용인시 수지구,False
S090005042,안양호암초등학교,초등학교,공립,경기도안양과천교육지원청,경기도교육청,경기도 안양시 만안구,False
S090005043,나눔초등학교,초등학교,공립,경기도안양과천교육지원청,경기도교육청,경기도 안양시 동안구,False
S090005129,의정부효자초등학교,초등학교,공립,경기도의정부교육지원청,경기도교육청,경기도 의정부시,False
S090005130,동암초등학교,초등학교,공립,경기도의정부교육지원청,경기도교육청,경기도 의정부시,False
S090005131,버들개초등학교,초등학교,공립,경기도의정부교육지원청,경기도교육청,경기도 의정부시,False
S090005138,부천양지초등학교,초등학교,공립,경기도부천교육지원청,경기도교육청,경기도 부천시 소사구,False
S090005139,삼숭초등학교,초등학교,공립,경기도동두천양주교육지원청,경기도교육청,경기도 양주시,False
S090005141,평택송화초등학교,초등학교,공립,경기도평택교육지원청,경기도교육청,경기도 평택시,False
S090005142,장당초등학교,초등학교,공립,경기도평택교육지원청,경기도교육청,경기도 평택시,False
S090005145,사능초등학교,초등학교,공립,경기도구리남양주교육지원청,경기도교육청,경기도 남양주시,False
S090005146,남양주백봉초등학교,초등학교,공립,경기도구리남양주교육지원청,경기도교육청,경기도 남양주시,False
S090005147,양오초등학교,초등학교,공립,경기도구리남양주교육지원청,경기도교육청,경기도 남양주시,False
S090005152,신평초등학교,초등학교,공립,경기도광주하남교육지원청,경기도교육청,경기도 하남시,False
S090005154,새금초등학교,초등학교,공립,경기도파주교육지원청,경기도교육청,경기도 파주시,False
S090005155,석곶초등학교,초등학교,공립,경기도파주교육지원청,경기도교육청,경기도 파주시,False
S090005179,효탑초등학교,초등학교,공립,경기도수원교육지원청,경기도교육청,경기도 수원시 권선구,False
S090005181,상미초등학교,초등학교,공립,경기도부천교육지원청,경기도교육청,경기도 부천시 원미구,False
S090005182,광숭초등학교,초등학교,공립,경기도동두천양주교육지원청,경기도교육청,경기도 양주시,False
S090005183,평택안일초등학교,초등학교,공립,경기도평택교육지원청,경기도교육청,경기도 평택시,False
S090005184,현일초등학교,초등학교,공립,경기도평택교육지원청,경기도교육청,경기도 평택시,False
S090005185,어람초등학교,초등학교,공립,경기도구리남양주교육지원청,경기도교육청,경기도 남양주시,False
S090005186,세종초등학교,초등학교,공립,경기도여주교육지원청,경기도교육청,경기도 여주시,False
S090005187,동양초등학교,초등학교,공립,경기도화성오산교육지원청,경기도교육청,경기도 화성시 만세구,False
S090005188,배양초등학교,초등학교,공립,경기도화성오산교육지원청,경기도교육청,경기도 화성시 효행구,False
S090005269,안산청석초등학교,초등학교,공립,경기도안산교육지원청,경기도교육청,경기도 안산시 상록구,False
S090005270,팔곡초등학교,초등학교,공립,경기도안산교육지원청,경기도교육청,경기도 안산시 상록구,False
S090005288,태봉초등학교,초등학교,공립,경기도포천교육지원청,경기도교육청,경기도 포천시,False
S090005294,안산창촌초등학교,초등학교,공립,경기도안산교육지원청,경기도교육청,경기도 안산시 상록구,False
S090005295,안산해양초등학교,초등학교,공립,경기도안산교육지원청,경기도교육청,경기도 안산시 상록구,False
S090005313,동산초등학교,초등학교,공립,경기도부천교육지원청,경기도교육청,경기도 부천시 오정구,False
S090005324,동막초등학교,초등학교,공립,경기도용인교육지원청,경기도교육청,경기도 용인시 기흥구,False
S090005325,석성초등학교,초등학교,공립,경기도용인교육지원청,경기도교육청,경기도 용인시 기흥구,False
S090005330,동백초등학교,초등학교,공립,경기도용인교육지원청,경기도교육청,경기도 용인시 기흥구,False
S090005332,용인백현초등학교,초등학교,공립,경기도용인교육지원청,경기도교육청,경기도 용인시 기흥구,False
S090005334,서평초등학교,초등학교,공립,경기도수원교육지원청,경기도교육청,경기도 수원시 권선구,False
S090005337,오현초등학교,초등학교,공립,경기도수원교육지원청,경기도교육청,경기도 수원시 권선구,False
S090005339,용인초당초등학교,초등학교,공립,경기도용인교육지원청,경기도교육청,경기도 용인시 기흥구,False
S090005341,가좌초등학교,초등학교,공립,경기도고양교육지원청,경기도교육청,경기도 고양시 일산서구,False
S090005344,도둔초등학교,초등학교,공립,경기도동두천양주교육지원청,경기도교육청,경기도 양주시,False
S090005357,평택도곡초등학교,초등학교,공립,경기도평택교육지원청,경기도교육청,경기도 평택시,False
S090005363,안녕초등학교,초등학교,공립,경기도화성오산교육지원청,경기도교육청,경기도 화성시 병점구,False
S090005366,가수초등학교,초등학교,공립,경기도화성오산교육지원청,경기도교육청,경기도 오산시,False
S090005369,두일초등학교,초등학교,공립,경기도파주교육지원청,경기도교육청,경기도 파주시,False
S090005372,수청초등학교,초등학교,공립,경기도화성오산교육지원청,경기도교육청,경기도 오산시,False
S090005373,와석초등학교,초등학교,공립,경기도파주교육지원청,경기도교육청,경기도 파주시,False
S090005375,통진초등학교,초등학교,공립,경기도김포교육지원청,경기도교육청,경기도 김포시,False
S090005393,다솜초등학교,초등학교,공립,경기도고양교육지원청,경기도교육청,경기도 고양시 일산동구,False
S090005395,덕인초등학교,초등학교,공립,경기도안산교육지원청,경기도교육청,경기도 안산시 단원구,False
S090005397,문발초등학교,초등학교,공립,경기도파주교육지원청,경기도교육청,경기도 파주시,False
S090005402,소안초등학교,초등학교,공립,경기도부천교육지원청,경기도교육청,경기도 부천시 소사구,False
S090005404,신지초등학교,초등학교,공립,경기도동두천양주교육지원청,경기도교육청,경기도 양주시,False
S090005406,오산원당초등학교,초등학교,공립,경기도화성오산교육지원청,경기도교육청,경기도 오산시,False
S090005408,월포초등학교,초등학교,공립,경기도시흥교육지원청,경기도교육청,경기도 시흥시,False
S090005411,풍동초등학교,초등학교,공립,경기도고양교육지원청,경기도교육청,경기도 고양시 일산동구,False
S090005412,학동초등학교,초등학교,공립,경기도화성오산교육지원청,경기도교육청,경기도 화성시 동탄구,False
S090005471,화성금곡초등학교,초등학교,공립,경기도화성오산교육지원청,경기도교육청,경기도 화성시 동탄구,False
S090005472,반지초등학교,초등학교,공립,경기도평택교육지원청,경기도교육청,경기도 평택시,False
S090005474,석우초등학교,초등학교,공립,경기도화성오산교육지원청,경기도교육청,경기도 화성시 동탄구,False
S090005476,오산원일초등학교,초등학교,공립,경기도화성오산교육지원청,경기도교육청,경기도 오산시,False
S090005478,용인한일초등학교,초등학교,공립,경기도용인교육지원청,경기도교육청,경기도 용인시 기흥구,False
S090005480,나산초등학교,초등학교,공립,경기도용인교육지원청,경기도교육청,경기도 용인시 기흥구,False
S090005487,와우초등학교,초등학교,공립,경기도화성오산교육지원청,경기도교육청,경기도 화성시 효행구,False
S090005494,예봉초등학교,초등학교,공립,경기도구리남양주교육지원청,경기도교육청,경기도 남양주시,False
S090005495,주원초등학교,초등학교,공립,경기도동두천양주교육지원청,경기도교육청,경기도 양주시,False
S090005496,하늘초등학교,초등학교,공립,경기도고양교육지원청,경기도교육청,경기도 고양시 일산동구,False
S090005588,동화초등학교,초등학교,공립,경기도화성오산교육지원청,경기도교육청,경기도 화성시 효행구,False
S090005589,반석초등학교,초등학교,공립,경기도화성오산교육지원청,경기도교육청,경기도 화성시 동탄구,False
S090005591,상봉초등학교,초등학교,공립,경기도화성오산교육지원청,경기도교육청,경기도 화성시 효행구,False
S090005593,솔빛초등학교,초등학교,공립,경기도화성오산교육지원청,경기도교육청,경기도 화성시 동탄구,False
S090005594,오산고현초등학교,초등학교,공립,경기도화성오산교육지원청,경기도교육청,경기도 오산시,False
S090005595,율목초등학교,초등학교,공립,경기도화성오산교육지원청,경기도교육청,경기도 화성시 병점구,False
S090005597,반송초등학교,초등학교,공립,경기도화성오산교육지원청,경기도교육청,경기도 화성시 동탄구,False
S090005603,성곡초등학교,초등학교,공립,경기도부천교육지원청,경기도교육청,경기도 부천시 오정구,False
S090005607,모당초등학교,초등학교,공립,경기도고양교육지원청,경기도교육청,경기도 고양시 일산동구,False
S090005610,청덕초등학교,초등학교,공립,경기도용인교육지원청,경기도교육청,경기도 용인시 기흥구,False
S090005612,시흥능곡초등학교,초등학교,공립,경기도시흥교육지원청,경기도교육청,경기도 시흥시,False
S090005617,장기초등학교,초등학교,공립,경기도김포교육지원청,경기도교육청,경기도 김포시,False
S090005621,도촌초등학교,초등학교,공립,경기도성남교육지원청,경기도교육청,경기도 성남시 중원구,False
S090005627,군포대야초등학교,초등학교,공립,경기도군포의왕교육지원청,경기도교육청,경기도 군포시,False
S090005628,모락초등학교,초등학교,공립,경기도군포의왕교육지원청,경기도교육청,경기도 의왕시,False
S090005644,능동초등학교,초등학교,공립,경기도화성오산교육지원청,경기도교육청,경기도 화성시 동탄구,False
S090005645,도이초등학교,초등학교,공립,경기도화성오산교육지원청,경기도교육청,경기도 화성시 만세구,False
S090005646,수영초등학교,초등학교,공립,경기도화성오산교육지원청,경기도교육청,경기도 화성시 효행구,False
S090005647,예당초등학교,초등학교,공립,경기도화성오산교육지원청,경기도교육청,경기도 화성시 동탄구,False
S090005648,중동초등학교,초등학교,공립,경기도부천교육지원청,경기도교육청,경기도 부천시 원미구,False
S090005649,푸른초등학교,초등학교,공립,경기도화성오산교육지원청,경기도교육청,경기도 화성시 동탄구,False
S090005650,한마음초등학교,초등학교,공립,경기도화성오산교육지원청,경기도교육청,경기도 화성시 동탄구,False
S090005651,한울초등학교,초등학교,공립,경기도화성오산교육지원청,경기도교육청,경기도 화성시 만세구,False
S090005652,행정초등학교,초등학교,공립,경기도화성오산교육지원청,경기도교육청,경기도 화성시 만세구,False
S090005678,가운초등학교,초등학교,공립,경기도구리남양주교육지원청,경기도교육청,경기도 남양주시,False
S090005680,송현초등학교,초등학교,공립,경기도평택교육지원청,경기도교육청,경기도 평택시,False
S090005682,신곡초등학교,초등학교,공립,경기도김포교육지원청,경기도교육청,경기도 김포시,False
S090005686,하남풍산초등학교,초등학교,공립,경기도광주하남교육지원청,경기도교육청,경기도 하남시,False
S090005687,아람초등학교,초등학교,공립,경기도고양교육지원청,경기도교육청,경기도 고양시 덕양구,False
S090005688,안산대월초등학교,초등학교,공립,경기도안산교육지원청,경기도교육청,경기도 안산시 단원구,False
S090005690,신길초등학교,초등학교,공립,경기도안산교육지원청,경기도교육청,경기도 안산시 단원구,False
S090005692,성남송현초등학교,초등학교,공립,경기도성남교육지원청,경기도교육청,경기도 성남시 분당구,False
S090005693,매여울초등학교,초등학교,공립,경기도수원교육지원청,경기도교육청,경기도 수원시 팔달구,False
S090005695,보평초등학교,초등학교,공립,경기도성남교육지원청,경기도교육청,경기도 성남시 분당구,False
S090005696,운중초등학교,초등학교,공립,경기도성남교육지원청,경기도교육청,경기도 성남시 분당구,False
S090005702,판교초등학교,초등학교,공립,경기도성남교육지원청,경기도교육청,경기도 성남시 분당구,False
S090005703,산운초등학교,초등학교,공립,경기도성남교육지원청,경기도교육청,경기도 성남시 분당구,False
S090005705,구룡초등학교,초등학교,공립,경기도구리남양주교육지원청,경기도교육청,경기도 남양주시,False
S090005706,건원초등학교,초등학교,공립,경기도구리남양주교육지원청,경기도교육청,경기도 구리시,False
S090005708,진접초등학교,초등학교,공립,경기도구리남양주교육지원청,경기도교육청,경기도 남양주시,False
S090005710,차산초등학교,초등학교,공립,경기도구리남양주교육지원청,경기도교육청,경기도 남양주시,False
S090005739,충현초등학교,초등학교,공립,경기도광명교육지원청,경기도교육청,경기도 광명시,False
S090005740,구름산초등학교,초등학교,공립,경기도광명교육지원청,경기도교육청,경기도 광명시,False
S090005742,걸포초등학교,초등학교,공립,경기도김포교육지원청,경기도교육청,경기도 김포시,False
S090005744,안현초등학교,초등학교,공립,경기도광명교육지원청,경기도교육청,경기도 광명시,False
S090005747,문시초등학교,초등학교,공립,경기도화성오산교육지원청,경기도교육청,경기도 오산시,False
S090005748,공세초등학교,초등학교,공립,경기도용인교육지원청,경기도교육청,경기도 용인시 기흥구,False
S090005750,용인한빛초등학교,초등학교,공립,경기도용인교육지원청,경기도교육청,경기도 용인시 수지구,False
S090005751,둔전제일초등학교,초등학교,공립,경기도용인교육지원청,경기도교육청,경기도 용인시 처인구,False
S090005763,양산초등학교,초등학교,공립,경기도화성오산교육지원청,경기도교육청,경기도 오산시,False
S090005765,용이초등학교,초등학교,공립,경기도평택교육지원청,경기도교육청,경기도 평택시,False
S090005771,내동초등학교,초등학교,공립,경기도군포의왕교육지원청,경기도교육청,경기도 의왕시,False
S090005773,석현초등학교,초등학교,공립,경기도용인교육지원청,경기도교육청,경기도 용인시 기흥구,False
S090005774,흥덕초등학교,초등학교,공립,경기도용인교육지원청,경기도교육청,경기도 용인시 기흥구,False
S090005780,남양주덕송초등학교,초등학교,공립,경기도구리남양주교육지원청,경기도교육청,경기도 남양주시,False
S090005784,별가람초등학교,초등학교,공립,경기도구리남양주교육지원청,경기도교육청,경기도 남양주시,False
S090005805,만송초등학교,초등학교,공립,경기도동두천양주교육지원청,경기도교육청,경기도 양주시,False
S090005807,숲속초등학교,초등학교,공립,경기도화성오산교육지원청,경기도교육청,경기도 화성시 동탄구,False
S090005809,승지초등학교,초등학교,공립,경기도시흥교육지원청,경기도교육청,경기도 시흥시,False
S090005816,세미초등학교,초등학교,공립,경기도화성오산교육지원청,경기도교육청,경기도 오산시,False
S090005818,필봉초등학교,초등학교,공립,경기도화성오산교육지원청,경기도교육청,경기도 오산시,False
S090005839,선행초등학교,초등학교,공립,경기도수원교육지원청,경기도교육청,경기도 수원시 권선구,False
S090005846,군포신기초등학교,초등학교,공립,경기도군포의왕교육지원청,경기도교육청,경기도 군포시,False
S090005847,벌원초등학교,초등학교,공립,경기도광주하남교육지원청,경기도교육청,경기도 광주시,False
S090005848,빛가온초등학교,초등학교,공립,경기도광명교육지원청,경기도교육청,경기도 광명시,False
S090005852,해오름초등학교,초등학교,공립,경기도안양과천교육지원청,경기도교육청,경기도 안양시 동안구,False
S090005853,솔터초등학교,초등학교,공립,경기도김포교육지원청,경기도교육청,경기도 김포시,False
S090005854,자유초등학교,초등학교,공립,경기도파주교육지원청,경기도교육청,경기도 파주시,False
S090005855,한산초등학교,초등학교,공립,경기도고양교육지원청,경기도교육청,경기도 고양시 일산서구,False
S090005856,백송초등학교,초등학교,공립,경기도고양교육지원청,경기도교육청,경기도 고양시 일산서구,False
S090005860,만정초등학교,초등학교,공립,경기도안성교육지원청,경기도교육청,경기도 안성시,False
S090005862,새빛초등학교,초등학교,공립,경기도용인교육지원청,경기도교육청,경기도 용인시 수지구,False
S090005864,서농초등학교,초등학교,공립,경기도용인교육지원청,경기도교육청,경기도 용인시 기흥구,False
S090005867,가온초등학교,초등학교,공립,경기도파주교육지원청,경기도교육청,경기도 파주시,False
S090005869,김포한가람초등학교,초등학교,공립,경기도김포교육지원청,경기도교육청,경기도 김포시,False
S090005873,보름초등학교,초등학교,공립,경기도김포교육지원청,경기도교육청,경기도 김포시,False
S090005874,예원초등학교,초등학교,공립,경기도화성오산교육지원청,경기도교육청,경기도 화성시 동탄구,False
S090005879,광교초등학교,초등학교,공립,경기도수원교육지원청,경기도교육청,경기도 수원시 영통구,False
S090005882,이의초등학교,초등학교,공립,경기도수원교육지원청,경기도교육청,경기도 수원시 영통구,False
S090005883,가현초등학교,초등학교,공립,경기도김포교육지원청,경기도교육청,경기도 김포시,False
S090005885,푸른솔초등학교,초등학교,공립,경기도김포교육지원청,경기도교육청,경기도 김포시,False
S090005888,청옥초등학교,초등학교,공립,경기도평택교육지원청,경기도교육청,경기도 평택시,False
S090005894,수원중촌초등학교,초등학교,공립,경기도수원교육지원청,경기도교육청,경기도 수원시 권선구,False
S090005896,수원금호초등학교,초등학교,공립,경기도수원교육지원청,경기도교육청,경기도 수원시 권선구,False
S090005897,능실초등학교,초등학교,공립,경기도수원교육지원청,경기도교육청,경기도 수원시 권선구,False
S090005912,포일초등학교,초등학교,공립,경기도군포의왕교육지원청,경기도교육청,경기도 의왕시,False
S090005914,성남여수초등학교,초등학교,공립,경기도성남교육지원청,경기도교육청,경기도 성남시 중원구,False
S090005988,부평초등학교,초등학교,공립,경기도구리남양주교육지원청,경기도교육청,경기도 남양주시,False
S090006026,김포금빛초등학교,초등학교,공립,경기도김포교육지원청,경기도교육청,경기도 김포시,False
S090006028,고진초등학교,초등학교,공립,경기도용인교육지원청,경기도교육청,경기도 용인시 처인구,False
S090006030,은여울초등학교,초등학교,공립,경기도김포교육지원청,경기도교육청,경기도 김포시,False
S090006033,나비초등학교,초등학교,공립,경기도김포교육지원청,경기도교육청,경기도 김포시,False
S090006039,함박초등학교,초등학교,공립,경기도용인교육지원청,경기도교육청,경기도 용인시 처인구,False
S090006040,운유초등학교,초등학교,공립,경기도김포교육지원청,경기도교육청,경기도 김포시,False
S090006042,중일초등학교,초등학교,공립,경기도용인교육지원청,경기도교육청,경기도 용인시 기흥구,False
S090006046,청수초등학교,초등학교,공립,경기도김포교육지원청,경기도교육청,경기도 김포시,False
S090006053,율빛초등학교,초등학교,공립,경기도동두천양주교육지원청,경기도교육청,경기도 양주시,False
S090006055,회암초등학교,초등학교,공립,경기도동두천양주교육지원청,경기도교육청,경기도 양주시,False
S090006058,율정초등학교,초등학교,공립,경기도동두천양주교육지원청,경기도교육청,경기도 양주시,False
S090006061,옥정초등학교,초등학교,공립,경기도동두천양주교육지원청,경기도교육청,경기도 양주시,False
S090006062,연푸른초등학교,초등학교,공립,경기도동두천양주교육지원청,경기도교육청,경기도 양주시,False
S090006063,옥빛초등학교,초등학교,공립,경기도동두천양주교육지원청,경기도교육청,경기도 양주시,False
S090006065,옥정호수초등학교,초등학교,공립,경기도동두천양주교육지원청,경기도교육청,경기도 양주시,False
S090006082,고산하늘초등학교,초등학교,공립,경기도광주하남교육지원청,경기도교육청,경기도 광주시,False
S090006083,고산별빛초등학교,초등학교,공립,경기도광주하남교육지원청,경기도교육청,경기도 광주시,False
S090006096,고양오금초등학교,초등학교,공립,경기도고양교육지원청,경기도교육청,경기도 고양시 덕양구,False
S090006100,신현초등학교,초등학교,공립,경기도광주하남교육지원청,경기도교육청,경기도 광주시,False
S090006104,위례한빛초등학교,초등학교,공립,경기도성남교육지원청,경기도교육청,경기도 성남시 수정구,False
S090006107,위례푸른초등학교,초등학교,공립,경기도성남교육지원청,경기도교육청,경기도 성남시 수정구,False
S090006108,위례고운초등학교,초등학교,공립,경기도성남교육지원청,경기도교육청,경기도 성남시 수정구,False
S090006109,위례중앙초등학교,초등학교,공립,경기도성남교육지원청,경기도교육청,경기도 성남시 수정구,False
S090006112,한아람초등학교,초등학교,공립,경기도광주하남교육지원청,경기도교육청,경기도 광주시,False
S090006113,태성초등학교,초등학교,공립,경기도광주하남교육지원청,경기도교육청,경기도 광주시,False
S090006122,배곧초등학교,초등학교,공립,경기도시흥교육지원청,경기도교육청,경기도 시흥시,False
S090006123,배곧라온초등학교,초등학교,공립,경기도시흥교육지원청,경기도교육청,경기도 시흥시,False
S090006131,산현초등학교,초등학교,공립,경기도시흥교육지원청,경기도교육청,경기도 시흥시,False
S090006132,운흥초등학교,초등학교,공립,경기도시흥교육지원청,경기도교육청,경기도 시흥시,False
S090006133,조남초등학교,초등학교,공립,경기도시흥교육지원청,경기도교육청,경기도 시흥시,False
S090006152,생금초등학교,초등학교,공립,경기도시흥교육지원청,경기도교육청,경기도 시흥시,False
S090006153,화원초등학교,초등학교,공립,경기도화성오산교육지원청,경기도교육청,경기도 화성시 만세구,False
S090006154,하길초등학교,초등학교,공립,경기도화성오산교육지원청,경기도교육청,경기도 화성시 만세구,False
S090006157,곡정초등학교,초등학교,공립,경기도수원교육지원청,경기도교육청,경기도 수원시 권선구,False
S090006164,산내초등학교,초등학교,공립,경기도파주교육지원청,경기도교육청,경기도 파주시,False
S090006418,금암초등학교,초등학교,공립,경기도화성오산교육지원청,경기도교육청,경기도 오산시,False
S090006419,광사초등학교,초등학교,공립,경기도동두천양주교육지원청,경기도교육청,경기도 양주시,False
S090006421,나룰초등학교,초등학교,공립,경기도광주하남교육지원청,경기도교육청,경기도 하남시,False
S090006425,마송중앙초등학교,초등학교,공립,경기도김포교육지원청,경기도교육청,경기도 김포시,False
S090006431,부곡중앙초등학교,초등학교,공립,경기도군포의왕교육지원청,경기도교육청,경기도 군포시,False
S090006432,서정초등학교,초등학교,공립,경기도고양교육지원청,경기도교육청,경기도 고양시 덕양구,False
S090006433,성남화랑초등학교,초등학교,공립,경기도성남교육지원청,경기도교육청,경기도 성남시 분당구,False
S090006434,성서초등학교,초등학교,공립,경기도용인교육지원청,경기도교육청,경기도 용인시 수지구,False
S090006439,신백현초등학교,초등학교,공립,경기도성남교육지원청,경기도교육청,경기도 성남시 분당구,False
S090006440,신양초등학교,초등학교,공립,경기도김포교육지원청,경기도교육청,경기도 김포시,False
S090006443,양일초등학교,초등학교,공립,경기도고양교육지원청,경기도교육청,경기도 고양시 일산동구,False
S090006445,용인신봉초등학교,초등학교,공립,경기도용인교육지원청,경기도교육청,경기도 용인시 수지구,False
S090006446,운광초등학교,초등학교,공립,경기도파주교육지원청,경기도교육청,경기도 파주시,False
S090006449,이천사동초등학교,초등학교,공립,경기도이천교육지원청,경기도교육청,경기도 이천시,False
S090006452,주곡초등학교,초등학교,공립,경기도구리남양주교육지원청,경기도교육청,경기도 남양주시,False
S090006454,한가람초등학교,초등학교,공립,경기도파주교육지원청,경기도교육청,경기도 파주시,False
S090006455,한빛초등학교,초등학교,공립,경기도파주교육지원청,경기도교육청,경기도 파주시,False
S090006456,한얼초등학교,초등학교,공립,경기도군포의왕교육지원청,경기도교육청,경기도 군포시,False
S090006458,해솔초등학교,초등학교,공립,경기도파주교육지원청,경기도교육청,경기도 파주시,False
S090006459,화도초등학교,초등학교,공립,경기도구리남양주교육지원청,경기도교육청,경기도 남양주시,False
S090006460,화봉초등학교,초등학교,공립,경기도구리남양주교육지원청,경기도교육청,경기도 남양주시,False
S090006650,서경초등학교,초등학교,공립,경기도화성오산교육지원청,경기도교육청,경기도 화성시 병점구,False
S090006651,화성반월초등학교,초등학교,공립,경기도화성오산교육지원청,경기도교육청,경기도 화성시 병점구,False
S090006759,두창초등학교,초등학교,공립,경기도용인교육지원청,경기도교육청,경기도 용인시 처인구,False
S090006770,고양동산초등학교,초등학교,공립,경기도고양교육지원청,경기도교육청,경기도 고양시 덕양구,False
S090006771,자란초등학교,초등학교,공립,경기도평택교육지원청,경기도교육청,경기도 평택시,False
S090006773,수원가온초등학교,초등학교,공립,경기도수원교육지원청,경기도교육청,경기도 수원시 권선구,False
S090006774,다솔초등학교,초등학교,공립,경기도수원교육지원청,경기도교육청,경기도 수원시 장안구,False
S090006775,하늘빛초등학교,초등학교,공립,경기도김포교육지원청,경기도교육청,경기도 김포시,False
S090006776,김포호수초등학교,초등학교,공립,경기도김포교육지원청,경기도교육청,경기도 김포시,False
S090006778,운정초등학교,초등학교,공립,경기도파주교육지원청,경기도교육청,경기도 파주시,False
S090006799,의정부송산초등학교,초등학교,공립,경기도의정부교육지원청,경기도교육청,경기도 의정부시,False
S090006801,남양주월산초등학교,초등학교,공립,경기도구리남양주교육지원청,경기도교육청,경기도 남양주시,False
S090006802,해밀초등학교,초등학교,공립,경기도구리남양주교육지원청,경기도교육청,경기도 남양주시,False
S090006847,매봉초등학교,초등학교,공립,경기도용인교육지원청,경기도교육청,경기도 용인시 수지구,False
S090006913,미사초등학교,초등학교,공립,경기도광주하남교육지원청,경기도교육청,경기도 하남시,False
S090006914,미사강변초등학교,초등학교,공립,경기도광주하남교육지원청,경기도교육청,경기도 하남시,False
S090006926,삼현초등학교,초등학교,공립,경기도의정부교육지원청,경기도교육청,경기도 의정부시,False
S090006930,동탄중앙초등학교,초등학교,공립,경기도화성오산교육지원청,경기도교육청,경기도 화성시 동탄구,False
S090006931,화성청계초등학교,초등학교,공립,경기도화성오산교육지원청,경기도교육청,경기도 화성시 동탄구,False
S090006932,아인초등학교,초등학교,공립,경기도화성오산교육지원청,경기도교육청,경기도 화성시 동탄구,False
S090006933,무봉초등학교,초등학교,공립,경기도화성오산교육지원청,경기도교육청,경기도 화성시 동탄구,False
S090006935,예솔초등학교,초등학교,공립,경기도화성오산교육지원청,경기도교육청,경기도 화성시 동탄구,False
S090006936,청목초등학교,초등학교,공립,경기도화성오산교육지원청,경기도교육청,경기도 화성시 동탄구,False
S090006937,왕배초등학교,초등학교,공립,경기도화성오산교육지원청,경기도교육청,경기도 화성시 동탄구,False
S090006940,호연초등학교,초등학교,공립,경기도화성오산교육지원청,경기도교육청,경기도 화성시 동탄구,False
S090006942,방교초등학교,초등학교,공립,경기도화성오산교육지원청,경기도교육청,경기도 화성시 동탄구,False
S090006945,서연초등학교,초등학교,공립,경기도화성오산교육지원청,경기도교육청,경기도 화성시 동탄구,False
S090006946,영천초등학교,초등학교,공립,경기도화성오산교육지원청,경기도교육청,경기도 화성시,False
S090006947,한백초등학교,초등학교,공립,경기도화성오산교육지원청,경기도교육청,경기도 화성시 동탄구,False
S090006954,도래울초등학교,초등학교,공립,경기도고양교육지원청,경기도교육청,경기도 고양시 덕양구,False
S090006970,한별초등학교,초등학교,공립,경기도구리남양주교육지원청,경기도교육청,경기도 남양주시,False
S090006971,남양주샛별초등학교,초등학교,공립,경기도구리남양주교육지원청,경기도교육청,경기도 남양주시,False
S090006972,정배초등학교,초등학교,공립,경기도양평교육지원청,경기도교육청,경기도 양평군,False
S090007038,위례초등학교,초등학교,공립,경기도광주하남교육지원청,경기도교육청,경기도 하남시,False
S090007039,미사중앙초등학교,초등학교,공립,경기도광주하남교육지원청,경기도교육청,경기도 하남시,False
S090007050,현촌초등학교,초등학교,공립,경기도평택교육지원청,경기도교육청,경기도 평택시,False
S090007111,어울초등학교,초등학교,공립,경기도안성교육지원청,경기도교육청,경기도 안성시,False
S090007116,옥길버들초등학교,초등학교,공립,경기도부천교육지원청,경기도교육청,경기도 부천시 소사구,False
S090007117,옥길산들초등학교,초등학교,공립,경기도부천교육지원청,경기도교육청,경기도 부천시 소사구,False
S090007135,샘말초등학교,초등학교,공립,경기도용인교육지원청,경기도교육청,경기도 용인시 기흥구,False
S090007139,송린초등학교,초등학교,공립,경기도화성오산교육지원청,경기도교육청,경기도 화성시 만세구,False
S090007140,한율초등학교,초등학교,공립,경기도화성오산교육지원청,경기도교육청,경기도 화성시 동탄구,False
S090007159,역동초등학교,초등학교,공립,경기도광주하남교육지원청,경기도교육청,경기도 광주시,False
S090007160,산마루초등학교,초등학교,공립,경기도구리남양주교육지원청,경기도교육청,경기도 구리시,False
S090007161,평택이화초등학교,초등학교,공립,경기도평택교육지원청,경기도교육청,경기도 평택시,False
S090007162,윤슬초등학교,초등학교,공립,경기도광주하남교육지원청,경기도교육청,경기도 하남시,False
S090007163,한홀초등학교,초등학교,공립,경기도광주하남교육지원청,경기도교육청,경기도 하남시,False
S090007164,청아초등학교,초등학교,공립,경기도광주하남교육지원청,경기도교육청,경기도 하남시,False
S090007194,광교호수초등학교,초등학교,공립,경기도수원교육지원청,경기도교육청,경기도 수원시 영통구,False
S090007197,배곧한울초등학교,초등학교,공립,경기도시흥교육지원청,경기도교육청,경기도 시흥시,False
S090007217,다온초등학교,초등학교,공립,경기도화성오산교육지원청,경기도교육청,경기도 오산시,False
S090007226,배곧해솔초등학교,초등학교,공립,경기도시흥교육지원청,경기도교육청,경기도 시흥시,False
S090007230,망포초등학교,초등학교,공립,경기도수원교육지원청,경기도교육청,경기도 수원시 영통구,False
S090007235,용인한얼초등학교,초등학교,공립,경기도용인교육지원청,경기도교육청,경기도 용인시 기흥구,False
S090007236,평택청아초등학교,초등학교,공립,경기도평택교육지원청,경기도교육청,경기도 평택시,False
S090007239,다산가람초등학교,초등학교,공립,경기도구리남양주교육지원청,경기도교육청,경기도 남양주시,False
S090007240,용죽초등학교,초등학교,공립,경기도평택교육지원청,경기도교육청,경기도 평택시,False
S090007241,동탄목동초등학교,초등학교,공립,경기도화성오산교육지원청,경기도교육청,경기도 화성시 동탄구,False
S090007244,다원초등학교,초등학교,공립,경기도화성오산교육지원청,경기도교육청,경기도 화성시 동탄구,False
S090007255,효행초등학교,초등학교,공립,경기도화성오산교육지원청,경기도교육청,경기도 화성시 효행구,False
S090007257,대양초등학교,초등학교,공립,경기도화성오산교육지원청,경기도교육청,경기도 화성시 만세구,False
S090007263,치동초등학교,초등학교,공립,경기도화성오산교육지원청,경기도교육청,경기도 화성시 동탄구,False
S090007265,정현초등학교,초등학교,공립,경기도화성오산교육지원청,경기도교육청,경기도 화성시 동탄구,False
S090007268,가내초등학교,초등학교,공립,경기도평택교육지원청,경기도교육청,경기도 평택시,False
S090007274,광주송정초등학교,초등학교,공립,경기도광주하남교육지원청,경기도교육청,경기도 광주시,False
S090007275,다산한강초등학교,초등학교,공립,경기도구리남양주교육지원청,경기도교육청,경기도 남양주시,False
S090007277,백운호수초등학교,초등학교,공립,경기도군포의왕교육지원청,경기도교육청,경기도 의왕시,False
S090007279,한류초등학교,초등학교,공립,경기도고양교육지원청,경기도교육청,경기도 고양시 일산동구,False
S090007298,송안초등학교,초등학교,공립,경기도군포의왕교육지원청,경기도교육청,경기도 군포시,False
S090007307,남양주다산초등학교,초등학교,공립,경기도구리남양주교육지원청,경기도교육청,경기도 남양주시,False
S090007310,세마초등학교,초등학교,공립,경기도화성오산교육지원청,경기도교육청,경기도 오산시,False
S090007320,다산새봄초등학교,초등학교,공립,경기도구리남양주교육지원청,경기도교육청,경기도 남양주시,False
S090007321,창릉초등학교,초등학교,공립,경기도고양교육지원청,경기도교육청,경기도 고양시 덕양구,False
S090007322,향동숲내초등학교,초등학교,공립,경기도고양교육지원청,경기도교육청,경기도 고양시 덕양구,False
S090007323,훈민초등학교,초등학교,공립,경기도의정부교육지원청,경기도교육청,경기도 의정부시,False
S090007325,은빛초등학교,초등학교,공립,경기도시흥교육지원청,경기도교육청,경기도 시흥시,False
S090007326,배곧누리초등학교,초등학교,공립,경기도시흥교육지원청,경기도교육청,경기도 시흥시,False
S090007327,감일초등학교,초등학교,공립,경기도광주하남교육지원청,경기도교육청,경기도 하남시,False
S090007328,능평초등학교,초등학교,공립,경기도광주하남교육지원청,경기도교육청,경기도 광주시,False
S090007329,광주푸른초등학교,초등학교,공립,경기도광주하남교육지원청,경기도교육청,경기도 광주시,False
S090007331,새솔초등학교,초등학교,공립,경기도화성오산교육지원청,경기도교육청,경기도 화성시 만세구,False
S090007333,세정초등학교,초등학교,공립,경기도화성오산교육지원청,경기도교육청,경기도 화성시 동탄구,False
S090007334,청림초등학교,초등학교,공립,경기도화성오산교육지원청,경기도교육청,경기도 화성시 동탄구,False
S090007335,평택대동초등학교,초등학교,공립,경기도평택교육지원청,경기도교육청,경기도 평택시,False
S090007337,평택새빛초등학교,초등학교,공립,경기도평택교육지원청,경기도교육청,경기도 평택시,False
S090007338,안산해솔초등학교,초등학교,공립,경기도안산교육지원청,경기도교육청,경기도 안산시 상록구,False
S090007361,수현초등학교,초등학교,공립,경기도화성오산교육지원청,경기도교육청,경기도 화성시 효행구,False
S090007363,산들초등학교,초등학교,공립,경기도파주교육지원청,경기도교육청,경기도 파주시,False
S090007371,이솔초등학교,초등학교,공립,경기도화성오산교육지원청,경기도교육청,경기도 화성시 동탄구,False
S090007375,향동초등학교,초등학교,공립,경기도고양교육지원청,경기도교육청,경기도 고양시 덕양구,False
S090007378,지축초등학교,초등학교,공립,경기도고양교육지원청,경기도교육청,경기도 고양시 덕양구,False
S090007396,여울초등학교,초등학교,공립,경기도화성오산교육지원청,경기도교육청,경기도 화성시,False
S090007397,늘봄초등학교,초등학교,공립,경기도화성오산교육지원청,경기도교육청,경기도 화성시 동탄구,False
S090007398,평택서재초등학교,초등학교,공립,경기도평택교육지원청,경기도교육청,경기도 평택시,False
S090007407,다산하늘초등학교,초등학교,공립,경기도구리남양주교육지원청,경기도교육청,경기도 남양주시,False
S090007424,은솔초등학교,초등학교,공립,경기도구리남양주교육지원청,경기도교육청,경기도 남양주시,False
S090007435,위례숲초등학교,초등학교,공립,경기도광주하남교육지원청,경기도교육청,경기도 하남시,False
S090007436,신우초등학교,초등학교,공립,경기도광주하남교육지원청,경기도교육청,경기도 하남시,False
S090007437,한여울초등학교,초등학교,공립,경기도시흥교육지원청,경기도교육청,경기도 시흥시,False
S090007443,하랑초등학교,초등학교,공립,경기도구리남양주교육지원청,경기도교육청,경기도 남양주시,False
S090007450,세아초등학교,초등학교,공립,경기도평택교육지원청,경기도교육청,경기도 평택시,False
S090007517,판교대장초등학교,초등학교,공립,경기도성남교육지원청,경기도교육청,경기도 성남시 분당구,False
S090007520,단샘초등학교,초등학교,공립,경기도광주하남교육지원청,경기도교육청,경기도 하남시,False
S090007523,새봄초등학교,초등학교,공립,경기도화성오산교육지원청,경기도교육청,경기도 화성시 병점구,False
S090007524,배다리초등학교,초등학교,공립,경기도평택교육지원청,경기도교육청,경기도 평택시,False
S090007573,지제초등학교,초등학교,공립,경기도평택교육지원청,경기도교육청,경기도 평택시,False
S090007574,신남초등학교,초등학교,공립,경기도화성오산교육지원청,경기도교육청,경기도 화성시 만세구,False
S090007576,초롱초등학교,초등학교,공립,경기도파주교육지원청,경기도교육청,경기도 파주시,False
S090007581,다산별빛초등학교,초등학교,공립,경기도구리남양주교육지원청,경기도교육청,경기도 남양주시,False
S090007583,다율초등학교,초등학교,공립,경기도파주교육지원청,경기도교육청,경기도 파주시,False
S090007603,원흥초등학교,초등학교,공립,경기도고양교육지원청,경기도교육청,경기도 고양시 덕양구,False
S090007604,화성신동초등학교,초등학교,공립,경기도화성오산교육지원청,경기도교육청,경기도 화성시 동탄구,False
S090007607,평택모산초등학교,초등학교,공립,경기도평택교육지원청,경기도교육청,경기도 평택시,False
S090007611,시흥가온초등학교,초등학교,공립,경기도시흥교육지원청,경기도교육청,경기도 시흥시,False
S090007614,향산초등학교,초등학교,공립,경기도김포교육지원청,경기도교육청,경기도 김포시,False
S090007616,김포나진초등학교,초등학교,공립,경기도김포교육지원청,경기도교육청,경기도 김포시,False
S090007618,김포구래초등학교,초등학교,공립,경기도김포교육지원청,경기도교육청,경기도 김포시,False
S090007629,덕은한강초등학교,초등학교,공립,경기도고양교육지원청,경기도교육청,경기도 고양시 덕양구,False
S090007632,과천갈현초등학교,초등학교,공립,경기도안양과천교육지원청,경기도교육청,경기도 과천시,False
S090007676,쌍동초등학교,초등학교,공립,경기도광주하남교육지원청,경기도교육청,경기도 광주시,False
S090007677,율포초등학교,초등학교,공립,경기도평택교육지원청,경기도교육청,경기도 평택시,False
S090007678,지효초등학교,초등학교,공립,경기도고양교육지원청,경기도교육청,경기도 고양시 덕양구,False
S090007859,해창초등학교,초등학교,공립,경기도평택교육지원청,경기도교육청,경기도 평택시,False
S090007860,평택영신초등학교,초등학교,공립,경기도평택교육지원청,경기도교육청,경기도 평택시,False
S090007862,고양장항초등학교,초등학교,공립,경기도고양교육지원청,경기도교육청,경기도 고양시 일산동구,False
S090007870,배곧라라초등학교,초등학교,공립,경기도시흥교육지원청,경기도교육청,경기도 시흥시,False
S090007871,글빛초등학교,초등학교,공립,경기도수원교육지원청,경기도교육청,경기도 수원시 영통구,False
S090007880,세담초등학교,초등학교,공립,경기도화성오산교육지원청,경기도교육청,경기도 오산시,False
S090007881,내리숲초등학교,초등학교,공립,경기도화성오산교육지원청,경기도교육청,경기도 화성시 효행구,False
S090007882,민세초등학교,초등학교,공립,경기도평택교육지원청,경기도교육청,경기도 평택시,False
S090007903,별하람초등학교,초등학교,공립,경기도파주교육지원청,경기도교육청,경기도 파주시,False
S090007905,운정해오름초등학교,초등학교,공립,경기도파주교육지원청,경기도교육청,경기도 파주시,False
S090007911,포담초등학교,초등학교,공립,경기도포천교육지원청,경기도교육청,경기도 포천시,False
S090007918,도현초등학교,초등학교,공립,경기도용인교육지원청,경기도교육청,경기도 용인시 처인구,False
S090007919,처인초등학교,초등학교,공립,경기도용인교육지원청,경기도교육청,경기도 용인시 처인구,False
S090007920,청연초등학교,초등학교,공립,경기도화성오산교육지원청,경기도교육청,경기도 화성시 효행구,False
S090007926,고덕함박초등학교,초등학교,공립,경기도평택교육지원청,경기도교육청,경기도 평택시,False
S090007929,시화나래초등학교,초등학교,공립,경기도시흥교육지원청,경기도교육청,경기도 시흥시,False
S090007937,과천율목초등학교,초등학교,공립,경기도안양과천교육지원청,경기도교육청,경기도 과천시,False
S090007944,푸른샘초등학교,초등학교,공립,경기도동두천양주교육지원청,경기도교육청,경기도 양주시,False
S090008028,매교초등학교,초등학교,공립,경기도수원교육지원청,경기도교육청,경기도 수원시 팔달구,False
S090008029,규장초등학교,초등학교,공립,경기도수원교육지원청,경기도교육청,경기도 수원시 권선구,False
S090008032,모담초등학교,초등학교,공립,경기도김포교육지원청,경기도교육청,경기도 김포시,False
S090000876,가평중학교,중학교,공립,경기도가평교육지원청,경기도교육청,경기도 가평군,False
S090000877,가평북중학교,중학교,공립,경기도가평교육지원청,경기도교육청,경기도 가평군,False
S090000878,설악중학교,중학교,공립,경기도가평교육지원청,경기도교육청,경기도 가평군,False
S090000879,조종중학교,중학교,공립,경기도가평교육지원청,경기도교육청,경기도 가평군,False
S090000880,청평중학교,중학교,공립,경기도가평교육지원청,경기도교육청,경기도 가평군,False
S090000944,가람중학교,중학교,공립,경기도고양교육지원청,경기도교육청,경기도 고양시 덕양구,False
S090000946,고양중학교,중학교,공립,경기도고양교육지원청,경기도교육청,경기도 고양시 덕양구,False
S090000947,능곡중학교,중학교,공립,경기도고양교육지원청,경기도교육청,경기도 고양시 덕양구,False
S090000948,대화중학교,중학교,공립,경기도고양교육지원청,경기도교육청,경기도 고양시 일산서구,False
S090000949,덕양중학교,중학교,공립,경기도고양교육지원청,경기도교육청,경기도 고양시 덕양구,False
S090000950,무원중학교,중학교,공립,경기도고양교육지원청,경기도교육청,경기도 고양시 덕양구,False
S090000951,발산중학교,중학교,공립,경기도고양교육지원청,경기도교육청,경기도 고양시 일산서구,False
S090000952,백마중학교,중학교,공립,경기도고양교육지원청,경기도교육청,경기도 고양시 일산동구,False
S090000953,백석중학교,중학교,공립,경기도고양교육지원청,경기도교육청,경기도 고양시 일산동구,False
S090000954,백신중학교,중학교,공립,경기도고양교육지원청,경기도교육청,경기도 고양시 일산동구,False
S090000955,백양중학교,중학교,공립,경기도고양교육지원청,경기도교육청,경기도 고양시 덕양구,False
S090000956,고양제일중학교,중학교,사립,경기도고양교육지원청,경기도교육청,경기도 고양시 덕양구,False
S090000957,신능중학교,중학교,공립,경기도고양교육지원청,경기도교육청,경기도 고양시 덕양구,False
S090000958,신일중학교,중학교,공립,경기도고양교육지원청,경기도교육청,경기도 고양시 일산서구,False
S090000959,오마중학교,중학교,공립,경기도고양교육지원청,경기도교육청,경기도 고양시 일산서구,False
S090000960,원당중학교,중학교,공립,경기도고양교육지원청,경기도교육청,경기도 고양시 덕양구,False
S090000961,일산동중학교,중학교,공립,경기도고양교육지원청,경기도교육청,경기도 고양시 일산서구,False
S090000962,일산중학교,중학교,공립,경기도고양교육지원청,경기도교육청,경기도 고양시 일산서구,False
S090000963,장성중학교,중학교,공립,경기도고양교육지원청,경기도교육청,경기도 고양시 일산서구,False
S090000964,저동중학교,중학교,공립,경기도고양교육지원청,경기도교육청,경기도 고양시 일산동구,False
S090000965,정발중학교,중학교,공립,경기도고양교육지원청,경기도교육청,경기도 고양시 일산동구,False
S090000966,중산중학교,중학교,공립,경기도고양교육지원청,경기도교육청,경기도 고양시 일산동구,False
S090000967,지도중학교,중학교,공립,경기도고양교육지원청,경기도교육청,경기도 고양시 덕양구,False
S090000969,한수중학교,중학교,공립,경기도고양교육지원청,경기도교육청,경기도 고양시 일산서구,False
S090000970,행신중학교,중학교,공립,경기도고양교육지원청,경기도교육청,경기도 고양시 덕양구,False
S090000971,호곡중학교,중학교,공립,경기도고양교육지원청,경기도교육청,경기도 고양시 일산서구,False
S090000972,화수중학교,중학교,공립,경기도고양교육지원청,경기도교육청,경기도 고양시 덕양구,False
S090000973,화정중학교,중학교,공립,경기도고양교육지원청,경기도교육청,경기도 고양시 덕양구,False
S090001188,가림중학교,중학교,공립,경기도광명교육지원청,경기도교육청,경기도 광명시,False
S090001189,광남중학교,중학교,공립,경기도광명교육지원청,경기도교육청,경기도 광명시,False
S090001190,광명북중학교,중학교,공립,경기도광명교육지원청,경기도교육청,경기도 광명시,False
S090001191,하안북중학교,중학교,공립,경기도광명교육지원청,경기도교육청,경기도 광명시,False
S090001192,광명중학교,중학교,공립,경기도광명교육지원청,경기도교육청,경기도 광명시,False
S090001194,소하중학교,중학교,공립,경기도광명교육지원청,경기도교육청,경기도 광명시,False
S090001195,안서중학교,중학교,공립,경기도광명교육지원청,경기도교육청,경기도 광명시,False
S090001196,철산중학교,중학교,공립,경기도광명교육지원청,경기도교육청,경기도 광명시,False
S090001198,하안중학교,중학교,공립,경기도광명교육지원청,경기도교육청,경기도 광명시,False
S090001267,경안중학교,중학교,공립,경기도광주하남교육지원청,경기도교육청,경기도 광주시,False
S090001268,경화여자중학교,중학교,사립,경기도광주하남교육지원청,경기도교육청,경기도 광주시,False
S090001269,광수중학교,중학교,공립,경기도광주하남교육지원청,경기도교육청,경기도 광주시,False
S090001270,광일중학교,중학교,공립,경기도광주하남교육지원청,경기도교육청,경기도 광주시,False
S090001271,곤지암중학교,중학교,공립,경기도광주하남교육지원청,경기도교육청,경기도 광주시,False
S090001272,광주중학교,중학교,공립,경기도광주하남교육지원청,경기도교육청,경기도 광주시,False
S090001273,남한중학교,중학교,공립,경기도광주하남교육지원청,경기도교육청,경기도 하남시,False
S090001274,동부중학교,중학교,공립,경기도광주하남교육지원청,경기도교육청,경기도 하남시,False
S090001275,신장중학교,중학교,공립,경기도광주하남교육지원청,경기도교육청,경기도 하남시,False
S090001276,탄벌중학교,중학교,공립,경기도광주하남교육지원청,경기도교육청,경기도 광주시,False
S090001277,하남중학교,중학교,공립,경기도광주하남교육지원청,경기도교육청,경기도 하남시,False
S090001365,갈뫼중학교,중학교,공립,경기도군포의왕교육지원청,경기도교육청,경기도 의왕시,False
S090001366,고천중학교,중학교,공립,경기도군포의왕교육지원청,경기도교육청,경기도 의왕시,False
S090001367,곡란중학교,중학교,공립,경기도군포의왕교육지원청,경기도교육청,경기도 군포시,False
S090001368,군포중학교,중학교,공립,경기도군포의왕교육지원청,경기도교육청,경기도 군포시,False
S090001369,궁내중학교,중학교,공립,경기도군포의왕교육지원청,경기도교육청,경기도 군포시,False
S090001370,금정중학교,중학교,공립,경기도군포의왕교육지원청,경기도교육청,경기도 군포시,False
S090001371,도장중학교,중학교,공립,경기도군포의왕교육지원청,경기도교육청,경기도 군포시,False
S090001372,백운중학교,중학교,공립,경기도군포의왕교육지원청,경기도교육청,경기도 의왕시,False
S090001374,산본중학교,중학교,공립,경기도군포의왕교육지원청,경기도교육청,경기도 군포시,False
S090001375,수리중학교,중학교,공립,경기도군포의왕교육지원청,경기도교육청,경기도 군포시,False
S090001376,용호중학교,중학교,공립,경기도군포의왕교육지원청,경기도교육청,경기도 군포시,False
S090001377,의왕부곡중학교,중학교,공립,경기도군포의왕교육지원청,경기도교육청,경기도 의왕시,False
S090001378,의왕중학교,중학교,공립,경기도군포의왕교육지원청,경기도교육청,경기도 의왕시,False
S090001379,흥진중학교,중학교,공립,경기도군포의왕교육지원청,경기도교육청,경기도 군포시,False
S090001487,고촌중학교,중학교,공립,경기도김포교육지원청,경기도교육청,경기도 김포시,False
S090001488,김포여자중학교,중학교,공립,경기도김포교육지원청,경기도교육청,경기도 김포시,False
S090001489,금파중학교,중학교,공립,경기도김포교육지원청,경기도교육청,경기도 김포시,False
S090001490,김포중학교,중학교,공립,경기도김포교육지원청,경기도교육청,경기도 김포시,False
S090001491,대곶중학교,중학교,공립,경기도김포교육지원청,경기도교육청,경기도 김포시,False
S090001492,분진중학교,중학교,사립,경기도김포교육지원청,경기도교육청,경기도 김포시,False
S090001493,양곡중학교,중학교,사립,경기도김포교육지원청,경기도교육청,경기도 김포시,False
S090001494,장기중학교,중학교,공립,경기도김포교육지원청,경기도교육청,경기도 김포시,False
S090001495,통진중학교,중학교,사립,경기도김포교육지원청,경기도교육청,경기도 김포시,False
S090001496,풍무중학교,중학교,공립,경기도김포교육지원청,경기도교육청,경기도 김포시,False
S090001497,하성중학교,중학교,공립,경기도김포교육지원청,경기도교육청,경기도 김포시,False
S090001575,광동중학교,중학교,사립,경기도구리남양주교육지원청,경기도교육청,경기도 남양주시,False
S090001576,교문중학교,중학교,공립,경기도구리남양주교육지원청,경기도교육청,경기도 구리시,False
S090001577,구리중학교,중학교,공립,경기도구리남양주교육지원청,경기도교육청,경기도 구리시,False
S090001578,구리여자중학교,중학교,공립,경기도구리남양주교육지원청,경기도교육청,경기도 구리시,False
S090001579,금곡중학교,중학교,공립,경기도구리남양주교육지원청,경기도교육청,경기도 남양주시,False
S090001581,덕소중학교,중학교,공립,경기도구리남양주교육지원청,경기도교육청,경기도 남양주시,False
S090001582,도농중학교,중학교,공립,경기도구리남양주교육지원청,경기도교육청,경기도 남양주시,False
S090001583,동구중학교,중학교,공립,경기도구리남양주교육지원청,경기도교육청,경기도 구리시,False
S090001584,동화중학교,중학교,사립,경기도구리남양주교육지원청,경기도교육청,경기도 남양주시,False
S090001585,마석중학교,중학교,공립,경기도구리남양주교육지원청,경기도교육청,경기도 남양주시,False
S090001586,미금중학교,중학교,공립,경기도구리남양주교육지원청,경기도교육청,경기도 남양주시,False
S090001587,별내중학교,중학교,공립,경기도구리남양주교육지원청,경기도교육청,경기도 남양주시,False
S090001588,수동중학교,중학교,사립,경기도구리남양주교육지원청,경기도교육청,경기도 남양주시,False
S090001589,심석중학교,중학교,사립,경기도구리남양주교육지원청,경기도교육청,경기도 남양주시,False
S090001590,오남중학교,중학교,공립,경기도구리남양주교육지원청,경기도교육청,경기도 남양주시,False
S090001591,와부중학교,중학교,공립,경기도구리남양주교육지원청,경기도교육청,경기도 남양주시,False
S090001592,연세중학교,중학교,사립,경기도구리남양주교육지원청,경기도교육청,경기도 남양주시,False
S090001593,인창중학교,중학교,공립,경기도구리남양주교육지원청,경기도교육청,경기도 구리시,False
S090001594,장자중학교,중학교,공립,경기도구리남양주교육지원청,경기도교육청,경기도 구리시,False
S090001595,진건중학교,중학교,공립,경기도구리남양주교육지원청,경기도교육청,경기도 남양주시,False
S090001596,토평중학교,중학교,공립,경기도구리남양주교육지원청,경기도교육청,경기도 구리시,False
S090001597,퇴계원중학교,중학교,공립,경기도구리남양주교육지원청,경기도교육청,경기도 남양주시,False
S090001598,호평중학교,중학교,공립,경기도구리남양주교육지원청,경기도교육청,경기도 남양주시,False
S090001599,화광중학교,중학교,공립,경기도구리남양주교육지원청,경기도교육청,경기도 남양주시,False
S090001771,고암중학교,중학교,공립,경기도동두천양주교육지원청,경기도교육청,경기도 양주시,False
S090001772,남문중학교,중학교,사립,경기도동두천양주교육지원청,경기도교육청,경기도 양주시,False
S090001773,덕계중학교,중학교,공립,경기도동두천양주교육지원청,경기도교육청,경기도 양주시,False
S090001774,덕정중학교,중학교,공립,경기도동두천양주교육지원청,경기도교육청,경기도 양주시,False
S090001775,동두천여자중학교,중학교,사립,경기도동두천양주교육지원청,경기도교육청,경기도 동두천시,False
S090001777,동두천중학교,중학교,사립,경기도동두천양주교육지원청,경기도교육청,경기도 동두천시,False
S090001778,한빛누리중학교,중학교,사립,경기도동두천양주교육지원청,경기도교육청,경기도 동두천시,False
S090001779,신흥중학교,중학교,사립,경기도동두천양주교육지원청,경기도교육청,경기도 동두천시,False
S090001780,양주백석중학교,중학교,공립,경기도동두천양주교육지원청,경기도교육청,경기도 양주시,False
S090001781,조양중학교,중학교,사립,경기도동두천양주교육지원청,경기도교육청,경기도 양주시,False
S090001873,계남중학교,중학교,공립,경기도부천교육지원청,경기도교육청,경기도 부천시 원미구,False
S090001874,내동중학교,중학교,공립,경기도부천교육지원청,경기도교육청,경기도 부천시 오정구,False
S090001878,덕산중학교,중학교,공립,경기도부천교육지원청,경기도교육청,경기도 부천시 오정구,False
S090001882,부명중학교,중학교,공립,경기도부천교육지원청,경기도교육청,경기도 부천시 원미구,False
S090001883,부인중학교,중학교,공립,경기도부천교육지원청,경기도교육청,경기도 부천시 원미구,False
S090001884,부일중학교,중학교,공립,경기도부천교육지원청,경기도교육청,경기도 부천시 소사구,False
S090001885,부천남중학교,중학교,공립,경기도부천교육지원청,경기도교육청,경기도 부천시 소사구,False
S090001886,부천동여자중학교,중학교,공립,경기도부천교육지원청,경기도교육청,경기도 부천시 소사구,False
S090001887,부천동중학교,중학교,공립,경기도부천교육지원청,경기도교육청,경기도 부천시 소사구,False
S090001888,부천부곡중학교,중학교,공립,경기도부천교육지원청,경기도교육청,경기도 부천시 원미구,False
S090001889,부천부흥중학교,중학교,공립,경기도부천교육지원청,경기도교육청,경기도 부천시 원미구,False
S090001892,부천여월중학교,중학교,공립,경기도부천교육지원청,경기도교육청,경기도 부천시 오정구,False
S090001893,부천여자중학교,중학교,공립,경기도부천교육지원청,경기도교육청,경기도 부천시 소사구,False
S090001894,부천중학교,중학교,공립,경기도부천교육지원청,경기도교육청,경기도 부천시 원미구,False
S090001896,상도중학교,중학교,공립,경기도부천교육지원청,경기도교육청,경기도 부천시 원미구,False
S090001897,상동중학교,중학교,공립,경기도부천교육지원청,경기도교육청,경기도 부천시 원미구,False
S090001898,상일중학교,중학교,공립,경기도부천교육지원청,경기도교육청,경기도 부천시 원미구,False
S090001899,석천중학교,중학교,공립,경기도부천교육지원청,경기도교육청,경기도 부천시 원미구,False
S090001900,성곡중학교,중학교,공립,경기도부천교육지원청,경기도교육청,경기도 부천시 오정구,False
S090001901,성주중학교,중학교,공립,경기도부천교육지원청,경기도교육청,경기도 부천시 소사구,False
S090001902,소명여자중학교,중학교,사립,경기도부천교육지원청,경기도교육청,경기도 부천시 원미구,False
S090001903,소사중학교,중학교,공립,경기도부천교육지원청,경기도교육청,경기도 부천시 소사구,False
S090001905,심원중학교,중학교,공립,경기도부천교육지원청,경기도교육청,경기도 부천시 원미구,False
S090001906,역곡중학교,중학교,공립,경기도부천교육지원청,경기도교육청,경기도 부천시 원미구,False
S090001911,중원중학교,중학교,공립,경기도부천교육지원청,경기도교육청,경기도 부천시 원미구,False
S090001912,중흥중학교,중학교,공립,경기도부천교육지원청,경기도교육청,경기도 부천시 원미구,False
S090002174,금광중학교,중학교,공립,경기도성남교육지원청,경기도교육청,경기도 성남시 중원구,False
S090002176,내정중학교,중학교,공립,경기도성남교육지원청,경기도교육청,경기도 성남시 분당구,False
S090002177,대원중학교,중학교,공립,경기도성남교육지원청,경기도교육청,경기도 성남시 중원구,False
S090002178,매송중학교,중학교,공립,경기도성남교육지원청,경기도교육청,경기도 성남시 분당구,False
S090002180,백현중학교,중학교,공립,경기도성남교육지원청,경기도교육청,경기도 성남시 분당구,False
S090002181,분당중학교,중학교,공립,경기도성남교육지원청,경기도교육청,경기도 성남시 분당구,False
S090002182,불곡중학교,중학교,공립,경기도성남교육지원청,경기도교육청,경기도 성남시 분당구,False
S090002183,상원여자중학교,중학교,공립,경기도성남교육지원청,경기도교육청,경기도 성남시 수정구,False
S090002184,서현중학교,중학교,공립,경기도성남교육지원청,경기도교육청,경기도 성남시 분당구,False
S090002185,성남동중학교,중학교,공립,경기도성남교육지원청,경기도교육청,경기도 성남시 중원구,False
S090002186,성남문원중학교,중학교,공립,경기도성남교육지원청,경기도교육청,경기도 성남시 수정구,False
S090002187,성남서중학교,중학교,공립,경기도성남교육지원청,경기도교육청,경기도 성남시 수정구,False
S090002188,성남여자중학교,중학교,공립,경기도성남교육지원청,경기도교육청,경기도 성남시 수정구,False
S090002189,성남중학교,중학교,공립,경기도성남교육지원청,경기도교육청,경기도 성남시 중원구,False
S090002190,동광중학교,중학교,사립,경기도성남교육지원청,경기도교육청,경기도 성남시 중원구,False
S090002191,성일중학교,중학교,사립,경기도성남교육지원청,경기도교육청,경기도 성남시 중원구,False
S090002192,송림중학교,중학교,사립,경기도성남교육지원청,경기도교육청,경기도 성남시 분당구,False
S090002193,수내중학교,중학교,공립,경기도성남교육지원청,경기도교육청,경기도 성남시 분당구,False
S090002194,숭신중학교,중학교,사립,경기도성남교육지원청,경기도교육청,경기도 성남시 중원구,False
S090002195,야탑중학교,중학교,공립,경기도성남교육지원청,경기도교육청,경기도 성남시 분당구,False
S090002196,양영중학교,중학교,공립,경기도성남교육지원청,경기도교육청,경기도 성남시 분당구,False
S090002198,영성중학교,중학교,공립,경기도성남교육지원청,경기도교육청,경기도 성남시 중원구,False
S090002199,은행중학교,중학교,공립,경기도성남교육지원청,경기도교육청,경기도 성남시 중원구,False
S090002200,이매중학교,중학교,공립,경기도성남교육지원청,경기도교육청,경기도 성남시 분당구,False
S090002201,장안중학교,중학교,공립,경기도성남교육지원청,경기도교육청,경기도 성남시 분당구,False
S090002202,정자중학교,중학교,공립,경기도성남교육지원청,경기도교육청,경기도 성남시 분당구,False
S090002206,태평중학교,중학교,공립,경기도성남교육지원청,경기도교육청,경기도 성남시 수정구,False
S090002207,풍생중학교,중학교,사립,경기도성남교육지원청,경기도교육청,경기도 성남시 수정구,False
S090002208,하탑중학교,중학교,공립,경기도성남교육지원청,경기도교육청,경기도 성남시 분당구,False
S090002406,고색중학교,중학교,공립,경기도수원교육지원청,경기도교육청,경기도 수원시 권선구,False
S090002407,곡선중학교,중학교,공립,경기도수원교육지원청,경기도교육청,경기도 수원시 권선구,False
S090002408,구운중학교,중학교,공립,경기도수원교육지원청,경기도교육청,경기도 수원시 권선구,False
S090002409,권선중학교,중학교,공립,경기도수원교육지원청,경기도교육청,경기도 수원시 권선구,False
S090002410,남수원중학교,중학교,공립,경기도수원교육지원청,경기도교육청,경기도 수원시 권선구,False
S090002411,대평중학교,중학교,공립,경기도수원교육지원청,경기도교육청,경기도 수원시 장안구,False
S090002412,동성중학교,중학교,공립,경기도수원교육지원청,경기도교육청,경기도 수원시 팔달구,False
S090002413,동수원중학교,중학교,공립,경기도수원교육지원청,경기도교육청,경기도 수원시 영통구,False
S090002414,매원중학교,중학교,공립,경기도수원교육지원청,경기도교육청,경기도 수원시 영통구,False
S090002415,매향중학교,중학교,사립,경기도수원교육지원청,경기도교육청,경기도 수원시 팔달구,False
S090002416,매현중학교,중학교,공립,경기도수원교육지원청,경기도교육청,경기도 수원시 영통구,False
S090002417,명인중학교,중학교,공립,경기도수원교육지원청,경기도교육청,경기도 수원시 장안구,False
S090002418,송원중학교,중학교,공립,경기도수원교육지원청,경기도교육청,경기도 수원시 장안구,False
S090002419,산남중학교,중학교,공립,경기도수원교육지원청,경기도교육청,경기도 수원시 영통구,False
S090002420,삼일중학교,중학교,사립,경기도수원교육지원청,경기도교육청,경기도 수원시 팔달구,False
S090002421,창용중학교,중학교,공립,경기도수원교육지원청,경기도교육청,경기도 수원시 장안구,False
S090002422,수성중학교,중학교,공립,경기도수원교육지원청,경기도교육청,경기도 수원시 장안구,False
S090002423,수원북중학교,중학교,공립,경기도수원교육지원청,경기도교육청,경기도 수원시 장안구,False
S090002424,수원제일중학교,중학교,공립,경기도수원교육지원청,경기도교육청,경기도 수원시 팔달구,False
S090002425,수원중학교,중학교,사립,경기도수원교육지원청,경기도교육청,경기도 수원시 팔달구,False
S090002426,수일여자중학교,중학교,공립,경기도수원교육지원청,경기도교육청,경기도 수원시 장안구,False
S090002427,수일중학교,중학교,공립,경기도수원교육지원청,경기도교육청,경기도 수원시 장안구,False
S090002428,숙지중학교,중학교,공립,경기도수원교육지원청,경기도교육청,경기도 수원시 팔달구,False
S090002429,연무중학교,중학교,공립,경기도수원교육지원청,경기도교육청,경기도 수원시 영통구,False
S090002430,영덕중학교,중학교,공립,경기도수원교육지원청,경기도교육청,경기도 수원시 영통구,False
S090002431,영복여자중학교,중학교,사립,경기도수원교육지원청,경기도교육청,경기도 수원시 팔달구,False
S090002432,영신중학교,중학교,사립,경기도수원교육지원청,경기도교육청,경기도 수원시 권선구,False
S090002433,영일중학교,중학교,공립,경기도수원교육지원청,경기도교육청,경기도 수원시 영통구,False
S090002434,영통중학교,중학교,공립,경기도수원교육지원청,경기도교육청,경기도 수원시 영통구,False
S090002435,원천중학교,중학교,공립,경기도수원교육지원청,경기도교육청,경기도 수원시 영통구,False
S090002436,율전중학교,중학교,공립,경기도수원교육지원청,경기도교육청,경기도 수원시 장안구,False
S090002437,율현중학교,중학교,공립,경기도수원교육지원청,경기도교육청,경기도 수원시 팔달구,False
S090002438,이목중학교,중학교,공립,경기도수원교육지원청,경기도교육청,경기도 수원시 장안구,False
S090002439,천천중학교,중학교,공립,경기도수원교육지원청,경기도교육청,경기도 수원시 장안구,False
S090002440,청명중학교,중학교,공립,경기도수원교육지원청,경기도교육청,경기도 수원시 영통구,False
S090002441,태장중학교,중학교,공립,경기도수원교육지원청,경기도교육청,경기도 수원시 영통구,False
S090002442,호매실중학교,중학교,공립,경기도수원교육지원청,경기도교육청,경기도 수원시 권선구,False
S090002443,화홍중학교,중학교,공립,경기도수원교육지원청,경기도교육청,경기도 수원시 권선구,False
S090002683,경수중학교,중학교,공립,경기도안산교육지원청,경기도교육청,경기도 안산시 상록구,False
S090002684,관산중학교,중학교,공립,경기도안산교육지원청,경기도교육청,경기도 안산시 단원구,False
S090002685,군자중학교,중학교,공립,경기도시흥교육지원청,경기도교육청,경기도 시흥시,False
S090002686,대부중학교,중학교,공립,경기도안산교육지원청,경기도교육청,경기도 안산시 단원구,False
S090002687,대흥중학교,중학교,공립,경기도시흥교육지원청,경기도교육청,경기도 시흥시,False
S090002688,반월중학교,중학교,공립,경기도안산교육지원청,경기도교육청,경기도 안산시 상록구,False
S090002689,별망중학교,중학교,공립,경기도안산교육지원청,경기도교육청,경기도 안산시 단원구,False
S090002690,본오중학교,중학교,공립,경기도안산교육지원청,경기도교육청,경기도 안산시 상록구,False
S090002691,상록중학교,중학교,공립,경기도안산교육지원청,경기도교육청,경기도 안산시 상록구,False
S090002692,서해중학교,중학교,공립,경기도시흥교육지원청,경기도교육청,경기도 시흥시,False
S090002693,선부중학교,중학교,공립,경기도안산교육지원청,경기도교육청,경기도 안산시 단원구,False
S090002694,성안중학교,중학교,공립,경기도안산교육지원청,경기도교육청,경기도 안산시 상록구,False
S090002695,한국글로벌중학교,중학교,사립,경기도시흥교육지원청,경기도교육청,경기도 시흥시,False
S090002696,성포중학교,중학교,공립,경기도안산교육지원청,경기도교육청,경기도 안산시 상록구,False
S090002697,소래중학교,중학교,공립,경기도시흥교육지원청,경기도교육청,경기도 시흥시,False
S090002698,송운중학교,중학교,공립,경기도시흥교육지원청,경기도교육청,경기도 시흥시,False
S090002699,송호중학교,중학교,공립,경기도안산교육지원청,경기도교육청,경기도 안산시 단원구,False
S090002700,시곡중학교,중학교,공립,경기도안산교육지원청,경기도교육청,경기도 안산시 상록구,False
S090002701,시흥은행중학교,중학교,공립,경기도시흥교육지원청,경기도교육청,경기도 시흥시,False
S090002702,시흥중학교,중학교,공립,경기도시흥교육지원청,경기도교육청,경기도 시흥시,False
S090002703,신천중학교,중학교,공립,경기도시흥교육지원청,경기도교육청,경기도 시흥시,False
S090002704,안산부곡중학교,중학교,공립,경기도안산교육지원청,경기도교육청,경기도 안산시 상록구,False
S090002705,안산중학교,중학교,사립,경기도안산교육지원청,경기도교육청,경기도 안산시 상록구,False
S090002706,양지중학교,중학교,공립,경기도안산교육지원청,경기도교육청,경기도 안산시 단원구,False
S090002707,연성중학교,중학교,공립,경기도시흥교육지원청,경기도교육청,경기도 시흥시,False
S090002708,와동중학교,중학교,공립,경기도안산교육지원청,경기도교육청,경기도 안산시 단원구,False
S090002709,원곡중학교,중학교,공립,경기도안산교육지원청,경기도교육청,경기도 안산시 단원구,False
S090002710,원일중학교,중학교,공립,경기도안산교육지원청,경기도교육청,경기도 안산시 단원구,False
S090002711,장곡중학교,중학교,공립,경기도시흥교육지원청,경기도교육청,경기도 시흥시,False
S090002712,정왕중학교,중학교,공립,경기도시흥교육지원청,경기도교육청,경기도 시흥시,False
S090002713,중앙중학교,중학교,공립,경기도안산교육지원청,경기도교육청,경기도 안산시 단원구,False
S090002714,함현중학교,중학교,공립,경기도시흥교육지원청,경기도교육청,경기도 시흥시,False
S090002917,공도중학교,중학교,공립,경기도안성교육지원청,경기도교육청,경기도 안성시,False
S090002918,명륜여자중학교,중학교,사립,경기도안성교육지원청,경기도교육청,경기도 안성시,False
S090002919,서운중학교,중학교,공립,경기도안성교육지원청,경기도교육청,경기도 안성시,False
S090002920,안성여자중학교,중학교,공립,경기도안성교육지원청,경기도교육청,경기도 안성시,False
S090002921,안성중학교,중학교,공립,경기도안성교육지원청,경기도교육청,경기도 안성시,False
S090002922,안청중학교,중학교,사립,경기도안성교육지원청,경기도교육청,경기도 안성시,False
S090002923,양성중학교,중학교,공립,경기도안성교육지원청,경기도교육청,경기도 안성시,False
S090002924,일죽중학교,중학교,공립,경기도안성교육지원청,경기도교육청,경기도 안성시,False
S090002925,죽산중학교,중학교,공립,경기도안성교육지원청,경기도교육청,경기도 안성시,False
S090003014,과천문원중학교,중학교,공립,경기도안양과천교육지원청,경기도교육청,경기도 과천시,False
S090003016,과천중학교,중학교,공립,경기도안양과천교육지원청,경기도교육청,경기도 과천시,False
S090003017,인덕원중학교,중학교,공립,경기도안양과천교육지원청,경기도교육청,경기도 안양시 동안구,False
S090003018,관양중학교,중학교,공립,경기도안양과천교육지원청,경기도교육청,경기도 안양시 동안구,False
S090003019,귀인중학교,중학교,공립,경기도안양과천교육지원청,경기도교육청,경기도 안양시 동안구,False
S090003020,근명중학교,중학교,사립,경기도안양과천교육지원청,경기도교육청,경기도 안양시 만안구,False
S090003021,대안여자중학교,중학교,공립,경기도안양과천교육지원청,경기도교육청,경기도 안양시 동안구,False
S090003022,대안중학교,중학교,공립,경기도안양과천교육지원청,경기도교육청,경기도 안양시 동안구,False
S090003024,범계중학교,중학교,공립,경기도안양과천교육지원청,경기도교육청,경기도 안양시 동안구,False
S090003025,부림중학교,중학교,공립,경기도안양과천교육지원청,경기도교육청,경기도 안양시 동안구,False
S090003026,부안중학교,중학교,공립,경기도안양과천교육지원청,경기도교육청,경기도 안양시 동안구,False
S090003029,성문중학교,중학교,사립,경기도안양과천교육지원청,경기도교육청,경기도 안양시 만안구,False
S090003030,신기중학교,중학교,공립,경기도안양과천교육지원청,경기도교육청,경기도 안양시 동안구,False
S090003031,신성중학교,중학교,사립,경기도안양과천교육지원청,경기도교육청,경기도 안양시 만안구,False
S090003032,신안중학교,중학교,공립,경기도안양과천교육지원청,경기도교육청,경기도 안양시 만안구,False
S090003033,안양부흥중학교,중학교,공립,경기도안양과천교육지원청,경기도교육청,경기도 안양시 동안구,False
S090003035,안양서중학교,중학교,공립,경기도안양과천교육지원청,경기도교육청,경기도 안양시 만안구,False
S090003036,안양여자중학교,중학교,사립,경기도안양과천교육지원청,경기도교육청,경기도 안양시 만안구,False
S090003037,안양중학교,중학교,공립,경기도안양과천교육지원청,경기도교육청,경기도 안양시 만안구,False
S090003038,연현중학교,중학교,공립,경기도안양과천교육지원청,경기도교육청,경기도 안양시 만안구,False
S090003039,평촌중학교,중학교,공립,경기도안양과천교육지원청,경기도교육청,경기도 안양시 동안구,False
S090003041,호계중학교,중학교,공립,경기도안양과천교육지원청,경기도교육청,경기도 안양시 동안구,False
S090003199,강하중학교,중학교,공립,경기도양평교육지원청,경기도교육청,경기도 양평군,False
S090003200,개군중학교,중학교,사립,경기도양평교육지원청,경기도교육청,경기도 양평군,False
S090003201,국수중학교,중학교,공립,경기도양평교육지원청,경기도교육청,경기도 양평군,False
S090003202,양수중학교,중학교,공립,경기도양평교육지원청,경기도교육청,경기도 양평군,False
S090003203,단월중학교,중학교,사립,경기도양평교육지원청,경기도교육청,경기도 양평군,False
S090003204,서종중학교,중학교,사립,경기도양평교육지원청,경기도교육청,경기도 양평군,False
S090003205,양동중학교,중학교,사립,경기도양평교육지원청,경기도교육청,경기도 양평군,False
S090003206,양일중학교,중학교,사립,경기도양평교육지원청,경기도교육청,경기도 양평군,False
S090003208,양평중학교,중학교,공립,경기도양평교육지원청,경기도교육청,경기도 양평군,False
S090003210,용문중학교,중학교,사립,경기도양평교육지원청,경기도교육청,경기도 양평군,False
S090003211,지평중학교,중학교,공립,경기도양평교육지원청,경기도교육청,경기도 양평군,False
S090003212,청운중학교,중학교,공립,경기도양평교육지원청,경기도교육청,경기도 양평군,False
S090003314,강천중학교,중학교,공립,경기도여주교육지원청,경기도교육청,경기도 여주시,False
S090003315,대신중학교,중학교,사립,경기도여주교육지원청,경기도교육청,경기도 여주시,False
S090003316,상품중학교,중학교,공립,경기도여주교육지원청,경기도교육청,경기도 여주시,False
S090003317,세정중학교,중학교,사립,경기도여주교육지원청,경기도교육청,경기도 여주시,False
S090003318,여강중학교,중학교,사립,경기도여주교육지원청,경기도교육청,경기도 여주시,False
S090003319,여주제일중학교,중학교,사립,경기도여주교육지원청,경기도교육청,경기도 여주시,False
S090003320,여흥중학교,중학교,공립,경기도여주교육지원청,경기도교육청,경기도 여주시,False
S090003321,여주중학교,중학교,공립,경기도여주교육지원청,경기도교육청,경기도 여주시,False
S090003322,이포중학교,중학교,공립,경기도여주교육지원청,경기도교육청,경기도 여주시,False
S090003323,점동중학교,중학교,공립,경기도여주교육지원청,경기도교육청,경기도 여주시,False
S090003324,창명여자중학교,중학교,사립,경기도여주교육지원청,경기도교육청,경기도 여주시,False
S090003325,흥천중학교,중학교,공립,경기도여주교육지원청,경기도교육청,경기도 여주시,False
S090003406,군남중학교,중학교,공립,경기도연천교육지원청,경기도교육청,경기도 연천군,False
S090003407,대광중학교,중학교,공립,경기도연천교육지원청,경기도교육청,경기도 연천군,False
S090003408,백학중학교,중학교,공립,경기도연천교육지원청,경기도교육청,경기도 연천군,False
S090003409,연천중학교,중학교,공립,경기도연천교육지원청,경기도교육청,경기도 연천군,False
S090003410,전곡중학교,중학교,공립,경기도연천교육지원청,경기도교육청,경기도 연천군,False
S090003411,청산중학교,중학교,공립,경기도연천교육지원청,경기도교육청,경기도 연천군,False
S090003467,구갈중학교,중학교,공립,경기도용인교육지원청,경기도교육청,경기도 용인시 기흥구,False
S090003468,구성중학교,중학교,공립,경기도용인교육지원청,경기도교육청,경기도 용인시 기흥구,False
S090003470,나곡중학교,중학교,공립,경기도용인교육지원청,경기도교육청,경기도 용인시 기흥구,False
S090003471,남사중학교,중학교,사립,경기도용인교육지원청,경기도교육청,경기도 용인시 처인구,False
S090003472,대지중학교,중학교,공립,경기도용인교육지원청,경기도교육청,경기도 용인시 수지구,False
S090003473,모현중학교,중학교,공립,경기도용인교육지원청,경기도교육청,경기도 용인시 처인구,False
S090003474,문정중학교,중학교,사립,경기도용인교육지원청,경기도교육청,경기도 용인시 수지구,False
S090003475,백암중학교,중학교,공립,경기도용인교육지원청,경기도교육청,경기도 용인시 처인구,False
S090003476,상갈중학교,중학교,공립,경기도용인교육지원청,경기도교육청,경기도 용인시 기흥구,False
S090003477,상현중학교,중학교,공립,경기도용인교육지원청,경기도교육청,경기도 용인시 수지구,False
S090003478,서원중학교,중학교,공립,경기도용인교육지원청,경기도교육청,경기도 용인시 수지구,False
S090003479,성복중학교,중학교,공립,경기도용인교육지원청,경기도교육청,경기도 용인시 수지구,False
S090003480,소현중학교,중학교,공립,경기도용인교육지원청,경기도교육청,경기도 용인시 기흥구,False
S090003481,송전중학교,중학교,공립,경기도용인교육지원청,경기도교육청,경기도 용인시 처인구,False
S090003482,수지중학교,중학교,공립,경기도용인교육지원청,경기도교육청,경기도 용인시 수지구,False
S090003483,신갈중학교,중학교,공립,경기도용인교육지원청,경기도교육청,경기도 용인시 기흥구,False
S090003484,영문중학교,중학교,공립,경기도용인교육지원청,경기도교육청,경기도 용인시 처인구,False
S090003485,용동중학교,중학교,사립,경기도용인교육지원청,경기도교육청,경기도 용인시 처인구,False
S090003487,용인중학교,중학교,공립,경기도용인교육지원청,경기도교육청,경기도 용인시 처인구,False
S090003488,원삼중학교,중학교,공립,경기도용인교육지원청,경기도교육청,경기도 용인시 처인구,False
S090003489,이현중학교,중학교,공립,경기도용인교육지원청,경기도교육청,경기도 용인시 수지구,False
S090003490,정평중학교,중학교,공립,경기도용인교육지원청,경기도교육청,경기도 용인시 수지구,False
S090003491,죽전중학교,중학교,공립,경기도용인교육지원청,경기도교육청,경기도 용인시 수지구,False
S090003492,태성중학교,중학교,사립,경기도용인교육지원청,경기도교육청,경기도 용인시 처인구,False
S090003493,포곡중학교,중학교,공립,경기도용인교육지원청,경기도교육청,경기도 용인시 처인구,False
S090003494,홍천중학교,중학교,공립,경기도용인교육지원청,경기도교육청,경기도 용인시 수지구,False
S090003639,경민여자중학교,중학교,사립,경기도의정부교육지원청,경기도교육청,경기도 의정부시,False
S090003640,경민중학교,중학교,사립,경기도의정부교육지원청,경기도교육청,경기도 의정부시,False
S090003641,금오중학교,중학교,공립,경기도의정부교육지원청,경기도교육청,경기도 의정부시,False
S090003642,민락중학교,중학교,공립,경기도의정부교육지원청,경기도교육청,경기도 의정부시,False
S090003643,발곡중학교,중학교,공립,경기도의정부교육지원청,경기도교육청,경기도 의정부시,False
S090003645,부용중학교,중학교,공립,경기도의정부교육지원청,경기도교육청,경기도 의정부시,False
S090003646,신곡중학교,중학교,공립,경기도의정부교육지원청,경기도교육청,경기도 의정부시,False
S090003648,다온중학교,중학교,공립,경기도의정부교육지원청,경기도교육청,경기도 의정부시,False
S090003649,의정부여자중학교,중학교,공립,경기도의정부교육지원청,경기도교육청,경기도 의정부시,False
S090003650,의정부중학교,중학교,공립,경기도의정부교육지원청,경기도교육청,경기도 의정부시,False
S090003651,천보중학교,중학교,공립,경기도의정부교육지원청,경기도교육청,경기도 의정부시,False
S090003652,충의중학교,중학교,공립,경기도의정부교육지원청,경기도교육청,경기도 의정부시,False
S090003653,호원중학교,중학교,공립,경기도의정부교육지원청,경기도교육청,경기도 의정부시,False
S090003654,회룡중학교,중학교,공립,경기도의정부교육지원청,경기도교육청,경기도 의정부시,False
S090003655,효자중학교,중학교,공립,경기도의정부교육지원청,경기도교육청,경기도 의정부시,False
S090003740,이천경남중학교,중학교,공립,경기도이천교육지원청,경기도교육청,경기도 이천시,False
S090003741,대월중학교,중학교,공립,경기도이천교육지원청,경기도교육청,경기도 이천시,False
S090003742,마장중학교,중학교,공립,경기도이천교육지원청,경기도교육청,경기도 이천시,False
S090003743,모가중학교,중학교,공립,경기도이천교육지원청,경기도교육청,경기도 이천시,False
S090003745,백사중학교,중학교,공립,경기도이천교육지원청,경기도교육청,경기도 이천시,False
S090003746,부발중학교,중학교,공립,경기도이천교육지원청,경기도교육청,경기도 이천시,False
S090003747,설봉중학교,중학교,공립,경기도이천교육지원청,경기도교육청,경기도 이천시,False
S090003749,율면중학교,중학교,공립,경기도이천교육지원청,경기도교육청,경기도 이천시,False
S090003750,이천송정중학교,중학교,공립,경기도이천교육지원청,경기도교육청,경기도 이천시,False
S090003751,이천양정여자중학교,중학교,사립,경기도이천교육지원청,경기도교육청,경기도 이천시,False
S090003752,이천중학교,중학교,공립,경기도이천교육지원청,경기도교육청,경기도 이천시,False
S090003754,장호원중학교,중학교,공립,경기도이천교육지원청,경기도교육청,경기도 이천시,False
S090003756,효양중학교,중학교,공립,경기도이천교육지원청,경기도교육청,경기도 이천시,False
S090003860,광탄중학교,중학교,사립,경기도파주교육지원청,경기도교육청,경기도 파주시,False
S090003861,교하중학교,중학교,공립,경기도파주교육지원청,경기도교육청,경기도 파주시,False
S090003862,문산동중학교,중학교,사립,경기도파주교육지원청,경기도교육청,경기도 파주시,False
S090003863,문산북중학교,중학교,공립,경기도파주교육지원청,경기도교육청,경기도 파주시,False
S090003864,문산수억중학교,중학교,사립,경기도파주교육지원청,경기도교육청,경기도 파주시,False
S090003865,문산중학교,중학교,공립,경기도파주교육지원청,경기도교육청,경기도 파주시,False
S090003866,법원여자중학교,중학교,공립,경기도파주교육지원청,경기도교육청,경기도 파주시,False
S090003867,봉일천중학교,중학교,공립,경기도파주교육지원청,경기도교육청,경기도 파주시,False
S090003868,삼광중학교,중학교,사립,경기도파주교육지원청,경기도교육청,경기도 파주시,False
S090003869,어유중학교,중학교,공립,경기도파주교육지원청,경기도교육청,경기도 파주시,False
S090003870,율곡중학교,중학교,사립,경기도파주교육지원청,경기도교육청,경기도 파주시,False
S090003871,지산중학교,중학교,공립,경기도파주교육지원청,경기도교육청,경기도 파주시,False
S090003872,정목중학교,중학교,사립,경기도파주교육지원청,경기도교육청,경기도 파주시,False
S090003873,파주중학교,중학교,사립,경기도파주교육지원청,경기도교육청,경기도 파주시,False
S090003874,파평중학교,중학교,공립,경기도파주교육지원청,경기도교육청,경기도 파주시,False
S090003875,탄현중학교,중학교,공립,경기도파주교육지원청,경기도교육청,경기도 파주시,False
S090003988,세교중학교,중학교,공립,경기도평택교육지원청,경기도교육청,경기도 평택시,False
S090003989,라온중학교,중학교,사립,경기도평택교육지원청,경기도교육청,경기도 평택시,False
S090003990,송탄중학교,중학교,공립,경기도평택교육지원청,경기도교육청,경기도 평택시,False
S090003992,신한중학교,중학교,사립,경기도평택교육지원청,경기도교육청,경기도 평택시,False
S090003993,안일중학교,중학교,공립,경기도평택교육지원청,경기도교육청,경기도 평택시,False
S090003994,안중중학교,중학교,사립,경기도평택교육지원청,경기도교육청,경기도 평택시,False
S090003995,오성중학교,중학교,사립,경기도평택교육지원청,경기도교육청,경기도 평택시,False
S090003996,은혜중학교,중학교,사립,경기도평택교육지원청,경기도교육청,경기도 평택시,False
S090003997,진위중학교,중학교,사립,경기도평택교육지원청,경기도교육청,경기도 평택시,False
S090003998,청담중학교,중학교,사립,경기도평택교육지원청,경기도교육청,경기도 평택시,False
S090003999,청북중학교,중학교,공립,경기도평택교육지원청,경기도교육청,경기도 평택시,False
S090004000,태광중학교,중학교,사립,경기도평택교육지원청,경기도교육청,경기도 평택시,False
S090004002,평택여자중학교,중학교,공립,경기도평택교육지원청,경기도교육청,경기도 평택시,False
S090004003,평택중학교,중학교,공립,경기도평택교육지원청,경기도교육청,경기도 평택시,False
S090004004,포승중학교,중학교,공립,경기도평택교육지원청,경기도교육청,경기도 평택시,False
S090004005,한광여자중학교,중학교,사립,경기도평택교육지원청,경기도교육청,경기도 평택시,False
S090004006,한광중학교,중학교,사립,경기도평택교육지원청,경기도교육청,경기도 평택시,False
S090004007,현화중학교,중학교,공립,경기도평택교육지원청,경기도교육청,경기도 평택시,False
S090004008,효명중학교,중학교,사립,경기도평택교육지원청,경기도교육청,경기도 평택시,False
S090004164,갈월중학교,중학교,공립,경기도포천교육지원청,경기도교육청,경기도 포천시,False
S090004165,경북중학교,중학교,공립,경기도포천교육지원청,경기도교육청,경기도 포천시,False
S090004166,관인중학교,중학교,공립,경기도포천교육지원청,경기도교육청,경기도 포천시,False
S090004167,내촌중학교,중학교,공립,경기도포천교육지원청,경기도교육청,경기도 포천시,False
S090004168,동남중학교,중학교,사립,경기도포천교육지원청,경기도교육청,경기도 포천시,False
S090004169,삼성중학교,중학교,공립,경기도포천교육지원청,경기도교육청,경기도 포천시,False
S090004170,영북중학교,중학교,공립,경기도포천교육지원청,경기도교육청,경기도 포천시,False
S090004171,영중중학교,중학교,공립,경기도포천교육지원청,경기도교육청,경기도 포천시,False
S090004172,이동중학교,중학교,공립,경기도포천교육지원청,경기도교육청,경기도 포천시,False
S090004173,일동중학교,중학교,공립,경기도포천교육지원청,경기도교육청,경기도 포천시,False
S090004174,포천여자중학교,중학교,공립,경기도포천교육지원청,경기도교육청,경기도 포천시,False
S090004175,포천중학교,중학교,공립,경기도포천교육지원청,경기도교육청,경기도 포천시,False
S090004259,남양중학교,중학교,공립,경기도화성오산교육지원청,경기도교육청,경기도 화성시 만세구,False
S090004260,동학중학교,중학교,공립,경기도화성오산교육지원청,경기도교육청,경기도 화성시 병점구,False
S090004261,동탄중학교,중학교,공립,경기도화성오산교육지원청,경기도교육청,경기도 화성시 동탄구,False
S090004263,발안중학교,중학교,공립,경기도화성오산교육지원청,경기도교육청,경기도 화성시 만세구,False
S090004265,봉담중학교,중학교,공립,경기도화성오산교육지원청,경기도교육청,경기도 화성시 효행구,False
S090004266,비봉중학교,중학교,사립,경기도화성오산교육지원청,경기도교육청,경기도 화성시 효행구,False
S090004267,삼괴중학교,중학교,사립,경기도화성오산교육지원청,경기도교육청,경기도 화성시 만세구,False
S090004268,서신중학교,중학교,사립,경기도화성오산교육지원청,경기도교육청,경기도 화성시 만세구,False
S090004269,성호중학교,중학교,공립,경기도화성오산교육지원청,경기도교육청,경기도 오산시,False
S090004270,송산중학교,중학교,사립,경기도화성오산교육지원청,경기도교육청,경기도 화성시 만세구,False
S090004271,안용중학교,중학교,사립,경기도화성오산교육지원청,경기도교육청,경기도 화성시 병점구,False
S090004272,양감중학교,중학교,공립,경기도화성오산교육지원청,경기도교육청,경기도 화성시 만세구,False
S090004273,매홀중학교,중학교,공립,경기도화성오산교육지원청,경기도교육청,경기도 오산시,False
S090004274,오산중학교,중학교,사립,경기도화성오산교육지원청,경기도교육청,경기도 오산시,False
S090004275,운암중학교,중학교,공립,경기도화성오산교육지원청,경기도교육청,경기도 오산시,False
S090004276,운천중학교,중학교,공립,경기도화성오산교육지원청,경기도교육청,경기도 오산시,False
S090004277,장안여자중학교,중학교,사립,경기도화성오산교육지원청,경기도교육청,경기도 화성시 만세구,False
S090004278,정남중학교,중학교,공립,경기도화성오산교육지원청,경기도교육청,경기도 화성시 효행구,False
S090004279,진안중학교,중학교,공립,경기도화성오산교육지원청,경기도교육청,경기도 화성시 병점구,False
S090004280,화도중학교,중학교,사립,경기도화성오산교육지원청,경기도교육청,경기도 화성시 만세구,False
S090004281,화성중학교,중학교,사립,경기도화성오산교육지원청,경기도교육청,경기도 화성시 만세구,False
S090004699,광문중학교,중학교,공립,경기도광명교육지원청,경기도교육청,경기도 광명시,False
S090004860,곡반중학교,중학교,공립,경기도수원교육지원청,경기도교육청,경기도 수원시 권선구,False
S090004861,망포중학교,중학교,공립,경기도수원교육지원청,경기도교육청,경기도 수원시 영통구,False
S090004862,정천중학교,중학교,공립,경기도수원교육지원청,경기도교육청,경기도 수원시 팔달구,False
S090004863,칠보중학교,중학교,공립,경기도수원교육지원청,경기도교육청,경기도 수원시 권선구,False
S090004864,분당구미중학교,중학교,공립,경기도성남교육지원청,경기도교육청,경기도 성남시 분당구,False
S090004865,호성중학교,중학교,공립,경기도안양과천교육지원청,경기도교육청,경기도 안양시 동안구,False
S090004866,부천일신중학교,중학교,공립,경기도부천교육지원청,경기도교육청,경기도 부천시 소사구,False
S090004867,선일중학교,중학교,공립,경기도안산교육지원청,경기도교육청,경기도 안산시 단원구,False
S090004869,진접중학교,중학교,공립,경기도구리남양주교육지원청,경기도교육청,경기도 남양주시,False
S090004870,대송중학교,중학교,공립,경기도고양교육지원청,경기도교육청,경기도 고양시 일산서구,False
S090004871,현산중학교,중학교,공립,경기도고양교육지원청,경기도교육청,경기도 고양시 일산서구,False
S090004894,헌산중학교,중학교,사립,경기도용인교육지원청,경기도교육청,경기도 용인시 처인구,False
S090004948,생연중학교,중학교,공립,경기도동두천양주교육지원청,경기도교육청,경기도 동두천시,False
S090004970,현암중학교,중학교,공립,경기도용인교육지원청,경기도교육청,경기도 용인시 수지구,False
S090004971,용인신릉중학교,중학교,공립,경기도용인교육지원청,경기도교육청,경기도 용인시 기흥구,False
S090004972,용인신촌중학교,중학교,공립,경기도용인교육지원청,경기도교육청,경기도 용인시 기흥구,False
S090004973,용인대덕중학교,중학교,공립,경기도용인교육지원청,경기도교육청,경기도 용인시 수지구,False
S090004974,손곡중학교,중학교,공립,경기도용인교육지원청,경기도교육청,경기도 용인시 수지구,False
S090004975,성지중학교,중학교,공립,경기도용인교육지원청,경기도교육청,경기도 용인시 기흥구,False
S090004976,언동중학교,중학교,공립,경기도용인교육지원청,경기도교육청,경기도 용인시 기흥구,False
S090004977,용신중학교,중학교,공립,경기도용인교육지원청,경기도교육청,경기도 용인시 처인구,False
S090004979,초지중학교,중학교,공립,경기도안산교육지원청,경기도교육청,경기도 안산시 단원구,False
S090004982,금릉중학교,중학교,공립,경기도파주교육지원청,경기도교육청,경기도 파주시,False
S090004984,이우중학교,중학교,사립,경기도성남교육지원청,경기도교육청,경기도 성남시 분당구,False
S090004999,대경중학교,중학교,공립,경기도포천교육지원청,경기도교육청,경기도 포천시,False
S090005002,당동중학교,중학교,공립,경기도군포의왕교육지원청,경기도교육청,경기도 군포시,False
S090005020,안화중학교,중학교,공립,경기도화성오산교육지원청,경기도교육청,경기도 화성시 병점구,False
S090005021,대호중학교,중학교,공립,경기도화성오산교육지원청,경기도교육청,경기도 오산시,False
S090005022,두레자연중학교,중학교,사립,경기도화성오산교육지원청,경기도교육청,경기도 화성시 만세구,False
S090005033,송라중학교,중학교,공립,경기도구리남양주교육지원청,경기도교육청,경기도 남양주시,False
S090005034,장내중학교,중학교,공립,경기도구리남양주교육지원청,경기도교육청,경기도 남양주시,False
S090005035,목암중학교,중학교,공립,경기도고양교육지원청,경기도교육청,경기도 고양시 덕양구,False
S090005046,비산중학교,중학교,공립,경기도안양과천교육지원청,경기도교육청,경기도 안양시 동안구,False
S090005111,증포중학교,중학교,공립,경기도이천교육지원청,경기도교육청,경기도 이천시,False
S090005132,동암중학교,중학교,공립,경기도의정부교육지원청,경기도교육청,경기도 의정부시,False
S090005133,덕현중학교,중학교,공립,경기도동두천양주교육지원청,경기도교육청,경기도 양주시,False
S090005136,늘푸른중학교,중학교,공립,경기도성남교육지원청,경기도교육청,경기도 성남시 분당구,False
S090005153,영동중학교,중학교,공립,경기도수원교육지원청,경기도교육청,경기도 수원시 영통구,False
S090005159,삼숭중학교,중학교,공립,경기도동두천양주교육지원청,경기도교육청,경기도 양주시,False
S090005161,장당중학교,중학교,공립,경기도평택교육지원청,경기도교육청,경기도 평택시,False
S090005162,평내중학교,중학교,공립,경기도구리남양주교육지원청,경기도교육청,경기도 남양주시,False
S090005164,병점중학교,중학교,공립,경기도화성오산교육지원청,경기도교육청,경기도 화성시 병점구,False
S090005172,조원중학교,중학교,공립,경기도수원교육지원청,경기도교육청,경기도 수원시 장안구,False
S090005173,세류중학교,중학교,공립,경기도수원교육지원청,경기도교육청,경기도 수원시 권선구,False
S090005174,비전중학교,중학교,공립,경기도평택교육지원청,경기도교육청,경기도 평택시,False
S090005175,기안중학교,중학교,공립,경기도화성오산교육지원청,경기도교육청,경기도 화성시 효행구,False
S090005266,석호중학교,중학교,공립,경기도안산교육지원청,경기도교육청,경기도 안산시 상록구,False
S090005268,광덕중학교,중학교,공립,경기도안산교육지원청,경기도교육청,경기도 안산시 상록구,False
S090005287,송우중학교,중학교,공립,경기도포천교육지원청,경기도교육청,경기도 포천시,False
S090005321,한겨레중학교,중학교,사립,경기도안성교육지원청,경기도교육청,경기도 안성시,False
S090005323,당정중학교,중학교,공립,경기도군포의왕교육지원청,경기도교육청,경기도 군포시,False
S090005329,동백중학교,중학교,공립,경기도용인교육지원청,경기도교육청,경기도 용인시 기흥구,False
S090005331,용인백현중학교,중학교,공립,경기도용인교육지원청,경기도교육청,경기도 용인시 기흥구,False
S090005335,송내중앙중학교,중학교,공립,경기도동두천양주교육지원청,경기도교육청,경기도 동두천시,False
S090005338,초당중학교,중학교,공립,경기도용인교육지원청,경기도교육청,경기도 용인시 기흥구,False
S090005342,광주광남중학교,중학교,공립,경기도광주하남교육지원청,경기도교육청,경기도 광주시,False
S090005345,도곡중학교,중학교,공립,경기도평택교육지원청,경기도교육청,경기도 평택시,False
S090005350,세종중학교,중학교,공립,경기도여주교육지원청,경기도교육청,경기도 여주시,False
S090005351,신평중학교,중학교,공립,경기도광주하남교육지원청,경기도교육청,경기도 하남시,False
S090005352,양오중학교,중학교,공립,경기도구리남양주교육지원청,경기도교육청,경기도 남양주시,False
S090005353,월곶중학교,중학교,공립,경기도시흥교육지원청,경기도교육청,경기도 시흥시,False
S090005354,이충중학교,중학교,공립,경기도평택교육지원청,경기도교육청,경기도 평택시,False
S090005356,판곡중학교,중학교,공립,경기도구리남양주교육지원청,경기도교육청,경기도 남양주시,False
S090005358,풍산중학교,중학교,공립,경기도고양교육지원청,경기도교육청,경기도 고양시 일산동구,False
S090005360,서정중학교,중학교,공립,경기도고양교육지원청,경기도교육청,경기도 고양시 덕양구,False
S090005362,회천중학교,중학교,공립,경기도동두천양주교육지원청,경기도교육청,경기도 양주시,False
S090005387,시화중학교,중학교,공립,경기도시흥교육지원청,경기도교육청,경기도 시흥시,False
S090005389,감정중학교,중학교,공립,경기도김포교육지원청,경기도교육청,경기도 김포시,False
S090005390,고양송산중학교,중학교,공립,경기도고양교육지원청,경기도교육청,경기도 고양시 일산서구,False
S090005391,금촌중학교,중학교,공립,경기도파주교육지원청,경기도교육청,경기도 파주시,False
S090005392,논곡중학교,중학교,공립,경기도시흥교육지원청,경기도교육청,경기도 시흥시,False
S090005394,단원중학교,중학교,공립,경기도안산교육지원청,경기도교육청,경기도 안산시 단원구,False
S090005396,두일중학교,중학교,공립,경기도파주교육지원청,경기도교육청,경기도 파주시,False
S090005398,비룡중학교,중학교,공립,경기도안성교육지원청,경기도교육청,경기도 안성시,False
S090005400,서호중학교,중학교,공립,경기도수원교육지원청,경기도교육청,경기도 수원시 권선구,False
S090005401,석수중학교,중학교,공립,경기도안산교육지원청,경기도교육청,경기도 안산시 단원구,False
S090005405,안산성호중학교,중학교,공립,경기도안산교육지원청,경기도교육청,경기도 안산시 상록구,False
S090005407,용천중학교,중학교,공립,경기도용인교육지원청,경기도교육청,경기도 용인시 처인구,False
S090005409,임곡중학교,중학교,공립,경기도안양과천교육지원청,경기도교육청,경기도 안양시 동안구,False
S090005410,풍동중학교,중학교,공립,경기도고양교육지원청,경기도교육청,경기도 고양시 일산동구,False
S090005419,청심국제중학교,중학교,사립,경기도가평교육지원청,경기도교육청,경기도 가평군,False
S090005420,안산해양중학교,중학교,공립,경기도안산교육지원청,경기도교육청,경기도 안산시 상록구,False
S090005462,오산원일중학교,중학교,공립,경기도화성오산교육지원청,경기도교육청,경기도 오산시,False
S090005468,고림중학교,중학교,공립,경기도용인교육지원청,경기도교육청,경기도 용인시 처인구,False
S090005469,상촌중학교,중학교,공립,경기도수원교육지원청,경기도교육청,경기도 수원시 권선구,False
S090005470,기산중학교,중학교,공립,경기도화성오산교육지원청,경기도교육청,경기도 화성시 병점구,False
S090005473,석우중학교,중학교,공립,경기도화성오산교육지원청,경기도교육청,경기도 화성시 동탄구,False
S090005475,어람중학교,중학교,공립,경기도구리남양주교육지원청,경기도교육청,경기도 남양주시,False
S090005477,잠원중학교,중학교,공립,경기도수원교육지원청,경기도교육청,경기도 수원시 영통구,False
S090005479,보라중학교,중학교,공립,경기도용인교육지원청,경기도교육청,경기도 용인시 기흥구,False
S090005489,녹양중학교,중학교,공립,경기도의정부교육지원청,경기도교육청,경기도 의정부시,False
S090005490,솔뫼중학교,중학교,공립,경기도의정부교육지원청,경기도교육청,경기도 의정부시,False
S090005521,중앙기독중학교,중학교,사립,경기도수원교육지원청,경기도교육청,경기도 수원시 영통구,False
S090005587,화성동화중학교,중학교,공립,경기도화성오산교육지원청,경기도교육청,경기도 화성시 효행구,False
S090005590,반송중학교,중학교,공립,경기도화성오산교육지원청,경기도교육청,경기도 화성시 동탄구,False
S090005592,솔빛중학교,중학교,공립,경기도화성오산교육지원청,경기도교육청,경기도 화성시 동탄구,False
S090005604,수주중학교,중학교,공립,경기도부천교육지원청,경기도교육청,경기도 부천시 오정구,False
S090005605,원미중학교,중학교,공립,경기도부천교육지원청,경기도교육청,경기도 부천시 원미구,False
S090005606,까치울중학교,중학교,공립,경기도부천교육지원청,경기도교육청,경기도 부천시 오정구,False
S090005608,안곡중학교,중학교,공립,경기도고양교육지원청,경기도교육청,경기도 고양시 일산동구,False
S090005609,청덕중학교,중학교,공립,경기도용인교육지원청,경기도교육청,경기도 용인시 기흥구,False
S090005611,고창중학교,중학교,공립,경기도김포교육지원청,경기도교육청,경기도 김포시,False
S090005613,시흥능곡중학교,중학교,공립,경기도시흥교육지원청,경기도교육청,경기도 시흥시,False
S090005614,응곡중학교,중학교,공립,경기도시흥교육지원청,경기도교육청,경기도 시흥시,False
S090005615,시흥매화중학교,중학교,공립,경기도시흥교육지원청,경기도교육청,경기도 시흥시,False
S090005616,모락중학교,중학교,공립,경기도군포의왕교육지원청,경기도교육청,경기도 의왕시,False
S090005619,은계중학교,중학교,공립,경기도시흥교육지원청,경기도교육청,경기도 시흥시,False
S090005620,도촌중학교,중학교,공립,경기도성남교육지원청,경기도교육청,경기도 성남시 중원구,False
S090005622,샛별중학교,중학교,공립,경기도성남교육지원청,경기도교육청,경기도 성남시 분당구,False
S090005623,수진중학교,중학교,공립,경기도성남교육지원청,경기도교육청,경기도 성남시 수정구,False
S090005654,능동중학교,중학교,공립,경기도화성오산교육지원청,경기도교육청,경기도 화성시 동탄구,False
S090005657,와우중학교,중학교,공립,경기도화성오산교육지원청,경기도교육청,경기도 화성시 효행구,False
S090005661,푸른중학교,중학교,공립,경기도화성오산교육지원청,경기도교육청,경기도 화성시 동탄구,False
S090005662,향남중학교,중학교,공립,경기도화성오산교육지원청,경기도교육청,경기도 화성시 만세구,False
S090005679,광릉중학교,중학교,공립,경기도구리남양주교육지원청,경기도교육청,경기도 남양주시,False
S090005681,김포신곡중학교,중학교,공립,경기도김포교육지원청,경기도교육청,경기도 김포시,False
S090005683,예봉중학교,중학교,공립,경기도구리남양주교육지원청,경기도교육청,경기도 남양주시,False
S090005684,양진중학교,중학교,공립,경기도안성교육지원청,경기도교육청,경기도 안성시,False
S090005689,신길중학교,중학교,공립,경기도안산교육지원청,경기도교육청,경기도 안산시 단원구,False
S090005691,한빛중학교,중학교,공립,경기도파주교육지원청,경기도교육청,경기도 파주시,False
S090005694,매탄중학교,중학교,공립,경기도수원교육지원청,경기도교육청,경기도 수원시 영통구,False
S090005698,보평중학교,중학교,공립,경기도성남교육지원청,경기도교육청,경기도 성남시 분당구,False
S090005700,운중중학교,중학교,공립,경기도성남교육지원청,경기도교육청,경기도 성남시 분당구,False
S090005701,판교중학교,중학교,공립,경기도성남교육지원청,경기도교육청,경기도 성남시 분당구,False
S090005704,가운중학교,중학교,공립,경기도구리남양주교육지원청,경기도교육청,경기도 남양주시,False
S090005707,성사중학교,중학교,공립,경기도고양교육지원청,경기도교육청,경기도 고양시 덕양구,False
S090005709,풍양중학교,중학교,공립,경기도구리남양주교육지원청,경기도교육청,경기도 남양주시,False
S090005713,덕풍중학교,중학교,공립,경기도광주하남교육지원청,경기도교육청,경기도 하남시,False
S090005746,신양중학교,중학교,공립,경기도김포교육지원청,경기도교육청,경기도 김포시,False
S090005749,용인한빛중학교,중학교,공립,경기도용인교육지원청,경기도교육청,경기도 용인시 수지구,False
S090005752,마송중학교,중학교,공립,경기도김포교육지원청,경기도교육청,경기도 김포시,False
S090005755,이호중학교,중학교,공립,경기도안산교육지원청,경기도교육청,경기도 안산시 상록구,False
S090005760,세마중학교,중학교,공립,경기도화성오산교육지원청,경기도교육청,경기도 오산시,False
S090005764,충현중학교,중학교,공립,경기도광명교육지원청,경기도교육청,경기도 광명시,False
S090005767,수원원일중학교,중학교,공립,경기도수원교육지원청,경기도교육청,경기도 수원시 영통구,False
S090005775,흥덕중학교,중학교,공립,경기도용인교육지원청,경기도교육청,경기도 용인시 기흥구,False
S090005779,별가람중학교,중학교,공립,경기도구리남양주교육지원청,경기도교육청,경기도 남양주시,False
S090005783,화접중학교,중학교,공립,경기도구리남양주교육지원청,경기도교육청,경기도 남양주시,False
S090005832,문시중학교,중학교,공립,경기도화성오산교육지원청,경기도교육청,경기도 오산시,False
S090005834,삼평중학교,중학교,공립,경기도성남교육지원청,경기도교육청,경기도 성남시 분당구,False
S090005857,덕이중학교,중학교,공립,경기도고양교육지원청,경기도교육청,경기도 고양시 일산서구,False
S090005859,만정중학교,중학교,공립,경기도안성교육지원청,경기도교육청,경기도 안성시,False
S090005861,상하중학교,중학교,공립,경기도용인교육지원청,경기도교육청,경기도 용인시 기흥구,False
S090005863,서천중학교,중학교,공립,경기도용인교육지원청,경기도교육청,경기도 용인시 기흥구,False
S090005865,선유중학교,중학교,공립,경기도파주교육지원청,경기도교육청,경기도 파주시,False
S090005868,성서중학교,중학교,공립,경기도용인교육지원청,경기도교육청,경기도 용인시 수지구,False
S090005875,예당중학교,중학교,공립,경기도화성오산교육지원청,경기도교육청,경기도 화성시 동탄구,False
S090005876,신현중학교,중학교,공립,경기도광주하남교육지원청,경기도교육청,경기도 광주시,False
S090005877,한가람중학교,중학교,공립,경기도파주교육지원청,경기도교육청,경기도 파주시,False
S090005878,광교중학교,중학교,공립,경기도수원교육지원청,경기도교육청,경기도 수원시 영통구,False
S090005881,이의중학교,중학교,공립,경기도수원교육지원청,경기도교육청,경기도 수원시 영통구,False
S090005884,푸른솔중학교,중학교,공립,경기도김포교육지원청,경기도교육청,경기도 김포시,False
S090005887,청옥중학교,중학교,공립,경기도평택교육지원청,경기도교육청,경기도 평택시,False
S090005889,초월중학교,중학교,공립,경기도광주하남교육지원청,경기도교육청,경기도 광주시,False
S090005911,운양중학교,중학교,공립,경기도김포교육지원청,경기도교육청,경기도 김포시,False
S090006027,고진중학교,중학교,공립,경기도용인교육지원청,경기도교육청,경기도 용인시 처인구,False
S090006035,신봉중학교,중학교,공립,경기도용인교육지원청,경기도교육청,경기도 용인시 수지구,False
S090006036,한숲중학교,중학교,공립,경기도용인교육지원청,경기도교육청,경기도 용인시 처인구,False
S090006045,하늘빛중학교,중학교,공립,경기도김포교육지원청,경기도교육청,경기도 김포시,False
S090006056,율정중학교,중학교,공립,경기도동두천양주교육지원청,경기도교육청,경기도 양주시,False
S090006060,옥빛중학교,중학교,공립,경기도동두천양주교육지원청,경기도교육청,경기도 양주시,False
S090006089,원흥중학교,중학교,공립,경기도고양교육지원청,경기도교육청,경기도 고양시 덕양구,False
S090006105,위례중앙중학교,중학교,공립,경기도성남교육지원청,경기도교육청,경기도 성남시 수정구,False
S090006106,위례한빛중학교,중학교,공립,경기도성남교육지원청,경기도교육청,경기도 성남시 수정구,False
S090006119,배곧중학교,중학교,공립,경기도시흥교육지원청,경기도교육청,경기도 시흥시,False
S090006148,시흥가온중학교,중학교,공립,경기도시흥교육지원청,경기도교육청,경기도 시흥시,False
S090006155,하길중학교,중학교,공립,경기도화성오산교육지원청,경기도교육청,경기도 화성시 만세구,False
S090006158,산내중학교,중학교,공립,경기도파주교육지원청,경기도교육청,경기도 파주시,False
S090006159,산들중학교,중학교,공립,경기도파주교육지원청,경기도교육청,경기도 파주시,False
S090006160,운정중학교,중학교,공립,경기도파주교육지원청,경기도교육청,경기도 파주시,False
S090006422,낙원중학교,중학교,공립,경기도성남교육지원청,경기도교육청,경기도 성남시 분당구,False
S090006423,덕장중학교,중학교,공립,경기도군포의왕교육지원청,경기도교육청,경기도 의왕시,False
S090006424,동패중학교,중학교,공립,경기도파주교육지원청,경기도교육청,경기도 파주시,False
S090006430,부곡중앙중학교,중학교,공립,경기도군포의왕교육지원청,경기도교육청,경기도 군포시,False
S090006438,신백현중학교,중학교,공립,경기도성남교육지원청,경기도교육청,경기도 성남시 분당구,False
S090006442,양도중학교,중학교,공립,경기도김포교육지원청,경기도교육청,경기도 김포시,False
S090006448,이천사동중학교,중학교,공립,경기도이천교육지원청,경기도교육청,경기도 이천시,False
S090006450,일산양일중학교,중학교,공립,경기도고양교육지원청,경기도교육청,경기도 고양시 일산동구,False
S090006451,주곡중학교,중학교,공립,경기도구리남양주교육지원청,경기도교육청,경기도 남양주시,False
S090006457,해솔중학교,중학교,공립,경기도파주교육지원청,경기도교육청,경기도 파주시,False
S090006560,송양중학교,중학교,공립,경기도의정부교육지원청,경기도교육청,경기도 의정부시,False
S090006576,경기체육중학교,중학교,공립,경기도수원교육지원청,경기도교육청,경기도 수원시 장안구,False
S090006652,화성반월중학교,중학교,공립,경기도화성오산교육지원청,경기도교육청,경기도 화성시,False
S090006779,은여울중학교,중학교,공립,경기도김포교육지원청,경기도교육청,경기도 김포시,False
S090006780,신원중학교,중학교,공립,경기도고양교육지원청,경기도교육청,경기도 고양시 덕양구,False
S090006781,수원다산중학교,중학교,공립,경기도수원교육지원청,경기도교육청,경기도 수원시 영통구,False
S090006782,능실중학교,중학교,공립,경기도수원교육지원청,경기도교육청,경기도 수원시 권선구,False
S090006783,김포한가람중학교,중학교,공립,경기도김포교육지원청,경기도교육청,경기도 김포시,False
S090006784,어정중학교,중학교,공립,경기도용인교육지원청,경기도교육청,경기도 용인시 기흥구,False
S090006800,천마중학교,중학교,공립,경기도구리남양주교육지원청,경기도교육청,경기도 남양주시,False
S090006805,옥정중학교,중학교,공립,경기도동두천양주교육지원청,경기도교육청,경기도 양주시,False
S090006912,미사강변중학교,중학교,공립,경기도광주하남교육지원청,경기도교육청,경기도 하남시,False
S090006934,한백중학교,중학교,공립,경기도화성오산교육지원청,경기도교육청,경기도 화성시 동탄구,False
S090006939,청계중학교,중학교,공립,경기도화성오산교육지원청,경기도교육청,경기도 화성시 동탄구,False
S090006944,방교중학교,중학교,공립,경기도화성오산교육지원청,경기도교육청,경기도 화성시 동탄구,False
S090006953,도래울중학교,중학교,공립,경기도고양교육지원청,경기도교육청,경기도 고양시 덕양구,False
S090006966,한별중학교,중학교,공립,경기도구리남양주교육지원청,경기도교육청,경기도 남양주시,False
S090007035,위례중학교,중학교,공립,경기도광주하남교육지원청,경기도교육청,경기도 하남시,False
S090007036,은가람중학교,중학교,공립,경기도광주하남교육지원청,경기도교육청,경기도 하남시,False
S090007037,미사중학교,중학교,공립,경기도광주하남교육지원청,경기도교육청,경기도 하남시,False
S090007065,조남중학교,중학교,공립,경기도시흥교육지원청,경기도교육청,경기도 시흥시,False
S090007115,옥길중학교,중학교,공립,경기도부천교육지원청,경기도교육청,경기도 부천시 소사구,False
S090007124,박달중학교,중학교,공립,경기도안양과천교육지원청,경기도교육청,경기도 안양시 만안구,False
S090007127,다원중학교,중학교,공립,경기도화성오산교육지원청,경기도교육청,경기도 화성시 동탄구,False
S090007157,갈매중학교,중학교,공립,경기도구리남양주교육지원청,경기도교육청,경기도 구리시,False
S090007158,윤슬중학교,중학교,공립,경기도광주하남교육지원청,경기도교육청,경기도 하남시,False
S090007189,송린중학교,중학교,공립,경기도화성오산교육지원청,경기도교육청,경기도 화성시 만세구,False
S090007219,청림중학교,중학교,공립,경기도화성오산교육지원청,경기도교육청,경기도 화성시 동탄구,False
S090007237,용이중학교,중학교,공립,경기도평택교육지원청,경기도교육청,경기도 평택시,False
S090007238,남양주다산중학교,중학교,공립,경기도구리남양주교육지원청,경기도교육청,경기도 남양주시,False
S090007242,동탄목동중학교,중학교,공립,경기도화성오산교육지원청,경기도교육청,경기도 화성시 동탄구,False
S090007253,매양중학교,중학교,공립,경기도광주하남교육지원청,경기도교육청,경기도 광주시,False
S090007254,창성중학교,중학교,공립,경기도성남교육지원청,경기도교육청,경기도 성남시 수정구,False
S090007256,이산중학교,중학교,공립,경기도화성오산교육지원청,경기도교육청,경기도 화성시,False
S090007311,도당중학교,중학교,공립,경기도부천교육지원청,경기도교육청,경기도 부천시 원미구,False
S090007319,다산한강중학교,중학교,공립,경기도구리남양주교육지원청,경기도교육청,경기도 남양주시,False
S090007324,배곧해솔중학교,중학교,공립,경기도시흥교육지원청,경기도교육청,경기도 시흥시,False
S090007330,신백중학교,중학교,공립,경기도화성오산교육지원청,경기도교육청,경기도 화성시 만세구,False
S090007332,서연중학교,중학교,공립,경기도화성오산교육지원청,경기도교육청,경기도 화성시 동탄구,False
S090007339,빛가온중학교,중학교,공립,경기도광명교육지원청,경기도교육청,경기도 광명시,False
S090007376,향동중학교,중학교,공립,경기도고양교육지원청,경기도교육청,경기도 고양시 덕양구,False
S090007377,감일중학교,중학교,공립,경기도광주하남교육지원청,경기도교육청,경기도 하남시,False
S090007395,수현중학교,중학교,공립,경기도화성오산교육지원청,경기도교육청,경기도 화성시 효행구,False
S090007406,태전중학교,중학교,공립,경기도광주하남교육지원청,경기도교육청,경기도 광주시,False
S090007440,지축중학교,중학교,공립,경기도고양교육지원청,경기도교육청,경기도 고양시 덕양구,False
S090007442,안산해솔중학교,중학교,공립,경기도안산교육지원청,경기도교육청,경기도 안산시 상록구,False
S090007518,다산새봄중학교,중학교,공립,경기도구리남양주교육지원청,경기도교육청,경기도 남양주시,False
S090007519,감일백제중학교,중학교,공립,경기도광주하남교육지원청,경기도교육청,경기도 하남시,False
S090007521,화성세정중학교,중학교,공립,경기도화성오산교육지원청,경기도교육청,경기도 화성시 동탄구,False
S090007522,치동중학교,중학교,공립,경기도화성오산교육지원청,경기도교육청,경기도 화성시,False
S090007572,민세중학교,중학교,공립,경기도평택교육지원청,경기도교육청,경기도 평택시,False
S090007577,심학중학교,중학교,공립,경기도파주교육지원청,경기도교육청,경기도 파주시,False
S090007580,나래중학교,중학교,공립,경기도김포교육지원청,경기도교육청,경기도 김포시,False
S090007582,범박중학교,중학교,공립,경기도부천교육지원청,경기도교육청,경기도 부천시 소사구,False
S090007608,광교호수중학교,중학교,공립,경기도수원교육지원청,경기도교육청,경기도 수원시 영통구,False
S090007613,향산중학교,중학교,공립,경기도김포교육지원청,경기도교육청,경기도 김포시,False
S090007626,덕은한강중학교,중학교,공립,경기도고양교육지원청,경기도교육청,경기도 고양시 덕양구,False
S090007627,모담중학교,중학교,공립,경기도김포교육지원청,경기도교육청,경기도 김포시,False
S090007628,동삭중학교,중학교,공립,경기도평택교육지원청,경기도교육청,경기도 평택시,False
S090007630,규장중학교,중학교,공립,경기도수원교육지원청,경기도교육청,경기도 수원시 권선구,False
S090007654,하랑중학교,중학교,공립,경기도구리남양주교육지원청,경기도교육청,경기도 남양주시,False
S090007669,판교대장중학교,중학교,공립,경기도성남교육지원청,경기도교육청,경기도 성남시 분당구,False
S090007679,과천율목중학교,중학교,공립,경기도안양과천교육지원청,경기도교육청,경기도 과천시,False
S090007866,가수중학교,중학교,공립,경기도화성오산교육지원청,경기도교육청,경기도 오산시,False
S090007867,옥길새길중학교,중학교,공립,경기도부천교육지원청,경기도교육청,경기도 부천시 소사구,False
S090007875,내손중학교,중학교,공립,경기도군포의왕교육지원청,경기도교육청,경기도 의왕시,False
S090007878,화성상신중학교,중학교,공립,경기도화성오산교육지원청,경기도교육청,경기도 화성시 만세구,False
S090007879,화담중학교,중학교,공립,경기도화성오산교육지원청,경기도교육청,경기도 화성시 효행구,False
S090007883,해창중학교,중학교,공립,경기도평택교육지원청,경기도교육청,경기도 평택시,False
S090007904,다율중학교,중학교,공립,경기도파주교육지원청,경기도교육청,경기도 파주시,False
S090007913,훈민중학교,중학교,공립,경기도의정부교육지원청,경기도교육청,경기도 의정부시,False
S090007917,화성신동중학교,중학교,공립,경기도화성오산교육지원청,경기도교육청,경기도 화성시 동탄구,False
S090007921,청연중학교,중학교,공립,경기도화성오산교육지원청,경기도교육청,경기도 화성시 효행구,False
S090007925,소사벌중학교,중학교,공립,경기도평택교육지원청,경기도교육청,경기도 평택시,False
S090007928,시화나래중학교,중학교,공립,경기도시흥교육지원청,경기도교육청,경기도 시흥시,False
S090007930,배다리중학교,중학교,공립,경기도평택교육지원청,경기도교육청,경기도 평택시,False
S090007941,배곧라라중학교,중학교,공립,경기도시흥교육지원청,경기도교육청,경기도 시흥시,False
S090008022,처인중학교,중학교,공립,경기도용인교육지원청,경기도교육청,경기도 용인시 처인구,False
S090008023,도현중학교,중학교,공립,경기도용인교육지원청,경기도교육청,경기도 용인시 처인구,False
S090006968,호원중학교부설방송통신중학교,중학교,공립,경기도의정부교육지원청,경기도교육청,경기도 의정부시,False
S090006969,수원제일중학교부설방송통신중학교,중학교,공립,경기도수원교육지원청,경기도교육청,경기도 수원시 팔달구,False
S090007165,광명중학교부설방송통신중학교,중학교,공립,경기도광명교육지원청,경기도교육청,경기도 광명시,False
S090007166,삼평중학교부설방송통신중학교,중학교,공립,경기도성남교육지원청,경기도교육청,경기도 성남시 분당구,False
