school_code,seoutguse_gubun,hr_operation_krw,student_welfare_krw,edu_activity_support_krw,general_operation_krw,facility_expansion_krw,financial_activity_krw,fiscal_year
S090001641,예산세출,2201320000,1683980000,54450000,339294000,0,5010000,2025
S090002469,예산세출,3841740000,1253920000,108150000,346653000,598189000,90000000,2025
S090002504,예산세출,6368399000,2103365000,122516000,1497726000,441074000,0,2025
S090000881,예산세출,9020000,65549000,5530000,206552000,0,0,2025
S090000882,예산세출,9450000,249474000,60760000,413969000,0,10044000,2025
S090000885,예산세출,16640000,65880000,15980000,244424000,0,177000,2025
S090000890,예산세출,6030000,225619000,15250000,227080000,53000000,0,2025
S090000892,,0,0,0,0,0,0,2025
S090000895,예산세출,7845000,402832000,27476000,544336000,0,0,2025
S090000899,,0,0,0,0,0,0,2025
S090000900,,0,0,0,0,0,0,2025
S090000901,예산세출,1200000,60239000,33490000,240493000,0,0,2025
S090000905,예산세출,7150000,52872000,7550000,224776000,0,5600000,2025
S090000906,예산세출,10345000,68077000,13340000,187576000,15815000,155000,2025
S090000908,예산세출,8370000,100516000,6720000,238789000,31802000,1500000,2025
S090000910,예산세출,4655000,75112000,17102000,217750000,0,95000,2025
S090000914,예산세출,6270000,73383000,20000000,179153000,0,100000,2025
S090000916,예산세출,2800000,306252000,30431000,346670000,0,2000000,2025
S090000920,예산세출,8810000,526976000,27210000,307760000,0,15288000,2025
S090000974,예산세출,6550000,127640000,20418000,301695000,0,0,2025
S090000975,예산세출,2800000,628719000,58690000,332500000,0,2000000,2025
S090000976,예산세출,4570000,489193000,31336000,305633000,0,0,2025
S090000977,예산세출,9920000,517309000,51066000,299541000,220000000,0,2025
S090000978,예산세출,9480000,1042856000,62779000,339230000,0,0,2025
S090000979,예산세출,5150000,412533000,51384000,287305000,0,5000,2025
S090000980,예산세출,6300000,502439000,36486000,321178000,0,0,2025
S090000981,예산세출,6150000,612684000,54892000,377451000,0,140000,2025
S090000982,예산세출,12780000,1102091000,79568000,324412000,0,0,2025
S090000983,예산세출,13900000,535100000,37378000,367295000,0,400000,2025
S090000984,예산세출,7870000,784361000,54033000,329336000,0,3383000,2025
S090000985,예산세출,10220000,944537000,65519000,352778000,0,0,2025
S090000986,예산세출,6370000,557209000,45130000,311193000,0,0,2025
S090000987,예산세출,7650000,806764000,50534000,372747000,0,466000,2025
S090000988,예산세출,4510000,147908000,15616000,244500000,0,0,2025
S090000989,예산세출,5500000,190131000,43700000,244723000,0,0,2025
S090000990,예산세출,7680000,450216000,29844000,265534000,0,0,2025
S090000991,예산세출,7600000,84619000,54678000,267719000,0,0,2025
S090000992,예산세출,8080000,825204000,78808000,269607000,320000000,10000,2025
S090000993,예산세출,8940000,340690000,65428000,299551000,0,100000,2025
S090000994,예산세출,5090000,655661000,47058000,305911000,0,0,2025
S090000995,예산세출,6900000,461075000,53930000,341257000,0,0,2025
S090000998,예산세출,6350000,567434000,25736000,261916000,0,0,2025
S090000999,예산세출,3110000,249614000,24275000,255188000,0,0,2025
S090001000,예산세출,7360000,347465000,134957000,271943000,0,0,2025
S090001001,예산세출,12550000,957987000,87302000,293417000,0,0,2025
S090001002,예산세출,15070000,945126000,35376000,372208000,0,0,2025
S090001003,예산세출,8400000,534943000,51312000,291617000,0,0,2025
S090001004,예산세출,9200000,823679000,68034000,287957000,0,10000,2025
S090001005,예산세출,4020000,126651000,36198000,231121000,190000000,2000,2025
S090001006,예산세출,6420000,640571000,37338000,317390000,0,0,2025
S090001007,예산세출,8510000,472536000,24410000,296291000,0,0,2025
S090001008,예산세출,7360000,489100000,31657000,285449000,0,0,2025
S090001009,예산세출,3850000,505393000,43152000,295656000,0,0,2025
S090001010,예산세출,5420000,416327000,46350000,323172000,0,0,2025
S090001011,예산세출,4540000,194745000,19750000,278202000,0,1000000,2025
S090001012,예산세출,16700000,1150310000,66173000,333836000,0,0,2025
S090001014,예산세출,2220000,583132000,45802000,330821000,0,0,2025
S090001015,예산세출,13290000,667663000,51688000,338771000,0,0,2025
S090001016,예산세출,10260000,1401480000,66217000,460574000,0,0,2025
S090001017,예산세출,4130000,69829000,23440000,258159000,0,50000,2025
S090001018,예산세출,2700000,228306000,13655000,301747000,0,0,2025
S090001019,예산세출,5380000,474200000,42808000,300086000,0,0,2025
S090001020,예산세출,19280000,1752296000,113233000,432137000,0,3020000,2025
S090001021,예산세출,5140000,443057000,43470000,306696000,0,0,2025
S090001023,예산세출,3720000,554569000,47935000,310256000,0,0,2025
S090001024,예산세출,6440000,482866000,39997000,261415000,0,1000,2025
S090001025,예산세출,8800000,257194000,21702000,282967000,0,0,2025
S090001026,예산세출,5190000,560734000,36307000,318550000,120000000,0,2025
S090001027,예산세출,7900000,889636000,53710000,311821000,0,0,2025
S090001028,예산세출,6400000,502928000,46453000,297753000,0,0,2025
S090001029,예산세출,6500000,579603000,37424000,334179000,0,0,2025
S090001030,예산세출,8050000,523521000,38715000,325498000,0,0,2025
S090001032,예산세출,4692000,378829000,20076000,326591000,0,0,2025
S090001033,예산세출,6600000,871523000,59792000,363959000,0,50000,2025
S090001034,예산세출,5570000,613491000,63795000,306286000,0,0,2025
S090001035,예산세출,2075000,335837000,23428000,286998000,0,0,2025
S090001036,예산세출,6470000,429770000,34288000,308437000,0,500000,2025
S090001037,예산세출,4910000,255651000,28647000,207323000,0,0,2025
S090001038,예산세출,9850000,850104000,36102000,420051000,0,0,2025
S090001039,예산세출,13900000,1287817000,45207000,430047000,0,0,2025
S090001040,예산세출,4820000,475295000,43444000,260004000,0,0,2025
S090001041,예산세출,5375000,555802000,27079000,280150000,0,180000,2025
S090001042,예산세출,97278000,538380000,40938000,322126000,0,0,2025
S090001043,예산세출,12290000,1393953000,66145000,404297000,0,10000,2025
S090001199,예산세출,4790000,669188000,48646000,301683000,0,0,2025
S090001201,예산세출,6100000,881761000,73455000,388442000,0,0,2025
S090001202,예산세출,4400000,799121000,78500000,344723000,0,0,2025
S090001203,예산세출,5970000,559184000,55632000,323464000,0,0,2025
S090001204,예산세출,2500000,185345000,21738000,266956000,0,0,2025
S090001205,예산세출,6000000,714192000,19118000,352191000,0,0,2025
S090001206,예산세출,11900000,746808000,47764000,341263000,0,150000,2025
S090001207,예산세출,1800000,828501000,32568000,318424000,0,0,2025
S090001208,예산세출,5150000,951949000,81730000,376831000,0,0,2025
S090001210,예산세출,7240000,721460000,61586000,356582000,600000,0,2025
S090001211,예산세출,5940000,588906000,57176000,369271000,0,0,2025
S090001212,예산세출,5890000,624528000,39398000,339814000,0,0,2025
S090001213,예산세출,14200000,994361000,62605000,367533000,0,0,2025
S090001214,예산세출,1960000,92610000,20045000,256673000,0,0,2025
S090001215,예산세출,5870000,467691000,38973000,321014000,0,0,2025
S090001216,예산세출,3200000,263596000,19636000,234656000,0,0,2025
S090001217,예산세출,9240000,1407949000,136110000,405012000,0,0,2025
S090001218,예산세출,10393000,506992000,53425000,265945000,0,0,2025
S090001219,예산세출,1500000,469525000,60546000,251123000,0,0,2025
S090001220,예산세출,2630000,588986000,48000000,389457000,0,0,2025
S090001221,예산세출,3200000,441764000,59005000,277080000,0,0,2025
S090001279,예산세출,4450000,315333000,35931000,304951000,0,0,2025
S090001281,예산세출,17328000,560529000,34510000,383407000,0,0,2025
S090001282,예산세출,12800000,1109800000,48577000,425504000,0,0,2025
S090001284,예산세출,11400000,773791000,58800000,375704000,0,0,2025
S090001285,예산세출,8450000,1118135000,46464000,391303000,0,7000000,2025
S090001286,예산세출,4900000,743821000,51990000,420722000,0,0,2025
S090001288,예산세출,3920000,109393000,31585000,226534000,0,0,2025
S090001289,예산세출,2660000,25190000,15034000,263572000,0,0,2025
S090001290,예산세출,2500000,705273000,51048000,372782000,0,0,2025
S090001291,예산세출,6700000,1010893000,74080000,356978000,0,0,2025
S090001292,예산세출,5700000,88746000,47096000,212139000,0,0,2025
S090001293,예산세출,8120000,620754000,56232000,305101000,0,0,2025
S090001294,예산세출,3850000,372155000,100681000,314467000,0,0,2025
S090001295,예산세출,1490000,441168000,24800000,272908000,0,0,2025
S090001296,예산세출,4400000,738836000,39349000,383397000,0,0,2025
S090001298,예산세출,5920000,90442000,50498000,217207000,0,10000,2025
S090001299,예산세출,14610000,1634986000,135586000,455413000,0,0,2025
S090001301,예산세출,3800000,447028000,20270000,214476000,0,100000,2025
S090001302,예산세출,2660000,43553000,38070000,203990000,0,0,2025
S090001305,예산세출,8290000,81186000,33390000,273685000,0,0,2025
S090001306,예산세출,6600000,502791000,43498000,377019000,0,20000,2025
S090001307,예산세출,5170000,280038000,18396000,269243000,26151000,0,2025
S090001308,예산세출,1500000,24343000,27878000,229607000,0,0,2025
S090001309,예산세출,14850000,1048235000,47713000,419658000,0,0,2025
S090001310,예산세출,1440000,521750000,50630000,295041000,0,0,2025
S090001311,예산세출,0,562219000,53564000,386435000,0,0,2025
S090001312,예산세출,13490000,269539000,66796000,327735000,0,0,2025
S090001314,예산세출,6230000,298729000,47605000,213847000,0,0,2025
S090001315,예산세출,5100000,1458193000,52864000,525585000,0,150000,2025
S090001316,예산세출,4805000,767224000,58644000,350035000,0,0,2025
S090001317,예산세출,4190000,416105000,40460000,294569000,0,0,2025
S090001318,예산세출,8040000,671791000,43648000,310423000,0,0,2025
S090001380,예산세출,4650000,604621000,37150000,374680000,0,35670000,2025
S090001381,예산세출,5070000,537389000,37786000,259330000,0,0,2025
S090001382,예산세출,800000,451662000,30972000,258006000,114576000,0,2025
S090001383,예산세출,6650000,302345000,32743000,279884000,0,0,2025
S090001384,예산세출,6420000,631212000,51929000,321397000,0,0,2025
S090001385,예산세출,6100000,834534000,67500000,307275000,0,0,2025
S090001386,예산세출,2140000,353020000,57661000,222348000,0,0,2025
S090001387,예산세출,8230000,711268000,53590000,389596000,0,0,2025
S090001388,예산세출,8738000,249691000,33050000,292027000,0,0,2025
S090001389,예산세출,3150000,634062000,37891000,295430000,0,0,2025
S090001390,예산세출,5040000,672707000,95916000,285225000,0,0,2025
S090001391,예산세출,1050000,433036000,52500000,295696000,0,0,2025
S090001392,예산세출,8670000,549803000,31869000,295941000,0,0,2025
S090001393,예산세출,3360000,637863000,63668000,222941000,0,5000000,2025
S090001394,예산세출,1200000,145414000,21580000,249573000,0,0,2025
S090001395,예산세출,1970000,246520000,26181000,236707000,0,1000000,2025
S090001396,예산세출,10460000,840355000,56874000,282165000,0,0,2025
S090001397,예산세출,13500000,816557000,54720000,404970000,0,0,2025
S090001399,예산세출,7300000,742385000,62281000,356671000,0,0,2025
S090001400,예산세출,2460000,359266000,33404000,244566000,0,0,2025
S090001401,예산세출,5060000,497292000,36748000,266126000,0,0,2025
S090001403,예산세출,2550000,354934000,50454000,294311000,0,0,2025
S090001404,예산세출,3680000,315002000,37100000,313082000,0,300000,2025
S090001405,예산세출,6150000,511703000,47538000,276609000,0,1000,2025
S090001406,예산세출,4310000,450042000,59585000,269511000,0,0,2025
S090001407,예산세출,5290000,1041938000,47374000,395942000,0,8000000,2025
S090001408,예산세출,10320000,386000000,40208000,351815000,0,13900000,2025
S090001409,예산세출,37580000,1049133000,92354000,379183000,0,0,2025
S090001410,예산세출,1800000,515470000,56628000,273072000,0,0,2025
S090001413,예산세출,14516000,628641000,93629000,271164000,0,0,2025
S090001498,예산세출,8250000,816465000,50480000,406353000,0,0,2025
S090001499,예산세출,3830000,172378000,18888000,229424000,0,0,2025
S090001501,예산세출,6390000,764785000,53153000,370608000,0,0,2025
S090001502,예산세출,8700000,690043000,81267000,225601000,0,0,2025
S090001503,예산세출,6980000,170322000,32842000,232355000,0,5000000,2025
S090001504,예산세출,2420000,52000000,10200000,229685000,0,0,2025
S090001505,예산세출,6740000,598635000,49908000,334121000,0,3000000,2025
S090001506,예산세출,4686000,742885000,48851000,394818000,0,0,2025
S090001507,예산세출,3452000,43258000,21755000,203393000,0,0,2025
S090001508,예산세출,4800000,591022000,31738000,338314000,0,0,2025
S090001509,예산세출,6200000,395745000,22813000,319875000,0,0,2025
S090001512,예산세출,5860000,568503000,37704000,284594000,0,0,2025
S090001514,예산세출,6575000,472591000,67878000,252536000,0,100000,2025
S090001516,예산세출,3860000,746785000,66155000,327189000,0,0,2025
S090001517,예산세출,11800000,466305000,20622000,285280000,0,0,2025
S090001518,예산세출,2355000,134703000,13628000,235427000,0,0,2025
S090001519,예산세출,5570000,132957000,16000000,200327000,0,500000,2025
S090001520,예산세출,6400000,396573000,52666000,304220000,0,0,2025
S090001521,예산세출,11360000,169953000,20104000,209544000,0,0,2025
S090001522,예산세출,13070000,1533053000,68114000,474674000,0,0,2025
S090001523,예산세출,4900000,184605000,23302000,239331000,0,30000,2025
S090001525,예산세출,7950000,1312831000,111904000,438318000,0,58839000,2025
S090001527,예산세출,8900000,1065218000,66775000,387715000,0,0,2025
S090001528,예산세출,3570000,272457000,28266000,255702000,0,0,2025
S090001529,예산세출,7256000,378853000,61440000,187403000,0,0,2025
S090001600,예산세출,9600000,613243000,61598000,233472000,0,0,2025
S090001601,예산세출,3620000,107794000,24175000,213807000,0,0,2025
S090001603,예산세출,25139000,1612791000,87750000,494665000,0,0,2025
S090001604,예산세출,5030000,387474000,27729000,288895000,0,0,2025
S090001605,예산세출,10000000,567322000,46304000,307440000,0,0,2025
S090001606,예산세출,5880000,557259000,37620000,327652000,0,0,2025
S090001607,예산세출,7440000,732267000,56041000,349207000,0,0,2025
S090001608,예산세출,8200000,684723000,49959000,311543000,0,0,2025
S090001609,예산세출,6810000,57023000,58741000,172778000,0,0,2025
S090001611,예산세출,4910000,279957000,39224000,295236000,0,5000,2025
S090001612,예산세출,3950000,658227000,48010000,318278000,0,0,2025
S090001613,예산세출,4330000,199784000,31560000,260995000,0,0,2025
S090001614,예산세출,11186000,694958000,48894000,313392000,0,0,2025
S090001615,예산세출,9700000,906513000,51624000,414656000,0,0,2025
S090001616,예산세출,3860000,197652000,40860000,196743000,0,0,2025
S090001617,예산세출,6280000,664511000,49428000,298279000,0,4000,2025
S090001618,예산세출,6440000,424085000,37532000,334701000,0,0,2025
S090001619,예산세출,4080000,154470000,27288000,204056000,0,0,2025
S090001620,예산세출,4200000,153952000,9671000,223822000,0,0,2025
S090001621,예산세출,9100000,361975000,21198000,194350000,0,3000,2025
S090001622,예산세출,6650000,309379000,43388000,331812000,0,0,2025
S090001624,예산세출,5460000,775676000,42560000,375480000,0,0,2025
S090001625,예산세출,9850000,262499000,15344000,287010000,0,0,2025
S090001626,예산세출,7420000,736087000,59684000,286835000,0,0,2025
S090001627,예산세출,3290000,444786000,22344000,318041000,0,0,2025
S090001628,예산세출,11400000,725591000,58923000,477060000,0,0,2025
S090001629,예산세출,3000000,806056000,39890000,377289000,0,0,2025
S090001632,예산세출,4200000,967789000,114733000,352524000,0,0,2025
S090001634,예산세출,9360000,600286000,70649000,349578000,0,0,2025
S090001635,예산세출,13260000,560007000,54429000,311996000,5000000,0,2025
S090001638,예산세출,8170000,179145000,61572000,371745000,0,0,2025
S090001639,,0,0,0,0,0,0,2025
S090001640,예산세출,8310000,494216000,56890000,335172000,0,0,2025
S090001644,예산세출,4700000,382556000,25300000,297170000,0,0,2025
S090001645,예산세출,13150000,814113000,69921000,357365000,0,0,2025
S090001646,예산세출,2750000,269661000,23150000,290386000,0,0,2025
S090001648,예산세출,14000000,701243000,47317000,306588000,0,0,2025
S090001649,예산세출,5150000,743055000,64113000,366287000,200000,0,2025
S090001650,예산세출,4450000,486362000,22036000,313258000,0,0,2025
S090001651,예산세출,10080000,686231000,49450000,377764000,0,0,2025
S090001652,예산세출,4270000,115599000,17940000,231285000,0,0,2025
S090001653,예산세출,11900000,413560000,29255000,309723000,1500000,0,2025
S090001654,예산세출,4800000,758024000,50341000,327851000,0,0,2025
S090001655,예산세출,7208000,676584000,76907000,320339000,0,0,2025
S090001657,예산세출,5720000,399069000,25736000,341626000,0,0,2025
S090001658,예산세출,9450000,383689000,66396000,257480000,0,0,2025
S090001660,예산세출,7360000,428681000,38677000,350832000,0,0,2025
S090001661,예산세출,12650000,279593000,52434000,261666000,0,3309000,2025
S090001662,예산세출,6410000,797331000,67730000,343846000,0,30000,2025
S090001663,예산세출,5360000,824795000,61320000,422015000,0,0,2025
S090001782,예산세출,10780000,441143000,33193000,311494000,0,0,2025
S090001784,예산세출,7200000,273358000,50763000,302507000,0,0,2025
S090001785,예산세출,8070000,381043000,65710000,289242000,0,0,2025
S090001786,,0,0,0,0,0,0,2025
S090001787,예산세출,4390000,104647000,25270000,217707000,0,0,2025
S090001789,예산세출,10940000,98591000,52507000,291593000,4500000,0,2025
S090001791,예산세출,5870000,113672000,65391000,311104000,0,0,2025
S090001793,예산세출,6360000,363155000,32514000,251741000,0,0,2025
S090001795,예산세출,3300000,145910000,41975000,251327000,38098000,0,2025
S090001796,예산세출,6160000,93698000,13378000,197558000,0,0,2025
S090001797,예산세출,12338000,104556000,52250000,283010000,0,0,2025
S090001798,예산세출,3075000,96769000,27439000,210555000,0,0,2025
S090001799,예산세출,7955000,162958000,34375000,184233000,0,100000,2025
S090001800,예산세출,4636000,130124000,19936000,239114000,0,0,2025
S090001801,예산세출,4030000,58160000,22699000,242636000,0,0,2025
S090001802,예산세출,6092000,261204000,54357000,254666000,0,0,2025
S090001803,예산세출,1640000,77433000,22710000,243218000,0,247000,2025
S090001804,예산세출,13230000,59264000,15970000,261022000,9000000,0,2025
S090001806,예산세출,6800000,553422000,31947000,270248000,17165000,0,2025
S090001807,예산세출,11728000,688445000,94683000,311879000,3000000,0,2025
S090001808,예산세출,8550000,258021000,45799000,279689000,0,0,2025
S090001809,예산세출,1430000,70797000,15890000,249128000,0,0,2025
S090001810,예산세출,4670000,34962000,24178000,209499000,13000000,0,2025
S090001812,예산세출,6700000,336188000,45328000,280782000,0,0,2025
S090001813,예산세출,5310000,307436000,21766000,250239000,9000000,0,2025
S090001814,예산세출,6690000,171916000,97948000,360562000,0,0,2025
S090001815,예산세출,13950000,174630000,272079000,418871000,0,0,2025
S090001816,예산세출,12030000,495777000,52755000,247550000,15000000,0,2025
S090001817,예산세출,10240000,108734000,22266000,206621000,0,0,2025
S090001819,예산세출,7530000,338490000,36712000,288109000,0,0,2025
S090001820,예산세출,5800000,541454000,26316000,305198000,0,0,2025
S090001821,예산세출,3460000,91394000,53750000,185672000,0,0,2025
S090001914,예산세출,9700000,1059420000,68271000,376285000,0,0,2025
S090001915,예산세출,11430000,643206000,41426000,352741000,0,100000,2025
S090001916,예산세출,7230000,292633000,52791000,396355000,0,100000,2025
S090001918,예산세출,6780000,358210000,36171000,253784000,0,1182000,2025
S090001944,예산세출,4500000,990226000,79586000,328887000,0,0,2025
S090001945,예산세출,4740000,491335000,52982000,304563000,0,0,2025
S090001946,예산세출,3700000,757676000,81411000,302464000,0,0,2025
S090001953,예산세출,10085000,655365000,60783000,349090000,0,0,2025
S090001954,예산세출,8640000,612601000,40570000,359554000,0,0,2025
S090001956,예산세출,2430000,297761000,27177000,287847000,0,0,2025
S090001957,예산세출,9070000,564020000,69828000,270584000,0,0,2025
S090001959,예산세출,5940000,666861000,45063000,305415000,0,0,2025
S090001960,예산세출,6610000,580889000,36523000,311548000,0,0,2025
S090001961,예산세출,9930000,348427000,68860000,176815000,0,0,2025
S090001962,예산세출,23240000,706377000,76707000,263545000,0,0,2025
S090001963,예산세출,4300000,463407000,147770000,298975000,0,18000,2025
S090001964,예산세출,6200000,547993000,35024000,287561000,204178000,1100000,2025
S090001966,예산세출,1620000,360635000,33014000,231396000,25000000,200000,2025
S090001967,예산세출,1320000,450522000,35365000,313341000,92970000,0,2025
S090001968,예산세출,4300000,625157000,44472000,329084000,0,0,2025
S090001969,예산세출,6350000,716967000,38140000,300524000,0,0,2025
S090001970,예산세출,4832000,904810000,39145000,408529000,0,1200000,2025
S090001971,예산세출,9800000,332764000,57591000,290308000,0,0,2025
S090001972,예산세출,15759000,794588000,78572000,285427000,0,0,2025
S090001973,예산세출,4568000,557687000,28280000,316584000,0,0,2025
S090001974,예산세출,3150000,507771000,33022000,327228000,0,0,2025
S090001975,예산세출,12350000,456559000,28740000,291748000,0,0,2025
S090001976,예산세출,10810000,702452000,60320000,272733000,0,0,2025
S090001977,예산세출,7500000,290315000,40927000,208188000,0,0,2025
S090001978,예산세출,8020000,747051000,33348000,317481000,0,200000,2025
S090001979,예산세출,3790000,324816000,17118000,273997000,0,0,2025
S090001980,예산세출,1200000,570350000,71510000,341327000,0,0,2025
S090001987,예산세출,5280000,512257000,58604000,312340000,0,0,2025
S090001988,예산세출,10915000,700758000,55104000,350599000,0,0,2025
S090001989,예산세출,2500000,529335000,43610000,337802000,0,1800000,2025
S090001990,예산세출,9800000,799258000,53784000,413130000,0,0,2025
S090001991,예산세출,14800000,929216000,76534000,459358000,0,0,2025
S090001992,예산세출,6840000,461649000,26566000,324555000,0,0,2025
S090002001,예산세출,12030000,638775000,53134000,326583000,0,0,2025
S090002002,예산세출,9580000,893123000,61331000,284004000,0,0,2025
S090002003,예산세출,2700000,209132000,15030000,276463000,0,0,2025
S090002007,예산세출,5940000,669751000,36246000,340678000,0,0,2025
S090002011,예산세출,2200000,442730000,40572000,301143000,30000000,0,2025
S090002015,예산세출,3270000,682132000,66518000,337674000,26270000,0,2025
S090002016,예산세출,7700000,668293000,55675000,325811000,0,0,2025
S090002017,예산세출,4160000,338598000,44137000,279050000,0,0,2025
S090002022,예산세출,6180000,607030000,42435000,340011000,0,1000000,2025
S090002026,예산세출,7929000,714067000,60562000,344134000,0,0,2025
S090002027,예산세출,11560000,668739000,30666000,298180000,0,0,2025
S090002038,예산세출,7150000,894209000,125934000,341137000,0,0,2025
S090002039,예산세출,6032000,873985000,54864000,346593000,0,0,2025
S090002210,예산세출,9000000,448286000,40598000,326347000,0,0,2025
S090002211,예산세출,7800000,627909000,62170000,338741000,0,0,2025
S090002214,예산세출,7030000,278056000,42372000,309279000,0,0,2025
S090002215,예산세출,9120000,692059000,64810000,359739000,0,0,2025
S090002216,예산세출,14700000,1131935000,84846000,357153000,0,0,2025
S090002217,예산세출,11940000,1287752000,97434000,319373000,0,0,2025
S090002218,예산세출,9690000,638503000,41234000,345418000,0,0,2025
S090002219,예산세출,6740000,592364000,66496000,340683000,0,0,2025
S090002221,예산세출,5540000,651800000,55859000,375689000,0,0,2025
S090002223,예산세출,6960000,268053000,34109000,306436000,0,0,2025
S090002224,예산세출,6860000,507929000,57450000,332697000,0,0,2025
S090002225,예산세출,3840000,624850000,41462000,327635000,0,0,2025
S090002227,예산세출,8440000,58841000,47215000,280138000,0,10000,2025
S090002228,예산세출,4750000,333653000,32476000,304526000,0,0,2025
S090002229,예산세출,8270000,953800000,68270000,345510000,0,0,2025
S090002230,예산세출,8568000,427991000,54116000,299766000,0,0,2025
S090002231,예산세출,15990000,852270000,68154000,260006000,0,0,2025
S090002232,예산세출,8500000,264109000,49490000,255474000,0,0,2025
S090002234,예산세출,2670000,482667000,28770000,377202000,0,0,2025
S090002235,예산세출,5110000,480217000,28155000,318486000,0,0,2025
S090002236,예산세출,10350000,648716000,62820000,316968000,0,0,2025
S090002237,예산세출,12200000,1110565000,72805000,304468000,0,0,2025
S090002238,예산세출,2900000,377067000,54425000,318777000,0,0,2025
S090002239,예산세출,9110000,802394000,57046000,332023000,0,0,2025
S090002240,예산세출,4000000,793151000,60421000,341942000,0,0,2025
S090002241,예산세출,2200000,364752000,29320000,310001000,0,0,2025
S090002242,예산세출,3420000,369008000,32166000,292225000,0,100000,2025
S090002243,예산세출,7080000,425179000,38886000,303661000,0,100000,2025
S090002244,예산세출,5530000,700405000,65888000,312752000,0,0,2025
S090002245,예산세출,3900000,382317000,30115000,337101000,0,0,2025
S090002246,예산세출,5000000,677264000,35135000,358920000,0,0,2025
S090002247,예산세출,4540000,852056000,89975000,303737000,0,0,2025
S090002248,예산세출,3300000,384481000,69550000,318348000,0,0,2025
S090002249,예산세출,4430000,520057000,43057000,310230000,5000000,0,2025
S090002250,예산세출,6660000,849439000,46674000,385161000,0,0,2025
S090002251,예산세출,5000000,561639000,65013000,302145000,0,0,2025
S090002252,예산세출,5860000,873700000,65925000,346488000,0,0,2025
S090002253,예산세출,8500000,507669000,42670000,351125000,0,0,2025
S090002256,예산세출,7844000,778354000,56346000,331564000,4780000,0,2025
S090002257,예산세출,12550000,726246000,51975000,285229000,0,0,2025
S090002258,예산세출,3670000,303653000,35708000,246586000,0,0,2025
S090002259,예산세출,3760000,296839000,23597000,290046000,0,0,2025
S090002260,예산세출,3030000,792643000,68163000,389795000,0,0,2025
S090002262,예산세출,5070000,821194000,68967000,299972000,0,0,2025
S090002267,예산세출,2530000,506388000,22410000,351781000,0,0,2025
S090002269,예산세출,4650000,503869000,80050000,234378000,0,0,2025
S090002270,예산세출,5820000,486660000,49900000,286879000,0,0,2025
S090002271,예산세출,6835000,135990000,93332000,223738000,0,0,2025
S090002272,예산세출,8490000,1143759000,90163000,332141000,0,0,2025
S090002273,예산세출,6040000,399429000,66330000,258785000,0,0,2025
S090002274,예산세출,2000000,229608000,23710000,252862000,1200000,0,2025
S090002275,예산세출,2840000,713923000,61985000,338809000,0,0,2025
S090002276,예산세출,9440000,753605000,69552000,297126000,0,0,2025
S090002277,예산세출,5070000,241279000,22716000,259872000,0,0,2025
S090002278,예산세출,11072000,885905000,43700000,395529000,0,0,2025
S090002444,예산세출,9510000,621225000,52481000,273062000,0,0,2025
S090002445,예산세출,3930000,311805000,26153000,259164000,0,5040000,2025
S090002446,예산세출,17010000,707457000,55944000,377807000,0,3000000,2025
S090002447,예산세출,6550000,593854000,36363000,322253000,0,2000000,2025
S090002448,예산세출,3140000,571002000,52418000,334388000,0,19650000,2025
S090002449,예산세출,5350000,467857000,44707000,252650000,0,1160000,2025
S090002450,예산세출,7850000,654868000,41018000,314972000,0,0,2025
S090002451,예산세출,1950000,282709000,23210000,207749000,0,3000000,2025
S090002452,예산세출,6105000,695817000,53591000,383436000,0,960000,2025
S090002453,예산세출,5180000,609283000,50605000,280332000,0,820000,2025
S090002454,예산세출,9810000,349683000,27842000,280014000,0,39000,2025
S090002455,예산세출,6220000,651043000,84435000,292233000,0,2100000,2025
S090002456,예산세출,3050000,854311000,43690000,334058000,0,1000,2025
S090002457,예산세출,15500000,1249668000,124912000,302147000,1000000,0,2025
S090002458,예산세출,11900000,1049558000,109670000,388303000,0,0,2025
S090002459,예산세출,8450000,483743000,24817000,335542000,0,0,2025
S090002460,예산세출,5260000,339675000,44559000,243065000,0,170000,2025
S090002461,예산세출,12480000,696679000,66802000,319790000,0,0,2025
S090002462,예산세출,6500000,522600000,47034000,257786000,0,2500000,2025
S090002463,예산세출,7110000,1366035000,109190000,431925000,0,2131000,2025
S090002464,예산세출,8120000,648517000,41852000,313686000,0,500000,2025
S090002465,예산세출,6100000,511507000,94065000,333967000,0,2321000,2025
S090002466,예산세출,5905000,423698000,41472000,251044000,0,1577000,2025
S090002467,예산세출,3060000,474480000,38854000,253252000,0,1500000,2025
S090002468,예산세출,5900000,874898000,52283000,359126000,0,0,2025
S090002470,예산세출,10100000,1592417000,97304000,428876000,0,1600000,2025
S090002471,예산세출,4710000,612504000,41390000,299476000,0,2000000,2025
S090002472,예산세출,7550000,738041000,51990000,290157000,0,50000,2025
S090002473,예산세출,8100000,457243000,38682000,284010000,0,7000,2025
S090002474,예산세출,4100000,289933000,35531000,259597000,0,0,2025
S090002475,예산세출,7800000,424966000,39302000,303739000,0,1000000,2025
S090002477,예산세출,6090000,627028000,66399000,285304000,0,0,2025
S090002478,예산세출,10020000,341914000,42270000,365643000,0,100000,2025
S090002479,예산세출,8700000,820992000,72358000,390317000,0,0,2025
S090002480,예산세출,9090000,359774000,34366000,266467000,0,0,2025
S090002482,예산세출,5170000,352595000,62767000,254622000,0,0,2025
S090002483,예산세출,4820000,506587000,33419000,308682000,0,34000,2025
S090002484,예산세출,20370000,1223637000,88797000,264000000,0,100000,2025
S090002485,예산세출,6690000,756508000,64299000,319635000,0,125300000,2025
S090002486,예산세출,2200000,348054000,44047000,310914000,0,2840000,2025
S090002487,예산세출,10460000,1132335000,130645000,412230000,0,7500000,2025
S090002488,예산세출,9310000,1023523000,65742000,361095000,0,20000,2025
S090002489,예산세출,18230000,603058000,38100000,258416000,0,1000,2025
S090002490,예산세출,3316000,484698000,32466000,303497000,0,100000,2025
S090002491,예산세출,2800000,599706000,50062000,266795000,0,318000,2025
S090002492,예산세출,7570000,592384000,27800000,322746000,0,2500000,2025
S090002493,예산세출,3600000,315008000,37864000,257485000,0,0,2025
S090002494,예산세출,6550000,510126000,30673000,323171000,22000000,0,2025
S090002495,예산세출,9240000,537370000,43363000,275277000,0,249000,2025
S090002496,예산세출,8890000,607859000,32824000,286706000,1000000,0,2025
S090002497,예산세출,7790000,539715000,61206000,336563000,0,0,2025
S090002498,예산세출,4710000,1002482000,51758000,437759000,0,4310000,2025
S090002499,예산세출,7460000,550882000,41250000,307663000,0,132000,2025
S090002500,예산세출,7000000,1343737000,72867000,382374000,0,500000,2025
S090002501,예산세출,4500000,618822000,61690000,281909000,0,50000,2025
S090002502,예산세출,6230000,676521000,58390000,294386000,0,50000,2025
S090002503,예산세출,7460000,482134000,41625000,255486000,0,0,2025
S090002506,예산세출,11300000,466464000,36950000,304101000,0,2500000,2025
S090002507,예산세출,8170000,525420000,32683000,243900000,0,0,2025
S090002508,예산세출,7550000,584149000,33155000,281116000,0,0,2025
S090002509,예산세출,5790000,780793000,55346000,359968000,0,7479000,2025
S090002510,예산세출,1970000,552763000,57150000,314821000,0,50000,2025
S090002511,예산세출,6650000,857915000,64266000,375588000,0,23765000,2025
S090002512,예산세출,8360000,529094000,56257000,306899000,0,10100000,2025
S090002513,예산세출,6900000,967008000,56374000,373952000,0,3000000,2025
S090002514,예산세출,7750000,712825000,39055000,334872000,0,68918000,2025
S090002515,예산세출,5080000,357905000,57150000,276387000,0,2005000,2025
S090002516,예산세출,4350000,500349000,38099000,261355000,0,0,2025
S090002517,예산세출,5790000,453560000,47686000,272542000,0,0,2025
S090002518,예산세출,9032000,494630000,80248000,280515000,0,0,2025
S090002519,예산세출,10150000,852823000,53785000,341326000,0,0,2025
S090002520,예산세출,6480000,771788000,52959000,364680000,0,0,2025
S090002521,예산세출,9940000,241875000,23020000,276098000,0,0,2025
S090002522,예산세출,3080000,310611000,28616000,284901000,0,0,2025
S090002523,예산세출,990000,382683000,52304000,235633000,0,2000,2025
S090002524,예산세출,6620000,339481000,26753000,272145000,0,2100000,2025
S090002525,예산세출,3750000,391021000,29556000,325607000,0,178000,2025
S090002715,예산세출,6770000,548943000,53084000,294994000,0,0,2025
S090002716,예산세출,5600000,615181000,51344000,418448000,0,0,2025
S090002718,예산세출,9250000,469063000,40842000,300841000,0,0,2025
S090002719,예산세출,3830000,122568000,24720000,260645000,0,0,2025
S090002720,예산세출,8760000,600027000,85719000,299112000,0,0,2025
S090002721,예산세출,4980000,1341443000,97462000,481319000,0,0,2025
S090002722,예산세출,10640000,978602000,68104000,319907000,0,0,2025
S090002723,예산세출,2100000,713249000,40216000,336301000,0,0,2025
S090002724,예산세출,12160000,937698000,108199000,363034000,0,0,2025
S090002725,예산세출,9526000,479980000,39376000,309414000,0,0,2025
S090002726,예산세출,3370000,306132000,28257000,276037000,0,0,2025
S090002727,예산세출,10710000,199014000,22315000,258047000,23140000,2000000,2025
S090002729,예산세출,8710000,170655000,24311000,220905000,0,0,2025
S090002730,예산세출,12730000,288135000,51643000,197813000,0,0,2025
S090002731,예산세출,7110000,478425000,48569000,314272000,0,0,2025
S090002732,예산세출,7700000,457782000,39697000,286243000,0,0,2025
S090002733,예산세출,4780000,569131000,80239000,320137000,0,0,2025
S090002734,예산세출,660000,289513000,14836000,277469000,0,0,2025
S090002735,예산세출,8700000,488654000,59776000,286803000,0,0,2025
S090002736,예산세출,5380000,481614000,22602000,278159000,0,0,2025
S090002737,예산세출,2650000,200079000,37039000,291813000,3000000,0,2025
S090002738,예산세출,3330000,326780000,35889000,329235000,0,0,2025
S090002739,예산세출,7000000,932190000,70125000,407649000,0,0,2025
S090002740,예산세출,12930000,902753000,56735000,412192000,0,0,2025
S090002741,예산세출,10670000,733484000,81616000,295596000,0,0,2025
S090002742,예산세출,11020000,739037000,54161000,334530000,0,0,2025
S090002743,예산세출,2490000,439285000,39590000,373876000,0,0,2025
S090002744,예산세출,9950000,969184000,77316000,377105000,0,0,2025
S090002745,예산세출,5700000,668498000,44459000,426107000,0,0,2025
S090002746,예산세출,6350000,727082000,73192000,306578000,0,0,2025
S090002747,예산세출,9100000,481661000,68277000,307730000,0,0,2025
S090002749,예산세출,6100000,698549000,49520000,361209000,0,0,2025
S090002750,예산세출,4660000,430971000,45635000,292727000,0,0,2025
S090002751,예산세출,4000000,309808000,38200000,288938000,0,0,2025
S090002752,예산세출,6500000,680406000,91902000,328429000,0,0,2025
S090002753,예산세출,8650000,798996000,45374000,339350000,0,0,2025
S090002755,예산세출,10940000,536402000,65189000,356041000,0,0,2025
S090002756,예산세출,2920000,606196000,74670000,262062000,0,40000000,2025
S090002757,예산세출,9180000,589839000,63860000,287694000,0,0,2025
S090002758,예산세출,8050000,669191000,36864000,316081000,0,0,2025
S090002759,예산세출,5930000,510815000,45908000,347841000,0,0,2025
S090002760,예산세출,4670000,505082000,61243000,280509000,0,0,2025
S090002761,예산세출,11735000,638116000,72447000,301624000,0,0,2025
S090002762,예산세출,2969000,714450000,35970000,380941000,0,0,2025
S090002764,예산세출,3480000,380250000,36284000,270092000,0,0,2025
S090002765,예산세출,6450000,539202000,48053000,305706000,0,0,2025
S090002766,예산세출,5680000,546212000,45907000,288819000,0,0,2025
S090002767,예산세출,9800000,948128000,79519000,312988000,0,0,2025
S090002768,예산세출,8200000,1072183000,57392000,367162000,0,0,2025
S090002769,예산세출,9874000,860649000,97017000,372697000,0,0,2025
S090002770,예산세출,9740000,749707000,46361000,294865000,0,0,2025
S090002771,예산세출,3060000,919476000,69135000,330010000,0,0,2025
S090002772,예산세출,5330000,297934000,43048000,296385000,0,150000,2025
S090002773,예산세출,14880000,752363000,59949000,356771000,0,0,2025
S090002774,예산세출,4360000,346369000,35759000,285511000,0,0,2025
S090002775,예산세출,7920000,442293000,53308000,276741000,0,0,2025
S090002776,예산세출,6700000,807822000,50956000,330595000,0,0,2025
S090002778,예산세출,9940000,781289000,81058000,335135000,0,0,2025
S090002779,예산세출,6990000,1134715000,67430000,412302000,0,0,2025
S090002780,예산세출,4850000,829852000,140396000,354799000,1560000,0,2025
S090002781,예산세출,5009000,741808000,66358000,282947000,0,10000,2025
S090002782,예산세출,11550000,905500000,60990000,440709000,0,0,2025
S090002783,예산세출,4443000,435442000,26096000,291319000,0,0,2025
S090002784,예산세출,3060000,499797000,34520000,311204000,0,0,2025
S090002786,예산세출,8630000,1342066000,70020000,505774000,0,0,2025
S090002787,예산세출,5770000,986613000,69676000,426357000,0,80000,2025
S090002788,예산세출,8500000,757141000,60642000,323468000,0,0,2025
S090002789,예산세출,3450000,181072000,34398000,240839000,0,0,2025
S090002790,예산세출,3350000,319948000,26763000,352379000,0,0,2025
S090002791,예산세출,5660000,522902000,37842000,303633000,0,0,2025
S090002792,예산세출,7800000,1225697000,72632000,386814000,0,0,2025
S090002793,예산세출,3680000,538109000,79531000,325516000,0,0,2025
S090002927,예산세출,4660000,459745000,30444000,227060000,0,0,2025
S090002928,예산세출,7940000,98330000,22054000,231724000,0,0,2025
S090002929,예산세출,6450000,97618000,20011000,219217000,0,0,2025
S090002931,예산세출,15160000,1658314000,101328000,466237000,2000000,0,2025
S090002933,예산세출,5300000,304972000,28090000,288326000,0,0,2025
S090002934,예산세출,6260000,99897000,29734000,219759000,0,0,2025
S090002935,예산세출,7200000,277281000,35583000,388050000,0,0,2025
S090002936,,0,0,0,0,0,0,2025
S090002937,예산세출,2650000,356805000,29890000,365751000,0,0,2025
S090002938,예산세출,8200000,151548000,17139000,198452000,0,0,2025
S090002940,예산세출,9575000,212953000,28797000,264124000,0,0,2025
S090002941,예산세출,5740000,102463000,12820000,197433000,0,0,2025
S090002942,예산세출,13950000,126354000,20590000,190266000,0,0,2025
S090002943,예산세출,9810000,505269000,64394000,318837000,0,0,2025
S090002944,예산세출,6420000,470118000,33020000,221150000,0,0,2025
S090002945,예산세출,5720000,413832000,38067000,204275000,0,0,2025
S090002947,예산세출,14430000,1122347000,92308000,356886000,0,0,2025
S090002948,예산세출,6725000,147562000,14710000,187558000,0,0,2025
S090002949,예산세출,6810000,123193000,37911000,204759000,0,0,2025
S090002950,예산세출,6260000,1167189000,96046000,445220000,0,0,2025
S090002951,예산세출,9170000,75561000,34388000,165713000,0,0,2025
S090002952,예산세출,6850000,473522000,50642000,226404000,0,0,2025
S090002954,예산세출,4660000,106424000,45172000,233954000,0,0,2025
S090002956,예산세출,9550000,619456000,82160000,325761000,0,0,2025
S090002957,예산세출,6090000,488138000,19223000,118771000,1000000,0,2025
S090002959,예산세출,18647000,855512000,62706000,371704000,1500000,0,2025
S090002960,예산세출,10760000,722351000,56178000,314368000,0,0,2025
S090002961,예산세출,7530000,279039000,22892000,239306000,0,0,2025
S090002963,예산세출,4950000,330567000,25876000,274341000,17000000,0,2025
S090002967,예산세출,11640000,408611000,43619000,245617000,0,0,2025
S090002968,예산세출,5490000,77512000,23134000,211002000,0,0,2025
S090002969,예산세출,5720000,101700000,18880000,172978000,0,0,2025
S090003042,예산세출,2100000,676827000,55674000,365377000,0,0,2025
S090003043,예산세출,4500000,556579000,90815000,324331000,0,0,2025
S090003044,예산세출,5070000,486669000,55806000,335579000,0,0,2025
S090003045,예산세출,16580000,1587371000,68303000,493430000,0,100000,2025
S090003046,예산세출,7900000,251744000,25100000,227874000,8300000,0,2025
S090003047,예산세출,4580000,871814000,89794000,450242000,0,500000,2025
S090003049,예산세출,2300000,586331000,59079000,310269000,0,0,2025
S090003050,예산세출,7530000,433890000,46756000,361077000,0,0,2025
S090003051,예산세출,8340000,326851000,54528000,288239000,0,150000,2025
S090003052,예산세출,13400000,1892135000,158356000,517156000,0,0,2025
S090003053,예산세출,6060000,540314000,69250000,306956000,0,0,2025
S090003054,예산세출,11185000,916379000,66404000,387335000,0,200000,2025
S090003055,예산세출,7360000,713254000,66738000,395440000,0,0,2025
S090003056,예산세출,6390000,798148000,80447000,293670000,0,0,2025
S090003057,예산세출,13930000,718258000,56276000,413323000,0,0,2025
S090003060,예산세출,7700000,501671000,58061000,297876000,0,0,2025
S090003061,예산세출,8330000,793995000,43008000,364255000,0,0,2025
S090003062,예산세출,9550000,952105000,92500000,381824000,0,0,2025
S090003063,예산세출,8100000,425686000,36848000,351509000,0,4000000,2025
S090003065,예산세출,8730000,562716000,51280000,327912000,0,50000,2025
S090003066,예산세출,5000000,269058000,62219000,261655000,0,0,2025
S090003067,예산세출,5630000,484042000,44718000,214222000,0,0,2025
S090003068,예산세출,13235000,1290051000,78605000,373326000,0,0,2025
S090003069,예산세출,8840000,939890000,71490000,370713000,0,0,2025
S090003070,예산세출,8410000,567056000,36441000,365870000,0,0,2025
S090003071,예산세출,13540000,697670000,82713000,299672000,0,0,2025
S090003072,예산세출,4090000,441943000,34900000,330038000,0,100000,2025
S090003073,예산세출,8700000,795329000,88470000,312339000,0,0,2025
S090003074,예산세출,7268000,412758000,49791000,257570000,0,100000,2025
S090003075,예산세출,11350000,728412000,75374000,360579000,0,0,2025
S090003076,예산세출,7590000,1233638000,67510000,304257000,0,300000,2025
S090003077,예산세출,8200000,583809000,58364000,351322000,0,0,2025
S090003079,예산세출,4210000,747704000,68769000,307467000,0,0,2025
S090003080,예산세출,4460000,661545000,52541000,341386000,0,0,2025
S090003082,예산세출,9900000,880492000,115445000,355629000,20000000,0,2025
S090003083,예산세출,11610000,1181883000,95962000,414989000,0,0,2025
S090003084,예산세출,9210000,841716000,27192000,319036000,0,0,2025
S090003085,예산세출,10260000,1088342000,67780000,458502000,0,0,2025
S090003086,예산세출,6060000,1511542000,64167000,476811000,0,0,2025
S090003088,예산세출,8450000,231921000,26602000,292600000,0,0,2025
S090003216,예산세출,14070000,164063000,38278000,315502000,0,0,2025
S090003217,예산세출,11702000,62631000,18954000,262786000,0,0,2025
S090003218,예산세출,4508000,56417000,28946000,222604000,0,0,2025
S090003220,예산세출,3965000,87855000,23176000,196620000,0,0,2025
S090003223,예산세출,10630000,147179000,73662000,346388000,0,0,2025
S090003230,예산세출,7764000,167314000,31570000,235803000,0,0,2025
S090003240,예산세출,15493000,596570000,47579000,267967000,0,0,2025
S090003244,예산세출,5690000,170279000,23364000,219340000,0,0,2025
S090003245,예산세출,7985000,63023000,21186000,228083000,0,0,2025
S090003247,예산세출,16182000,241979000,28484000,338970000,0,0,2025
S090003248,,0,0,0,0,0,0,2025
S090003251,예산세출,7964000,71765000,8343000,235639000,0,0,2025
S090003252,예산세출,7500000,92920000,39394000,292319000,0,0,2025
S090003253,예산세출,4010000,112346000,18394000,199712000,0,0,2025
S090003255,예산세출,8140000,572844000,75072000,299391000,0,0,2025
S090003257,예산세출,7810000,150777000,92069000,451805000,0,0,2025
S090003259,예산세출,4800000,283745000,34154000,249006000,0,0,2025
S090003261,예산세출,7350000,103003000,15562000,227536000,0,0,2025
S090003262,예산세출,7890000,58398000,21410000,235993000,0,0,2025
S090003267,예산세출,6952000,295439000,17820000,293565000,0,0,2025
S090003268,예산세출,5890000,52118000,31020000,251246000,0,0,2025
S090003270,예산세출,5300000,136462000,21785000,212676000,0,0,2025
S090003326,예산세출,8820000,593287000,50550000,283384000,0,500000,2025
S090003328,예산세출,5740000,159773000,18380000,245620000,0,30000,2025
S090003333,예산세출,7550000,103207000,18906000,202008000,0,400000,2025
S090003335,예산세출,8710000,130116000,15598000,247874000,0,0,2025
S090003336,예산세출,4840000,417881000,59900000,192645000,0,21871000,2025
S090003338,예산세출,5330000,302184000,14630000,220848000,0,0,2025
S090003340,예산세출,1380000,85797000,21274000,176761000,0,10000,2025
S090003341,예산세출,5597000,112580000,18364000,232816000,10000000,0,2025
S090003342,예산세출,4340000,68203000,52381000,422871000,0,60000,2025
S090003343,,0,0,0,0,0,0,2025
S090003346,예산세출,4130000,169920000,34217000,246941000,0,10000,2025
S090003348,예산세출,5030000,109413000,23300000,176982000,0,10000,2025
S090003349,예산세출,3890000,24967000,29488000,162349000,15000000,100000,2025
S090003351,예산세출,11624000,596191000,63746000,447014000,0,0,2025
S090003352,예산세출,5070000,851910000,36280000,333418000,0,100000,2025
S090003353,예산세출,1720000,37619000,15172000,276282000,0,0,2025
S090003354,예산세출,3150000,42679000,13675000,251414000,0,1000,2025
S090003355,예산세출,6884000,1080621000,74971000,503749000,0,100000,2025
S090003358,예산세출,3850000,55514000,46232000,302155000,0,1789000,2025
S090003359,,0,0,0,0,0,0,2025
S090003360,예산세출,3060000,226344000,14470000,257287000,0,0,2025
S090003363,예산세출,4810000,278803000,58660000,283896000,1000000,300000,2025
S090003365,예산세출,3814000,264739000,19980000,244187000,0,1000,2025
S090003368,예산세출,2350000,94651000,20658000,232541000,22579000,0,2025
S090003414,예산세출,4910000,147342000,30010000,184487000,0,0,2025
S090003417,예산세출,5660000,44256000,28773000,204824000,0,0,2025
S090003419,예산세출,11700000,149427000,24250000,198051000,0,0,2025
S090003423,예산세출,3350000,62261000,26409000,204809000,0,0,2025
S090003424,예산세출,7670000,193161000,24357000,178224000,9784000,0,2025
S090003426,예산세출,4000000,45586000,17483000,219658000,0,0,2025
S090003428,예산세출,2160000,74783000,19885000,186228000,300000,0,2025
S090003429,예산세출,4720000,170297000,25466000,216995000,0,0,2025
S090003431,예산세출,2990000,130911000,43540000,236883000,0,0,2025
S090003437,예산세출,6210000,73777000,31673000,216991000,0,0,2025
S090003438,예산세출,11700000,615155000,111606000,360574000,1100000,0,2025
S090003441,예산세출,3800000,241325000,25800000,226834000,0,0,2025
S090003442,예산세출,13660000,48483000,54070000,191482000,0,0,2025
S090003495,예산세출,8430000,351304000,47640000,254829000,0,0,2025
S090003496,예산세출,12260000,585655000,63312000,384210000,0,0,2025
S090003497,예산세출,3200000,244385000,210888000,275746000,0,0,2025
S090003498,예산세출,7350000,513530000,44588000,284523000,0,0,2025
S090003499,예산세출,6957000,750673000,67158000,308292000,0,0,2025
S090003500,예산세출,4200000,330797000,36360000,256498000,0,0,2025
S090003501,예산세출,11075000,1638171000,119320000,461807000,0,0,2025
S090003502,예산세출,6240000,172559000,41876000,211094000,0,7256000,2025
S090003504,예산세출,11021000,32369000,9948000,260205000,0,0,2025
S090003505,예산세출,12160000,939707000,80702000,295392000,0,0,2025
S090003506,예산세출,7250000,592134000,33584000,344975000,0,0,2025
S090003507,예산세출,8280000,414978000,32719000,266624000,0,0,2025
S090003508,예산세출,1630000,525372000,38250000,313965000,0,0,2025
S090003509,예산세출,8500000,1307169000,88340000,414020000,0,0,2025
S090003511,예산세출,7800000,800488000,87529000,297995000,0,0,2025
S090003512,예산세출,1990000,64620000,29719000,305529000,0,0,2025
S090003513,예산세출,4300000,691142000,69566000,186175000,0,0,2025
S090003514,예산세출,5880000,211113000,36856000,250847000,0,0,2025
S090003515,예산세출,3450000,91891000,47244000,194095000,0,1100000,2025
S090003516,예산세출,2090000,342172000,25828000,470770000,0,0,2025
S090003517,,0,0,0,0,0,0,2025
S090003518,예산세출,4000000,278790000,22444000,277733000,0,0,2025
S090003519,예산세출,3450000,812579000,58654000,353643000,0,0,2025
S090003520,예산세출,8955000,695123000,60370000,299376000,235125000,0,2025
S090003521,예산세출,5800000,513608000,38870000,347420000,0,0,2025
S090003522,예산세출,4720000,545653000,49248000,356970000,0,0,2025
S090003523,예산세출,13390000,1097465000,110650000,372854000,0,0,2025
S090003524,예산세출,7255000,639461000,28576000,391072000,0,0,2025
S090003525,예산세출,5400000,740394000,82932000,402741000,0,0,2025
S090003526,예산세출,4700000,608028000,42385000,385722000,188374000,0,2025
S090003527,예산세출,7600000,936654000,59397000,387097000,0,0,2025
S090003528,예산세출,10080000,528425000,37576000,351381000,0,0,2025
S090003529,예산세출,9661000,729892000,31866000,383366000,300000,0,2025
S090003530,예산세출,4700000,423654000,24894000,257957000,0,0,2025
S090003532,예산세출,12420000,1994053000,103767000,498550000,0,0,2025
S090003534,예산세출,4850000,1137251000,73673000,372428000,0,0,2025
S090003535,예산세출,3450000,681066000,38060000,379350000,0,0,2025
S090003536,예산세출,13100000,832975000,40494000,366800000,0,0,2025
S090003537,예산세출,6600000,1061019000,79492000,337599000,600000,0,2025
S090003539,예산세출,8210000,633638000,45960000,330678000,0,0,2025
S090003540,예산세출,11150000,852129000,81512000,329698000,0,0,2025
S090003541,예산세출,3820000,575837000,72851000,271102000,0,0,2025
S090003542,예산세출,9010000,906589000,81086000,313690000,0,0,2025
S090003543,예산세출,4220000,660211000,80111000,298396000,0,0,2025
S090003544,예산세출,3190000,875373000,51298000,357596000,0,2000,2025
S090003545,예산세출,1320000,399324000,49047000,274603000,0,0,2025
S090003546,예산세출,4938000,261157000,23653000,252068000,0,0,2025
S090003547,예산세출,6800000,393617000,24950000,214035000,200000,0,2025
S090003550,예산세출,6680000,828868000,62900000,342334000,0,0,2025
S090003551,예산세출,4490000,93950000,42076000,212241000,0,0,2025
S090003552,예산세출,13380000,786653000,98530000,404268000,0,0,2025
S090003553,예산세출,2720000,361975000,72526000,243052000,0,0,2025
S090003554,예산세출,5170000,265241000,30537000,250645000,0,0,2025
S090003555,예산세출,3120000,328793000,30630000,312196000,0,0,2025
S090003556,예산세출,10950000,1181976000,73269000,361974000,0,0,2025
S090003558,예산세출,8120000,820539000,65576000,345353000,0,0,2025
S090003559,예산세출,9000000,636937000,62244000,359887000,1100000,0,2025
S090003560,예산세출,10800000,1033084000,128942000,369828000,0,0,2025
S090003561,예산세출,5850000,890168000,51741000,380124000,0,0,2025
S090003562,예산세출,5540000,296101000,46782000,236203000,0,0,2025
S090003563,예산세출,3855000,632196000,36429000,385014000,0,0,2025
S090003656,예산세출,5550000,987324000,87444000,388360000,3000000,0,2025
S090003657,예산세출,9425000,1026425000,61160000,248150000,46628000,50000,2025
S090003658,예산세출,17550000,1266421000,87550000,513166000,0,0,2025
S090003659,예산세출,3534000,336103000,47528000,297792000,0,1121000,2025
S090003660,예산세출,4440000,712003000,47230000,260304000,0,0,2025
S090003661,예산세출,6370000,625737000,31684000,306274000,0,0,2025
S090003662,예산세출,6700000,836658000,117943000,330885000,0,0,2025
S090003663,예산세출,6440000,672039000,53254000,269085000,0,600000,2025
S090003664,예산세출,11000000,604557000,44868000,299828000,0,231000,2025
S090003665,예산세출,9650000,972132000,51689000,392330000,0,0,2025
S090003666,예산세출,15050000,779515000,56008000,337511000,0,0,2025
S090003667,예산세출,10220000,927879000,81979000,307174000,0,0,2025
S090003669,예산세출,8210000,598316000,52272000,323103000,0,0,2025
S090003670,예산세출,9680000,237572000,36320000,291069000,0,0,2025
S090003671,예산세출,5210000,773334000,52620000,357079000,0,100000,2025
S090003673,예산세출,8490000,731978000,49804000,348843000,0,266000,2025
S090003674,예산세출,7110000,538904000,46338000,317688000,0,653000,2025
S090003675,예산세출,7960000,633396000,43498000,301104000,0,2340000,2025
S090003676,예산세출,8060000,805512000,53902000,326676000,2080000,100000,2025
S090003677,예산세출,11300000,674032000,83400000,281410000,0,551000,2025
S090003678,예산세출,3450000,352004000,31576000,295844000,0,32000,2025
S090003679,예산세출,3780000,560842000,34934000,272667000,0,460000,2025
S090003680,예산세출,4530000,448956000,75960000,241378000,0,10000,2025
S090003681,예산세출,12060000,443740000,62072000,267368000,0,0,2025
S090003682,예산세출,5000000,1134507000,138122000,383024000,0,0,2025
S090003685,예산세출,6600000,582885000,67954000,269793000,0,0,2025
S090003686,예산세출,5680000,639482000,56330000,308540000,0,0,2025
S090003758,예산세출,4966000,159678000,14200000,259890000,0,0,2025
S090003760,예산세출,5750000,31558000,12815000,230282000,0,0,2025
S090003762,예산세출,7430000,247616000,32096000,249443000,0,0,2025
S090003763,예산세출,5600000,467985000,53410000,295034000,0,0,2025
S090003764,예산세출,3770000,90099000,29164000,272710000,0,0,2025
S090003766,예산세출,0,1077357000,97796000,342989000,0,0,2025
S090003772,예산세출,7900000,276586000,26400000,221169000,0,0,2025
S090003774,예산세출,6760000,420094000,48236000,300350000,0,0,2025
S090003776,예산세출,7970000,1089932000,66692000,402897000,0,0,2025
S090003777,예산세출,6188000,61220000,24168000,219901000,0,0,2025
S090003778,예산세출,2820000,97286000,10510000,172737000,0,0,2025
S090003779,예산세출,6770000,651398000,45570000,295298000,0,0,2025
S090003780,예산세출,12610000,142740000,69342000,377574000,0,0,2025
S090003781,예산세출,9950000,1065080000,58710000,408796000,0,0,2025
S090003782,예산세출,8750000,823529000,90720000,360988000,0,50000,2025
S090003784,예산세출,3660000,316501000,27500000,168021000,0,10000,2025
S090003786,예산세출,8480000,216198000,19499000,290833000,0,0,2025
S090003787,예산세출,10200000,439560000,51932000,347633000,0,0,2025
S090003788,예산세출,8804000,127077000,25326000,178571000,0,0,2025
S090003789,예산세출,8350000,39721000,17028000,219713000,0,0,2025
S090003790,예산세출,4350000,1044833000,73283000,403824000,0,0,2025
S090003791,예산세출,5300000,418170000,71160000,346214000,0,0,2025
S090003792,예산세출,6550000,193530000,24410000,156336000,0,0,2025
S090003793,예산세출,5600000,276303000,13360000,234595000,0,0,2025
S090003794,예산세출,7880000,598892000,35740000,297271000,0,0,2025
S090003795,예산세출,8570000,312892000,26986000,188716000,0,0,2025
S090003798,예산세출,6060000,101223000,29747000,221659000,0,0,2025
S090003799,예산세출,9035000,606668000,77275000,342431000,0,0,2025
S090003800,예산세출,7170000,259748000,30458000,247118000,0,0,2025
S090003876,예산세출,3875000,53220000,11781000,244783000,0,0,2025
S090003877,예산세출,10310000,431506000,31042000,222440000,0,0,2025
S090003878,예산세출,2320000,63943000,28110000,265502000,0,0,2025
S090003879,예산세출,6220000,97863000,37922000,204553000,0,0,2025
S090003881,예산세출,9900000,560824000,143071000,382489000,0,0,2025
S090003882,예산세출,6700000,558322000,52032000,306336000,0,45000,2025
S090003883,예산세출,6030000,286000000,20844000,260232000,0,0,2025
S090003884,예산세출,9665000,107981000,31179000,142051000,0,0,2025
S090003885,예산세출,5750000,101491000,24450000,231130000,0,0,2025
S090003886,예산세출,6120000,117797000,24876000,228979000,0,14000,2025
S090003887,예산세출,2180000,395194000,25735000,256101000,0,0,2025
S090003888,예산세출,5620000,66384000,33706000,195594000,0,0,2025
S090003889,예산세출,11400000,699030000,32917000,336595000,0,300000,2025
S090003890,예산세출,8980000,817752000,44293000,403994000,0,0,2025
S090003892,예산세출,35250000,541467000,39967000,299081000,0,0,2025
S090003893,예산세출,4820000,127080000,14748000,215993000,0,0,2025
S090003894,예산세출,6840000,402536000,36510000,275009000,0,0,2025
S090003896,예산세출,3830000,39632000,34118000,259284000,0,0,2025
S090003897,예산세출,3000000,309574000,30880000,225341000,0,0,2025
S090003898,예산세출,5570000,50687000,30111000,171561000,19835000,0,2025
S090003900,예산세출,9760000,43002000,33073000,228481000,0,0,2025
S090003901,예산세출,6440000,312835000,19176000,221972000,0,100000,2025
S090003903,예산세출,6210000,33084000,19316000,213504000,0,0,2025
S090003904,예산세출,6190000,404191000,15700000,272733000,0,0,2025
S090003905,예산세출,7820000,115649000,38000000,211686000,0,0,2025
S090003906,예산세출,4930000,132425000,15370000,239573000,0,0,2025
S090003908,예산세출,4000000,60552000,24315000,204317000,0,0,2025
S090003909,예산세출,10000000,1364748000,40970000,444556000,0,0,2025
S090003911,예산세출,4650000,502705000,24305000,299012000,1200000,0,2025
S090003913,예산세출,7220000,822538000,55953000,409899000,0,0,2025
S090003914,예산세출,13140000,1835780000,63120000,470919000,0,0,2025
S090003915,예산세출,4320000,97697000,23691000,218602000,0,0,2025
S090003916,예산세출,2700000,695509000,31386000,327336000,0,0,2025
S090003917,예산세출,2910000,71938000,24218000,190911000,0,0,2025
S090003919,예산세출,3975000,391368000,29897000,391585000,0,0,2025
S090003920,예산세출,8200000,752519000,28755000,405432000,0,0,2025
S090003921,예산세출,7500000,969369000,43890000,375701000,0,0,2025
S090003922,예산세출,9430000,282265000,29080000,245977000,15000000,0,2025
S090003923,예산세출,1810000,131986000,45042000,213017000,0,0,2025
S090004009,예산세출,7540000,30209000,19649000,196800000,0,0,2025
S090004010,예산세출,2840000,287985000,33412000,272609000,0,0,2025
S090004011,예산세출,8270000,120171000,19262000,204896000,0,0,2025
S090004013,예산세출,13910000,1733446000,98179000,498329000,0,0,2025
S090004015,예산세출,4000000,330253000,32700000,240599000,0,0,2025
S090004017,예산세출,3470000,322517000,19869000,301813000,0,0,2025
S090004022,예산세출,7860000,726498000,61377000,276226000,0,0,2025
S090004023,예산세출,11850000,944899000,44922000,371747000,0,0,2025
S090004024,예산세출,2980000,235797000,20204000,241881000,0,0,2025
S090004025,예산세출,5310000,376612000,52406000,295816000,4500000,0,2025
S090004027,예산세출,8230000,317457000,25931000,234248000,0,0,2025
S090004029,예산세출,4370000,38638000,72892000,183564000,0,0,2025
S090004030,예산세출,3760000,221510000,51665000,352121000,0,0,2025
S090004031,예산세출,8620000,145485000,46046000,375549000,0,0,2025
S090004033,,0,0,0,0,0,0,2025
S090004035,예산세출,6800000,640812000,89483000,348466000,0,0,2025
S090004036,예산세출,7600000,798910000,42506000,387382000,150000,0,2025
S090004037,예산세출,6125000,867915000,98300000,391616000,0,0,2025
S090004038,예산세출,11880000,438122000,39830000,329869000,0,0,2025
S090004039,예산세출,3480000,343438000,19790000,296516000,0,0,2025
S090004040,예산세출,9570000,233018000,30826000,241435000,0,0,2025
S090004042,예산세출,6530000,419101000,60822000,286319000,0,0,2025
S090004043,예산세출,5810000,49552000,16428000,215933000,0,0,2025
S090004044,예산세출,6060000,455184000,30724000,240937000,0,0,2025
S090004045,예산세출,7208000,304893000,49186000,269469000,0,100000,2025
S090004046,예산세출,1800000,698378000,60676000,328967000,0,0,2025
S090004047,예산세출,12060000,992447000,62630000,396468000,0,0,2025
S090004049,예산세출,5140000,351728000,43850000,241386000,0,0,2025
S090004052,예산세출,6488000,656312000,67823000,329349000,0,0,2025
S090004053,예산세출,3400000,196510000,45874000,358252000,0,0,2025
S090004054,,0,0,0,0,0,0,2025
S090004055,예산세출,6750000,111874000,24562000,201791000,0,0,2025
S090004056,예산세출,10430000,451195000,23410000,231258000,0,0,2025
S090004057,예산세출,3840000,449998000,15476000,235552000,0,0,2025
S090004058,예산세출,7250000,591752000,49392000,326971000,0,0,2025
S090004059,예산세출,10930000,355316000,18740000,275786000,0,300000,2025
S090004060,예산세출,14580000,241301000,24592000,268894000,0,0,2025
S090004061,예산세출,2180000,577790000,35414000,335653000,0,0,2025
S090004062,예산세출,6910000,299453000,18869000,284014000,0,0,2025
S090004063,예산세출,2900000,259955000,21630000,221871000,0,0,2025
S090004064,예산세출,3780000,278257000,54854000,424640000,0,0,2025
S090004065,,0,0,0,0,0,0,2025
S090004066,예산세출,11535000,746071000,27806000,397245000,0,0,2025
S090004067,예산세출,7430000,131852000,35436000,215606000,0,0,2025
S090004068,예산세출,2750000,459171000,36088000,354232000,0,0,2025
S090004176,예산세출,8474000,275781000,22049000,257648000,0,0,2025
S090004177,예산세출,4030000,121382000,21015000,175758000,0,6000000,2025
S090004180,예산세출,16084000,362350000,19783000,157468000,0,0,2025
S090004183,예산세출,8282000,113917000,19138000,200100000,0,0,2025
S090004189,예산세출,5780000,360484000,38373000,324145000,0,0,2025
S090004190,예산세출,2280000,400762000,30027000,312118000,0,1000000,2025
S090004191,예산세출,2700000,279582000,28380000,230262000,0,0,2025
S090004193,예산세출,2880000,520480000,22888000,281270000,0,30000000,2025
S090004198,예산세출,5530000,466587000,67174000,357654000,0,0,2025
S090004199,예산세출,2870000,325860000,21193000,220545000,0,25000,2025
S090004200,예산세출,5650000,78484000,21830000,236488000,5000000,0,2025
S090004201,예산세출,8300000,97081000,24874000,210703000,0,2546000,2025
S090004202,예산세출,3550000,165102000,32841000,233196000,7920000,0,2025
S090004203,예산세출,4460000,311341000,42638000,229322000,0,0,2025
S090004204,예산세출,7720000,502930000,37850000,276941000,0,30000,2025
S090004205,예산세출,9500000,199971000,34580000,202619000,5000000,0,2025
S090004208,예산세출,11455000,79100000,21350000,164939000,0,266000,2025
S090004209,예산세출,8650000,88832000,21899000,218501000,0,0,2025
S090004210,예산세출,3340000,287780000,11315000,233316000,0,0,2025
S090004211,예산세출,4850000,790113000,44656000,359413000,0,200000,2025
S090004212,예산세출,4550000,124527000,17400000,232789000,0,0,2025
S090004213,예산세출,2510000,114355000,11668000,211637000,0,2800000,2025
S090004214,예산세출,5100000,68156000,9883000,223311000,0,13000,2025
S090004215,예산세출,8320000,931680000,50569000,319528000,0,13363000,2025
S090004216,예산세출,3630000,116285000,15368000,198457000,0,0,2025
S090004282,예산세출,7500000,195134000,22177000,261322000,900000,0,2025
S090004283,예산세출,8450000,119092000,36382000,198756000,0,0,2025
S090004284,예산세출,5920000,108185000,40602000,219800000,0,0,2025
S090004286,예산세출,9980000,132227000,44946000,250044000,0,0,2025
S090004287,예산세출,15870000,615072000,84560000,308099000,28653000,20000,2025
S090004288,예산세출,6090000,450104000,51935000,287318000,0,0,2025
S090004289,예산세출,4740000,103543000,35640000,190307000,0,0,2025
S090004292,예산세출,12900000,978519000,151492000,360571000,0,0,2025
S090004294,예산세출,9350000,571709000,61798000,386862000,8579000,0,2025
S090004296,예산세출,4080000,218788000,53216000,222062000,0,0,2025
S090004297,예산세출,3580000,103851000,39172000,174264000,0,0,2025
S090004301,예산세출,3240000,215710000,50512000,264586000,0,0,2025
S090004302,예산세출,5080000,521417000,39168000,358241000,0,0,2025
S090004304,예산세출,6500000,432429000,54384000,269346000,0,0,2025
S090004305,예산세출,4550000,197344000,23108000,296961000,0,0,2025
S090004306,예산세출,8590000,888785000,52716000,401894000,0,0,2025
S090004308,예산세출,9100000,173256000,28496000,268442000,0,0,2025
S090004310,예산세출,4880000,84613000,23074000,205779000,0,10000,2025
S090004312,예산세출,9540000,572541000,41709000,371671000,0,0,2025
S090004313,예산세출,5050000,148006000,23236000,243679000,0,0,2025
S090004315,예산세출,2440000,158723000,35044000,272880000,0,0,2025
S090004317,예산세출,9740000,208974000,35106000,268654000,0,0,2025
S090004318,예산세출,6700000,301525000,34937000,317189000,0,0,2025
S090004319,예산세출,5670000,100106000,21730000,178091000,0,0,2025
S090004320,예산세출,3690000,245865000,27775000,276197000,0,0,2025
S090004321,예산세출,11454000,804491000,61570000,389044000,0,0,2025
S090004322,예산세출,4940000,122352000,28690000,253109000,0,200000,2025
S090004324,예산세출,6540000,155330000,37848000,128022000,200000,0,2025
S090004325,예산세출,21200000,727456000,67573000,281842000,0,0,2025
S090004326,예산세출,9520000,207773000,23905000,242436000,0,10000,2025
S090004328,예산세출,6110000,527935000,54147000,355603000,0,0,2025
S090004329,예산세출,4050000,329235000,43531000,272772000,0,0,2025
S090004330,예산세출,8130000,646522000,47781000,332725000,0,0,2025
S090004331,예산세출,11940000,603299000,56213000,317639000,0,0,2025
S090004333,예산세출,3960000,112771000,24789000,209955000,1200000,30000,2025
S090004336,예산세출,6840000,288665000,22758000,297720000,0,0,2025
S090004337,예산세출,3540000,94933000,49609000,225519000,0,0,2025
S090004340,예산세출,1190000,106296000,13742000,244411000,0,0,2025
S090004341,예산세출,1350000,109881000,28313000,235975000,0,0,2025
S090004344,예산세출,7900000,239209000,45807000,333592000,0,35000,2025
S090004345,,0,0,0,0,0,0,2025
S090004347,예산세출,3950000,95207000,26770000,258858000,0,0,2025
S090004348,예산세출,5668000,76775000,28255000,185104000,0,0,2025
S090004349,예산세출,12560000,758242000,46984000,395116000,0,0,2025
S090004350,예산세출,9515000,314322000,22463000,285275000,200000,0,2025
S090004351,예산세출,3940000,183234000,33827000,263160000,0,0,2025
S090004352,예산세출,4200000,114789000,18202000,191045000,10000000,0,2025
S090004353,예산세출,2100000,844949000,77999000,455289000,0,40000,2025
S090004354,예산세출,5300000,396123000,27216000,288007000,0,0,2025
S090004355,,0,0,0,0,0,0,2025
S090004356,예산세출,3790000,72617000,8050000,202870000,0,50000,2025
S090004358,예산세출,8180000,127111000,21864000,260515000,0,222000,2025
S090004797,예산세출,6180000,812886000,66751000,374416000,13000000,0,2025
S090004804,예산세출,12395000,941244000,39742000,394224000,0,0,2025
S090004824,예산세출,8700000,912268000,69713000,391332000,0,0,2025
S090004836,예산세출,8400000,713106000,72996000,412814000,0,0,2025
S090004841,예산세출,7100000,1232494000,108820000,403129000,0,0,2025
S090004842,예산세출,15470000,813713000,66032000,341831000,0,8388000,2025
S090004843,예산세출,4100000,755150000,67308000,383065000,0,0,2025
S090004844,예산세출,7800000,242213000,40462000,321847000,0,17500000,2025
S090004845,예산세출,7460000,511015000,82038000,266360000,0,0,2025
S090004846,예산세출,5720000,332676000,37658000,309177000,0,0,2025
S090004847,예산세출,9600000,504623000,47746000,332057000,0,0,2025
S090004848,예산세출,7400000,502619000,25720000,336142000,0,0,2025
S090004849,예산세출,2180000,376681000,28390000,361197000,0,0,2025
S090004850,예산세출,7475000,791930000,75688000,349367000,0,0,2025
S090004851,예산세출,6140000,761837000,81354000,323644000,0,0,2025
S090004852,예산세출,2550000,569114000,63850000,395830000,0,0,2025
S090004853,예산세출,7940000,803215000,25475000,365487000,223014000,0,2025
S090004854,예산세출,8450000,497086000,44421000,375029000,0,0,2025
S090004855,예산세출,7925000,557505000,68277000,303062000,0,0,2025
S090004856,예산세출,27250000,1705408000,81510000,506646000,0,0,2025
S090004857,예산세출,10700000,504763000,51507000,285681000,0,0,2025
S090004858,예산세출,1850000,663876000,30804000,354720000,0,0,2025
S090004859,예산세출,13950000,928314000,72349000,348316000,0,0,2025
S090004881,예산세출,6440000,832123000,56172000,332016000,0,0,2025
S090004891,예산세출,4190000,483861000,36380000,334320000,0,0,2025
S090004892,예산세출,6310000,94519000,31570000,242430000,0,0,2025
S090004940,예산세출,8342000,713405000,53926000,382582000,0,0,2025
S090004941,예산세출,8500000,742887000,99440000,409691000,700000,50000,2025
S090004942,예산세출,4950000,549610000,38851000,362442000,0,0,2025
S090004946,예산세출,8800000,1030454000,57352000,408780000,0,0,2025
S090004953,예산세출,4310000,203617000,30207000,279347000,0,0,2025
S090004954,예산세출,10130000,318525000,55822000,322283000,0,0,2025
S090004955,예산세출,10100000,612765000,53494000,317420000,0,0,2025
S090004958,예산세출,7750000,689210000,103556000,315633000,0,0,2025
S090004960,예산세출,20353000,891131000,61020000,354139000,0,50000,2025
S090004961,예산세출,8588000,511806000,34669000,334266000,0,0,2025
S090004962,예산세출,5320000,552377000,48177000,312508000,0,0,2025
S090004963,예산세출,15510000,739739000,60626000,319549000,0,0,2025
S090004964,예산세출,9610000,634023000,41823000,323746000,0,0,2025
S090004965,예산세출,5450000,162093000,22112000,241778000,0,0,2025
S090004966,예산세출,3600000,754722000,60714000,393193000,0,0,2025
S090004967,예산세출,5310000,695815000,53109000,369178000,0,0,2025
S090004978,예산세출,13410000,980909000,43164000,339501000,0,0,2025
S090004980,예산세출,7050000,680973000,61762000,404468000,0,0,2025
S090004981,예산세출,11480000,890304000,49222000,389297000,0,0,2025
S090004998,예산세출,3300000,304475000,22386000,296423000,0,276000,2025
S090005003,예산세출,7110000,396659000,45232000,314376000,0,10000000,2025
S090005004,예산세출,2390000,623776000,55132000,304321000,0,60000,2025
S090005005,예산세출,7260000,1250414000,115416000,405141000,0,0,2025
S090005006,예산세출,5270000,602261000,46288000,311478000,0,2376000,2025
S090005007,예산세출,3740000,670732000,66154000,321469000,0,0,2025
S090005008,예산세출,4780000,262763000,19856000,324343000,0,0,2025
S090005009,예산세출,15700000,963550000,61153000,405741000,0,0,2025
S090005010,예산세출,7810000,544598000,45524000,304243000,0,0,2025
S090005011,예산세출,4700000,531998000,34580000,370548000,0,0,2025
S090005012,예산세출,10750000,221961000,60861000,315593000,0,0,2025
S090005013,예산세출,5830000,768047000,89734000,367850000,0,50000,2025
S090005014,예산세출,11470000,501350000,56820000,364923000,0,0,2025
S090005015,예산세출,16660000,610711000,77602000,376651000,0,275000,2025
S090005016,예산세출,10230000,459690000,55886000,369892000,0,0,2025
S090005017,예산세출,7650000,528607000,50938000,366681000,0,0,2025
S090005018,예산세출,5050000,459161000,58999000,359835000,0,0,2025
S090005019,예산세출,12320000,585185000,70992000,402144000,0,0,2025
S090005023,예산세출,7206000,384972000,45507000,332973000,0,0,2025
S090005024,예산세출,8550000,924325000,62020000,306401000,0,0,2025
S090005025,예산세출,7400000,703559000,55608000,393091000,0,0,2025
S090005026,예산세출,8790000,981721000,49754000,440662000,0,0,2025
S090005027,예산세출,4000000,714963000,38757000,370800000,0,0,2025
S090005028,예산세출,19400000,515165000,125729000,369275000,0,11000,2025
S090005029,예산세출,5000000,711785000,48760000,305752000,0,0,2025
S090005030,예산세출,7260000,251231000,65932000,318401000,0,0,2025
S090005031,예산세출,8260000,868343000,71158000,383399000,0,0,2025
S090005032,예산세출,13860000,1070362000,74766000,423106000,0,0,2025
S090005036,예산세출,8350000,632951000,45210000,318509000,0,0,2025
S090005037,예산세출,3970000,523845000,37872000,312224000,0,0,2025
S090005041,예산세출,6080000,505296000,39376000,319234000,0,0,2025
S090005042,예산세출,2600000,435577000,22346000,312394000,0,0,2025
S090005043,예산세출,4210000,389435000,31150000,273470000,0,0,2025
S090005129,예산세출,3710000,516625000,29930000,306252000,0,61000,2025
S090005130,예산세출,13860000,973444000,59224000,316009000,0,0,2025
S090005131,예산세출,5800000,242355000,54980000,343070000,0,0,2025
S090005138,예산세출,9860000,659422000,37975000,330892000,0,2000,2025
S090005139,예산세출,8650000,656039000,63145000,346967000,0,0,2025
S090005141,예산세출,5680000,432241000,43231000,302696000,0,0,2025
S090005142,예산세출,8650000,544381000,58330000,346855000,0,0,2025
S090005145,예산세출,4260000,137965000,20047000,297964000,0,0,2025
S090005146,예산세출,15135000,614943000,40562000,304070000,0,6000,2025
S090005147,예산세출,8700000,675307000,63689000,357981000,0,0,2025
S090005152,예산세출,3830000,725661000,63874000,409017000,0,200000,2025
S090005154,예산세출,7020000,568112000,43427000,355324000,0,50000,2025
S090005155,예산세출,10958000,966873000,47896000,411399000,0,0,2025
S090005179,예산세출,4350000,538174000,25243000,270359000,0,50000,2025
S090005181,예산세출,6220000,321077000,27448000,220059000,0,0,2025
S090005182,예산세출,4550000,515455000,68630000,307092000,0,0,2025
S090005183,예산세출,8360000,1044439000,36133000,400172000,0,0,2025
S090005184,예산세출,4370000,703645000,48393000,339430000,0,0,2025
S090005185,예산세출,13390000,761125000,104097000,341680000,0,0,2025
S090005186,예산세출,10440000,205732000,75870000,366449000,0,100000,2025
S090005187,예산세출,6250000,854517000,84771000,341083000,0,0,2025
S090005188,예산세출,4880000,296842000,25006000,296484000,0,50000,2025
S090005269,예산세출,5798000,408288000,43727000,326365000,0,0,2025
S090005270,예산세출,1980000,290581000,30332000,266969000,0,0,2025
S090005288,예산세출,9970000,800096000,58714000,379383000,0,3007000,2025
S090005294,예산세출,6590000,481028000,47181000,186314000,36166000,0,2025
S090005295,예산세출,4700000,592222000,28592000,339443000,0,0,2025
S090005313,예산세출,7660000,496612000,28728000,299452000,0,0,2025
S090005324,예산세출,6790000,737145000,56275000,321192000,0,0,2025
S090005325,예산세출,10710000,959747000,82227000,322411000,0,0,2025
S090005330,예산세출,10250000,1075019000,88032000,385556000,0,0,2025
S090005332,예산세출,7290000,819911000,67660000,340776000,0,0,2025
S090005334,예산세출,5400000,332385000,31628000,293171000,0,3711000,2025
S090005337,예산세출,9550000,963289000,47920000,325232000,0,6240000,2025
S090005339,예산세출,6180000,550306000,46171000,304117000,0,0,2025
S090005341,예산세출,6700000,828606000,36100000,354486000,0,0,2025
S090005344,예산세출,8932000,231999000,57699000,305883000,0,0,2025
S090005357,예산세출,12250000,827658000,80097000,350210000,0,0,2025
S090005363,예산세출,17894000,756797000,80876000,365582000,0,0,2025
S090005366,예산세출,7300000,519473000,69126000,312803000,0,0,2025
S090005369,예산세출,4450000,836835000,79076000,339734000,0,0,2025
S090005372,예산세출,7450000,472578000,48558000,367473000,0,80000,2025
S090005373,예산세출,19460000,1113974000,108865000,398398000,18000000,0,2025
S090005375,예산세출,5190000,565670000,53810000,258887000,0,0,2025
S090005393,예산세출,7384000,556925000,70990000,334509000,0,50000,2025
S090005395,예산세출,4950000,449466000,41970000,306508000,0,0,2025
S090005397,예산세출,8400000,277419000,13475000,304187000,0,200000,2025
S090005402,예산세출,9410000,383566000,33408000,356616000,0,0,2025
S090005404,예산세출,5800000,297026000,37681000,309040000,0,0,2025
S090005406,예산세출,11600000,740087000,48020000,344215000,0,0,2025
S090005408,예산세출,8200000,69258000,28482000,247162000,0,10000000,2025
S090005411,예산세출,6490000,557143000,48986000,287373000,0,0,2025
S090005412,예산세출,13700000,787018000,86717000,395301000,0,3380000,2025
S090005471,예산세출,13520000,696711000,90978000,326999000,0,50000,2025
S090005472,예산세출,10800000,749772000,70060000,301481000,0,0,2025
S090005474,예산세출,12780000,613905000,92736000,249385000,0,0,2025
S090005476,예산세출,16860000,713140000,56666000,279035000,0,0,2025
S090005478,예산세출,9690000,348186000,40117000,234609000,0,0,2025
S090005480,예산세출,12820000,640450000,54829000,241576000,0,0,2025
S090005487,예산세출,7900000,846975000,138004000,259342000,0,0,2025
S090005494,예산세출,6190000,703444000,67763000,252625000,20000000,0,2025
S090005495,예산세출,10890000,232664000,30427000,175304000,0,0,2025
S090005496,예산세출,10250000,767330000,79603000,230269000,0,0,2025
S090005588,예산세출,11643000,627720000,31968000,338165000,0,0,2025
S090005589,예산세출,6100000,790572000,95276000,278343000,0,0,2025
S090005591,예산세출,4100000,641491000,63993000,261266000,0,1000000,2025
S090005593,예산세출,16240000,1284780000,116166000,305700000,0,0,2025
S090005594,예산세출,6830000,816965000,87252000,318728000,0,0,2025
S090005595,예산세출,7190000,750280000,89508000,335366000,0,0,2025
S090005597,예산세출,10450000,740261000,64344000,358444000,0,0,2025
S090005603,예산세출,1860000,400179000,95927000,200984000,0,0,2025
S090005607,예산세출,8500000,772890000,100645000,241450000,0,0,2025
S090005610,예산세출,6080000,823945000,67241000,278679000,0,0,2025
S090005612,예산세출,3500000,443070000,51165000,225580000,0,0,2025
S090005617,예산세출,15250000,709628000,76217000,307794000,200000,0,2025
S090005621,예산세출,9300000,921257000,79186000,304037000,0,0,2025
S090005627,예산세출,9640000,377429000,46947000,157963000,0,0,2025
S090005628,예산세출,5465000,506280000,53099000,178903000,0,0,2025
S090005644,예산세출,4960000,565523000,50810000,313311000,0,0,2025
S090005645,예산세출,6510000,598185000,74234000,279215000,0,500000,2025
S090005646,예산세출,13720000,500144000,63579000,257163000,0,0,2025
S090005647,예산세출,13150000,628380000,59934000,308512000,0,0,2025
S090005648,예산세출,5060000,845773000,97389000,263562000,0,0,2025
S090005649,예산세출,12660000,112805000,107451000,318561000,0,0,2025
S090005650,예산세출,10900000,730933000,89321000,254237000,0,0,2025
S090005651,예산세출,10350000,834551000,73840000,307990000,0,0,2025
S090005652,예산세출,9960000,825422000,90704000,253001000,0,0,2025
S090005678,예산세출,11680000,441033000,47632000,234878000,0,0,2025
S090005680,예산세출,5000000,250422000,52037000,170319000,0,0,2025
S090005682,예산세출,7540000,701978000,65302000,239159000,0,10000000,2025
S090005686,예산세출,6470000,486138000,52362000,233748000,0,0,2025
S090005687,예산세출,5785000,296740000,65679000,188634000,0,0,2025
S090005688,예산세출,8660000,633433000,50161000,231156000,0,2000000,2025
S090005690,예산세출,7640000,761785000,65980000,218361000,0,0,2025
S090005692,예산세출,5550000,1086981000,97637000,293376000,0,100000,2025
S090005693,예산세출,2730000,552739000,61936000,209408000,0,1061000,2025
S090005695,예산세출,8530000,1057323000,56279000,313823000,0,0,2025
S090005696,예산세출,5120000,685653000,52283000,271816000,0,0,2025
S090005702,예산세출,9040000,790187000,87783000,270379000,0,0,2025
S090005703,예산세출,14512000,772054000,84118000,226739000,0,0,2025
S090005705,예산세출,16280000,1023789000,112030000,310508000,0,15000,2025
S090005706,예산세출,8000000,438547000,70354000,186656000,0,0,2025
S090005708,예산세출,11650000,833668000,74474000,291840000,0,0,2025
S090005710,예산세출,8800000,510792000,47268000,243478000,0,0,2025
S090005739,예산세출,6460000,576239000,71406000,242745000,0,800000,2025
S090005740,예산세출,2700000,968043000,97420000,325086000,0,0,2025
S090005742,예산세출,7390000,643627000,60863000,298308000,0,0,2025
S090005744,예산세출,9410000,1055717000,128155000,311639000,0,0,2025
S090005747,예산세출,5860000,598945000,54362000,278159000,0,0,2025
S090005748,예산세출,11100000,550784000,41843000,261436000,0,0,2025
S090005750,예산세출,9530000,754958000,110299000,292572000,0,0,2025
S090005751,예산세출,4900000,418947000,65294000,189300000,500000,0,2025
S090005763,예산세출,18100000,566262000,95686000,236439000,0,0,2025
S090005765,예산세출,8320000,1147610000,67766000,299994000,0,0,2025
S090005771,예산세출,9800000,951798000,53830000,316462000,0,6620000,2025
S090005773,예산세출,4820000,448132000,59938000,249922000,0,0,2025
S090005774,예산세출,6996000,656221000,55727000,269279000,0,0,2025
S090005780,예산세출,12800000,1285253000,79080000,286187000,0,0,2025
S090005784,예산세출,8010000,769910000,62521000,376271000,0,0,2025
S090005805,예산세출,3300000,94174000,45093000,205097000,0,0,2025
S090005807,예산세출,5650000,572264000,72596000,290934000,0,0,2025
S090005809,예산세출,7950000,600023000,39552000,222426000,0,0,2025
S090005816,예산세출,6500000,1311594000,79790000,429433000,0,0,2025
S090005818,예산세출,14290000,629626000,66834000,235852000,0,0,2025
S090005839,예산세출,8040000,731747000,70478000,196933000,0,300000,2025
S090005846,예산세출,13940000,898284000,46620000,272803000,0,0,2025
S090005847,예산세출,7750000,623221000,43433000,348967000,0,0,2025
S090005848,예산세출,10780000,1356293000,83464000,469396000,0,0,2025
S090005852,예산세출,4750000,506653000,56440000,333495000,0,0,2025
S090005853,예산세출,10400000,1292378000,88275000,339988000,200000,0,2025
S090005854,예산세출,3180000,1183444000,37616000,475043000,0,55000,2025
S090005855,예산세출,15400000,799320000,87454000,262330000,0,0,2025
S090005856,예산세출,14725000,940401000,63986000,285699000,0,100000,2025
S090005860,예산세출,14850000,934195000,105191000,325166000,3000000,0,2025
S090005862,예산세출,12500000,860632000,100266000,310861000,0,1000000,2025
S090005864,예산세출,13430000,914602000,71266000,412452000,1000000,0,2025
S090005867,예산세출,13820000,844459000,91027000,243864000,4000000,0,2025
S090005869,예산세출,12520000,756847000,83823000,214913000,0,0,2025
S090005873,예산세출,12650000,1728672000,120502000,546956000,0,0,2025
S090005874,예산세출,3800000,349995000,69404000,301467000,0,481000,2025
S090005879,예산세출,8400000,949235000,140879000,263743000,0,0,2025
S090005882,예산세출,12680000,1014181000,161131000,216775000,0,7100000,2025
S090005883,예산세출,12070000,1189009000,103181000,384652000,0,0,2025
S090005885,예산세출,23850000,989867000,114056000,260299000,0,0,2025
S090005888,예산세출,12270000,1215525000,63058000,419783000,0,0,2025
S090005894,예산세출,9045000,1012468000,81951000,251235000,0,5753000,2025
S090005896,예산세출,6500000,1734375000,85809000,354411000,0,0,2025
S090005897,예산세출,9940000,1559963000,68076000,328366000,0,8000,2025
S090005912,예산세출,1650000,613870000,35398000,331416000,0,500000,2025
S090005914,예산세출,3510000,868183000,63323000,356600000,0,0,2025
S090005988,예산세출,12072000,1053059000,104225000,400202000,0,0,2025
S090006026,예산세출,7900000,1714279000,74264000,527914000,0,0,2025
S090006028,예산세출,15930000,1362215000,75425000,473718000,0,100000,2025
S090006030,예산세출,8800000,1981958000,63939000,593006000,0,0,2025
S090006033,예산세출,13055000,1050220000,73624000,414451000,0,0,2025
S090006039,예산세출,20765000,1448448000,67804000,402744000,0,0,2025
S090006040,예산세출,13300000,1385725000,114863000,366269000,0,0,2025
S090006042,예산세출,17010000,1176989000,108584000,277496000,0,0,2025
S090006046,예산세출,28095000,1940975000,79453000,505810000,0,0,2025
S090006053,예산세출,16470000,184941000,63322000,236786000,0,0,2025
S090006055,예산세출,6250000,868576000,39488000,359279000,0,0,2025
S090006058,예산세출,13146000,492751000,44847000,319437000,0,0,2025
S090006061,예산세출,10250000,1125039000,75585000,398286000,0,0,2025
S090006062,예산세출,20350000,1011799000,47178000,424347000,0,2000000,2025
S090006063,예산세출,15900000,1560306000,92485000,447777000,0,1000000,2025
S090006065,예산세출,10940000,186468000,63180000,401662000,0,0,2025
S090006082,예산세출,18670000,1423137000,95370000,358160000,0,0,2025
S090006083,예산세출,4740000,711969000,43310000,367781000,0,0,2025
S090006096,예산세출,4830000,892334000,65456000,397618000,0,0,2025
S090006100,예산세출,9258000,110585000,35701000,448342000,0,0,2025
S090006104,예산세출,6250000,896196000,95526000,400554000,0,0,2025
S090006107,예산세출,8062000,1100370000,61285000,387157000,0,0,2025
S090006108,예산세출,4790000,825323000,49048000,389754000,0,0,2025
S090006109,예산세출,3750000,638567000,45845000,387644000,0,0,2025
S090006112,예산세출,12710000,1069338000,93944000,504093000,0,0,2025
S090006113,예산세출,13800000,1366642000,53892000,538654000,0,58000,2025
S090006122,예산세출,10100000,1601354000,63813000,533037000,0,0,2025
S090006123,예산세출,16600000,1224484000,43782000,464026000,0,1000000,2025
S090006131,예산세출,9140000,1126534000,87750000,401923000,0,0,2025
S090006132,예산세출,10210000,1357679000,65894000,518449000,0,0,2025
S090006133,예산세출,5600000,796490000,68181000,356982000,0,0,2025
S090006152,예산세출,6770000,543919000,27620000,336260000,0,0,2025
S090006153,예산세출,8870000,962632000,77063000,469257000,0,0,2025
S090006154,예산세출,23720000,1279626000,91754000,481880000,0,0,2025
S090006157,예산세출,11100000,1291165000,88920000,446066000,0,2519000,2025
S090006164,예산세출,10100000,2067394000,95591000,573665000,0,0,2025
S090006418,예산세출,10770000,443990000,61423000,227984000,0,0,2025
S090006419,예산세출,3020000,541453000,68740000,232992000,0,0,2025
S090006421,예산세출,6300000,675729000,78284000,231205000,0,0,2025
S090006425,예산세출,5660000,726794000,61592000,184704000,0,0,2025
S090006431,예산세출,5020000,893797000,74917000,281992000,0,0,2025
S090006432,예산세출,7530000,427579000,43814000,163412000,0,0,2025
S090006433,예산세출,8090000,687302000,75540000,302800000,0,0,2025
S090006434,예산세출,5660000,766074000,89976000,197496000,0,0,2025
S090006439,예산세출,5800000,455318000,74054000,257469000,0,0,2025
S090006440,예산세출,8720000,889137000,66505000,291752000,0,0,2025
S090006443,예산세출,19968000,1365192000,220788000,371642000,0,0,2025
S090006445,예산세출,4815000,1092588000,77215000,313114000,0,0,2025
S090006446,예산세출,8050000,986643000,83991000,287762000,0,0,2025
S090006449,예산세출,8360000,764237000,97210000,239887000,0,0,2025
S090006452,예산세출,10400000,653492000,69834000,298672000,1611000,0,2025
S090006454,예산세출,10245000,1191952000,66382000,265782000,0,0,2025
S090006455,예산세출,12090000,1233446000,48850000,378903000,0,0,2025
S090006456,예산세출,1650000,393643000,37507000,205295000,0,0,2025
S090006458,예산세출,2400000,952955000,49268000,338321000,0,0,2025
S090006459,예산세출,15780000,717936000,79432000,327939000,0,0,2025
S090006460,예산세출,9510000,836275000,108735000,281034000,0,0,2025
S090006650,예산세출,8580000,716928000,48086000,410878000,0,0,2025
S090006651,예산세출,17490000,1248703000,99930000,520336000,0,0,2025
S090006759,예산세출,3070000,104417000,25380000,185285000,0,0,2025
S090006770,예산세출,12110000,989098000,73774000,287726000,0,50000,2025
S090006771,예산세출,3900000,676055000,43266000,362988000,0,0,2025
S090006773,예산세출,8840000,1142368000,92854000,300807000,3500000,4250000,2025
S090006774,예산세출,18400000,1362729000,55861000,314865000,0,10000,2025
S090006775,예산세출,16390000,1562136000,101210000,389793000,0,0,2025
S090006776,예산세출,9800000,1658075000,102187000,374854000,900000,0,2025
S090006778,예산세출,11320000,734031000,49415000,390140000,0,0,2025
S090006799,예산세출,8860000,1288593000,99193000,484116000,2500000,0,2025
S090006801,예산세출,11650000,766324000,69570000,329922000,0,0,2025
S090006802,예산세출,10750000,562488000,55694000,365075000,0,0,2025
S090006847,예산세출,2800000,1029733000,89568000,364420000,0,0,2025
S090006913,예산세출,8090000,993173000,41520000,470030000,0,0,2025
S090006914,예산세출,10300000,816062000,114160000,461435000,0,0,2025
S090006926,예산세출,11100000,1309009000,128151000,421561000,0,0,2025
S090006930,예산세출,11930000,1097707000,57372000,543416000,0,0,2025
S090006931,예산세출,14439000,996197000,122346000,449389000,0,0,2025
S090006932,예산세출,6800000,936173000,79126000,435415000,0,0,2025
S090006933,예산세출,11933000,645439000,59667000,385290000,0,2500000,2025
S090006935,예산세출,8160000,689724000,70385000,415035000,0,0,2025
S090006936,예산세출,13560000,982371000,75385000,424778000,0,0,2025
S090006937,예산세출,22145000,1161624000,104886000,436279000,0,0,2025
S090006940,예산세출,11000000,913535000,54517000,353863000,0,0,2025
S090006942,예산세출,13025000,1027877000,80224000,456067000,0,500000,2025
S090006945,예산세출,14520000,1130734000,135937000,430941000,0,0,2025
S090006946,예산세출,11440000,675090000,82343000,353639000,0,210000,2025
S090006947,예산세출,20640000,898571000,83379000,425301000,0,2445000,2025
S090006954,예산세출,10250000,898129000,50478000,384725000,0,0,2025
S090006970,예산세출,16600000,1271467000,93041000,344884000,0,0,2025
S090006971,예산세출,8386000,1211236000,90901000,363676000,0,0,2025
S090006972,예산세출,4740000,36585000,20410000,258944000,0,20000,2025
S090007038,예산세출,10300000,1425208000,127490000,443064000,0,0,2025
S090007039,예산세출,4300000,888656000,60870000,563047000,0,0,2025
S090007050,예산세출,9900000,1360996000,74326000,440583000,0,0,2025
S090007111,예산세출,14150000,725992000,37396000,328124000,0,0,2025
S090007116,예산세출,21880000,1286320000,64036000,461238000,0,0,2025
S090007117,예산세출,23984000,1879308000,76356000,449788000,0,30000,2025
S090007135,예산세출,11000000,800153000,96022000,374917000,0,0,2025
S090007139,예산세출,17150000,1290214000,78171000,521256000,0,0,2025
S090007140,예산세출,16560000,918442000,107764000,448261000,0,0,2025
S090007159,예산세출,7625000,1014944000,60034000,451268000,0,0,2025
S090007160,예산세출,7400000,1223035000,77906000,514305000,0,0,2025
S090007161,예산세출,9600000,853028000,51565000,417254000,0,0,2025
S090007162,예산세출,14700000,1127343000,72424000,425119000,0,0,2025
S090007163,예산세출,13300000,951273000,73454000,490695000,0,0,2025
S090007164,예산세출,17400000,1771887000,109132000,485849000,0,0,2025
S090007194,예산세출,10000000,991667000,78379000,323860000,0,20000,2025
S090007197,예산세출,13250000,925449000,74680000,366001000,0,0,2025
S090007217,예산세출,10590000,773631000,70320000,339704000,0,0,2025
S090007226,예산세출,25220000,1174629000,68350000,433229000,0,0,2025
S090007230,예산세출,19395000,2010363000,114839000,453997000,0,60000,2025
S090007235,예산세출,13080000,1390445000,83975000,469406000,0,0,2025
S090007236,예산세출,7250000,1039940000,56695000,449571000,0,0,2025
S090007239,예산세출,11700000,1235432000,69424000,509229000,0,0,2025
S090007240,예산세출,18070000,1944172000,103454000,483068000,0,0,2025
S090007241,예산세출,13886000,1336858000,117457000,411826000,0,0,2025
S090007244,예산세출,7410000,645001000,89050000,397900000,0,0,2025
S090007255,예산세출,11330000,1184723000,150725000,526347000,0,664000,2025
S090007257,예산세출,14875000,985264000,63428000,394956000,0,0,2025
S090007263,예산세출,7520000,770554000,58334000,366371000,0,0,2025
S090007265,예산세출,22440000,1092980000,85384000,388006000,0,0,2025
S090007268,예산세출,15110000,1059585000,63700000,463265000,0,0,2025
S090007274,예산세출,11000000,1059717000,49236000,414785000,0,0,2025
S090007275,예산세출,32050000,1797758000,92403000,598703000,0,238000,2025
S090007277,예산세출,4040000,516110000,81371000,313419000,89600000,5000000,2025
S090007279,예산세출,17810000,1136417000,63326000,362528000,0,0,2025
S090007298,예산세출,9700000,1172665000,75485000,385089000,0,0,2025
S090007307,예산세출,11070000,1416452000,80905000,440169000,0,15000,2025
S090007310,예산세출,12900000,529348000,80072000,266873000,0,0,2025
S090007320,예산세출,29200000,1907071000,88680000,492808000,0,0,2025
S090007321,예산세출,8270000,626500000,91466000,290429000,0,0,2025
S090007322,예산세출,10800000,1215582000,80268000,376744000,0,0,2025
S090007323,예산세출,8195000,852623000,121292000,386700000,0,0,2025
S090007325,예산세출,21350000,1587834000,83158000,556270000,0,0,2025
S090007326,예산세출,6450000,1017162000,47464000,419805000,0,0,2025
S090007327,예산세출,6600000,1076370000,74394000,454515000,10000000,0,2025
S090007328,예산세출,7928000,806851000,27618000,459399000,0,0,2025
S090007329,예산세출,7210000,862066000,66442000,405612000,0,0,2025
S090007331,예산세출,17223000,1314322000,83756000,469764000,0,0,2025
S090007333,예산세출,15010000,973491000,69610000,420905000,0,0,2025
S090007334,예산세출,12250000,1259149000,127219000,443464000,0,50000,2025
S090007335,예산세출,6050000,947013000,52208000,365812000,0,0,2025
S090007337,예산세출,13790000,1296660000,72954000,397988000,0,0,2025
S090007338,예산세출,20650000,2160425000,92096000,577305000,0,0,2025
S090007361,예산세출,13600000,1075725000,73470000,429420000,0,2000000,2025
S090007363,예산세출,8510000,978536000,73790000,366234000,0,0,2025
S090007371,예산세출,15000000,897210000,60158000,402517000,0,0,2025
S090007375,예산세출,6850000,1089691000,68345000,310269000,0,0,2025
S090007378,예산세출,22900000,1719343000,98321000,413611000,0,0,2025
S090007396,예산세출,5380000,901698000,85850000,393775000,0,2000000,2025
S090007397,예산세출,5740000,534342000,62950000,325246000,0,0,2025
S090007398,예산세출,14335000,1440866000,118814000,472076000,0,0,2025
S090007407,예산세출,16410000,1677923000,60666000,625415000,0,106000,2025
S090007424,예산세출,11700000,768737000,74089000,289990000,0,0,2025
S090007435,예산세출,6300000,1445274000,121270000,448498000,0,0,2025
S090007436,예산세출,17700000,1893122000,128023000,513250000,0,0,2025
S090007437,예산세출,11090000,742055000,22512000,425306000,0,0,2025
S090007443,예산세출,5850000,518227000,108945000,355026000,0,100000,2025
S090007450,예산세출,11400000,690774000,35720000,338228000,0,0,2025
S090007517,예산세출,11620000,1714524000,71950000,420978000,0,0,2025
S090007520,예산세출,18160000,1404350000,76536000,450545000,0,0,2025
S090007523,예산세출,18840000,819092000,64510000,398339000,0,0,2025
S090007524,예산세출,6600000,950954000,41320000,278157000,0,0,2025
S090007573,예산세출,9160000,654457000,69882000,326809000,0,0,2025
S090007574,예산세출,8860000,705926000,47665000,399018000,0,0,2025
S090007576,예산세출,12730000,1755585000,79450000,416877000,0,0,2025
S090007581,예산세출,9350000,1075525000,98877000,425077000,0,0,2025
S090007583,예산세출,15700000,1585561000,77368000,440548000,0,0,2025
S090007603,예산세출,12780000,663250000,44702000,298496000,0,100000,2025
S090007604,예산세출,10640000,743613000,84050000,455624000,0,0,2025
S090007607,예산세출,9550000,860735000,57670000,347269000,0,0,2025
S090007611,예산세출,7940000,1578236000,135366000,420706000,0,0,2025
S090007614,예산세출,7710000,884674000,129934000,308284000,0,0,2025
S090007616,예산세출,14610000,1066397000,73875000,383760000,0,0,2025
S090007618,예산세출,9400000,1074319000,64771000,437461000,0,0,2025
S090007629,예산세출,16575000,1536394000,76416000,441916000,0,12000000,2025
S090007632,예산세출,10200000,1177131000,86504000,434406000,0,0,2025
S090007676,예산세출,4630000,750965000,45679000,320817000,0,0,2025
S090007677,예산세출,7650000,1099614000,63490000,431163000,0,0,2025
S090007678,예산세출,8805000,138915000,70432000,358774000,0,0,2025
S090007859,예산세출,6650000,622511000,60719000,337025000,0,0,2025
S090007860,예산세출,8570000,797944000,31140000,340779000,0,0,2025
S090007862,예산세출,9560000,489780000,35301000,287706000,0,0,2025
S090007870,예산세출,12965000,31827000,57112000,247915000,0,0,2025
S090007871,예산세출,10940000,1604992000,84946000,502185000,0,0,2025
S090007880,예산세출,6300000,785870000,76122000,379156000,0,0,2025
S090007881,예산세출,8800000,596212000,41823000,389656000,0,0,2025
S090007882,예산세출,4700000,593831000,36540000,314800000,0,0,2025
S090007903,예산세출,6200000,718583000,43229000,294542000,0,0,2025
S090007905,예산세출,11525000,609114000,64794000,359305000,0,1050000,2025
S090007911,예산세출,3390000,282547000,22252000,246161000,0,27000,2025
S090007918,예산세출,4400000,1249824000,572927000,327088000,0,0,2025
S090007919,예산세출,3200000,284285000,580714000,240182000,0,0,2025
S090007920,예산세출,4030000,496273000,822769000,531526000,0,0,2025
S090007926,예산세출,5200000,2000,764897000,412228000,0,0,2025
S090007929,예산세출,18700000,1146288000,105375000,584537000,0,0,2025
S090007937,예산세출,3600000,401211000,126348000,225535000,0,0,2025
S090007944,예산세출,14150000,503484000,846040000,325933000,0,0,2025
S090008028,예산세출,10100000,1105179000,99878000,1116768000,0,0,2025
S090008029,예산세출,10790000,568568000,907912000,279121000,0,0,2025
S090008032,예산세출,3250000,17354000,261105000,358930000,0,0,2025
S090000956,결산세출,5610366175,1146760810,4197169681,447212403,0,0,2025
S090001268,결산세출,4966785170,1167866590,87147280,569190407,364791090,70591700,2025
S090001492,결산세출,1487367690,337817700,112730300,201799390,286529000,0,2025
S090001493,결산세출,2770636210,795344400,92133540,380383655,839642900,13918000,2025
S090001495,결산세출,3719828020,773377190,132975490,472398500,2996904090,107206760,2025
S090001575,결산세출,4207169160,865714240,117424260,559553310,619958080,43109260,2025
S090001584,결산세출,3405709060,450648220,58710664,460819707,656680300,0,2025
S090001588,결산세출,1898479880,289830740,183727300,270373570,466169470,22028670,2025
S090001589,결산세출,4706788420,1164958860,618767420,575850974,2292818970,146143420,2025
S090001592,결산세출,1520594190,213435920,56611220,190042410,99690870,920,2025
S090001772,결산세출,1637436470,387283360,1525158780,271652006,74863000,49879360,2025
S090001775,결산세출,2362719690,417231270,1304764970,443080990,0,0,2025
S090001777,결산세출,2380598230,342249460,1180284040,340297760,18161000,0,2025
S090001778,결산세출,2927624450,442146990,839378170,195850430,384733130,0,2025
S090001779,결산세출,2522978110,559705370,266470470,214877570,932561040,0,2025
S090001781,결산세출,2287900260,501914060,269581550,304089620,150200570,0,2025
S090001902,결산세출,2404359340,411939390,71196540,341246380,200000000,0,2025
S090002190,결산세출,2616054460,325438290,244683310,164888286,678061450,0,2025
S090002191,결산세출,4112726770,1071895000,192317760,425835170,1047260000,0,2025
S090002192,결산세출,2402967840,350678310,755777399,413919531,0,21743880,2025
S090002194,결산세출,2153064430,242790140,253162850,150063930,16200000,0,2025
S090002207,결산세출,2816593100,782230920,119091110,540320190,0,0,2025
S090002415,결산세출,3053131800,880553350,344443780,339991070,0,8053080,2025
S090002420,결산세출,3004310320,785378960,169393420,488577645,1565580300,8515,2025
S090002425,결산세출,3697294328,1001914210,177493950,335811948,556340640,247146155,2025
S090002431,결산세출,3137304970,724173900,144596290,378242490,352573100,23862270,2025
S090002432,결산세출,4485001070,658506480,90247180,448684160,1415881980,29039670,2025
S090002695,결산세출,1772514320,434107720,231575180,263557665,0,0,2025
S090002705,결산세출,1773082990,212391600,156909560,235889640,1747673850,0,2025
S090002918,결산세출,2917734670,699920050,202151900,258241130,312751600,43324820,2025
S090002922,결산세출,3418096140,761620220,106695160,349325790,613177770,17074210,2025
S090003020,결산세출,4167014140,674084450,102168080,419789880,707542200,0,2025
S090003029,결산세출,2278850510,269760940,217223690,366185290,11451000,0,2025
S090003031,결산세출,3912911070,778725470,1591430380,383165490,0,3434670,2025
S090003036,결산세출,2945462470,526298920,179570790,330161380,336713190,93367430,2025
S090003200,결산세출,1699776070,447370424,396940232,220586378,3637955277,90980381,2025
S090003203,결산세출,1706845840,150073440,119058800,255775490,1253735210,28050,2025
S090003204,결산세출,2174811670,518600950,243518920,212582890,1318835610,268370,2025
S090003205,결산세출,1172606010,95583790,95676660,262872780,165070000,2850,2025
S090003206,결산세출,4262587850,1095678010,257489220,392835270,2089595960,0,2025
S090003210,결산세출,2983706770,469736410,204244720,339617191,284204260,0,2025
S090003315,결산세출,1182362200,147584260,356256380,172404210,0,3160,2025
S090003317,결산세출,1483288160,337924130,39818320,275014400,835338700,0,2025
S090003318,결산세출,1890427960,365189700,91023600,277009840,3388279950,490530,2025
S090003319,결산세출,2417925510,516787650,53073180,351299330,1925576600,0,2025
S090003324,결산세출,1489279210,149042110,210599220,149273514,50254940,5817,2025
S090003471,결산세출,1514614050,284217530,467599290,273396180,94057810,3076970,2025
S090003474,결산세출,3217746500,808244040,156390910,316587270,396050300,593000,2025
S090003485,결산세출,3795162630,768653890,506515070,287102060,400665650,1128460,2025
S090003492,결산세출,2048846610,512278910,127475770,320066330,764041210,240750,2025
S090003639,결산세출,2616685090,414824490,550077040,235302110,0,43414000,2025
S090003640,결산세출,2654762930,980496840,980574390,383708150,0,123868540,2025
S090003751,결산세출,3248503600,473207890,560328320,396108870,140393910,0,2025
S090003860,결산세출,2226617670,260881560,90782680,228078880,249325380,0,2025
S090003862,결산세출,1626469760,245764870,161153080,168988380,553877960,7723930,2025
S090003864,결산세출,3049398050,785439040,134757408,331902819,592877000,0,2025
S090003868,결산세출,1554195360,147979790,131442960,118418030,733829980,0,2025
S090003870,결산세출,1436377310,124994570,78062540,176447210,113098000,0,2025
S090003872,결산세출,2191859890,316182560,283272170,305885170,0,69370,2025
S090003873,결산세출,1581801720,177695360,91614010,175172180,834977490,79735340,2025
S090003989,결산세출,3372646010,574751040,148388130,276727222,1477205140,0,2025
S090003992,결산세출,4316034210,1135296850,189586380,470855540,1099381540,28862460,2025
S090003994,결산세출,2025607190,277440280,108005380,316644350,362361320,0,2025
S090003995,결산세출,2028856990,189058280,262862950,255173590,15000000,0,2025
S090003996,결산세출,3084141656,597580010,511465130,431448780,1044642650,0,2025
S090003997,결산세출,1587336200,226572670,858090500,182398970,56755000,975000,2025
S090003998,결산세출,2264608590,520898910,138510940,313192390,0,0,2025
S090004000,결산세출,3716813120,631158700,163353180,356940360,0,0,2025
S090004005,결산세출,4697556220,2072747970,122814080,631295710,264664000,0,2025
S090004006,결산세출,4542011930,812997610,181629020,463893060,236274000,0,2025
S090004008,결산세출,3729887600,1062236810,161772490,397468650,2273770480,209603620,2025
S090004168,결산세출,2588018200,488817230,71317850,235051520,490826490,16680540,2025
S090004266,결산세출,1855814170,191437200,61186690,300822838,997292740,0,2025
S090004267,결산세출,2347197400,482621220,425563530,354876860,353604210,74390280,2025
S090004268,결산세출,1660971360,353754250,137436010,245838060,81322330,9970,2025
S090004270,결산세출,2850305030,710722660,174588520,384718390,1479715350,96740230,2025
S090004271,결산세출,3528077750,746258780,673631710,247884910,7597955510,320,2025
S090004274,결산세출,4734626480,1044577320,157087610,311021050,1661068380,0,2025
S090004277,결산세출,2296851900,522165900,153978220,446765110,1416522540,31218440,2025
S090004280,결산세출,1666541320,511068100,182716790,343569450,873549730,0,2025
S090004281,결산세출,2578114140,815029560,1706810545,451969316,0,0,2025
S090004894,결산세출,1908829254,419655755,709874638,278750602,0,840560,2025
S090004984,결산세출,1924250070,260311730,125813710,207309082,206369620,44830,2025
S090005022,결산세출,1404652820,288059350,133913070,113809900,60049780,0,2025
S090005321,결산세출,1259797960,422938850,123513300,210487950,0,36265810,2025
S090005419,결산세출,2456182255,3159063240,48074530,190979855,1946131877,0,2025
S090005521,결산세출,2697483646,458367540,150303925,306254953,176915060,3247,2025
S090000876,결산세출,4649300,874282650,175104550,412381220,94079350,2677050,2025
S090000877,결산세출,6734000,45677470,25972730,270575530,0,296150,2025
S090000878,결산세출,16111620,224357670,624551010,233417880,0,2925960,2025
S090000879,결산세출,6873210,278077300,43692420,275329100,52742000,11810890,2025
S090000880,결산세출,5517450,405191420,32881850,416153100,100077490,10181890,2025
S090000944,결산세출,57396410,678304340,130086000,361961450,146909000,3300,2025
S090000946,결산세출,115558670,1215505210,1145672510,316791590,0,0,2025
S090000947,결산세출,4830200,704753440,153718730,491971440,73451000,0,2025
S090000948,결산세출,58926820,719325210,163152580,337793540,119733000,800320,2025
S090000949,결산세출,3506870,376367020,55324200,317743770,51261600,440000,2025
S090000950,결산세출,66826700,711247840,299207130,393532620,0,0,2025
S090000951,결산세출,109356300,1176653740,121032950,395160160,257910190,2880,2025
S090000952,결산세출,3015000,906292720,53361960,503286710,0,0,2025
S090000953,결산세출,1944500,731096570,59202990,368617190,5208000,0,2025
S090000954,결산세출,85630960,1155909570,270272730,400376780,37201690,0,2025
S090000955,결산세출,68474480,594185300,59713480,347378400,358689000,0,2025
S090000957,결산세출,3510300,478915260,55471330,386862080,57293000,0,2025
S090000958,결산세출,152115260,1310771970,179716740,494376500,753829840,0,2025
S090000959,결산세출,113355170,1266508570,61100280,471134510,502000490,0,2025
S090000960,결산세출,68433840,359988260,114229870,360285530,548499450,0,2025
S090000961,결산세출,108633240,972527470,109802220,369516710,709696950,10901470,2025
S090000962,결산세출,85259180,707337150,94534880,362428360,519195430,0,2025
S090000963,결산세출,1245900,653984500,86613030,422791380,200878000,0,2025
S090000964,결산세출,71999810,704665840,103491230,363511210,96179000,0,2025
S090000965,결산세출,83191330,1276605910,107614710,418911702,53500000,0,2025
S090000966,결산세출,2123000,768110010,231160340,404874030,0,5836500,2025
S090000967,결산세출,8787850,809030250,101306420,451591830,0,0,2025
S090000969,결산세출,9556080,1220304470,102490950,513891760,38000000,0,2025
S090000970,결산세출,3910650,794868150,90413730,351519540,116805000,0,2025
S090000971,결산세출,2730200,1107401850,98247420,513147030,206783250,7980,2025
S090000972,결산세출,134663390,1128240630,85132240,405761530,97061000,9400780,2025
S090000973,결산세출,4717760,1021525930,107849550,403379470,0,0,2025
S090001188,결산세출,72756300,798275970,262299160,302174090,64074000,0,2025
S090001189,결산세출,2752750,1247119730,164269660,537772560,100000000,0,2025
S090001190,결산세출,84268040,745754920,353082440,349778280,0,0,2025
S090001191,결산세출,7801840,1330891180,106640940,463717430,460918380,0,2025
S090001192,결산세출,132363650,962595040,128165500,389490200,1471529270,0,2025
S090001194,결산세출,121932510,1583436770,167507750,345586260,0,0,2025
S090001195,결산세출,56300310,499299300,194494280,309387610,0,0,2025
S090001196,결산세출,3398000,1598141530,525437070,601522530,0,0,2025
S090001198,결산세출,2460000,909405840,141115440,478532040,0,0,2025
S090001267,결산세출,130070460,1549173940,301540560,516677150,396889690,0,2025
S090001269,결산세출,6843000,553605780,259267010,390575980,0,0,2025
S090001270,결산세출,9805600,179960430,45251160,289055200,0,0,2025
S090001271,결산세출,4296290,790129780,62666440,332070130,113112640,3590,2025
S090001272,결산세출,82153920,990275780,299513000,324638640,3936451490,2290,2025
S090001273,결산세출,2499000,373689510,117160700,350819620,0,3794200,2025
S090001274,결산세출,53187800,443867850,139522970,277744120,63687080,72022120,2025
S090001275,결산세출,83707810,458792900,129500540,297337360,0,0,2025
S090001276,결산세출,108105450,1790458160,164920420,556393990,15995000,0,2025
S090001277,결산세출,64014740,698205490,86127420,334971620,158024000,5799150,2025
S090001365,결산세출,11006740,1419135710,423455230,450317580,0,8135700,2025
S090001366,결산세출,3424100,874469420,379269750,420132710,1000000,0,2025
S090001367,결산세출,14342920,539449830,134349100,371230220,0,0,2025
S090001368,결산세출,1877500,972012290,57959900,470322790,1128390990,0,2025
S090001369,결산세출,8207920,1104929190,274846870,472977390,0,27583360,2025
S090001370,결산세출,2738000,685390060,110503770,359633240,300403000,0,2025
S090001371,결산세출,6195000,974080450,71819850,416636330,0,2735260,2025
S090001372,결산세출,12609570,972370750,399767460,462462800,0,0,2025
S090001374,결산세출,8946780,1156241500,162579270,475558340,2380000,0,2025
S090001375,결산세출,4903130,987261870,114523200,485547220,0,0,2025
S090001376,결산세출,3043500,1073383870,125846060,328730150,0,0,2025
S090001377,결산세출,92383090,1050004810,282089020,339176140,0,45306680,2025
S090001378,결산세출,2793000,426728330,57083280,300887610,0,1765780,2025
S090001379,결산세출,6787340,838547480,219742650,366401100,0,0,2025
S090001487,결산세출,4107290,1044219790,128839110,463491320,139930220,0,2025
S090001488,결산세출,6098120,588044530,110121570,295016730,0,0,2025
S090001489,결산세출,156470930,1408872240,340996260,465795280,0,0,2025
S090001490,결산세출,75774130,595230040,1834574610,302624780,0,3164630,2025
S090001491,결산세출,1678330,418685880,127306760,299422660,335157850,0,2025
S090001494,결산세출,83394470,1657963990,227682820,462125010,0,0,2025
S090001496,결산세출,6132080,1590124390,209776530,561909280,0,0,2025
S090001497,결산세출,22029260,180735300,100263740,182132830,1470000,0,2025
S090001576,결산세출,5168000,724019370,79415900,414306480,41230800,0,2025
S090001577,결산세출,3525500,429799970,45739110,400590680,70959510,0,2025
S090001578,결산세출,4709000,488386920,408715410,481166980,140840770,145058150,2025
S090001579,결산세출,53723770,493072370,42121570,312397010,26805000,0,2025
S090001581,결산세출,107614140,900400190,150002840,344266490,516906340,7170,2025
S090001582,결산세출,92876050,934515200,524542440,343450920,0,26370,2025
S090001583,결산세출,22420720,1080401260,98189630,433549000,118853070,0,2025
S090001585,결산세출,5720690,1344497470,101355690,423031730,715702530,15980,2025
S090001586,결산세출,10664510,589198750,77163640,370267220,0,5450,2025
S090001587,결산세출,3954400,748137960,94380680,388501950,144356300,10810,2025
S090001590,결산세출,72587600,673269650,311467740,354064610,0,0,2025
S090001591,결산세출,93172390,1033077700,205844330,385790390,0,12470,2025
S090001593,결산세출,131513800,1329418250,228426750,474503404,0,0,2025
S090001594,결산세출,11951580,914532730,473119260,466162270,0,4785600,2025
S090001595,결산세출,9751540,754382570,138769310,455042700,516190000,0,2025
S090001596,결산세출,5310150,853118410,491169790,506846460,600000000,0,2025
S090001597,결산세출,7669580,1021129070,264437260,414400040,63813000,20800230,2025
S090001598,결산세출,5941040,1589797200,68311860,515470930,125076420,0,2025
S090001599,결산세출,65525330,652613820,98091860,365296720,50000000,0,2025
S090001771,결산세출,3615100,849231810,98325690,387749120,0,0,2025
S090001773,결산세출,83145670,1050691990,156303350,385547830,449553260,0,2025
S090001774,결산세출,3042650,750182440,163520260,411070000,658134610,0,2025
S090001780,결산세출,79116680,944852240,583917300,340345970,0,0,2025
S090001873,결산세출,6776440,956910560,79574570,482044840,187854040,0,2025
S090001874,결산세출,7206310,410296510,85859130,364948480,0,0,2025
S090001878,결산세출,8500000,1483510480,307365790,436039990,0,0,2025
S090001882,결산세출,96421480,1028395590,92007390,385837930,12992000,60,2025
S090001883,결산세출,3641000,651173030,60880910,452845520,60327080,0,2025
S090001884,결산세출,2465200,481637710,60784890,405483920,496663410,4147060,2025
S090001885,결산세출,4181500,954308030,615964027,440420803,0,0,2025
S090001886,결산세출,8093300,507882400,162988460,352007940,0,0,2025
S090001887,결산세출,3168890,483238910,75218620,321419630,10026000,0,2025
S090001888,결산세출,4774860,745632360,120725650,385177850,0,0,2025
S090001889,결산세출,1643940,701538090,67478560,423494560,276785000,0,2025
S090001892,결산세출,66601920,710016250,126445190,348383920,168819940,0,2025
S090001893,결산세출,75735880,749360940,114917580,331877760,463261000,1580,2025
S090001894,결산세출,5664500,1194220900,144497550,567387680,25669000,0,2025
S090001896,결산세출,2365800,824411440,77665190,444993900,0,0,2025
S090001897,결산세출,67091560,571809750,76419700,324108690,0,0,2025
S090001898,결산세출,102123930,1156274260,443845010,479678570,0,0,2025
S090001899,결산세출,100931620,1448302760,172918230,411953110,0,0,2025
S090001900,결산세출,8796000,857826080,119662750,410835710,11454000,0,2025
S090001901,결산세출,68222250,947776920,74329360,386751620,0,0,2025
S090001903,결산세출,85608750,747463460,151615520,363994000,0,0,2025
S090001905,결산세출,12357180,1019138240,167005790,421716000,367548270,5281490,2025
S090001906,결산세출,6903460,1091416620,64982450,457985940,42417000,0,2025
S090001911,결산세출,59715140,894723590,51220080,368933480,90000000,0,2025
S090001912,결산세출,4662320,1019479340,52774710,501654480,823026790,0,2025
S090002174,결산세출,3644550,711425980,222348850,344104310,0,0,2025
S090002176,결산세출,7434350,1328475050,160231620,511572030,452785120,0,2025
S090002177,결산세출,136130370,1113109230,35996600,325765360,85100000,0,2025
S090002178,결산세출,6917270,776349660,263846130,437421900,39375000,0,2025
S090002180,결산세출,100266780,1081631550,100372150,368164110,383817260,0,2025
S090002181,결산세출,92210060,673315690,378482640,397088360,0,0,2025
S090002182,결산세출,72465080,1058021300,274992750,347685260,0,0,2025
S090002183,결산세출,1566550,427454760,97163790,393941980,0,0,2025
S090002184,결산세출,104633600,1442105910,497558610,554101530,563754000,0,2025
S090002185,결산세출,89576410,931435120,75121330,469364550,150181530,0,2025
S090002186,결산세출,50829620,412502800,81577630,362506130,0,15800000,2025
S090002187,결산세출,68414180,903634390,106813390,367787240,0,0,2025
S090002188,결산세출,73494120,624438200,361933290,381136250,0,0,2025
S090002189,결산세출,62815870,406173730,78879170,325239350,0,0,2025
S090002193,결산세출,87412550,1507347890,1371120030,443176880,0,0,2025
S090002195,결산세출,8754180,1277438460,388249520,495788210,19723000,0,2025
S090002196,결산세출,70189840,972244080,408261450,413958030,0,0,2025
S090002198,결산세출,3960100,433064000,52016830,384496530,43320000,0,2025
S090002199,결산세출,1995990,595143830,527483140,393472300,119594000,0,2025
S090002200,결산세출,93221220,1766171400,171516480,394264670,18000000,0,2025
S090002201,결산세출,38753190,557369840,299554170,376062940,26884000,699270,2025
S090002202,결산세출,42562360,552431630,154924040,307107500,0,0,2025
S090002206,결산세출,8861000,1014131110,62610990,459498220,155899150,0,2025
S090002208,결산세출,7522220,879603050,131833860,350338790,234100000,0,2025
S090002406,결산세출,73829520,529096010,193958390,265239910,0,0,2025
S090002407,결산세출,63538300,547916280,60551520,364808720,173255630,27930,2025
S090002408,결산세출,5936620,949382550,68467290,422648400,0,4900,2025
S090002409,결산세출,1290000,541667900,262656720,434893140,342280960,21609040,2025
S090002410,결산세출,4142360,1853039840,568236690,491850450,0,0,2025
S090002411,결산세출,109342630,1582671060,427030980,418720580,0,1360,2025
S090002412,결산세출,6592670,898328040,64602420,415527340,1259332970,4607130,2025
S090002413,결산세출,5269360,984988300,169459220,391201430,3096050,12225520,2025
S090002414,결산세출,8914630,922980570,209513540,311412900,0,5280,2025
S090002416,결산세출,58784630,721622310,63596580,369374500,0,9490,2025
S090002417,결산세출,109267260,1292304160,245204080,407830470,0,0,2025
S090002418,결산세출,64987380,599462900,337643780,304017640,0,16430,2025
S090002419,결산세출,8322520,1172962280,130667280,357230180,6027000,17220,2025
S090002421,결산세출,63131040,262800410,115219770,283715900,0,0,2025
S090002422,결산세출,1290000,653327160,93747550,418940190,551945000,3620,2025
S090002423,결산세출,55265770,524485140,934021730,371970130,135267390,450510,2025
S090002424,결산세출,2748800,329592480,49555930,388688590,32436000,2960,2025
S090002426,결산세출,4856530,611458860,93755370,412513520,54470000,5510,2025
S090002427,결산세출,54577330,353538120,55533440,304690360,129900000,11280,2025
S090002428,결산세출,3172000,929287910,105597930,420659750,334424260,0,2025
S090002429,결산세출,102385990,1427008480,222377440,395632710,54376610,873550,2025
S090002430,결산세출,83913170,1224891900,640637050,425157300,0,2650,2025
S090002433,결산세출,82937760,1163786880,381002060,317841890,0,280260,2025
S090002434,결산세출,44335330,452484960,264979190,331509400,357072500,462980,2025
S090002435,결산세출,42604320,287506750,276944770,272876610,0,3890,2025
S090002436,결산세출,62613500,575771360,142996360,311132530,0,2980,2025
S090002437,결산세출,97428680,1130705010,72046820,383429410,159948000,4720,2025
S090002438,결산세출,96056030,1253821350,158727540,378107600,206252770,23287710,2025
S090002439,결산세출,118925640,1463191360,114970410,390986050,0,1750,2025
S090002440,결산세출,84472980,817941020,337554500,295461240,287286800,28510,2025
S090002441,결산세출,78799880,908157100,251092950,339876090,0,367690,2025
S090002442,결산세출,91085280,1172325900,150617040,375371290,0,54000,2025
S090002443,결산세출,119769660,1276941160,107782020,319840790,0,11770,2025
S090002683,결산세출,8948130,747453330,61490150,390556820,98298600,0,2025
S090002684,결산세출,6835060,551407610,237688160,337993060,182804810,0,2025
S090002685,결산세출,2631920,995420590,1861529980,460347570,0,84191900,2025
S090002686,결산세출,5547220,135512930,62758410,177134380,0,0,2025
S090002687,결산세출,5310280,915118880,75273200,329395360,0,0,2025
S090002688,결산세출,69303740,567149140,52282020,346934270,480700000,0,2025
S090002689,결산세출,7393780,828917480,73773980,452381570,138407810,0,2025
S090002690,결산세출,99701090,1286733480,178438220,422642040,386274940,0,2025
S090002691,결산세출,87222480,1000787700,77643380,421849070,173174860,0,2025
S090002692,결산세출,6283330,1124924720,171847550,439248810,73568370,0,2025
S090002693,결산세출,95153690,924916940,279054970,378952400,139829710,3050,2025
S090002694,결산세출,97301000,1007928300,286236340,418232270,1310066810,0,2025
S090002696,결산세출,113808820,896861650,529403130,423576730,0,2430,2025
S090002697,결산세출,4282330,1279224520,569646130,578212210,1215763970,22847120,2025
S090002698,결산세출,8040540,844387060,496025480,414074290,46410000,0,2025
S090002699,결산세출,8621900,838807290,94671520,502822600,0,0,2025
S090002700,결산세출,117710020,1245266200,211843600,336940990,0,1425600,2025
S090002701,결산세출,114107570,1402538680,211013560,370004720,364624320,0,2025
S090002702,결산세출,3306960,1063117060,631390840,499811430,0,0,2025
S090002703,결산세출,5881390,735895620,116575600,429603570,0,0,2025
S090002704,결산세출,82440760,813253190,75126290,345079680,101715990,0,2025
S090002706,결산세출,9427000,1364636020,119582170,490144590,12796000,0,2025
S090002707,결산세출,7310240,825152140,192927450,404418363,0,0,2025
S090002708,결산세출,8266720,871087670,76493530,486704370,120000000,0,2025
S090002709,결산세출,122757600,1448633940,91138700,414541950,1518750530,176010,2025
S090002710,결산세출,112196060,1231213220,160138470,407438030,0,13230,2025
S090002711,결산세출,20765440,813534820,181133560,473554570,0,0,2025
S090002712,결산세출,2356940,932729910,71280320,451906110,302877130,0,2025
S090002713,결산세출,3330800,1370652170,392605100,409132250,0,0,2025
S090002714,결산세출,11132740,992177720,210999200,470735470,0,0,2025
S090002917,결산세출,127754580,1442263990,132908260,444555480,0,0,2025
S090002919,결산세출,5701500,123837020,131673270,211614500,0,0,2025
S090002920,결산세출,98244710,846484440,1318909460,394340350,602138000,0,2025
S090002921,결산세출,112947240,942481370,100274180,426052100,64200000,0,2025
S090002923,결산세출,3882920,106995560,179822300,174881310,20445000,0,2025
S090002924,결산세출,2430320,103401160,36982850,229394090,0,0,2025
S090002925,결산세출,2239000,168180680,221015920,182847690,0,0,2025
S090003014,결산세출,122062150,1546455700,328354190,538713040,0,0,2025
S090003016,결산세출,78746590,1249055330,95175380,434050040,295168220,0,2025
S090003017,결산세출,64449380,489860900,120726860,315567310,67891710,0,2025
S090003018,결산세출,59614950,637857710,101045810,333667840,0,0,2025
S090003019,결산세출,114471020,1663476420,213240800,411544210,448913750,0,2025
S090003021,결산세출,6465520,999025440,87031630,438727850,119417070,0,2025
S090003022,결산세출,3360010,788202980,175776390,407947540,458541170,924000,2025
S090003024,결산세출,106016400,1162457760,329553870,331191650,0,0,2025
S090003025,결산세출,111283330,1111885100,127669370,461922280,0,0,2025
S090003026,결산세출,7202940,1085813520,388498600,369980910,0,0,2025
S090003030,결산세출,80202040,1253534850,171485950,366075330,0,0,2025
S090003032,결산세출,63820520,513996740,132403440,379115750,54300000,0,2025
S090003033,결산세출,7382560,1508855320,169442420,557082590,39150540,0,2025
S090003035,결산세출,65186590,544758640,61914630,388244500,57678800,0,2025
S090003037,결산세출,89326560,860058560,53195440,395191970,110484540,0,2025
S090003038,결산세출,128726740,1058498580,240231690,395974130,0,13631000,2025
S090003039,결산세출,141979700,1659848710,280336310,465771535,0,0,2025
S090003041,결산세출,9600750,884662220,123901820,439694250,250642040,0,2025
S090003199,결산세출,5125060,126077360,126101610,237095750,0,15997610,2025
S090003201,결산세출,10888050,120375410,30845740,178754910,0,13333000,2025
S090003202,결산세출,7805120,186048650,166712730,210621930,0,0,2025
S090003208,결산세출,6910640,1407655580,131553630,629349350,30000000,66781520,2025
S090003211,결산세출,14280060,112473220,113372020,200927910,51910000,0,2025
S090003212,결산세출,5028890,64839970,34096710,208194510,0,8657730,2025
S090003314,결산세출,4847480,169722700,32246220,246005420,0,2100,2025
S090003316,결산세출,2365110,189333550,29357730,233825110,0,6250,2025
S090003320,결산세출,5907400,855188990,39053040,458910760,71566940,658950,2025
S090003321,결산세출,5149860,971960150,690673610,411363080,53379800,5728210,2025
S090003322,결산세출,1294600,190201830,35875010,229872040,0,1650,2025
S090003323,결산세출,5528680,163040730,206710680,164539540,0,390,2025
S090003325,결산세출,3853730,170438310,151528230,245235130,0,11002190,2025
S090003406,결산세출,8679540,68164320,1116819300,258876810,72510000,0,2025
S090003407,결산세출,6425030,54512130,83115650,195689720,250520800,0,2025
S090003408,결산세출,7707000,197344270,205098340,231956720,0,0,2025
S090003409,결산세출,5484000,122568480,523991620,234049990,20053000,0,2025
S090003410,결산세출,90819620,1211249480,124493580,380572470,21603000,4444900,2025
S090003411,결산세출,5186960,178713490,57907320,261350210,289787140,0,2025
S090003467,결산세출,88443050,1546037520,181792870,407464010,0,0,2025
S090003468,결산세출,7049810,1339848050,294609990,390923660,100000000,0,2025
S090003470,결산세출,83090010,1398625920,141701630,407125950,648764990,0,2025
S090003472,결산세출,61183740,759039580,127174040,360061630,0,0,2025
S090003473,결산세출,68251430,825896460,241510050,290537530,341000000,0,2025
S090003475,결산세출,12860400,185377940,41526860,278991560,0,0,2025
S090003476,결산세출,57320040,953805900,81823000,393583070,34881000,0,2025
S090003477,결산세출,70769070,1166786090,212064120,354529580,31142000,0,2025
S090003478,결산세출,95372130,1362112060,298339370,454856390,6039000,0,2025
S090003479,결산세출,83713730,1195859220,164105000,444007400,829869050,0,2025
S090003480,결산세출,5687080,1000952830,46273540,495807990,109482180,0,2025
S090003481,결산세출,26588120,214260430,48000590,282766180,236662000,0,2025
S090003482,결산세출,10011440,1357717000,131372770,502220470,0,0,2025
S090003483,결산세출,50355630,544313440,73661610,324328330,0,0,2025
S090003484,결산세출,8307260,1146958790,339002480,422027660,2000000,0,2025
S090003487,결산세출,118221310,1321632340,91739290,448564070,51917770,0,2025
S090003488,결산세출,10790670,174377060,43181220,240257820,182390310,1300000,2025
S090003489,결산세출,79107820,1392757260,242433280,504512740,244385870,0,2025
S090003490,결산세출,7932530,1512070640,158422340,410892690,3572000,0,2025
S090003491,결산세출,65144140,1001866250,54568160,403039040,0,0,2025
S090003493,결산세출,100864730,1003757630,1647190970,302754780,0,34046680,2025
S090003494,결산세출,76930940,1218585780,1106768480,351945040,0,0,2025
S090003641,결산세출,7415190,556320860,53723540,322666420,443050620,15364510,2025
S090003642,결산세출,2635160,1048151130,543946210,456168320,0,0,2025
S090003643,결산세출,16821640,1176828470,259167030,440969560,77926340,14267590,2025
S090003645,결산세출,80454620,1047124550,149425790,364995780,86328000,49910,2025
S090003646,결산세출,112120280,1146438000,117366060,414024650,54604590,301940,2025
S090003648,결산세출,2085800,453385330,104961730,391857200,0,1128330,2025
S090003649,결산세출,86187460,599918170,157062860,297334580,0,0,2025
S090003650,결산세출,78157560,631732640,78139960,495698310,0,52170,2025
S090003651,결산세출,12828440,1246767080,79454050,579150010,304884000,0,2025
S090003652,결산세출,10731670,1252205090,275547920,469226710,7080000,474960,2025
S090003653,결산세출,102645050,1158052550,553178850,373208370,135199000,3553630,2025
S090003654,결산세출,105267710,971878690,157720370,433479620,0,89200,2025
S090003655,결산세출,6799300,1016998530,239413220,421726560,0,72850,2025
S090003740,결산세출,46937520,508567260,78245040,242399880,0,0,2025
S090003741,결산세출,57157950,228686830,94735810,269446680,29645560,0,2025
S090003742,결산세출,1548300,658927920,147219470,280381480,0,96000,2025
S090003743,결산세출,36412790,229592650,10747910,232147550,16446500,0,2025
S090003745,결산세출,61209000,353320290,111695660,217287030,19980000,0,2025
S090003746,결산세출,2636300,459567180,136456970,325710830,3571990,0,2025
S090003747,결산세출,129524450,1312940140,254251720,428324360,0,0,2025
S090003749,결산세출,14255870,47837750,43875940,214703850,0,2010,2025
S090003750,결산세출,90764510,1068091280,241120870,400799430,49768000,0,2025
S090003752,결산세출,148807980,1443753160,121952990,390876690,70824000,0,2025
S090003754,결산세출,64794080,656455400,105516990,412703780,195658990,0,2025
S090003756,결산세출,12007060,1098743740,128314820,366111550,302744660,0,2025
S090003861,결산세출,93637360,1154985730,282745920,380598310,149027000,0,2025
S090003863,결산세출,23173950,423645670,696360500,320146800,733056100,0,2025
S090003865,결산세출,8113540,1140417990,68779320,536894190,756978760,0,2025
S090003866,결산세출,40143030,223602060,75178840,264960070,0,0,2025
S090003867,결산세출,83012460,1228977870,56290230,468345000,0,0,2025
S090003869,결산세출,12384800,179900750,77057420,234630070,441447020,0,2025
S090003871,결산세출,7609340,1367303170,176124500,496731840,190770770,0,2025
S090003874,결산세출,6450670,165491550,71502360,189762400,0,0,2025
S090003875,결산세출,6207710,515876870,59456420,358540190,64812200,5785550,2025
S090003988,결산세출,16077870,1559449050,334835770,413229130,0,26991500,2025
S090003990,결산세출,81496860,826442840,72247730,349022540,258553770,79970,2025
S090003993,결산세출,8148110,1244046660,1478830830,347908220,9550000,54577620,2025
S090003999,결산세출,27510530,173248320,177781220,265074280,0,0,2025
S090004002,결산세출,87979510,1609952780,1079584540,536329470,0,0,2025
S090004003,결산세출,87922630,1435655920,352852840,385420830,507559560,0,2025
S090004004,결산세출,8185320,348760820,44826150,305999270,23591000,0,2025
S090004007,결산세출,91120780,1026828310,90540180,387817550,178521770,0,2025
S090004164,결산세출,54493710,452565360,123157220,357607720,988447190,22103510,2025
S090004165,결산세출,39041380,232082270,78913320,256192230,0,19001120,2025
S090004166,결산세출,2882720,48771330,264944940,227740770,5393740,6800,2025
S090004167,결산세출,95888020,89110900,99704720,207421480,1695000,5872730,2025
S090004169,결산세출,18035030,72398500,83250050,247970630,0,83040,2025
S090004170,결산세출,900000,402196730,87219700,352813570,0,0,2025
S090004171,결산세출,43490530,298349830,163276770,257699100,300000,1239430,2025
S090004172,결산세출,63136760,285508830,287706590,286155180,459322000,32920,2025
S090004173,결산세출,86528930,569928240,196187590,343119860,202857000,0,2025
S090004174,결산세출,81414870,702595310,78347300,374405980,29232000,33310,2025
S090004175,결산세출,82753450,777925330,190841890,403425190,75675940,5604890,2025
S090004259,결산세출,4065700,835000850,287333690,347659670,0,0,2025
S090004260,결산세출,82048280,1107128670,115452600,361931150,0,0,2025
S090004261,결산세출,71024490,1331344410,232749240,350951580,99638730,540,2025
S090004263,결산세출,8139890,1040996460,983446180,533495740,0,33900,2025
S090004265,결산세출,106841190,1320236260,172770440,393548340,19900000,0,2025
S090004269,결산세출,69053860,1128280870,469392360,380139370,0,0,2025
S090004272,결산세출,2971770,60458330,79352050,210712090,44000,2188520,2025
S090004273,결산세출,13887890,1708548190,416292660,370369310,0,0,2025
S090004275,결산세출,102786330,1362267950,346031700,397253700,0,0,2025
S090004276,결산세출,85941830,1208622440,93866000,446562770,323006580,23012550,2025
S090004278,결산세출,4199850,377661390,41455790,300693120,456490790,70921730,2025
S090004279,결산세출,76339100,850367040,69470840,371960190,152128000,145980,2025
S090004699,결산세출,106639700,882398070,185359500,415000080,0,0,2025
S090004860,결산세출,75237210,804158740,222837360,343929180,0,4320,2025
S090004861,결산세출,83323090,1416649940,135549740,528851350,289406780,283000,2025
S090004862,결산세출,94796960,1022487180,120444440,349903990,375742000,0,2025
S090004863,결산세출,101360440,1178471280,129845830,361791970,400203180,4902580,2025
S090004864,결산세출,53085400,562705050,156266620,378124450,548914470,0,2025
S090004865,결산세출,9703180,863623970,54537950,499036060,426475730,0,2025
S090004866,결산세출,135848210,1592013250,72503920,449399710,130743650,0,2025
S090004867,결산세출,42700140,531767990,59840440,320548870,124455000,0,2025
S090004869,결산세출,90985380,1090477110,154478760,346333410,323275830,192249170,2025
S090004870,결산세출,68306560,738791570,578788090,332259970,0,0,2025
S090004871,결산세출,8120710,585934330,80555750,359434600,488088060,0,2025
S090004948,결산세출,17383750,1121689770,267044130,405540900,440647000,0,2025
S090004970,결산세출,78304530,837163360,138238180,345281220,0,0,2025
S090004971,결산세출,116891900,1044045240,179091900,328465330,0,0,2025
S090004972,결산세출,87059470,1245967340,308616060,374453030,202301990,0,2025
S090004973,결산세출,74230490,1008246420,66926880,357525660,0,0,2025
S090004974,결산세출,69044530,1026737920,176230250,414760090,0,6478760,2025
S090004975,결산세출,92142820,1083288820,494336380,313893360,1780000,0,2025
S090004976,결산세출,78998930,837960790,77046720,349348520,0,0,2025
S090004977,결산세출,7556000,1295677120,110704980,532963890,125259000,0,2025
S090004979,결산세출,110836550,960253010,82124950,358126150,45711000,0,2025
S090004982,결산세출,4428590,1205939440,57687340,557742940,31789000,0,2025
S090004999,결산세출,8812000,886019510,206932060,364115070,0,0,2025
S090005002,결산세출,5546080,1289015410,365161600,389509150,136661040,45800950,2025
S090005020,결산세출,113080860,1512669390,112366680,497425090,75587690,0,2025
S090005021,결산세출,53782720,805115320,148217910,1598676320,0,0,2025
S090005033,결산세출,5442850,1403291500,110330570,541266290,310825540,10000,2025
S090005034,결산세출,11720780,1235508270,405881540,422956310,0,18950,2025
S090005035,결산세출,63664730,1138631590,160801030,323915630,408000000,3300,2025
S090005046,결산세출,6668000,454832860,369889040,405394330,0,0,2025
S090005111,결산세출,118907550,1689900640,171366860,470388920,181630000,0,2025
S090005132,결산세출,70841400,1126384540,368217270,285675860,3147000,250050,2025
S090005133,결산세출,10154670,1490575740,70551600,469529770,92011000,0,2025
S090005136,결산세출,6010480,992191330,117693950,492616610,0,0,2025
S090005153,결산세출,2750690,1129694440,788349820,297260340,0,5180,2025
S090005159,결산세출,8133520,1484608100,215892140,414318530,0,0,2025
S090005161,결산세출,63306760,795633250,151466120,392836540,0,0,2025
S090005162,결산세출,82977110,938878760,147799210,364677520,42603440,4610,2025
S090005164,결산세출,116756040,1428466810,332744840,506212960,465392490,0,2025
S090005172,결산세출,94922240,1077959170,185903060,389464940,30031550,5980,2025
S090005173,결산세출,87131650,755598470,226428830,349028790,247097040,4570,2025
S090005174,결산세출,112640060,1461061970,85501690,439942310,169735500,0,2025
S090005175,결산세출,71126540,958531110,91240960,428345900,0,0,2025
S090005266,결산세출,64987690,560711950,44561100,319623120,282476840,0,2025
S090005268,결산세출,41747980,395800640,86228600,287333160,0,0,2025
S090005287,결산세출,103553790,899771750,185010910,312001730,0,3737540,2025
S090005323,결산세출,10251430,574582660,128260440,484777980,447371000,0,2025
S090005329,결산세출,100101060,1571293580,122155830,366798620,19310000,0,2025
S090005331,결산세출,87160650,1324807840,310926170,403618090,0,10,2025
S090005335,결산세출,7176870,790985210,100869960,281968140,0,3148140,2025
S090005338,결산세출,9147600,1502031610,208651970,563629150,0,0,2025
S090005342,결산세출,131770640,1579399490,128595960,508427570,91396190,3211400,2025
S090005345,결산세출,66010980,739781280,81822640,287496680,0,0,2025
S090005350,결산세출,103410890,1074100280,101707410,372370520,549785890,182750,2025
S090005351,결산세출,10925260,1105191640,205808090,387539100,63033000,0,2025
S090005352,결산세출,2119270,906163750,331425660,394166010,0,0,2025
S090005353,결산세출,4807900,688523970,287880240,310968150,0,0,2025
S090005354,결산세출,4765730,855563390,97172700,385254710,0,0,2025
S090005356,결산세출,106552230,1316922200,109576830,398942910,142378400,0,2025
S090005358,결산세출,38293610,676802440,132739920,293642670,0,0,2025
S090005360,결산세출,67433430,667742700,57879660,278724800,77081000,0,2025
S090005362,결산세출,7111580,767293760,125797650,406737610,393980750,0,2025
S090005387,결산세출,64578680,604254910,129455480,317490420,0,0,2025
S090005389,결산세출,114788250,1280238070,85113230,382846400,0,0,2025
S090005390,결산세출,6621770,923117840,357910980,399298480,0,0,2025
S090005391,결산세출,3404000,1028485650,324944240,438127130,0,0,2025
S090005392,결산세출,2556610,513255920,91741490,294449620,523821140,0,2025
S090005394,결산세출,2472000,971324080,246890170,506254870,0,0,2025
S090005396,결산세출,70605590,933786290,157194100,352696230,0,0,2025
S090005398,결산세출,3094120,1041509920,141472000,538040150,459449600,0,2025
S090005400,결산세출,365000,473197420,187687800,337599390,0,3240,2025
S090005401,결산세출,6569140,680117620,189005260,579482410,0,7243920,2025
S090005405,결산세출,5308640,1101801150,418898580,462181010,0,0,2025
S090005407,결산세출,2601500,684175200,61650060,383511760,0,0,2025
S090005409,결산세출,6773070,1101351370,83604970,499007390,0,0,2025
S090005410,결산세출,85626250,1057529620,57670100,422858230,0,0,2025
S090005420,결산세출,117295200,867878810,133507070,340058750,37563930,0,2025
S090005462,결산세출,111571670,1397109230,283648800,254169310,0,0,2025
S090005468,결산세출,109676260,1115405470,131578940,248795370,0,0,2025
S090005469,결산세출,110367660,1379153930,200481170,406924480,0,3080,2025
S090005470,결산세출,3076500,889016950,99572070,241867370,317714020,60,2025
S090005473,결산세출,110626320,1327331430,186109000,306625700,79928000,0,2025
S090005475,결산세출,4593750,1006076610,187842760,455384070,0,0,2025
S090005477,결산세출,6605950,1610068680,301974600,439246830,0,6460,2025
S090005479,결산세출,116625490,1384162860,171091810,403645540,1791000,0,2025
S090005489,결산세출,58456860,616566640,164874780,272648910,0,4015130,2025
S090005490,결산세출,48853170,688047190,79416920,245882660,0,97910,2025
S090005587,결산세출,3536290,1487035220,742027880,329141480,182067570,860,2025
S090005590,결산세출,107401540,1376092590,214070230,381770770,0,175364270,2025
S090005592,결산세출,103838220,1368273820,334056760,351374210,0,218630,2025
S090005604,결산세출,8634440,1043854850,68574340,305664460,19449730,0,2025
S090005605,결산세출,2155320,644590480,180885540,397503820,0,87330,2025
S090005606,결산세출,8325950,793298860,78304200,332836950,0,0,2025
S090005608,결산세출,102124340,1238726220,90870610,358556630,18754000,0,2025
S090005609,결산세출,67664330,786314840,114609500,215582480,0,0,2025
S090005611,결산세출,6525120,1353431770,90510940,413048300,2163000,0,2025
S090005613,결산세출,4507820,852238940,463593770,320244970,0,0,2025
S090005614,결산세출,9484090,988223640,116260880,311465270,59950000,0,2025
S090005615,결산세출,7963500,551769290,61847540,234310650,0,0,2025
S090005616,결산세출,6588120,968175960,647550810,305405260,0,0,2025
S090005619,결산세출,5481360,1244006640,169064960,348359200,3715500,0,2025
S090005620,결산세출,51732300,724958040,119581530,287125840,165626560,0,2025
S090005622,결산세출,41533220,827299570,140602670,309854480,0,0,2025
S090005623,결산세출,56555880,460108810,108845130,236144890,0,0,2025
S090005654,결산세출,91814160,1305026250,161668210,274015470,0,620,2025
S090005657,결산세출,102952850,1469343180,126813880,352924840,0,4527200,2025
S090005661,결산세출,12964260,1339124840,267047590,294230510,1660000,1010,2025
S090005662,결산세출,95352430,2040184050,73213760,376471720,1253145200,300,2025
S090005679,결산세출,5223800,428156830,149108730,183412090,0,15256310,2025
S090005681,결산세출,9246990,1165365010,164573850,316805030,1197000,0,2025
S090005683,결산세출,3258770,935317790,673557880,317752310,1350000,297840,2025
S090005684,결산세출,53657750,654404090,55516060,276051540,9300000,3777070,2025
S090005689,결산세출,9281060,1010513930,211914480,367601200,0,1851000,2025
S090005691,결산세출,6158470,1387676740,152718350,459214480,0,0,2025
S090005694,결산세출,90344030,1061170370,161514560,192029840,44261030,83200,2025
S090005698,결산세출,84721920,1075012030,160958040,270980940,2600000,0,2025
S090005700,결산세출,19050700,937989490,164757090,227850510,0,0,2025
S090005701,결산세출,53659670,835539700,208968690,305835740,56342700,0,2025
S090005704,결산세출,80796080,512642370,105479440,261208270,0,0,2025
S090005707,결산세출,5466170,825691730,44238700,354667070,0,0,2025
S090005709,결산세출,123609230,1621289610,191957090,386845850,0,0,2025
S090005713,결산세출,5552850,1031622080,204053170,365928550,0,0,2025
S090005746,결산세출,60817530,603137060,546199220,210593460,120000,5703070,2025
S090005749,결산세출,2396000,768109670,88169630,313142960,13518000,18810,2025
S090005752,결산세출,5675790,453983430,398301640,204708070,0,0,2025
S090005755,결산세출,91173270,1202966920,112196720,372624830,0,0,2025
S090005760,결산세출,89487340,1489866960,240800560,292394500,373000000,0,2025
S090005764,결산세출,5178800,737823720,224020880,333034460,0,0,2025
S090005767,결산세출,50853760,310989850,44133380,191666360,0,0,2025
S090005775,결산세출,95347930,1343475380,84798030,297622000,41704710,0,2025
S090005779,결산세출,86007900,1347747170,450692920,242959410,0,29720,2025
S090005783,결산세출,8291330,670714070,898619210,323242380,0,0,2025
S090005832,결산세출,95291130,1818450470,143248030,454095840,0,0,2025
S090005834,결산세출,6149760,781355300,252545410,289302980,64608000,0,2025
S090005857,결산세출,7016200,1310537760,156693410,449867690,99034000,0,2025
S090005859,결산세출,104863030,1337093840,250756120,278826440,11067800,0,2025
S090005861,결산세출,6251000,574435250,69825880,316950190,213881000,0,2025
S090005863,결산세출,96903860,1127043680,100096220,352317740,0,26750,2025
S090005865,결산세출,91304850,990476960,102177540,364334830,18000000,0,2025
S090005868,결산세출,104281770,1271759770,114973650,296926000,5310000,0,2025
S090005875,결산세출,93704950,1105983410,134251750,256784880,0,0,2025
S090005876,결산세출,6991490,1381502220,109984070,496940110,205209910,0,2025
S090005877,결산세출,98936680,1311706680,121686770,267562480,693958310,0,2025
S090005878,결산세출,6064200,803627540,142795020,264732960,0,20148880,2025
S090005881,결산세출,57871300,765488890,399202810,231256340,0,4550,2025
S090005884,결산세출,114907860,1600956990,120895000,347738840,29000000,0,2025
S090005887,결산세출,12246170,1558942560,127479540,456145610,0,0,2025
S090005889,결산세출,9719700,1598477900,723516550,575132350,0,73034810,2025
S090005911,결산세출,12330550,1642415080,144551110,538372400,0,0,2025
S090006027,결산세출,53634180,615887860,619221140,258738400,0,246380,2025
S090006035,결산세출,80890500,994237340,217265650,340451450,2000000,0,2025
S090006036,결산세출,85599660,1520305200,271066070,392818910,0,31540,2025
S090006045,결산세출,72253180,1400091980,130652810,416790550,733290000,0,2025
S090006056,결산세출,47868240,1356979230,839177800,507789340,0,0,2025
S090006060,결산세출,93733880,1845682790,146888500,409755030,0,45861000,2025
S090006089,,0,0,0,0,0,0,2025
S090006105,결산세출,51665160,512175640,47850980,308285270,202083000,0,2025
S090006106,결산세출,84140450,1947948840,163607040,445655760,36674320,0,2025
S090006119,결산세출,16074600,1646733520,93021100,658155140,176645520,0,2025
S090006148,결산세출,90689210,1292666820,143111570,442466400,100000000,0,2025
S090006155,결산세출,10709980,1635534000,52639380,547002640,70210890,80,2025
S090006158,결산세출,13776530,1359623320,85139480,504260360,164066300,0,2025
S090006159,결산세출,92697950,1301753670,58579670,456775960,40817000,0,2025
S090006160,결산세출,5179720,1274737730,100027500,486871900,72468000,29395850,2025
S090006422,결산세출,90482360,887632120,110027730,208004660,0,0,2025
S090006423,결산세출,6793300,642357490,145188270,314936390,0,0,2025
S090006424,결산세출,17727220,1528518580,127910440,362458930,24446170,16001210,2025
S090006430,결산세출,93939170,997829310,509996600,267036290,102992760,43131590,2025
S090006438,결산세출,29611150,531479490,47679750,306253330,15702000,0,2025
S090006442,결산세출,100777580,1152250880,198897770,259997060,0,0,2025
S090006448,결산세출,7988830,1095653020,192661280,365310040,0,0,2025
S090006450,결산세출,6366260,1986655890,222208690,609919440,0,0,2025
S090006451,결산세출,92802820,1073789380,104800350,251108090,0,2900,2025
S090006457,결산세출,5670430,1143033810,216304720,347481970,100570000,0,2025
S090006560,결산세출,8849510,1342885510,183734300,397493720,19507070,335010,2025
S090006576,결산세출,134075170,558701350,100711380,445630250,0,17490,2025
S090006652,결산세출,86732850,1074821730,291594040,431224150,0,7606110,2025
S090006779,결산세출,68279390,1243742670,140529310,355745620,60000,36000,2025
S090006780,결산세출,81743170,1306717940,232148280,367069050,0,0,2025
S090006781,결산세출,104808620,1386739150,235389630,308127410,0,9740,2025
S090006782,결산세출,101960940,1774614080,108831720,280216920,4795750,3350,2025
S090006783,결산세출,86617230,1335234440,350811940,289817580,0,0,2025
S090006784,결산세출,15643720,1108432900,397476050,345642390,0,0,2025
S090006800,결산세출,7408220,797597660,151080050,423807580,0,9690,2025
S090006805,결산세출,87324810,1706115950,100400610,479892690,191073560,0,2025
S090006912,결산세출,13618350,1928964760,163447910,491152400,902800000,41010,2025
S090006934,결산세출,102513910,1583984410,189189430,521786600,184140000,460,2025
S090006939,결산세출,106086660,1606105190,153571540,469458710,0,0,2025
S090006944,결산세출,66100710,1372543780,241713610,413145160,50960070,50,2025
S090006953,결산세출,77869000,1526750620,413887760,457953810,49800000,0,2025
S090006966,결산세출,16967040,1216240550,130000460,496533810,141699000,13360,2025
S090007035,결산세출,84360960,1816160310,82366020,576820070,0,0,2025
S090007036,결산세출,2999100,856987520,94770160,459101970,0,0,2025
S090007037,결산세출,102251910,1691751200,154735210,454923210,0,0,2025
S090007065,결산세출,3924270,1502677970,166461860,502549650,0,0,2025
S090007115,결산세출,11860000,1227738580,605441540,439992140,0,0,2025
S090007124,결산세출,85945810,775278470,479766690,305811360,0,0,2025
S090007127,결산세출,13062180,1651189530,136626367,458053600,16240000,11130,2025
S090007157,결산세출,12657830,1356453330,92057430,493719140,0,0,2025
S090007158,결산세출,8351100,1700247060,171558180,570391310,149251000,2358450,2025
S090007189,결산세출,78564000,1466839510,81093910,486624070,45472000,0,2025
S090007219,결산세출,73912960,1572806260,372892640,495764080,0,314235430,2025
S090007237,결산세출,99431970,1346528430,59869970,368767310,25586560,80000,2025
S090007238,결산세출,10325360,1508349150,153941480,455649980,0,32450,2025
S090007242,결산세출,99797720,1979009510,919091630,571804840,0,0,2025
S090007253,결산세출,7794000,1259676230,83674300,578582230,1062913060,0,2025
S090007254,결산세출,80887790,500361640,57862920,324070420,380509270,0,2025
S090007256,결산세출,85634330,1308565700,150701520,330323200,57362000,0,2025
S090007311,결산세출,11504880,986805100,80917220,465949520,85235000,0,2025
S090007319,결산세출,75349520,1092282520,129830360,289357010,0,18370,2025
S090007324,결산세출,128620930,1835998340,226191500,535332050,0,0,2025
S090007330,결산세출,76165530,1220216550,105823770,351607560,0,0,2025
S090007332,결산세출,72492070,1585041550,88528030,447810250,89109000,27394510,2025
S090007339,결산세출,83387490,919784500,76498820,354745210,0,0,2025
S090007376,결산세출,57335790,964454870,57835810,299962980,0,360000,2025
S090007377,결산세출,4750080,1001594000,148309790,418549280,182009000,0,2025
S090007395,결산세출,11464000,1595656260,1171745990,437564280,0,94360,2025
S090007406,결산세출,12158800,1034366570,349313800,478737100,0,0,2025
S090007440,결산세출,8649740,1241891280,111962930,473190150,0,51708780,2025
S090007442,결산세출,7563260,1310526270,86567360,310003650,211593450,0,2025
S090007518,결산세출,8061990,1534642300,388005570,420129860,0,0,2025
S090007519,결산세출,8625200,702777810,238486260,340347270,159925340,0,2025
S090007521,결산세출,44765620,1334244320,229121210,315275090,0,0,2025
S090007522,결산세출,61520040,1281169260,455914930,385913780,0,520,2025
S090007572,결산세출,4730070,1352083100,1177189470,343205360,0,0,2025
S090007577,결산세출,6451570,682416790,80732950,360069690,34419000,2240200,2025
S090007580,결산세출,76245380,1323419140,179900870,514902490,0,0,2025
S090007582,결산세출,95652000,1252927090,125768000,313000480,0,17076150,2025
S090007608,결산세출,83567990,1009042760,132994710,277219980,31089130,2890,2025
S090007613,결산세출,3906190,1618360070,82110200,304841260,0,128180,2025
S090007626,결산세출,42531500,673588970,159588800,320749640,0,0,2025
S090007627,,0,0,0,0,0,0,2025
S090007628,결산세출,58923140,1090794980,159516540,318226430,0,0,2025
S090007630,,0,0,0,0,0,0,2025
S090007654,결산세출,76006150,1211052900,65804130,195578430,0,0,2025
S090007669,결산세출,5757110,436123230,143244330,264486090,60825000,0,2025
S090007679,결산세출,60602580,911140480,457994030,282769720,112762260,0,2025
S090007866,,0,0,0,0,0,0,2025
S090007867,결산세출,0,0,177169860,34394170,11406040,0,2025
S090007875,,0,0,0,0,0,0,2025
S090007878,,0,0,0,0,0,0,2025
S090007879,,0,0,0,0,0,0,2025
S090007883,결산세출,24752290,215539060,870610270,201417890,0,0,2025
S090007904,결산세출,56470970,583253590,1214437800,505496130,0,0,2025
S090007913,결산세출,61008690,827473480,108378120,342383000,249179000,228730,2025
S090007917,,0,0,0,0,0,0,2025
S090007921,,0,0,0,0,0,0,2025
S090007925,,0,0,0,0,0,0,2025
S090007928,결산세출,4320540,756198300,193533910,187162150,54864120,0,2025
S090007930,결산세출,5772040,391072620,75506560,201469290,0,0,2025
S090007941,결산세출,85790860,1043188450,863924870,220820250,0,0,2025
S090008022,,0,0,0,0,0,0,2025
S090008023,,0,0,0,0,0,0,2025
